4.008,-7.15,-4.6,-1.1944444444444444
4.028,-6.88,-4.82,-1.2477777777777779
4.048,-6.72,-4.93,-1.3
4.068,-6.42,-5.13,-1.3544444444444443
4.088,-6.24,-5.32,-1.4111111111111112
4.108,-5.9,-5.51,-1.47
4.128,-5.68,-5.64,-1.53
4.148,-5.3,-5.86,-1.5933333333333333
4.168,-5.02,-6.03,-1.6588888888888889
4.188,-4.6,-6.25,-1.7244444444444444
4.208,-4.3,-6.38,-1.7922222222222222
4.228,-3.95,-6.52,-1.8622222222222222
4.248,-3.42,-6.76,-1.9344444444444444
4.268,-3.04,-6.87,-2.0044444444444443
4.288,-2.45,-7.06,-2.08
4.308,-1.82,-7.25,-2.1566666666666667
4.328,-1.37,-7.37,-2.2344444444444442
4.348,-0.62,-7.54,-2.312222222222222
4.368,-0.11,-7.63,-2.3933333333333335
4.388,0.64,-7.75,-2.477777777777778
4.408,1.15,-7.82,-2.557777777777778
4.428,2.05,-7.82,-2.638888888888889
4.448,2.62,-7.95,-2.7255555555555557
4.468,3.41,-7.7,-2.8433333333333333
4.488,4.3,-8.06,-2.89
4.508,5.06,-7.9,-2.97
4.528,5.89,-7.83,-3.0533333333333332
4.548,6.8,-7.73,-3.13
4.568,7.46,-7.62,-3.2088888888888887
4.588,8.56,-7.33,-3.29
4.608,9.17,-7.23,-3.361111111111111
4.628,10.29,-6.83,-3.4344444444444444
4.648,10.82,-6.65,-3.5
4.668,11.8,-6.17,-3.566666666666667
4.688,12.33,-5.88,-3.6244444444444444
4.708,12.98,-5.56,-3.678888888888889
4.728,13.75,-4.99,-3.727777777777778
4.748,14.25,-4.59,-3.7666666666666666
4.768,14.98,-3.74,-3.7977777777777777
4.788,15.26,-3.48,-3.8466666666666667
4.808,15.78,-2.83,-3.867777777777778
4.828,16.01,-2.34,-3.89
4.848,16.32,-1.55,-3.9
4.868,16.42,-1.04,-3.911111111111111
4.888,16.53,-0.26,-3.9066666666666667
4.908,16.51,0.23,-3.898888888888889
4.928,16.32,1.31,-3.881111111111111
4.948,16.03,2.04,-3.8655555555555554
4.968,15.75,2.54,-3.8333333333333335
4.988,15.28,3.24,-3.7977777777777777
5.008,14.9,3.64,-3.7577777777777777
5.028,14.25,4.29,-3.712222222222222
5.048,13.74,4.68,-3.658888888888889
5.068,12.95,5.24,-3.601111111111111
5.088,12.4,5.59,-3.542222222222222
5.108,11.52,6.08,-3.4755555555555557
5.128,10.91,6.33,-3.41
5.148,10.26,6.59,-3.3366666666666664
5.168,9.19,6.88,-3.27
5.188,8.61,7.13,-3.1777777777777776
5.208,7.65,7.37,-3.1
5.228,7.05,7.37,-3.0155555555555558
5.248,6.08,7.58,-2.9366666666666665
5.268,5.49,7.7,-2.85
5.288,4.52,7.77,-2.7666666666666666
5.308,3.96,7.75,-2.6766666666666667
5.328,3.03,7.81,-2.5933333333333333
5.348,2.49,7.75,-2.506666666666667
5.368,1.63,7.69,-2.422222222222222
5.388,1.12,7.66,-2.338888888888889
5.408,0.36,7.56,-2.25
5.428,-0.09,7.5,-2.171111111111111
5.448,-0.74,7.38,-2.088888888888889
5.468,-1.21,7.31,-2.0122222222222224
5.488,-1.82,7.17,-1.931111111111111
5.508,-2.22,7.06,-1.8577777777777778
5.528,-2.77,6.9,-1.78
5.548,-3.13,6.78,-1.708888888888889
5.568,-3.58,6.73,-1.64
5.588,-3.16,5.46,-1.57
5.608,-4.02,5.52,-1.498888888888889
5.628,-4.65,7.12,-1.4288888888888889
5.648,-4.58,5.93,-1.3666666666666667
5.668,-5.56,6.22,-1.301111111111111
5.688,-5.59,5.77,-1.238888888888889
5.708,-5.83,5.83,-1.18
5.728,-6.2,5.28,-1.12
5.748,-6.04,5.59,-1.0633333333333332
5.768,-6.37,5.32,-1.0066666666666666
5.788,-6.5,5.0,-0.9533333333333334
5.808,-6.56,4.95,-0.9
5.828,-6.99,4.99,-0.8455555555555555
5.848,-7.06,4.77,-0.7977777777777778
5.868,-7.22,4.75,-0.7455555555555555
5.888,-7.33,4.58,-0.7
5.908,-7.46,4.43,-0.65
5.928,-7.5,4.38,-0.6066666666666667
5.948,-7.72,4.29,-0.5611111111111111
5.968,-7.79,4.22,-0.5144444444444445
5.988,-7.8,4.19,-0.47
6.008,-7.95,4.08,-0.42777777777777776
6.028,-7.91,4.05,-0.38555555555555554
6.048,-7.97,3.96,-0.3433333333333333
6.068,-8.04,3.94,-0.30333333333333334
6.088,-8.05,3.88,-0.2611111111111111
6.108,-8.12,3.84,-0.22111111111111112
6.128,-8.16,3.82,-0.18
6.148,-8.16,3.8,-0.14
6.168,-8.18,3.81,-0.10222222222222223
6.188,-8.17,3.76,-0.06111111111111111
6.208,-8.16,3.81,-0.023333333333333334
6.228,-8.18,3.77,0.015555555555555555
6.248,-8.2,3.82,0.05333333333333334
6.268,-8.14,3.83,0.09
6.288,-8.14,3.83,0.12777777777777777
6.308,-8.11,3.87,0.16777777777777778
6.328,-8.09,3.87,0.20666666666666667
6.348,-8.09,3.93,0.24222222222222223
6.368,-8.03,3.98,0.2822222222222222
6.388,-8.02,3.99,0.3233333333333333
6.408,-7.98,4.04,0.3622222222222222
6.428,-7.89,4.08,0.40444444444444444
6.448,-7.87,4.16,0.4444444444444444
6.468,-7.79,4.22,0.4888888888888889
6.488,-7.68,4.33,0.5311111111111111
6.508,-7.64,4.36,0.5733333333333334
6.528,-7.51,4.46,0.6177777777777778
6.548,-7.42,4.51,0.6633333333333333
6.568,-7.3,4.62,0.7088888888888889
6.588,-7.18,4.72,0.7566666666666667
6.608,-7.02,4.87,0.8066666666666666
6.628,-6.9,4.9,0.8566666666666667
6.648,-6.74,5.04,0.9055555555555556
6.668,-6.6,5.15,0.9588888888888889
6.688,-6.36,5.28,1.01
6.708,-6.22,5.39,1.0655555555555556
6.728,-5.99,5.56,1.1211111111111112
6.748,-5.81,5.65,1.18
6.768,-5.51,5.83,1.24
6.788,-5.29,5.93,1.3
6.808,-4.97,6.11,1.3622222222222222
6.828,-4.72,6.18,1.4255555555555555
6.848,-4.21,6.45,1.491111111111111
6.868,-3.93,6.54,1.56
6.888,-3.45,6.79,1.6277777777777778
6.908,-3.15,6.78,1.7
6.928,-2.62,6.97,1.77
6.948,-2.27,7.14,1.8433333333333333
6.968,-1.69,7.24,1.92
6.988,-1.29,7.35,1.9966666666666666
7.008,-0.63,7.49,2.0722222222222224
7.028,-0.18,7.54,2.1533333333333333
7.048,0.48,7.64,2.2344444444444442
7.068,0.99,7.7,2.311111111111111
7.088,1.79,7.77,2.3955555555555557
7.108,2.31,7.83,2.4766666666666666
7.128,3.14,7.84,2.5588888888888888
7.148,3.72,7.99,2.64
7.168,4.66,7.74,2.7222222222222223
7.188,5.29,7.74,2.807777777777778
7.208,6.21,7.7,2.8866666666666667
7.228,6.8,7.43,2.971111111111111
7.248,7.72,7.36,3.05
7.268,8.39,7.19,3.13
7.288,9.32,6.98,3.201111111111111
7.308,9.96,6.66,3.278888888888889
7.328,10.83,6.39,3.351111111111111
7.348,11.41,6.07,3.4155555555555557
7.368,12.32,5.62,3.4811111111111113
7.388,12.81,5.24,3.542222222222222
7.408,13.56,4.75,3.6
7.428,14.07,4.31,3.6455555555555557
7.448,14.74,3.67,3.69
7.468,15.03,3.31,3.7266666666666666
7.488,15.51,2.64,3.76
7.508,15.77,2.09,3.7855555555555553
7.528,16.04,1.37,3.8066666666666666
7.548,16.19,0.88,3.82
7.568,16.26,0.08,3.8255555555555554
7.588,16.2,-0.3,3.8244444444444445
7.608,16.1,-1.17,3.82
7.628,15.96,-1.64,3.8055555555555554
7.648,15.63,-2.38,3.781111111111111
7.668,15.36,-2.85,3.76
7.688,14.87,-3.51,3.7266666666666666
7.708,14.47,-3.99,3.683333333333333
7.728,13.81,-4.61,3.6444444444444444
7.748,13.33,-5.01,3.591111111111111
7.768,12.51,-5.49,3.533333333333333
7.788,12.0,-5.81,3.4766666666666666
7.808,11.06,-6.34,3.411111111111111
7.828,10.14,-6.67,3.3433333333333333
7.848,9.19,-6.99,3.2711111111111113
7.868,8.56,-7.18,3.1955555555555555
7.888,7.57,-7.44,3.118888888888889
7.908,6.94,-7.55,3.0388888888888888
7.928,5.95,-7.82,2.9588888888888887
7.948,5.28,-7.8,2.88
7.968,4.42,-7.6,2.796666666666667
7.988,3.72,-7.95,2.7022222222222223
8.008,2.93,-7.9,2.62
8.028,2.28,-7.88,2.5322222222222224
8.048,1.48,-7.78,2.45
8.068,0.92,-7.85,2.3633333333333333
8.088,0.14,-7.63,2.28
8.108,-0.24,-7.71,2.1955555555555555
8.128,-1.0,-7.67,2.1155555555555554
8.148,-1.62,-7.61,2.0233333333333334
8.168,-2.04,-7.25,1.95
8.188,-1.68,-7.07,1.8688888888888888
8.208,-3.04,-6.94,1.791111111111111
8.228,-3.32,-7.01,1.7133333333333334
8.248,-3.74,-6.68,1.64
8.268,-4.05,-6.81,1.5655555555555556
8.288,-4.45,-6.37,1.49
8.308,-4.77,-6.45,1.42
8.328,-5.13,-6.21,1.35
8.348,-5.35,-6.13,1.278888888888889
8.368,-5.68,-5.93,1.2155555555555555
8.388,-5.84,-5.89,1.1477777777777778
8.408,-6.15,-5.66,1.0866666666666667
8.428,-6.29,-5.61,1.0233333333333334
8.448,-6.56,-5.35,0.98
8.468,-6.71,-5.33,0.8988888888888888
8.488,-6.85,-5.14,0.8377777777777777
8.508,-7.07,-5.15,0.78
8.528,-7.14,-4.99,0.7233333333333334
8.548,-7.32,-4.95,0.6644444444444444
8.568,-7.4,-4.77,0.61
8.588,-7.52,-4.8,0.5555555555555556
8.608,-7.6,-4.67,0.5022222222222222
8.628,-7.69,-4.61,0.4477777777777778
8.648,-7.77,-4.51,0.39666666666666667
8.668,-7.82,-4.48,0.34444444444444444
8.688,-7.87,-4.44,0.29
8.708,-7.9,-4.41,0.24
8.728,-7.94,-4.38,0.19
8.748,-7.98,-4.36,0.1388888888888889
8.768,-7.99,-4.34,0.08888888888888889
8.788,-8.0,-4.34,0.04
8.808,-7.99,-4.35,-0.01
8.828,-7.98,-4.33,-0.058888888888888886
8.848,-7.99,-4.35,-0.10777777777777778
8.868,-7.96,-4.38,-0.15555555555555556
8.888,-7.94,-4.45,-0.20666666666666667
8.908,-7.92,-4.42,-0.25666666666666665
8.928,-7.86,-4.49,-0.30444444444444446
8.948,-7.8,-4.53,-0.35777777777777775
8.968,-7.72,-4.59,-0.40555555555555556
8.988,-7.68,-4.65,-0.4577777777777778
9.008,-7.61,-4.7,-0.51
9.028,-7.52,-4.79,-0.5622222222222222
9.048,-7.39,-4.9,-0.6155555555555555
9.068,-7.32,-4.95,-0.67
9.088,-7.16,-5.05,-0.7244444444444444
9.108,-7.07,-5.12,-0.7811111111111111
9.128,-6.87,-5.23,-0.84
9.148,-6.73,-5.33,-0.8966666666666666
9.168,-6.54,-5.47,-0.9522222222222222
9.188,-6.38,-5.56,-1.0155555555555555
9.208,-6.13,-5.72,-1.0766666666666667
9.228,-5.95,-5.84,-1.1388888888888888
9.248,-5.7,-5.98,-1.2022222222222223
9.268,-5.46,-6.1,-1.27
9.288,-5.13,-6.27,-1.3377777777777777
9.308,-4.89,-6.37,-1.4044444444444444
9.328,-4.51,-6.53,-1.4744444444444444
9.348,-4.23,-6.65,-1.5455555555555556
9.368,-3.8,-6.81,-1.6211111111111112
9.388,-3.5,-6.92,-1.6922222222222223
9.408,-2.98,-7.1,-1.77
9.428,-2.62,-7.2,-1.8433333333333333
9.448,-2.05,-7.37,-1.9222222222222223
9.468,-1.64,-7.42,-2.002222222222222
9.488,-1.01,-7.55,-2.0833333333333335
9.508,-0.55,-7.65,-2.1633333333333336
9.528,0.13,-7.76,-2.243333333333333
9.548,0.63,-7.81,-2.327777777777778
9.568,1.41,-7.9,-2.41
9.588,1.92,-7.91,-2.4955555555555557
9.608,2.66,-7.84,-2.597777777777778
9.628,3.57,-7.87,-2.6666666666666665
9.648,4.31,-7.98,-2.741111111111111
9.668,4.87,-7.8,-2.8233333333333333
9.688,5.83,-7.78,-2.9033333333333333
9.708,6.44,-7.68,-2.9811111111111113
9.728,7.32,-7.53,-3.06
9.748,8.03,-7.32,-3.1355555555555554
9.768,9.31,-6.94,-3.207777777777778
9.788,9.93,-6.77,-3.2755555555555556
9.808,10.78,-6.42,-3.3455555555555554
9.828,11.4,-6.12,-3.4033333333333333
9.848,12.21,-5.69,-3.4677777777777776
9.868,12.77,-5.31,-3.517777777777778
9.888,13.49,-4.75,-3.566666666666667
9.908,13.93,-4.4,-3.6155555555555554
9.928,14.53,-3.74,-3.647777777777778
9.948,14.82,-3.38,-3.6555555555555554
9.968,15.35,-2.62,-3.7055555555555557
9.988,15.53,-2.19,-3.73
10.008,15.79,-1.45,-3.741111111111111
10.028,15.95,-0.9,-3.7455555555555557
10.048,15.97,-0.26,-3.7511111111111113
10.068,15.96,0.33,-3.741111111111111
10.088,15.84,1.03,-3.7266666666666666
10.108,15.69,1.53,-3.7022222222222223
10.128,15.34,2.24,-3.683333333333333
10.148,15.11,2.7,-3.65
10.168,14.6,3.36,-3.608888888888889
10.188,14.22,3.8,-3.568888888888889
10.208,13.57,4.37,-3.5144444444444445
10.228,13.12,4.81,-3.462222222222222
10.248,12.37,5.26,-3.401111111111111
10.268,11.85,5.59,-3.3422222222222224
10.288,11.0,6.04,-3.2733333333333334
10.308,10.42,6.3,-3.2066666666666666
10.328,9.8,6.52,-3.1344444444444446
10.348,8.97,6.85,-3.0544444444444445
10.368,8.26,7.0,-2.97
10.388,7.42,7.21,-2.8922222222222222
10.408,6.55,7.46,-2.811111111111111
10.428,5.91,7.49,-2.73
10.448,5.02,7.65,-2.6466666666666665
10.468,4.4,7.7,-2.5566666666666666
10.488,3.58,7.73,-2.4744444444444444
10.508,3.09,7.78,-2.387777777777778
10.528,2.26,7.75,-2.301111111111111
10.548,1.79,7.74,-2.2155555555555555
10.568,1.05,7.71,-2.13
10.588,0.57,7.65,-2.0444444444444443
10.608,-0.01,7.57,-1.9655555555555555
10.628,-0.53,7.53,-1.88
10.648,-1.08,7.44,-1.801111111111111
10.668,-1.48,7.36,-1.7222222222222223
10.688,-2.03,7.24,-1.6388888888888888
10.708,-2.35,7.18,-1.5655555555555556
10.728,-2.98,7.08,-1.491111111111111
10.748,-3.54,7.26,-1.4144444444444444
10.768,-3.19,6.1,-1.3388888888888888
10.788,-4.13,7.0,-1.268888888888889
10.808,-3.88,6.4,-1.1966666666666668
10.828,-4.43,6.34,-1.1266666666666667
10.848,-4.67,6.38,-1.0922222222222222
10.868,-4.93,6.43,-0.9911111111111112
10.888,-5.26,6.08,-0.9544444444444444
10.908,-5.43,6.11,-0.8577777777777778
10.928,-5.49,6.04,-0.8255555555555556
10.948,-5.76,5.85,-0.7277777777777777
10.968,-5.68,5.91,-0.6988888888888889
10.988,-5.99,5.75,-0.6055555555555555
11.008,-6.06,5.69,-0.5744444444444444
11.028,-6.2,5.67,-0.4811111111111111
11.048,-6.3,5.66,-0.42444444444444446
11.068,-6.37,5.59,-0.3622222222222222
11.088,-6.51,5.53,-0.3055555555555556
11.108,-6.55,5.49,-0.24555555555555555
11.128,-6.59,5.46,-0.18777777777777777
11.148,-6.61,5.46,-0.13
11.168,-6.58,5.43,-0.07222222222222222
11.188,-6.61,5.43,-0.043333333333333335
11.208,-6.67,5.43,0.04
11.228,-6.62,5.47,0.07
11.248,-6.65,5.48,0.12444444444444444
11.268,-6.56,5.51,0.1811111111111111
11.288,-6.51,5.52,0.2388888888888889
11.308,-6.49,5.58,0.29555555555555557
11.328,-6.38,5.58,0.35333333333333333
11.348,-6.29,5.67,0.44
11.368,-6.23,5.67,0.47
11.388,-6.09,5.77,0.5588888888888889
11.408,-6.03,5.81,0.5888888888888889
11.428,-5.85,5.91,0.6766666666666666
11.448,-5.72,5.94,0.71
11.468,-5.56,6.07,0.8022222222222222
11.488,-5.37,6.12,0.8355555555555556
11.508,-5.16,6.22,0.93
11.528,-5.0,6.29,0.9622222222222222
11.548,-4.73,6.44,1.0633333333333332
11.568,-4.56,6.5,1.0966666666666667
11.588,-4.25,6.63,1.1622222222222223
11.608,-4.0,6.66,1.231111111111111
11.628,-3.65,6.82,1.3055555555555556
11.648,-3.38,6.92,1.3766666666666667
11.668,-2.82,7.11,1.448888888888889
11.688,-2.5,7.16,1.5244444444444445
11.708,-2.01,7.3,1.5977777777777777
11.728,-1.67,7.41,1.6733333333333333
11.748,-1.11,7.46,1.7533333333333334
11.768,-0.71,7.56,1.83
11.788,-0.06,7.63,1.91
11.808,0.29,7.66,1.9922222222222221
11.828,1.0,7.75,2.0755555555555554
11.848,1.47,7.78,2.1533333333333333
11.868,2.22,7.82,2.238888888888889
11.888,2.75,7.84,2.32
11.908,3.56,7.72,2.4055555555555554
11.928,3.94,7.86,2.4877777777777776
11.948,4.95,7.79,2.5644444444444443
11.968,5.46,7.61,2.65
11.988,6.43,7.5,2.7744444444444443
12.008,6.81,7.43,2.812222222222222
12.028,7.86,7.25,2.891111111111111
12.048,8.4,6.92,2.971111111111111
12.068,9.34,6.77,3.0433333333333334
12.088,9.9,6.47,3.1144444444444446
12.108,10.74,6.11,3.1866666666666665
12.128,11.29,5.93,3.2555555555555555
12.148,12.08,5.44,3.32
12.168,12.6,5.08,3.3777777777777778
12.188,13.29,4.53,3.4322222222222223
12.208,13.69,4.16,3.4844444444444442
12.228,14.33,3.57,3.53
12.248,14.62,3.1,3.5633333333333335
12.268,15.06,2.42,3.6
12.288,15.3,2.03,3.6255555555555556
12.308,15.55,1.23,3.6533333333333333
12.328,15.7,0.82,3.6566666666666667
12.348,15.75,0.06,3.6744444444444446
12.368,15.77,-0.38,3.6733333333333333
12.388,15.59,-1.18,3.6655555555555557
12.408,15.48,-1.6,3.658888888888889
12.428,15.16,-2.3,3.64
12.448,14.94,-2.77,3.612222222222222
12.468,14.43,-3.4,3.5877777777777777
12.488,14.07,-3.87,3.551111111111111
12.508,13.46,-4.5,3.506666666666667
12.528,12.99,-4.84,3.4644444444444447
12.548,12.27,-5.37,3.41
12.568,11.77,-5.61,3.3577777777777778
12.588,10.9,-6.14,3.2933333333333334
12.608,10.38,-6.4,3.2266666666666666
12.628,9.46,-6.74,3.16
12.648,8.56,-7.05,3.0844444444444443
12.668,7.64,-7.3,3.013333333333333
12.688,7.03,-7.46,2.9344444444444444
12.708,6.12,-7.64,2.858888888888889
12.728,5.56,-7.81,2.7711111111111113
12.748,4.59,-7.82,2.6944444444444446
12.768,3.98,-7.66,2.611111111111111
12.788,3.17,-7.94,2.522222222222222
12.808,2.64,-7.78,2.44
12.828,1.85,-7.88,2.3544444444444443
12.848,1.42,-7.89,2.27
12.868,0.65,-7.89,2.1844444444444444
12.888,0.18,-7.71,2.098888888888889
12.908,-0.46,-7.73,2.0144444444444445
12.928,-0.85,-7.62,1.93
12.948,-1.46,-7.49,1.8466666666666667
12.968,-1.85,-7.47,1.761111111111111
12.988,-2.39,-7.43,1.681111111111111
13.008,-2.69,-7.07,1.6022222222222222
13.028,-3.19,-7.32,1.5244444444444445
13.048,-3.49,-7.0,1.4444444444444444
13.068,-3.96,-6.92,1.3677777777777778
13.088,-4.16,-6.72,1.2922222222222222
13.108,-4.5,-6.8,1.2155555555555555
13.128,-4.72,-6.48,1.14
13.148,-5.04,-6.53,1.0677777777777777
13.168,-5.21,-6.33,0.9955555555555555
13.188,-5.43,-6.34,0.9233333333333333
13.208,-5.57,-6.18,0.8544444444444445
13.228,-5.82,-6.11,0.7855555555555556
13.248,-5.93,-6.06,0.7155555555555555
13.268,-6.11,-5.99,0.65
13.288,-6.21,-5.89,0.5822222222222222
13.308,-6.36,-5.81,0.5144444444444445
13.328,-6.41,-5.79,0.4488888888888889
13.348,-6.53,-5.75,0.3844444444444444
13.368,-6.6,-5.74,0.32
13.388,-6.65,-5.65,0.25555555555555554
13.408,-6.68,-5.67,0.19111111111111112
13.428,-6.71,-5.64,0.1288888888888889
13.448,-6.72,-5.62,0.06555555555555556
13.468,-6.73,-5.63,0.0
13.488,-6.71,-5.63,-0.06
13.508,-6.71,-5.7,-0.12333333333333334
13.528,-6.66,-5.67,-0.18555555555555556
13.548,-6.62,-5.74,-0.2477777777777778
13.568,-6.54,-5.76,-0.31
13.588,-6.48,-5.81,-0.37444444444444447
13.608,-6.38,-5.85,-0.4388888888888889
13.628,-6.26,-5.93,-0.5022222222222222
13.648,-6.16,-5.97,-0.5655555555555556
13.668,-6.01,-6.04,-0.6311111111111111
13.688,-5.89,-6.13,-0.6977777777777778
13.708,-5.7,-6.2,-0.7622222222222222
13.728,-5.57,-6.29,-0.8311111111111111
13.748,-5.31,-6.38,-0.9
13.768,-5.14,-6.47,-0.9688888888888889
13.788,-4.86,-6.61,-1.038888888888889
13.808,-4.66,-6.67,-1.11
13.828,-4.33,-6.8,-1.181111111111111
13.848,-4.1,-6.9,-1.2533333333333334
13.868,-3.71,-7.0,-1.3311111111111111
13.888,-3.45,-7.09,-1.4066666666666667
13.908,-2.98,-7.23,-1.4822222222222223
13.928,-2.66,-7.33,-1.5555555555555556
13.948,-2.16,-7.45,-1.6388888888888888
13.968,-1.82,-7.51,-1.7166666666666666
13.988,-1.24,-7.62,-1.7944444444444445
14.008,-0.84,-7.7,-1.8755555555555556
14.028,-0.19,-7.8,-1.9577777777777778
14.048,0.18,-7.87,-2.0411111111111113
14.068,0.91,-7.93,-2.1233333333333335
14.088,1.36,-7.93,-2.207777777777778
14.108,2.13,-7.97,-2.2911111111111113
14.128,2.66,-7.97,-2.371111111111111
14.148,3.36,-7.71,-2.457777777777778
14.168,4.41,-8.16,-2.5655555555555556
14.188,4.82,-7.77,-2.621111111111111
14.208,5.42,-7.8,-2.7
14.228,6.28,-7.58,-2.781111111111111
14.248,6.88,-7.57,-2.8577777777777778
14.268,7.84,-7.27,-2.9344444444444444
14.288,8.46,-7.14,-3.008888888888889
14.308,9.36,-6.84,-3.078888888888889
14.328,9.89,-6.57,-3.1455555555555557
14.348,10.79,-6.21,-3.207777777777778
14.368,11.29,-5.9,-3.2711111111111113
14.388,12.09,-5.44,-3.33
14.408,12.57,-5.1,-3.38
14.428,13.23,-4.58,-3.4266666666666667
14.448,13.65,-4.19,-3.468888888888889
14.468,14.15,-3.7,-3.502222222222222
14.488,14.62,-2.86,-3.52
14.508,14.89,-2.47,-3.562222222222222
14.528,15.14,-2.08,-3.578888888888889
14.548,15.35,-1.34,-3.5944444444444446
14.568,15.42,-0.87,-3.597777777777778
14.588,15.47,0.11,-3.6
14.608,15.42,0.56,-3.5944444444444446
14.628,15.27,1.26,-3.5744444444444445
14.648,15.11,1.77,-3.557777777777778
14.668,14.8,2.4,-3.5322222222222224
14.688,14.54,2.84,-3.5033333333333334
14.708,14.01,3.49,-3.466666666666667
14.728,13.65,3.87,-3.422222222222222
14.748,13.03,4.46,-3.3744444444444444
14.768,12.6,4.78,-3.32
14.788,11.88,5.3,-3.2622222222222224
14.808,11.36,5.57,-3.2
14.828,10.57,6.02,-3.14
14.848,10.03,6.27,-3.07
14.868,9.13,6.48,-3.0011111111111113
14.888,8.56,6.79,-2.9233333333333333
14.908,7.75,7.06,-2.8422222222222224
14.928,7.16,7.15,-2.76
14.948,6.34,7.36,-2.683333333333333
14.968,5.79,7.45,-2.602222222222222
14.988,4.9,7.62,-2.52
15.008,4.49,7.64,-2.431111111111111
15.028,3.63,7.74,-2.3466666666666667
15.048,3.16,7.73,-2.263333333333333
15.068,2.38,7.7,-2.18
15.088,1.92,7.77,-2.091111111111111
15.108,1.26,7.74,-2.0044444444444443
15.128,0.81,7.69,-1.92
15.148,0.2,7.7,-1.8366666666666667
15.168,-0.16,7.6,-1.751111111111111
15.188,-0.7,7.55,-1.67
15.208,-1.06,7.53,-1.5888888888888888
15.228,-1.6,7.41,-1.5044444444444445
15.248,-1.86,7.39,-1.4288888888888889
15.268,-2.28,7.42,-1.3488888888888888
15.288,-2.37,6.21,-1.2822222222222222
15.308,-2.74,6.93,-1.19
15.328,-3.4,7.55,-1.1144444444444443
15.348,-3.37,6.57,-1.038888888888889
15.368,-4.03,7.27,-0.9644444444444444
15.388,-3.99,6.85,-0.89
15.408,-4.29,6.84,-0.8166666666666667
15.428,-4.4,6.65,-0.7444444444444445
15.448,-4.47,6.62,-0.6733333333333333
15.468,-4.61,6.61,-0.6033333333333334
15.488,-4.73,6.53,-0.5311111111111111
15.508,-4.82,6.53,-0.46
15.528,-5.03,6.51,-0.39111111111111113
15.548,-5.05,6.46,-0.32555555555555554
15.568,-5.2,6.41,-0.2544444444444444
15.588,-5.21,6.4,-0.18666666666666668
15.608,-5.23,6.38,-0.12
15.628,-5.31,6.37,-0.05
15.648,-5.22,6.37,0.016666666666666666
15.668,-5.23,6.41,0.0811111111111111
15.688,-5.18,6.39,0.15
15.708,-5.14,6.43,0.21666666666666667
15.728,-5.08,6.44,0.28444444444444444
15.748,-5.05,6.47,0.35333333333333333
15.768,-4.93,6.52,0.41888888888888887
15.788,-4.84,6.53,0.48777777777777775
15.808,-4.7,6.58,0.5566666666666666
15.828,-4.53,6.68,0.6255555555555555
15.848,-4.39,6.69,0.6944444444444444
15.868,-4.15,6.81,0.7666666666666667
15.888,-4.01,6.81,0.84
15.908,-3.73,6.95,0.9077777777777778
15.928,-3.54,6.99,0.9811111111111112
15.948,-3.24,7.07,1.0566666666666666
15.968,-2.99,7.17,1.1311111111111112
15.988,-2.64,7.21,1.2044444444444444
16.008,-2.37,7.31,1.2844444444444445
16.028,-1.94,7.38,1.3588888888888888
16.048,-1.66,7.44,1.4377777777777778
16.068,-1.19,7.54,1.5166666666666666
16.088,-0.84,7.59,1.5966666666666667
16.108,-0.3,7.65,1.6766666666666667
16.128,0.08,7.69,1.76
16.148,0.45,7.74,1.84
16.168,1.09,7.78,1.9211111111111112
16.188,1.5,7.8,2.0044444444444443
16.208,2.21,7.81,2.088888888888889
16.228,2.66,7.8,2.1744444444444446
16.248,3.37,7.72,2.2544444444444443
16.268,3.77,7.94,2.34
16.288,4.7,7.77,2.421111111111111
16.308,5.2,7.57,2.502222222222222
16.328,6.05,7.49,2.58
16.348,6.47,7.42,2.6622222222222223
16.368,7.42,7.21,2.741111111111111
16.388,7.95,6.95,2.818888888888889
16.408,8.79,6.82,2.8922222222222222
16.428,9.4,6.47,2.9644444444444447
16.448,10.19,6.2,3.0355555555555553
16.468,10.97,5.78,3.101111111111111
16.488,11.76,5.34,3.17
16.508,12.42,4.89,3.221111111111111
16.528,12.85,4.49,3.2777777777777777
16.548,13.28,4.17,3.328888888888889
16.568,13.8,3.6,3.3733333333333335
16.588,14.15,3.24,3.411111111111111
16.608,14.55,2.48,3.4433333333333334
16.628,14.77,2.1,3.471111111111111
16.648,15.02,1.47,3.4955555555555557
16.668,15.17,0.9,3.513333333333333
16.688,15.32,0.29,3.5244444444444443
16.708,15.27,-0.19,3.5277777777777777
16.728,15.23,-0.9,3.526666666666667
16.748,15.09,-1.4,3.52
16.768,14.82,-2.04,3.5055555555555555
16.788,14.65,-2.48,3.48
16.808,14.24,-3.18,3.4566666666666666
16.828,13.91,-3.53,3.422222222222222
16.848,13.35,-4.16,3.3922222222222222
16.868,12.92,-4.53,3.3444444444444446
16.888,12.25,-5.03,3.2955555555555556
16.908,11.77,-5.39,3.2455555555555557
16.928,11.0,-5.86,3.1844444444444444
16.948,10.52,-6.06,3.1244444444444444
16.968,9.64,-6.51,3.057777777777778
16.988,9.12,-6.7,2.988888888888889
17.008,8.27,-7.01,2.918888888888889
17.028,7.69,-7.21,2.8422222222222224
17.048,6.84,-7.38,2.7644444444444445
17.068,6.26,-7.54,2.6855555555555557
17.088,5.44,-7.76,2.6077777777777778
17.108,4.79,-7.72,2.5277777777777777
17.128,4.1,-7.59,2.4444444444444446
17.148,3.45,-7.98,2.3566666666666665
17.168,2.8,-7.91,2.2733333333333334
17.188,2.2,-7.91,2.1855555555555557
17.208,1.49,-7.85,2.101111111111111
17.228,1.06,-7.95,2.0155555555555558
17.248,0.36,-7.8,1.931111111111111
17.268,0.04,-7.87,1.8455555555555556
17.288,-0.59,-7.83,1.76
17.308,-0.88,-7.53,1.6733333333333333
17.328,-1.53,-7.62,1.59
17.348,-1.83,-7.6,1.51
17.368,-2.31,-7.44,1.4255555555555555
17.388,-2.83,-7.5,1.3477777777777777
17.408,-2.97,-7.31,1.2655555555555555
17.428,-3.27,-7.23,1.1866666666666668
17.448,-3.71,-7.12,1.1088888888888888
17.468,-3.92,-7.08,1.028888888888889
17.488,-4.22,-6.97,0.95
17.508,-4.4,-6.92,0.8722222222222222
17.528,-4.6,-6.81,0.7977777777777778
17.548,-4.72,-6.82,0.7211111111111111
17.568,-4.9,-6.73,0.65
17.588,-5.03,-6.67,0.5733333333333334
17.608,-5.15,-6.62,0.4988888888888889
17.628,-5.26,-6.59,0.4255555555555556
17.648,-5.35,-6.53,0.35555555555555557
17.668,-5.42,-6.48,0.2811111111111111
17.688,-5.45,-6.45,0.20777777777777778
17.708,-5.54,-6.46,0.13666666666666666
17.728,-5.56,-6.47,0.06666666666666667
17.748,-5.57,-6.48,-0.0033333333333333335
17.768,-5.54,-6.5,-0.07666666666666666
17.788,-5.52,-6.5,-0.14777777777777779
17.808,-5.46,-6.55,-0.22
17.828,-5.42,-6.53,-0.28888888888888886
17.848,-5.34,-6.61,-0.36
17.868,-5.26,-6.61,-0.43
17.888,-5.1,-6.65,-0.5011111111111111
17.908,-5.0,-6.71,-0.5733333333333334
17.928,-4.83,-6.77,-0.6466666666666666
17.948,-4.71,-6.82,-0.72
17.968,-4.48,-6.89,-0.7911111111111111
17.988,-4.31,-6.95,-0.87
18.008,-4.04,-7.05,-0.9422222222222222
18.028,-3.86,-7.1,-1.018888888888889
18.048,-3.52,-7.21,-1.0966666666666667
18.068,-3.3,-7.27,-1.1711111111111112
18.088,-2.95,-7.36,-1.251111111111111
18.108,-2.66,-7.43,-1.33
18.128,-2.24,-7.51,-1.41
18.148,-1.91,-7.57,-1.49
18.168,-1.44,-7.67,-1.57
18.188,-1.09,-7.75,-1.65
18.208,-0.56,-7.82,-1.7333333333333334
18.228,-0.13,-7.84,-1.8166666666666667
18.248,0.4,-7.91,-1.9
18.268,0.84,-7.92,-1.9833333333333334
18.288,1.52,-7.98,-2.0644444444444443
18.308,1.98,-7.97,-2.147777777777778
18.328,2.73,-7.96,-2.23
18.348,3.28,-7.91,-2.3155555555555556
18.368,4.05,-7.93,-2.3955555555555557
18.388,4.55,-7.75,-2.4755555555555557
18.408,6.05,-7.85,-2.571111111111111
18.428,6.12,-7.63,-2.6333333333333333
18.448,7.0,-7.34,-2.712222222222222
18.468,7.58,-7.22,-2.7888888888888888
18.488,8.46,-6.94,-2.8633333333333333
18.508,9.01,-6.76,-2.933333333333333
18.528,9.79,-6.45,-2.9955555555555557
18.548,10.37,-6.2,-3.0633333333333335
18.568,11.1,-5.78,-3.12
18.588,11.63,-5.48,-3.1755555555555555
18.608,12.3,-5.01,-3.2266666666666666
18.628,12.71,-4.65,-3.276666666666667
18.648,13.3,-4.1,-3.321111111111111
18.668,13.61,-3.75,-3.3566666666666665
18.688,14.09,-3.1,-3.39
18.708,14.26,-2.83,-3.382222222222222
18.728,14.68,-2.0,-3.4344444444444444
18.748,14.82,-1.6,-3.448888888888889
18.768,14.98,-0.89,-3.4544444444444444
18.788,15.06,-0.42,-3.4588888888888887
18.808,15.04,0.21,-3.451111111111111
18.828,14.97,0.74,-3.4455555555555555
18.848,14.8,1.39,-3.4244444444444446
18.868,14.68,1.8,-3.4055555555555554
18.888,14.31,2.47,-3.371111111111111
18.908,14.06,2.86,-3.34
18.928,13.58,3.44,-3.3
18.948,13.21,3.89,-3.256666666666667
18.968,12.6,4.42,-3.2088888888888887
18.988,12.2,4.76,-3.1555555555555554
19.008,11.5,5.21,-3.0966666666666667
19.028,11.04,5.53,-3.031111111111111
19.048,10.28,5.94,-2.966666666666667
19.068,9.76,6.15,-2.9
19.088,8.96,6.49,-2.8333333333333335
19.108,8.4,6.69,-2.75
19.128,7.64,6.99,-2.6755555555555555
19.148,7.08,7.1,-2.5966666666666667
19.168,6.33,7.24,-2.5188888888888887
19.188,5.8,7.41,-2.44
19.208,4.99,7.56,-2.35
19.228,4.58,7.58,-2.2666666666666666
19.248,3.79,7.7,-2.18
19.268,3.36,7.7,-2.0955555555555554
19.288,2.66,7.74,-2.011111111111111
19.308,2.2,7.77,-1.9244444444444444
19.328,1.58,7.8,-1.84
19.348,1.16,7.74,-1.7522222222222221
19.368,0.4,7.67,-1.6688888888888889
19.388,0.07,7.74,-1.5844444444444445
19.408,-0.41,7.65,-1.4977777777777779
19.428,-0.73,7.64,-1.4155555555555555
19.448,-1.16,7.58,-1.3366666666666667
19.468,-1.48,7.51,-1.25
19.488,-1.86,7.49,-1.1711111111111112
19.508,-2.07,7.57,-1.09
19.528,-2.48,7.66,-1.0244444444444445
19.548,-2.76,7.47,-0.93
19.568,-3.05,7.43,-0.8522222222222222
19.588,-2.97,6.96,-0.7744444444444445
19.608,-3.31,7.16,-0.6966666666666667
19.628,-3.33,7.06,-0.62
19.648,-3.57,7.01,-0.54
19.668,-3.66,7.06,-0.46444444444444444
19.688,-3.8,7.01,-0.39111111111111113
19.708,-3.79,7.13,-0.31333333333333335
19.728,-3.94,6.92,-0.24
19.748,-3.91,6.98,-0.16333333333333333
19.768,-4.02,6.94,-0.08888888888888889
19.788,-4.02,6.89,-0.015555555555555555
19.808,-3.99,6.96,0.058888888888888886
19.828,-4.0,6.98,0.13
19.848,-3.92,6.99,0.20333333333333334
19.868,-3.86,7.03,0.2777777777777778
19.888,-3.76,7.05,0.35333333333333333
19.908,-3.71,7.07,0.4255555555555556
19.928,-3.54,7.11,0.5011111111111111
19.948,-3.48,7.13,0.5777777777777777
19.968,-3.27,7.17,0.6522222222222223
19.988,-3.14,7.23,0.73
20.008,-2.91,7.27,0.8055555555555556
20.028,-2.72,7.33,0.8822222222222222
20.048,-2.46,7.37,0.96
20.068,-2.2,7.41,1.0377777777777777
20.088,-1.88,7.49,1.1177777777777778
20.108,-1.6,7.52,1.1966666666666668
20.128,-1.22,7.56,1.2755555555555556
20.148,-0.96,7.64,1.3555555555555556
20.168,-0.47,7.67,1.4388888888888889
20.188,-0.13,7.72,1.52
20.208,0.32,7.75,1.6
20.228,0.7,7.77,1.6855555555555555
20.248,1.27,7.8,1.7677777777777777
20.268,1.7,7.79,1.85
20.288,2.32,7.81,1.9355555555555555
20.308,2.76,7.79,2.0155555555555558
20.328,3.65,7.76,2.101111111111111
20.348,4.09,7.49,2.1822222222222223
20.368,4.89,7.6,2.2666666666666666
20.388,5.35,7.47,2.348888888888889
20.408,6.06,7.34,2.428888888888889
20.428,6.63,7.21,2.5055555555555555
20.448,7.39,7.0,2.5833333333333335
20.468,7.99,6.93,2.66
20.488,8.74,6.55,2.732222222222222
20.508,9.24,6.42,2.8066666666666666
20.528,10.0,6.09,2.8755555555555556
20.548,10.49,5.8,2.942222222222222
20.568,11.23,5.36,3.01
20.588,11.68,5.12,3.0655555555555556
20.608,12.3,4.62,3.117777777777778
20.628,12.72,4.28,3.1733333333333333
20.648,13.24,3.71,3.22
20.668,13.58,3.36,3.26
20.688,13.98,2.79,3.2933333333333334
20.708,14.27,2.31,3.32
20.728,14.59,1.63,3.35
20.748,14.66,1.28,3.362222222222222
20.768,14.82,0.59,3.38
20.788,14.85,0.22,3.387777777777778
20.808,14.82,-0.54,3.3855555555555554
20.828,14.76,-1.0,3.3833333333333333
20.848,14.56,-1.7,3.3722222222222222
20.868,14.4,-2.09,3.3566666666666665
20.888,14.06,-2.71,3.3377777777777777
20.908,13.81,-3.15,3.3055555555555554
20.928,13.33,-3.75,3.2755555555555556
20.948,12.98,-4.09,3.232222222222222
20.968,12.39,-4.67,3.19
20.988,11.95,-4.97,3.14
21.008,11.29,-5.47,3.09
21.028,10.82,-5.72,3.0322222222222224
21.048,10.02,-6.15,2.97
21.068,9.52,-6.34,2.9066666666666667
21.088,8.71,-6.72,2.8355555555555556
21.108,8.21,-6.88,2.7666666666666666
21.128,7.67,-7.08,2.6933333333333334
21.148,6.88,-7.27,2.6133333333333333
21.168,6.3,-7.43,2.537777777777778
21.188,5.53,-7.65,2.46
21.208,5.01,-7.66,2.381111111111111
21.228,4.21,-7.51,2.2955555555555556
21.248,3.74,-7.96,2.207777777777778
21.268,2.83,-7.99,2.1266666666666665
21.288,2.14,-7.94,2.04
21.308,1.62,-7.9,1.9566666666666668
21.328,1.07,-7.94,1.87
21.348,0.57,-7.89,1.7844444444444445
21.368,0.07,-7.79,1.698888888888889
21.388,-0.3,-7.9,1.6111111111111112
21.408,-0.67,-7.22,1.5322222222222222
21.428,-1.14,-7.83,1.44
21.448,-1.53,-7.67,1.3588888888888888
21.468,-1.87,-7.75,1.2766666666666666
21.488,-2.49,-7.68,1.1855555555555555
21.508,-2.49,-7.6,1.1111111111111112
21.528,-2.82,-7.44,1.028888888888889
21.548,-3.04,-7.38,0.9488888888888889
21.568,-3.17,-7.36,0.8666666666666667
21.588,-3.47,-7.34,0.7866666666666666
21.608,-3.63,-7.19,0.7055555555555556
21.628,-3.84,-7.24,0.6266666666666667
21.648,-3.92,-7.18,0.5455555555555556
21.668,-4.1,-7.15,0.47
21.688,-4.16,-7.09,0.39
21.708,-4.3,-7.07,0.31333333333333335
21.728,-4.32,-7.06,0.23333333333333334
21.748,-4.42,-7.04,0.15666666666666668
21.768,-4.43,-7.0,0.08
21.788,-4.42,-7.06,0.0022222222222222222
21.808,-4.42,-7.06,-0.07222222222222222
21.828,-4.42,-7.08,-0.14777777777777779
21.848,-4.36,-7.1,-0.22666666666666666
21.868,-4.3,-7.13,-0.3011111111111111
21.888,-4.22,-7.13,-0.37666666666666665
21.908,-4.1,-7.16,-0.4533333333333333
21.928,-3.96,-7.23,-0.5288888888888889
21.948,-3.84,-7.26,-0.6088888888888889
21.968,-3.63,-7.29,-0.6866666666666666
21.988,-3.47,-7.37,-0.7655555555555555
22.008,-3.33,-7.36,-0.8433333333333334
22.028,-3.06,-7.46,-0.92
22.048,-2.87,-7.47,-1.0
22.068,-2.54,-7.54,-1.0822222222222222
22.088,-2.31,-7.61,-1.1611111111111112
22.108,-1.92,-7.68,-1.2433333333333334
22.128,-1.65,-7.71,-1.3266666666666667
22.148,-1.22,-7.79,-1.4077777777777778
22.168,-0.89,-7.82,-1.488888888888889
22.188,-0.4,-7.85,-1.5733333333333333
22.208,-0.03,-7.89,-1.6566666666666667
22.228,0.65,-7.94,-1.7344444444444445
22.248,1.06,-7.96,-1.8211111111111111
22.268,1.69,-7.97,-1.9044444444444444
22.288,2.12,-7.98,-1.99
22.308,2.75,-8.05,-2.07
22.328,3.09,-7.81,-2.151111111111111
22.348,4.0,-7.74,-2.236666666666667
22.368,4.47,-7.77,-2.3177777777777777
22.388,5.24,-7.57,-2.3966666666666665
22.408,5.51,-7.4,-2.4877777777777776
22.428,6.56,-7.35,-2.55
22.448,7.07,-7.3,-2.6222222222222222
22.468,7.87,-6.95,-2.6977777777777776
22.488,8.44,-6.88,-2.7655555555555558
22.508,9.14,-6.53,-2.8355555555555556
22.528,9.71,-6.32,-2.898888888888889
22.548,10.41,-5.95,-2.957777777777778
22.568,10.93,-5.63,-3.0166666666666666
22.588,11.59,-5.26,-3.071111111111111
22.608,11.99,-4.88,-3.117777777777778
22.628,12.63,-4.37,-3.161111111111111
22.648,12.91,-4.05,-3.2
22.668,13.44,-3.43,-3.236666666666667
22.688,13.72,-3.1,-3.2644444444444445
22.708,14.06,-2.51,-3.2822222222222224
22.728,14.49,-1.55,-3.296666666666667
22.748,14.49,-1.4,-3.3144444444444443
22.768,14.58,-0.94,-3.321111111111111
22.788,14.63,-0.27,-3.318888888888889
22.808,14.64,0.21,-3.312222222222222
22.828,14.54,0.79,-3.3
22.848,14.45,1.31,-3.2822222222222224
22.868,14.2,1.87,-3.26
22.888,14.0,2.28,-3.2333333333333334
22.908,13.61,2.9,-3.1944444444444446
22.928,13.34,3.28,-3.1555555555555554
22.948,12.83,3.85,-3.112222222222222
22.968,12.47,4.19,-3.062222222222222
22.988,11.86,4.67,-3.01
23.008,11.43,5.02,-2.951111111111111
23.028,10.78,5.45,-2.887777777777778
23.048,10.3,5.69,-2.83
23.068,9.6,6.05,-2.76
23.088,9.08,6.2,-2.6911111111111112
23.108,8.29,6.58,-2.6133333333333333
23.128,7.88,6.71,-2.5366666666666666
23.148,7.09,7.0,-2.46
23.168,6.66,7.11,-2.382222222222222
23.188,5.65,7.35,-2.3033333333333332
23.208,5.15,7.45,-2.2155555555555555
23.228,4.44,7.54,-2.1333333333333333
23.248,4.01,7.62,-2.05
23.268,3.33,7.71,-1.9666666666666666
23.288,2.97,7.66,-1.8766666666666667
23.308,2.3,7.73,-1.7922222222222222
23.328,1.93,7.77,-1.708888888888889
23.348,1.39,7.75,-1.62
23.368,1.04,7.75,-1.5366666666666666
23.388,0.53,7.74,-1.451111111111111
23.408,0.2,7.7,-1.3688888888888888
23.428,-0.15,7.69,-1.2822222222222222
23.448,-0.48,7.64,-1.2
23.468,-0.84,7.63,-1.1144444444444443
23.488,-1.11,7.64,-1.0322222222222222
23.508,-1.42,7.57,-0.9488888888888889
23.528,-1.63,7.56,-0.8666666666666667
23.548,-1.89,7.65,-0.79
23.568,-2.19,7.12,-0.7044444444444444
23.588,-2.43,6.92,-0.62
23.608,-2.27,7.63,-0.54
23.628,-2.42,7.12,-0.46111111111111114
23.648,-2.69,7.42,-0.38
23.668,-2.63,7.3,-0.3
23.688,-2.89,7.39,-0.22333333333333333
23.708,-2.86,7.21,-0.14555555555555555
23.728,-2.94,7.35,-0.06333333333333334
23.748,-2.9,7.27,0.013333333333333334
23.768,-2.88,7.39,0.09333333333333334
23.788,-2.77,7.4,0.17
23.808,-2.81,7.38,0.25
23.828,-2.65,7.45,0.32666666666666666
23.848,-2.65,7.41,0.4033333333333333
23.868,-2.49,7.42,0.48333333333333334
23.888,-2.38,7.49,0.5622222222222222
23.908,-2.23,7.45,0.64
23.928,-2.03,7.53,0.7211111111111111
23.948,-1.84,7.56,0.8011111111111111
23.968,-1.63,7.59,0.8811111111111111
23.988,-1.37,7.64,0.9622222222222222
24.008,-1.11,7.63,1.0433333333333332
24.028,-0.79,7.66,1.1277777777777778
24.048,-0.55,7.7,1.208888888888889
24.068,-0.09,7.72,1.291111111111111
24.088,0.11,7.77,1.3722222222222222
24.108,0.65,7.78,1.458888888888889
24.128,0.91,7.77,1.538888888888889
24.148,1.64,7.81,1.6233333333333333
24.168,2.01,7.77,1.7077777777777778
24.188,2.62,7.73,1.7922222222222222
24.208,2.99,7.73,1.8711111111111112
24.228,3.67,7.7,1.9566666666666668
24.248,4.11,7.52,2.037777777777778
24.268,4.73,7.53,2.12
24.288,5.25,7.47,2.198888888888889
24.308,5.79,7.38,2.283333333333333
24.328,6.42,7.15,2.3577777777777778
24.348,7.09,6.95,2.438888888888889
24.368,7.64,6.95,2.477777777777778
24.388,8.34,6.56,2.5844444444444443
24.408,8.84,6.45,2.62
24.428,9.53,6.12,2.7255555555555557
24.448,10.03,5.87,2.76
24.468,10.7,5.42,2.8577777777777778
24.488,11.11,5.22,2.9144444444444444
24.508,11.73,4.77,2.9677777777777776
24.528,12.15,4.39,3.0233333333333334
24.548,12.66,3.91,3.068888888888889
24.568,13.0,3.59,3.1144444444444446
24.588,13.46,2.99,3.15
24.608,13.71,2.55,3.18
24.628,14.02,2.01,3.2066666666666666
24.648,14.23,1.56,3.2266666666666666
24.668,14.43,0.89,3.241111111111111
24.688,14.42,0.49,3.25
24.708,14.52,-0.08,3.2555555555555555
24.728,14.47,-0.59,3.2533333333333334
24.748,14.31,-1.2,3.25
24.768,14.18,-1.69,3.2344444444444442
24.788,13.91,-2.28,3.2177777777777776
24.808,13.68,-2.66,3.2055555555555557
24.828,13.3,-3.25,3.16
24.848,13.01,-3.65,3.1277777777777778
24.868,12.47,-4.17,3.0877777777777777
24.888,12.12,-4.54,3.0633333333333335
24.908,11.52,-5.02,2.99
24.928,11.1,-5.32,2.9644444444444447
24.948,10.42,-5.7,2.881111111111111
24.968,9.94,-6.04,2.852222222222222
24.988,9.23,-6.34,2.7577777777777777
25.008,8.7,-6.67,2.721111111111111
25.028,7.99,-6.9,2.6155555555555554
25.048,7.47,-6.99,2.58
25.068,6.83,-7.2,2.47
25.088,6.22,-7.41,2.4322222222222223
25.108,5.19,-7.57,2.3144444444444443
25.128,4.74,-7.66,2.23
25.148,4.02,-7.8,2.15
25.168,3.56,-7.76,2.0677777777777777
25.188,2.92,-7.86,2.0244444444444443
25.208,2.47,-7.91,1.8988888888888888
25.228,1.83,-7.92,1.8555555555555556
25.248,1.48,-7.99,1.77
25.268,0.91,-7.74,1.6888888888888889
25.288,0.74,-8.23,1.55
25.308,0.11,-8.08,1.5133333333333334
25.328,-0.3,-7.79,1.43
25.348,-0.67,-7.8,1.3433333333333333
25.368,-1.03,-7.86,1.26
25.388,-1.33,-7.73,1.1733333333333333
25.408,-1.69,-7.72,1.09
25.428,-1.89,-7.68,0.9633333333333334
25.448,-2.18,-7.66,0.92
25.468,-2.43,-7.53,0.7977777777777778
25.488,-2.86,-7.7,0.75
25.508,-2.85,-7.45,0.6322222222222222
25.528,-3.05,-7.39,0.59
25.548,-3.04,-7.39,0.4677777777777778
25.568,-3.12,-7.54,0.4255555555555556
25.588,-3.25,-7.39,0.30444444444444446
25.608,-3.31,-7.41,0.26222222222222225
25.628,-3.39,-7.38,0.18222222222222223
25.648,-3.39,-7.44,0.10222222222222223
25.668,-3.39,-7.35,0.02
25.688,-3.43,-7.46,-0.06
25.708,-3.34,-7.45,-0.1388888888888889
25.728,-3.32,-7.45,-0.21777777777777776
25.748,-3.23,-7.43,-0.29888888888888887
25.768,-3.16,-7.53,-0.37666666666666665
25.788,-2.99,-7.53,-0.4577777777777778
25.808,-2.87,-7.56,-0.54
25.828,-2.69,-7.57,-0.6188888888888889
25.848,-2.53,-7.66,-0.7
25.868,-2.26,-7.67,-0.78
25.888,-2.13,-7.73,-0.8611111111111112
25.908,-1.79,-7.75,-0.9422222222222222
25.928,-1.59,-7.79,-1.0244444444444445
25.948,-1.23,-7.82,-1.11
25.968,-0.99,-7.85,-1.19
25.988,-0.57,-7.87,-1.2722222222222221
26.008,-0.28,-7.93,-1.3555555555555556
26.028,0.15,-7.9,-1.44
26.048,0.66,-7.98,-1.521111111111111
26.068,1.19,-7.98,-1.6077777777777778
26.088,1.57,-7.97,-1.69
26.108,2.19,-7.97,-1.7722222222222221
26.128,2.59,-7.94,-1.8566666666666667
26.148,3.08,-8.01,-1.94
26.168,3.69,-7.79,-2.0211111111111113
26.188,4.34,-7.85,-2.1
26.208,4.85,-7.62,-2.18
26.228,5.47,-7.6,-2.26
26.248,6.04,-7.39,-2.3366666666666664
26.268,6.77,-7.28,-2.41
26.288,7.28,-7.04,-2.488888888888889
26.308,8.07,-6.86,-2.56
26.328,8.49,-6.63,-2.628888888888889
26.348,9.25,-6.33,-2.6911111111111112
26.368,9.68,-6.14,-2.76
26.388,10.42,-5.71,-2.8177777777777777
26.408,10.85,-5.48,-2.8777777777777778
26.428,11.49,-5.03,-2.928888888888889
26.448,11.88,-4.66,-2.9755555555555557
26.468,12.4,-4.22,-3.022222222222222
26.488,12.78,-3.84,-3.0633333333333335
26.508,13.2,-3.33,-3.0955555555555554
26.528,13.44,-2.93,-3.121111111111111
26.548,13.91,-1.88,-3.1333333333333333
26.568,13.93,-1.94,-3.1655555555555557
26.588,14.12,-1.3,-3.181111111111111
26.608,14.19,-0.89,-3.19
26.628,14.25,-0.45,-3.187777777777778
26.648,14.26,0.18,-3.1855555555555557
26.668,14.22,0.58,-3.178888888888889
26.688,14.08,1.25,-3.1622222222222223
26.708,13.84,1.82,-3.14
26.728,13.68,2.24,-3.1166666666666667
26.748,13.32,2.81,-3.0844444444444443
26.768,13.03,3.17,-3.046666666666667
26.788,12.59,3.76,-3.0077777777777777
26.808,12.22,4.05,-2.96
26.828,11.69,4.55,-2.9144444444444444
26.848,11.28,4.86,-2.8566666666666665
26.868,10.63,5.28,-2.8022222222222224
26.888,10.2,5.55,-2.74
26.908,9.54,5.88,-2.6733333333333333
26.928,9.2,5.93,-2.6077777777777778
26.948,8.32,6.41,-2.5355555555555553
26.968,7.93,6.59,-2.4566666666666666
26.988,7.01,6.96,-2.382222222222222
27.008,6.51,6.99,-2.3066666666666666
27.028,5.85,7.18,-2.2288888888888887
27.048,5.42,7.33,-2.1533333333333333
27.068,4.97,7.41,-2.0677777777777777
27.088,4.34,7.52,-1.9833333333333334
27.108,3.93,7.56,-1.8988888888888888
27.128,3.32,7.64,-1.8155555555555556
27.148,2.93,7.71,-1.7333333333333334
27.168,2.31,7.75,-1.6511111111111112
27.188,2.04,7.69,-1.56
27.208,1.51,7.76,-1.4722222222222223
27.228,1.24,7.75,-1.3877777777777778
27.248,0.79,7.75,-1.3044444444444445
27.268,0.51,7.75,-1.2177777777777778
27.288,0.11,7.76,-1.1344444444444444
27.308,-0.08,7.68,-1.05
27.328,-0.43,7.72,-0.9655555555555555
27.348,-0.74,7.69,-0.8811111111111111
27.368,-0.9,7.65,-0.7977777777777778
27.388,-1.15,7.67,-0.7144444444444444
27.408,-1.25,7.64,-0.63
27.428,-1.43,7.78,-0.55
27.448,-1.3,6.38,-0.47
27.468,-1.42,6.9,-0.37777777777777777
27.488,-1.93,7.96,-0.29888888888888887
27.508,-1.66,7.57,-0.21666666666666667
27.528,-1.97,7.61,-0.13333333333333333
27.548,-1.84,7.66,-0.052222222222222225
27.568,-1.94,7.58,0.028888888888888888
27.588,-1.78,7.76,0.11
27.608,-1.82,7.64,0.19111111111111112
27.628,-1.7,7.68,0.27111111111111114
27.648,-1.63,7.69,0.3511111111111111
27.668,-1.55,7.6,0.43333333333333335
27.688,-1.34,7.71,0.5144444444444445
27.708,-1.31,7.61,0.5977777777777777
27.728,-1.0,7.76,0.68
27.748,-0.85,7.66,0.76
27.768,-0.57,7.74,0.8422222222222222
27.788,-0.37,7.75,0.9244444444444444
27.808,-0.06,7.77,1.008888888888889
27.828,0.15,7.76,1.0933333333333333
27.848,0.48,7.75,1.1744444444444444
27.868,0.79,7.74,1.26
27.888,1.22,7.78,1.34
27.908,1.52,7.76,1.4255555555555555
27.928,2.02,7.76,1.5077777777777779
27.948,2.36,7.75,1.5933333333333333
27.968,3.03,7.61,1.6766666666666667
27.988,3.37,7.91,1.76
28.008,4.08,7.67,1.8411111111111111
28.028,4.45,7.51,1.9222222222222223
28.048,5.16,7.38,2.0044444444444443
28.068,5.45,7.36,2.0844444444444443
28.088,6.25,7.22,2.16
28.108,6.64,6.98,2.2422222222222223
28.128,7.37,6.92,2.3144444444444443
28.148,7.83,6.62,2.39
28.168,8.5,6.38,2.4611111111111112
28.188,8.96,6.23,2.533333333333333
28.208,9.58,5.93,2.602222222222222
28.228,10.06,5.57,2.667777777777778
28.248,10.68,5.25,2.7311111111111113
28.268,11.04,4.98,2.7866666666666666
28.288,11.67,4.55,2.841111111111111
28.308,11.98,4.22,2.8922222222222222
28.328,12.49,3.68,2.9411111111111112
28.348,12.79,3.41,2.982222222222222
28.368,13.21,2.74,3.0211111111111113
28.388,13.43,2.43,3.046666666666667
28.408,13.71,1.85,3.0733333333333333
28.428,13.9,1.38,3.0966666666666667
28.448,14.05,0.78,3.112222222222222
28.468,14.09,0.37,3.1233333333333335
28.488,14.19,-0.18,3.13
28.508,14.11,-0.6,3.1255555555555556
28.528,13.98,-1.27,3.121111111111111
28.548,13.83,-1.69,3.11
28.568,13.58,-2.28,3.0933333333333333
28.588,13.36,-2.64,3.0722222222222224
28.608,12.97,-3.2,3.0455555555555556
28.628,12.71,-3.6,3.011111111111111
28.648,12.2,-4.07,2.9755555555555557
28.668,11.84,-4.44,2.93
28.688,11.31,-4.94,2.8833333333333333
28.708,10.9,-5.22,2.8333333333333335
28.728,10.26,-5.61,2.7777777777777777
28.748,9.83,-5.89,2.72
28.768,9.13,-6.15,2.658888888888889
28.788,8.68,-6.48,2.5922222222222224
28.808,8.01,-6.75,2.526666666666667
28.828,7.51,-6.91,2.453333333333333
28.848,6.82,-7.19,2.38
28.868,6.29,-7.16,2.3055555555555554
28.888,5.65,-7.45,2.2288888888888887
28.908,4.95,-7.64,2.15
28.928,4.33,-7.67,2.0677777777777777
28.948,3.86,-7.78,1.9866666666666666
28.968,3.27,-7.83,1.9055555555555554
28.988,2.85,-7.87,1.8233333333333333
29.008,2.24,-7.86,1.74
29.028,1.88,-7.99,1.6533333333333333
29.048,1.34,-7.78,1.5722222222222222
29.068,1.02,-8.5,1.4655555555555555
29.088,0.5,-8.04,1.3977777777777778
29.108,0.21,-7.79,1.3133333333333332
29.128,-0.08,-7.93,1.2266666666666666
29.148,-0.44,-7.85,1.14
29.168,-0.73,-7.75,1.0555555555555556
29.188,-1.03,-7.89,0.9711111111111111
29.208,-1.23,-7.84,0.8855555555555555
29.228,-1.54,-7.75,0.8011111111111111
29.248,-1.71,-7.63,0.7177777777777777
29.268,-1.85,-7.87,0.6322222222222222
29.288,-2.01,-7.73,0.55
29.308,-2.11,-7.7,0.4633333333333333
29.328,-2.32,-7.74,0.37333333333333335
29.348,-2.33,-7.63,0.29777777777777775
29.368,-2.36,-7.65,0.21444444444444444
29.388,-2.38,-7.7,0.13
29.408,-2.41,-7.75,0.04666666666666667
29.428,-2.45,-7.62,-0.034444444444444444
29.448,-2.42,-7.65,-0.11666666666666667
29.468,-2.38,-7.74,-0.19777777777777777
29.488,-2.29,-7.72,-0.28
29.508,-2.21,-7.72,-0.36333333333333334
29.528,-2.06,-7.81,-0.44333333333333336
29.548,-1.98,-7.79,-0.5277777777777778
29.568,-1.8,-7.78,-0.61
29.588,-1.63,-7.85,-0.69
29.608,-1.39,-7.87,-0.7711111111111111
29.628,-1.21,-7.85,-0.8577777777777778
29.648,-0.91,-7.88,-0.9377777777777778
29.668,-0.68,-7.95,-1.0222222222222221
29.688,-0.32,-7.95,-1.1066666666666667
29.708,-0.04,-7.93,-1.1888888888888889
29.728,0.3,-7.98,-1.271111111111111
29.748,0.62,-7.94,-1.3555555555555556
29.768,1.09,-7.97,-1.44
29.788,1.42,-7.98,-1.521111111111111
29.808,1.95,-7.92,-1.6055555555555556
29.828,2.33,-7.94,-1.6888888888888889
29.848,2.98,-8.02,-1.771111111111111
29.868,3.5,-7.82,-1.8533333333333333
29.888,4.11,-7.78,-1.9333333333333333
29.908,4.59,-7.65,-2.0166666666666666
29.928,5.11,-7.6,-2.091111111111111
29.948,5.66,-7.41,-2.17
29.968,6.31,-7.29,-2.2466666666666666
29.988,6.83,-7.12,-2.318888888888889
30.008,7.5,-6.91,-2.391111111111111
30.028,7.94,-6.73,-2.4633333333333334
30.048,8.68,-6.45,-2.5277777777777777
30.068,9.07,-6.24,-2.5955555555555554
30.088,9.8,-5.86,-2.6533333333333333
30.108,10.19,-5.65,-2.7111111111111112
30.128,10.83,-5.25,-2.7655555555555558
30.148,11.2,-4.93,-2.8177777777777777
30.168,11.77,-4.55,-2.8644444444444446
30.188,12.1,-4.12,-2.9077777777777776
30.208,12.55,-3.66,-2.9411111111111112
30.228,12.87,-3.31,-2.9744444444444444
30.248,13.21,-2.73,-3.002222222222222
30.268,13.42,-2.38,-3.028888888888889
30.288,13.44,-2.18,-3.0355555555555553
30.308,13.77,-1.45,-3.0588888888888888
30.328,13.85,-0.79,-3.061111111111111
30.348,13.93,-0.41,-3.0655555555555556
30.368,13.91,0.23,-3.062222222222222
30.388,13.82,0.64,-3.051111111111111
30.408,13.72,1.25,-3.031111111111111
30.428,13.59,1.67,-3.0155555555555558
30.448,13.32,2.2,-2.988888888888889
30.468,13.11,2.62,-2.9611111111111112
30.488,12.72,3.11,-2.921111111111111
30.508,12.42,3.46,-2.8844444444444446
30.528,11.95,4.01,-2.838888888888889
30.548,11.62,4.29,-2.79
30.568,11.07,4.75,-2.74
30.588,10.72,5.02,-2.6822222222222223
30.608,10.13,5.37,-2.621111111111111
30.628,9.69,5.65,-2.56
30.648,9.16,5.76,-2.4966666666666666
30.668,8.63,6.16,-2.421111111111111
30.688,7.98,6.43,-2.35
30.708,7.55,6.58,-2.276666666666667
30.728,6.91,6.83,-2.2
30.748,6.48,6.95,-2.1255555555555556
30.768,5.81,7.17,-2.05
30.788,5.41,7.23,-1.968888888888889
30.808,4.79,7.43,-1.8844444444444444
30.828,4.22,7.44,-1.8
30.848,3.69,7.57,-1.7166666666666666
30.868,3.32,7.58,-1.6311111111111112
30.888,2.78,7.62,-1.55
30.908,2.45,7.7,-1.4644444444444444
30.928,1.97,7.77,-1.39
30.948,1.71,7.69,-1.2933333333333332
30.968,1.29,7.78,-1.21
30.988,1.08,7.77,-1.1211111111111112
31.008,0.73,7.76,-1.0366666666666666
31.028,0.48,7.78,-0.95
31.048,0.19,7.74,-0.8655555555555555
31.068,0.04,7.75,-0.7822222222222223
31.088,-0.16,7.75,-0.6977777777777778
31.108,-0.33,7.7,-0.6133333333333333
31.128,-0.48,7.71,-0.5288888888888889
31.148,-0.59,7.7,-0.44333333333333336
31.168,-0.74,7.71,-0.36
31.188,-0.78,7.72,-0.27444444444444444
31.208,-0.9,7.71,-0.19111111111111112
31.228,-0.89,7.87,-0.11
31.248,-0.83,8.26,-0.03666666666666667
31.268,-0.67,7.18,0.06
31.288,-1.02,7.87,0.1411111111111111
31.308,-0.64,7.51,0.22444444444444445
31.328,-0.69,7.42,0.31
31.348,-0.69,7.87,0.39
31.368,-0.43,7.67,0.47333333333333333
31.388,-0.47,7.79,0.5566666666666666
31.408,-0.14,7.9,0.64
31.428,0.0,7.68,0.7222222222222222
31.448,0.24,7.78,0.8055555555555556
31.468,0.4,7.86,0.8888888888888888
31.488,0.77,7.65,0.9733333333333334
31.508,0.9,7.9,1.0566666666666666
31.528,1.33,7.78,1.1377777777777778
31.548,1.6,7.75,1.2222222222222223
31.568,2.03,7.84,1.3066666666666666
31.588,2.35,7.69,1.3922222222222222
31.608,2.8,7.7,1.4722222222222223
31.628,3.18,7.85,1.5555555555555556
31.648,3.72,7.34,1.6377777777777778
31.668,4.05,7.59,1.7177777777777778
31.688,4.58,7.47,1.8
31.708,5.02,7.23,1.8811111111111112
31.728,5.59,7.18,1.961111111111111
31.748,6.04,7.17,2.04
31.768,6.67,6.94,2.1144444444444446
31.788,7.3,6.63,2.192222222222222
31.808,7.91,6.5,2.2622222222222224
31.828,8.37,6.38,2.3355555555555556
31.848,8.93,6.06,2.4044444444444446
31.868,9.41,5.75,2.4722222222222223
31.888,10.01,5.47,2.5344444444444445
31.908,10.38,5.2,2.6
31.928,10.96,4.81,2.6555555555555554
31.948,11.29,4.53,2.707777777777778
31.968,11.8,4.06,2.758888888888889
31.988,12.13,3.74,2.807777777777778
32.008,12.56,3.19,2.847777777777778
32.028,12.78,2.9,2.8855555555555554
32.048,13.11,2.39,2.9166666666666665
32.068,13.34,1.94,2.9444444444444446
32.088,13.48,1.61,2.962222222222222
32.108,13.63,1.01,2.9855555555555555
32.128,13.73,0.56,2.9966666666666666
32.148,13.78,-0.02,3.0044444444444443
32.168,13.75,-0.58,3.0044444444444443
32.188,13.68,-1.01,3.0
32.208,13.53,-1.61,2.9922222222222223
32.228,13.38,-1.95,2.9811111111111113
32.248,13.11,-2.55,2.9588888888888887
32.268,12.9,-2.88,2.933333333333333
32.288,12.49,-3.45,2.9055555555555554
32.308,12.2,-3.79,2.8722222222222222
32.328,11.73,-4.24,2.831111111111111
32.348,11.38,-4.59,2.7866666666666666
32.368,10.84,-5.01,2.736666666666667
32.388,10.43,-5.3,2.6911111111111112
32.408,9.83,-5.61,2.632222222222222
32.428,9.41,-5.97,2.5744444444444445
32.448,8.78,-6.25,2.5122222222222224
32.468,8.34,-6.51,2.45
32.488,7.67,-6.79,2.3777777777777778
32.508,7.22,-6.87,2.307777777777778
32.528,6.83,-7.07,2.236666666666667
32.548,6.15,-7.3,2.1622222222222223
32.568,5.71,-7.25,2.0855555555555556
32.588,5.06,-7.58,2.0044444444444443
32.608,4.64,-7.52,1.9277777777777778
32.628,4.03,-7.66,1.8455555555555556
32.648,3.68,-7.75,1.7644444444444445
32.668,3.07,-7.82,1.6822222222222223
32.688,2.7,-7.79,1.6
32.708,2.18,-8.02,1.5133333333333334
32.728,1.74,-7.94,1.4288888888888889
32.748,1.27,-7.9,1.3444444444444446
32.768,0.97,-7.97,1.26
32.788,0.59,-7.95,1.1755555555555555
32.808,0.16,-7.99,1.09
32.828,0.02,-7.86,1.0033333333333334
32.848,-0.32,-7.99,0.9177777777777778
32.868,-0.48,-7.84,0.8311111111111111
32.888,-0.74,-7.9,0.7477777777777778
32.908,-0.86,-7.89,0.6611111111111111
32.928,-1.1,-7.91,0.5788888888888889
32.948,-1.18,-7.84,0.4922222222222222
32.968,-1.28,-7.89,0.40555555555555556
32.988,-1.4,-7.87,0.3211111111111111
33.008,-1.45,-7.85,0.23666666666666666
33.028,-1.53,-7.85,0.15444444444444444
33.048,-1.54,-7.85,0.06777777777777778
33.068,-1.56,-7.82,-0.015555555555555555
33.088,-1.51,-7.89,-0.09888888888888889
33.108,-1.48,-7.89,-0.18222222222222223
33.128,-1.43,-7.87,-0.26555555555555554
33.148,-1.33,-7.9,-0.35
33.168,-1.25,-7.89,-0.4311111111111111
33.188,-1.04,-7.92,-0.5122222222222222
33.208,-0.96,-7.94,-0.6
33.228,-0.74,-7.93,-0.68
33.248,-0.57,-7.95,-0.7655555555555555
33.268,-0.3,-7.96,-0.8488888888888889
33.288,-0.08,-7.97,-0.9322222222222222
33.308,0.16,-7.98,-1.0155555555555555
33.328,0.4,-7.98,-1.1
33.348,0.8,-7.98,-1.181111111111111
33.368,1.08,-7.96,-1.2633333333333334
33.388,1.52,-7.97,-1.3477777777777777
33.408,1.84,-7.95,-1.431111111111111
33.428,2.32,-7.91,-1.5122222222222221
33.448,2.67,-7.88,-1.5944444444444446
33.468,3.19,-7.81,-1.6755555555555555
33.488,3.56,-7.78,-1.7555555555555555
33.508,4.15,-7.7,-1.8355555555555556
33.528,4.54,-7.62,-1.9122222222222223
33.548,5.15,-7.48,-1.9955555555555555
33.568,5.58,-7.38,-2.07
33.588,6.23,-7.2,-2.1444444444444444
33.608,6.65,-7.09,-2.2144444444444447
33.628,7.3,-6.88,-2.2844444444444445
33.648,7.74,-6.69,-2.3566666666666665
33.668,8.39,-6.44,-2.42
33.688,9.03,-6.11,-2.482222222222222
33.708,9.66,-5.78,-2.54
33.728,10.04,-5.55,-2.602222222222222
33.748,10.62,-5.17,-2.65
33.768,10.97,-4.88,-2.701111111111111
33.788,11.5,-4.44,-2.747777777777778
33.808,11.84,-4.14,-2.7888888888888888
33.828,12.26,-3.6,-2.8244444444444445
33.848,12.53,-3.29,-2.858888888888889
33.868,12.88,-2.74,-2.8833333333333333
33.888,13.09,-2.38,-2.9044444444444446
33.908,13.33,-1.83,-2.922222222222222
33.928,13.44,-1.42,-2.94
33.948,13.55,-0.84,-2.9433333333333334
33.968,13.62,-0.5,-2.9433333333333334
33.988,13.6,0.1,-2.94
34.008,13.56,0.48,-2.9322222222222223
34.028,13.44,1.1,-2.9155555555555557
34.048,13.33,1.45,-2.8955555555555557
34.068,13.09,2.04,-2.8733333333333335
34.088,12.9,2.38,-2.8455555555555554
34.108,12.55,2.91,-2.81
34.128,12.31,3.24,-2.7733333333333334
34.148,11.86,3.73,-2.73
34.168,11.54,4.06,-2.68
34.188,11.06,4.5,-2.6333333333333333
34.208,10.71,4.79,-2.5766666666666667
34.228,10.15,5.2,-2.5233333333333334
34.248,9.77,5.38,-2.4611111111111112
34.268,9.2,5.57,-2.3944444444444444
34.288,8.78,5.98,-2.33
34.308,8.17,6.21,-2.2577777777777777
34.328,7.78,6.37,-2.1866666666666665
34.348,7.17,6.59,-2.11
34.368,6.78,6.75,-2.0388888888888888
34.388,6.16,7.0,-1.961111111111111
34.408,5.82,7.02,-1.8822222222222222
34.428,5.24,7.2,-1.8055555555555556
34.448,4.84,7.31,-1.7277777777777779
34.468,4.29,7.47,-1.6366666666666667
34.488,3.98,7.45,-1.5544444444444445
34.508,3.45,7.56,-1.471111111111111
34.528,3.13,7.58,-1.3866666666666667
34.548,2.69,7.68,-1.3066666666666666
34.568,2.44,7.61,-1.22
34.588,2.08,7.7,-1.1366666666666667
34.608,1.8,7.71,-1.048888888888889
34.628,1.49,7.71,-0.9633333333333334
34.648,1.16,7.76,-0.88
34.668,0.92,7.77,-0.7933333333333333
34.688,0.71,7.75,-0.7088888888888889
34.708,0.54,7.74,-0.6222222222222222
34.728,0.35,7.76,-0.5377777777777778
34.748,0.22,7.75,-0.45444444444444443
34.768,0.14,7.77,-0.36666666666666664
34.788,0.07,7.75,-0.2833333333333333
34.808,0.05,7.75,-0.1988888888888889
34.828,-0.01,7.75,-0.11222222222222222
34.848,0.0,7.75,-0.027777777777777776
34.868,0.0,7.77,0.056666666666666664
34.888,0.03,7.77,0.14
34.908,0.08,7.78,0.2222222222222222
34.928,0.11,7.77,0.30666666666666664
34.948,0.21,7.78,0.39
34.968,0.31,7.79,0.47333333333333333
34.988,0.53,7.78,0.5588888888888889
35.008,0.63,7.77,0.6411111111111111
35.028,0.88,7.77,0.7255555555555555
35.048,1.07,7.74,0.81
35.068,1.32,7.74,0.8911111111111111
35.088,1.56,7.74,0.9766666666666667
35.108,1.9,7.72,1.058888888888889
35.128,2.15,7.71,1.1411111111111112
35.148,2.55,7.66,1.2266666666666666
35.168,2.8,7.63,1.308888888888889
35.188,3.24,7.59,1.39
35.208,3.57,7.54,1.4733333333333334
35.228,4.05,7.48,1.5533333333333332
35.248,4.4,7.39,1.6377777777777778
35.268,4.93,7.31,1.7144444444444444
35.288,5.28,7.21,1.7933333333333332
35.308,5.86,7.08,1.8744444444444444
35.328,6.22,6.96,1.95
35.348,6.84,6.77,2.0255555555555556
35.368,7.21,6.63,2.0944444444444446
35.388,7.8,6.38,2.17
35.408,8.21,6.24,2.2377777777777776
35.428,8.81,5.95,2.307777777777778
35.448,9.17,5.74,2.371111111111111
35.468,9.77,5.41,2.433333333333333
35.488,10.13,5.15,2.491111111111111
35.508,10.65,4.79,2.5477777777777777
35.528,11.02,4.51,2.6
35.548,11.52,4.09,2.6555555555555554
35.568,11.8,3.78,2.692222222222222
35.588,12.19,3.29,2.736666666666667
35.608,12.57,2.79,2.7733333333333334
35.628,12.88,2.26,2.801111111111111
35.648,13.05,1.89,2.827777777777778
35.668,13.26,1.35,2.848888888888889
35.688,13.37,0.94,2.867777777777778
35.708,13.46,0.4,2.88
35.728,13.47,0.0,2.8833333333333333
35.748,13.48,-0.48,2.89
35.768,13.36,-0.96,2.8844444444444446
35.788,13.26,-1.48,2.8744444444444444
35.808,13.11,-1.87,2.862222222222222
35.828,12.85,-2.46,2.8455555555555554
35.848,12.65,-2.77,2.821111111111111
35.868,12.29,-3.21,2.7911111111111113
35.888,12.01,-3.72,2.758888888888889
35.908,11.58,-4.13,2.721111111111111
35.928,11.28,-4.41,2.6777777777777776
35.948,10.79,-4.85,2.631111111111111
35.968,10.41,-5.07,2.581111111111111
35.988,9.84,-5.51,2.5277777777777777
36.008,9.46,-5.74,2.471111111111111
36.028,8.85,-6.09,2.4122222222222223
36.048,8.45,-6.25,2.35
36.068,7.83,-6.63,2.281111111111111
36.088,7.43,-6.62,2.2111111111111112
36.108,6.77,-6.89,2.1444444444444444
36.128,6.4,-7.07,2.0677777777777777
36.148,5.77,-7.22,1.9944444444444445
36.168,5.35,-7.35,1.9177777777777778
36.188,4.82,-7.48,1.8422222222222222
36.208,4.4,-7.52,1.7633333333333334
36.228,3.87,-7.64,1.681111111111111
36.248,3.49,-7.74,1.6
36.268,2.99,-7.75,1.5166666666666666
36.288,2.69,-7.87,1.4333333333333333
36.308,2.22,-7.85,1.3522222222222222
36.328,1.91,-7.89,1.2677777777777777
36.348,1.51,-7.94,1.181111111111111
36.368,1.25,-7.91,1.1
36.388,0.91,-7.96,1.0155555555555555
36.408,0.7,-7.93,0.9288888888888889
36.428,0.38,-7.94,0.8433333333333334
36.448,0.2,-7.95,0.76
36.468,0.01,-7.95,0.6744444444444444
36.488,-0.09,-7.92,0.5877777777777777
36.508,-0.31,-7.93,0.5022222222222222
36.528,-0.4,-7.94,0.41888888888888887
36.548,-0.56,-7.92,0.3333333333333333
36.568,-0.64,-7.91,0.2477777777777778
36.588,-0.69,-7.93,0.1622222222222222
36.608,-0.73,-7.94,0.07444444444444444
36.628,-0.72,-7.96,-0.0077777777777777776
36.648,-0.69,-7.96,-0.09333333333333334
36.668,-0.66,-7.95,-0.17666666666666667
36.688,-0.59,-7.95,-0.2588888888888889
36.708,-0.49,-7.95,-0.3422222222222222
36.728,-0.42,-7.96,-0.4266666666666667
36.748,-0.22,-7.97,-0.51
36.768,-0.08,-7.98,-0.5944444444444444
36.788,0.09,-8.0,-0.6777777777777778
36.808,0.22,-7.98,-0.76
36.828,0.55,-7.98,-0.8444444444444444
36.848,0.72,-7.97,-0.9277777777777778
36.868,1.05,-7.97,-1.008888888888889
36.888,1.29,-7.97,-1.0911111111111111
36.908,1.67,-7.93,-1.1777777777777778
36.928,1.95,-7.92,-1.261111111111111
36.948,2.37,-7.89,-1.34
36.968,2.68,-7.85,-1.4244444444444444
36.988,3.18,-7.78,-1.5055555555555555
37.008,3.5,-7.76,-1.5833333333333333
37.028,4.02,-7.64,-1.6666666666666667
37.048,4.39,-7.57,-1.74
37.068,4.95,-7.46,-1.82
37.088,5.33,-7.39,-1.8955555555555557
37.108,5.93,-7.21,-1.97
37.128,6.31,-7.09,-2.0433333333333334
37.148,6.93,-6.9,-2.1144444444444446
37.168,7.33,-6.76,-2.1844444444444444
37.188,7.94,-6.51,-2.2511111111111113
37.208,8.33,-6.34,-2.311111111111111
37.228,8.95,-6.02,-2.3766666666666665
37.248,9.33,-5.8,-2.433333333333333
37.268,9.92,-5.45,-2.488888888888889
37.288,10.26,-5.21,-2.542222222222222
37.308,10.79,-4.8,-2.588888888888889
37.328,11.14,-4.52,-2.6333333333333333
37.348,11.58,-4.07,-2.672222222222222
37.368,11.86,-3.75,-2.7088888888888887
37.388,12.26,-3.24,-2.7422222222222223
37.408,12.5,-2.93,-2.77
37.428,12.78,-2.4,-2.792222222222222
37.448,12.97,-2.04,-2.8088888888888888
37.468,13.13,-1.5,-2.818888888888889
37.488,13.23,-1.14,-2.827777777777778
37.508,13.29,-0.71,-2.828888888888889
37.528,13.31,-0.17,-2.828888888888889
37.548,13.27,0.37,-2.8233333333333333
37.568,13.19,0.93,-2.8055555555555554
37.588,13.03,1.48,-2.79
37.608,12.88,1.82,-2.7655555555555558
37.628,12.6,2.38,-2.74
37.648,12.41,2.7,-2.707777777777778
37.668,12.04,3.18,-2.67
37.688,11.81,3.53,-2.63
37.708,11.33,3.96,-2.5844444444444443
37.728,11.05,4.26,-2.5388888888888888
37.748,10.57,4.63,-2.4844444444444442
37.768,10.21,4.93,-2.428888888888889
37.788,9.66,5.25,-2.37
37.808,9.3,5.49,-2.3088888888888888
37.828,8.76,5.79,-2.2422222222222223
37.848,8.39,5.99,-2.1755555555555555
37.868,7.82,6.26,-2.1077777777777778
37.888,7.45,6.41,-2.0366666666666666
37.908,6.85,6.62,-1.958888888888889
37.928,6.51,6.76,-1.8911111111111112
37.948,5.95,6.91,-1.8155555555555556
37.968,5.62,7.01,-1.728888888888889
37.988,5.25,7.14,-1.6511111111111112
38.008,4.79,7.26,-1.5711111111111111
38.028,4.46,7.29,-1.491111111111111
38.048,3.97,7.37,-1.41
38.068,3.71,7.43,-1.3244444444444445
38.088,3.27,7.52,-1.241111111111111
38.108,3.06,7.54,-1.198888888888889
38.128,2.65,7.6,-1.0711111111111111
38.148,2.42,7.61,-1.031111111111111
38.168,2.11,7.64,-0.9022222222222223
38.188,1.89,7.66,-0.8622222222222222
38.208,1.66,7.71,-0.7344444444444445
38.228,1.39,7.68,-0.65
38.248,1.27,7.72,-0.5666666666666667
38.268,1.12,7.72,-0.4766666666666667
38.288,1.01,7.72,-0.39444444444444443
38.308,0.91,7.73,-0.31
38.328,0.83,7.75,-0.2222222222222222
38.348,0.78,7.71,-0.13777777777777778
38.368,0.73,7.74,-0.052222222222222225
38.388,0.73,7.75,0.03
38.408,0.77,7.77,0.11444444444444445
38.428,0.79,7.76,0.19777777777777777
38.448,0.88,7.74,0.24
38.468,0.93,7.76,0.36777777777777776
38.488,1.08,7.75,0.4066666666666667
38.508,1.25,7.75,0.5322222222222223
38.528,1.44,7.73,0.5766666666666667
38.548,1.59,7.73,0.66
38.568,1.82,7.73,0.7833333333333333
38.588,2.0,7.68,0.8266666666666667
38.608,2.32,7.65,0.9533333333333334
38.628,2.52,7.64,1.0333333333333334
38.648,2.9,7.6,1.1177777777777778
38.668,3.13,7.56,1.1588888888888889
38.688,3.53,7.5,1.28
38.708,3.82,7.43,1.3222222222222222
38.728,4.27,7.35,1.4433333333333334
38.748,4.56,7.29,1.4833333333333334
38.768,5.08,7.18,1.6033333333333333
38.788,5.42,7.11,1.6411111111111112
38.808,5.93,6.97,1.7566666666666666
38.828,6.28,6.86,1.7944444444444445
38.848,6.82,6.65,1.9044444444444444
38.868,7.18,6.53,1.98
38.888,7.74,6.31,2.0477777777777777
38.908,8.09,6.15,2.1166666666666667
38.928,8.66,5.89,2.15
38.948,9.01,5.68,2.247777777777778
38.968,9.56,5.37,2.28
38.988,9.9,5.13,2.34
39.008,10.43,4.78,2.397777777777778
39.028,10.76,4.51,2.448888888888889
39.048,11.18,4.1,2.502222222222222
39.068,11.51,3.79,2.5522222222222224
39.088,11.89,3.34,2.59
39.108,12.13,3.02,2.632222222222222
39.128,12.45,2.5,2.6633333333333336
39.148,12.65,2.17,2.6944444444444446
39.168,12.86,1.66,2.716666666666667
39.188,12.99,1.27,2.7422222222222223
39.208,13.12,0.75,2.763333333333333
39.228,13.16,0.38,2.767777777777778
39.248,13.17,-0.15,2.7733333333333334
39.268,13.17,-0.51,2.7744444444444443
39.288,13.04,-1.11,2.767777777777778
39.308,12.99,-1.46,2.763333333333333
39.328,12.77,-1.98,2.747777777777778
39.348,12.64,-2.35,2.7288888888888887
39.368,12.35,-2.82,2.7044444444444444
39.388,12.1,-3.19,2.678888888888889
39.408,11.74,-3.65,2.6455555555555557
39.428,11.46,-3.95,2.61
39.448,11.05,-4.38,2.571111111111111
39.468,10.54,-4.76,2.526666666666667
39.488,10.01,-5.25,2.4788888888888887
39.508,9.64,-5.39,2.4266666666666667
39.528,9.11,-5.74,2.368888888888889
39.548,8.73,-5.95,2.311111111111111
39.568,8.14,-6.28,2.2488888888888887
39.588,7.77,-6.46,2.1844444444444444
39.608,7.2,-6.71,2.118888888888889
39.628,6.81,-6.84,2.0477777777777777
39.648,6.22,-7.02,1.9777777777777779
39.668,5.85,-7.16,1.9033333333333333
39.688,5.29,-7.29,1.83
39.708,4.95,-7.39,1.7522222222222221
39.728,4.44,-7.52,1.6766666666666667
39.748,4.06,-7.52,1.5988888888888888
39.768,3.62,-7.69,1.5155555555555555
39.788,3.27,-7.67,1.4344444444444444
39.808,2.85,-7.74,1.3544444444444443
39.828,2.55,-7.81,1.2722222222222221
39.848,2.18,-7.82,1.19
39.868,1.93,-7.9,1.1055555555555556
39.888,1.59,-7.93,1.021111111111111
39.908,1.41,-7.92,0.9366666666666666
39.928,1.1,-7.93,0.8522222222222222
39.948,0.92,-7.93,0.7666666666666667
39.968,0.69,-7.94,0.6822222222222222
39.988,0.57,-7.96,0.6011111111111112
40.008,0.36,-7.95,0.5155555555555555
40.028,0.25,-7.96,0.43
40.048,0.16,-7.97,0.34444444444444444
40.068,0.1,-7.94,0.2588888888888889
40.088,0.06,-7.94,0.17333333333333334
40.108,0.06,-7.94,0.08888888888888889
40.128,0.05,-7.99,0.0044444444444444444
40.148,0.06,-7.98,-0.08
40.168,0.09,-7.99,-0.16333333333333333
40.188,0.12,-7.96,-0.24555555555555555
40.208,0.22,-7.98,-0.3288888888888889
40.228,0.3,-7.99,-0.41333333333333333
40.248,0.5,-7.98,-0.4955555555555556
40.268,0.63,-7.98,-0.58
40.288,0.83,-7.96,-0.6644444444444444
40.308,0.99,-7.96,-0.7444444444444445
40.328,1.26,-7.94,-0.83
40.348,1.46,-7.94,-0.9111111111111111
40.368,1.79,-7.92,-0.9944444444444445
40.388,2.02,-7.9,-1.0744444444444445
40.408,2.53,-7.82,-1.16
40.428,2.81,-7.8,-1.24
40.448,3.23,-7.75,-1.32
40.468,3.53,-7.72,-1.4
40.488,4.0,-7.61,-1.48
40.508,4.33,-7.54,-1.5566666666666666
40.528,4.84,-7.43,-1.6366666666666667
40.548,5.2,-7.35,-1.711111111111111
40.568,5.74,-7.21,-1.7877777777777777
40.588,6.11,-7.08,-1.8622222222222222
40.608,6.68,-6.91,-1.931111111111111
40.628,7.05,-6.76,-1.998888888888889
40.648,7.62,-6.52,-2.07
40.668,8.02,-6.36,-2.1355555555555554
40.688,8.57,-6.06,-2.2
40.708,8.95,-5.9,-2.26
40.728,9.48,-5.54,-2.316666666666667
40.748,9.82,-5.32,-2.3744444444444444
40.768,10.34,-4.92,-2.4233333333333333
40.788,10.68,-4.67,-2.47
40.808,11.14,-4.25,-2.5166666666666666
40.828,11.42,-3.96,-2.5555555555555554
40.848,11.84,-3.54,-2.59
40.868,12.05,-3.17,-2.6233333333333335
40.888,12.35,-2.71,-2.652222222222222
40.908,12.54,-2.37,-2.6744444444444446
40.928,12.75,-1.82,-2.69
40.948,12.84,-1.49,-2.7044444444444444
40.968,12.97,-0.95,-2.7177777777777776
40.988,13.01,-0.57,-2.7155555555555555
41.008,13.02,-0.05,-2.716666666666667
41.028,13.02,0.3,-2.7111111111111112
41.048,12.93,0.84,-2.7
41.068,12.86,1.19,-2.6866666666666665
41.088,12.69,1.69,-2.6655555555555557
41.108,12.51,2.06,-2.64
41.128,12.22,2.54,-2.612222222222222
41.148,12.02,2.87,-2.58
41.168,11.65,3.31,-2.54
41.188,11.4,3.64,-2.4988888888888887
41.208,10.98,4.09,-2.4566666666666666
41.228,10.69,4.34,-2.401111111111111
41.248,10.23,4.68,-2.3533333333333335
41.268,9.91,4.95,-2.2955555555555556
41.288,9.4,5.24,-2.236666666666667
41.308,9.05,5.49,-2.1733333333333333
41.328,8.53,5.78,-2.11
41.348,8.19,5.93,-2.0411111111111113
41.368,7.65,6.23,-1.9733333333333334
41.388,7.11,6.41,-1.9011111111111112
41.408,6.63,6.59,-1.83
41.428,6.29,6.72,-1.7544444444444445
41.448,5.81,6.84,-1.6833333333333333
41.468,5.47,7.0,-1.6033333333333333
41.488,4.98,7.11,-1.5222222222222221
41.508,4.7,7.18,-1.441111111111111
41.528,4.28,7.23,-1.36
41.548,4.01,7.34,-1.2822222222222222
41.568,3.62,7.39,-1.2
41.588,3.4,7.47,-1.1177777777777778
41.608,3.07,7.52,-1.0333333333333334
41.628,2.89,7.49,-0.9488888888888889
41.648,2.57,7.56,-0.8655555555555555
41.668,2.4,7.59,-0.7811111111111111
41.688,2.16,7.61,-0.6988888888888889
41.708,2.05,7.63,-0.6122222222222222
41.728,1.87,7.65,-0.5311111111111111
41.748,1.79,7.64,-0.44555555555555554
41.768,1.65,7.67,-0.3611111111111111
41.788,1.61,7.66,-0.27666666666666667
41.808,1.53,7.66,-0.19
41.828,1.5,7.69,-0.10222222222222223
41.848,1.48,7.7,-0.02
41.868,1.52,7.73,0.06333333333333334
41.888,1.58,7.7,0.14555555555555555
41.908,1.63,7.68,0.23
41.928,1.72,7.68,0.31222222222222223
41.948,1.8,7.67,0.39555555555555555
41.968,1.96,7.68,0.47888888888888886
41.988,2.09,7.64,0.5622222222222222
42.008,2.27,7.63,0.6455555555555555
42.028,2.45,7.6,0.7277777777777777
42.048,2.72,7.59,0.81
42.068,2.89,7.55,0.8933333333333333
42.088,3.2,7.51,0.9755555555555555
42.108,3.44,7.49,1.0566666666666666
42.128,3.8,7.41,1.1377777777777778
42.148,4.05,7.36,1.218888888888889
42.168,4.46,7.28,1.3
42.188,4.75,7.19,1.3766666666666667
42.208,5.18,7.09,1.4577777777777778
42.228,5.48,7.0,1.5344444444444445
42.248,5.95,6.86,1.61
42.268,6.28,6.79,1.6888888888888889
42.288,6.75,6.57,1.7577777777777779
42.308,7.1,6.45,1.83
42.328,7.62,6.23,1.9033333333333333
42.348,7.96,6.06,1.97
42.368,8.67,5.73,2.037777777777778
42.388,8.98,5.55,2.101111111111111
42.408,9.49,5.21,2.1644444444444444
42.428,9.81,4.99,2.2222222222222223
42.448,10.3,4.66,2.278888888888889
42.468,10.59,4.39,2.332222222222222
42.488,11.03,3.99,2.38
42.508,11.27,3.74,2.4266666666666667
42.528,11.68,3.27,2.48
42.548,11.9,2.95,2.511111111111111
42.568,12.21,2.5,2.546666666666667
42.588,12.37,2.16,2.5766666666666667
42.608,12.6,1.66,2.598888888888889
42.628,12.72,1.34,2.6244444444444444
42.648,12.84,0.78,2.64
42.668,12.89,0.44,2.651111111111111
42.688,12.92,-0.15,2.66
42.708,12.95,-0.39,2.6655555555555557
42.728,12.8,-0.99,2.661111111111111
42.748,12.76,-1.34,2.6577777777777776
42.768,12.58,-1.8,2.6433333333333335
42.788,12.42,-2.21,2.628888888888889
42.808,12.18,-2.65,2.608888888888889
42.828,11.99,-3.0,2.5844444444444443
42.848,11.64,-3.46,2.55
42.868,11.4,-3.76,2.5188888888888887
42.888,10.98,-4.21,2.482222222222222
42.908,10.69,-4.46,2.4411111111111112
42.928,10.21,-4.95,2.4
42.948,9.87,-5.04,2.3422222222222224
42.968,9.36,-5.38,2.292222222222222
42.988,9.04,-5.74,2.24
43.008,8.54,-5.84,2.18
43.028,8.11,-6.22,2.118888888888889
43.048,7.64,-6.38,2.0522222222222224
43.068,7.19,-6.55,1.99
43.088,6.71,-6.8,1.9188888888888889
43.108,6.37,-6.87,1.85
43.128,5.81,-7.1,1.7755555555555556
43.148,5.5,-7.18,1.701111111111111
43.168,4.95,-7.32,1.6277777777777778
43.188,4.67,-7.39,1.55
43.208,4.2,-7.52,1.4744444444444444
43.228,3.9,-7.54,1.3933333333333333
43.248,3.46,-7.62,1.3144444444444445
43.268,3.22,-7.73,1.2344444444444445
43.288,2.83,-7.78,1.1533333333333333
43.308,2.59,-7.75,1.0711111111111111
43.328,2.28,-7.82,0.9888888888888889
43.348,2.06,-7.85,0.9044444444444445
43.368,1.71,-7.88,0.8211111111111111
43.388,1.54,-7.88,0.7377777777777778
43.408,1.32,-7.9,0.6522222222222223
43.428,1.2,-7.91,0.5722222222222222
43.448,1.04,-7.91,0.4888888888888889
43.468,0.96,-7.9,0.4022222222222222
43.488,0.84,-7.92,0.31777777777777777
43.508,0.8,-7.93,0.2311111111111111
43.528,0.77,-7.94,0.14777777777777779
43.548,0.75,-7.94,0.06333333333333334
43.568,0.73,-7.97,-0.01888888888888889
43.588,0.76,-7.95,-0.10444444444444445
43.608,0.82,-7.96,-0.18555555555555556
43.628,0.9,-7.96,-0.27
43.648,0.97,-7.94,-0.3511111111111111
43.668,1.1,-7.95,-0.43444444444444447
43.688,1.27,-7.94,-0.5177777777777778
43.708,1.42,-7.93,-0.6
43.728,1.66,-7.92,-0.68
43.748,1.82,-7.89,-0.7633333333333333
43.768,2.09,-7.87,-0.8455555555555555
43.788,2.29,-7.84,-0.9266666666666666
43.808,2.62,-7.8,-1.01
43.828,2.87,-7.75,-1.0888888888888888
43.848,3.23,-7.7,-1.1688888888888889
43.868,3.49,-7.64,-1.251111111111111
43.888,3.91,-7.59,-1.3288888888888888
43.908,4.21,-7.51,-1.4055555555555554
43.928,4.7,-7.43,-1.4855555555555555
43.948,5.01,-7.31,-1.5577777777777777
43.968,5.48,-7.19,-1.6344444444444444
43.988,5.82,-7.08,-1.7066666666666668
44.008,6.33,-6.94,-1.78
44.028,6.67,-6.8,-1.8477777777777777
44.048,7.02,-6.68,-1.9166666666666667
44.068,7.57,-6.43,-1.9822222222222223
44.088,7.92,-6.27,-2.046666666666667
44.108,8.45,-6.01,-2.1077777777777778
44.128,8.81,-5.79,-2.1644444444444444
44.148,9.3,-5.5,-2.22
44.168,9.65,-5.26,-2.2744444444444443
44.188,10.1,-4.93,-2.3266666666666667
44.208,10.43,-4.67,-2.37
44.228,10.88,-4.28,-2.41
44.248,11.13,-3.99,-2.4544444444444444
44.268,11.51,-3.56,-2.49
44.288,11.75,-3.28,-2.517777777777778
44.308,12.04,-2.78,-2.5411111111111113
44.328,12.3,-2.3,-2.566666666666667
44.348,12.51,-1.81,-2.581111111111111
44.368,12.65,-1.28,-2.597777777777778
44.388,12.74,-0.96,-2.6033333333333335
44.408,12.77,-0.45,-2.61
44.428,12.78,-0.09,-2.6077777777777778
44.448,12.75,0.41,-2.6033333333333335
44.468,12.71,0.78,-2.5922222222222224
44.488,12.6,1.11,-2.577777777777778
44.508,12.43,1.62,-2.557777777777778
44.528,12.3,1.95,-2.5366666666666666
44.548,12.03,2.42,-2.508888888888889
44.568,11.85,2.73,-2.471111111111111
44.588,11.53,3.18,-2.438888888888889
44.608,11.29,3.46,-2.397777777777778
44.628,10.9,3.88,-2.3555555555555556
44.648,10.65,4.18,-2.3066666666666666
44.668,10.19,4.53,-2.26
44.688,9.9,4.74,-2.2044444444444444
44.708,9.41,5.11,-2.147777777777778
44.728,9.12,5.29,-2.088888888888889
44.748,8.61,5.6,-2.0255555555555556
44.768,8.32,5.74,-1.958888888888889
44.788,7.8,5.98,-1.8922222222222222
44.808,7.51,6.2,-1.8222222222222222
44.828,6.99,6.37,-1.75
44.848,6.71,6.51,-1.6788888888888889
44.868,6.25,6.66,-1.6077777777777778
44.888,5.91,6.77,-1.5344444444444445
44.908,5.46,6.93,-1.4544444444444444
44.928,5.23,6.96,-1.3722222222222222
44.948,4.78,7.08,-1.2955555555555556
44.968,4.57,7.15,-1.2144444444444444
44.988,4.2,7.26,-1.1355555555555557
45.008,3.98,7.28,-1.0555555555555556
45.028,3.65,7.37,-0.9711111111111111
45.048,3.47,7.36,-0.8888888888888888
45.068,3.2,7.43,-0.8077777777777778
45.088,3.03,7.45,-0.7255555555555555
45.108,2.83,7.49,-0.6422222222222222
45.128,2.7,7.52,-0.5588888888888889
45.148,2.5,7.55,-0.47444444444444445
45.168,2.44,7.57,-0.39
45.188,2.32,7.57,-0.3055555555555556
45.208,2.26,7.56,-0.2222222222222222
45.228,2.19,7.58,-0.13777777777777778
45.248,2.18,7.57,-0.05333333333333334
45.268,2.17,7.61,0.028888888888888888
45.288,2.19,7.6,0.11222222222222222
45.308,2.28,7.62,0.19666666666666666
45.328,2.32,7.58,0.28
45.348,2.44,7.57,0.3622222222222222
45.368,2.57,7.57,0.4444444444444444
45.388,2.7,7.53,0.5233333333333333
45.408,2.86,7.54,0.6077777777777778
45.428,3.05,7.51,0.69
45.448,3.24,7.45,0.77
45.468,3.5,7.43,0.85
45.488,3.69,7.36,0.9311111111111111
45.508,4.02,7.32,1.0122222222222221
45.528,4.24,7.26,1.0911111111111111
45.548,4.59,7.17,1.1711111111111112
45.568,4.86,7.13,1.25
45.588,5.24,6.98,1.3266666666666667
45.608,5.52,6.92,1.4044444444444444
45.628,5.95,6.77,1.478888888888889
45.648,6.24,6.67,1.5533333333333332
45.668,6.7,6.49,1.6266666666666667
45.688,7.02,6.38,1.6966666666666668
45.708,7.49,6.18,1.77
45.728,7.81,6.04,1.8344444444444445
45.748,8.29,5.77,1.9033333333333333
45.768,8.6,5.62,1.9666666666666666
45.788,9.06,5.34,2.03
45.808,9.39,5.11,2.088888888888889
45.828,9.86,4.81,2.1455555555555557
45.848,10.14,4.56,2.198888888888889
45.868,10.56,4.18,2.25
45.888,10.83,3.93,2.298888888888889
45.908,11.23,3.53,2.3422222222222224
45.928,11.43,3.27,2.38
45.948,11.79,2.81,2.43
45.968,11.96,2.5,2.45
45.988,12.21,2.01,2.477777777777778
46.008,12.33,1.72,2.502222222222222
46.028,12.5,1.25,2.5233333333333334
46.048,12.57,0.88,2.54
46.068,12.66,0.36,2.55
46.088,12.66,0.04,2.5544444444444445
46.108,12.66,-0.47,2.5588888888888888
46.128,12.6,-0.76,2.5544444444444445
46.148,12.5,-1.31,2.5455555555555556
46.168,12.41,-1.64,2.5388888888888888
46.188,12.21,-2.16,2.517777777777778
46.208,12.04,-2.45,2.5
46.228,11.78,-2.91,2.4744444444444444
46.248,11.58,-3.24,2.442222222222222
46.268,11.23,-3.64,2.41
46.288,10.84,-4.1,2.3733333333333335
46.308,10.44,-4.48,2.3344444444444443
46.328,10.15,-4.67,2.29
46.348,9.67,-5.01,2.24
46.368,9.37,-5.32,2.187777777777778
46.388,8.88,-5.58,2.1333333333333333
46.408,8.57,-5.82,2.077777777777778
46.428,8.08,-6.1,2.0155555555555558
46.448,7.71,-6.25,1.9555555555555555
46.468,7.2,-6.48,1.8877777777777778
46.488,6.85,-6.61,1.8211111111111111
46.508,6.38,-6.79,1.7533333333333334
46.528,6.07,-6.91,1.6822222222222223
46.548,5.59,-7.08,1.61
46.568,5.27,-7.12,1.5355555555555556
46.588,4.84,-7.29,1.461111111111111
46.608,4.53,-7.35,1.3844444444444444
46.628,4.12,-7.42,1.3077777777777777
46.648,3.89,-7.53,1.228888888888889
46.668,3.47,-7.58,1.15
46.688,3.27,-7.66,1.068888888888889
46.708,2.95,-7.58,0.9888888888888889
46.728,2.73,-7.75,0.9066666666666666
46.748,2.47,-7.8,0.8244444444444444
46.768,2.32,-7.77,0.7444444444444445
46.788,2.08,-7.82,0.6611111111111111
46.808,1.94,-7.83,0.58
46.828,1.77,-7.84,0.49666666666666665
46.848,1.7,-7.86,0.4111111111111111
46.868,1.57,-7.86,0.32666666666666666
46.888,1.53,-7.86,0.24444444444444444
46.908,1.43,-7.88,0.1622222222222222
46.928,1.43,-7.86,0.07777777777777778
46.948,1.41,-7.89,-0.006666666666666667
46.968,1.45,-7.87,-0.08666666666666667
46.988,1.48,-7.89,-0.17
47.008,1.52,-7.9,-0.2511111111111111
47.028,1.63,-7.88,-0.3333333333333333
47.048,1.7,-7.9,-0.41555555555555557
47.068,1.88,-7.86,-0.49777777777777776
47.088,1.97,-7.87,-0.5788888888888889
47.108,2.18,-7.81,-0.66
47.128,2.35,-7.81,-0.74
47.148,2.59,-7.78,-0.8222222222222222
47.168,2.79,-7.75,-0.9011111111111111
47.188,3.1,-7.69,-0.9833333333333333
47.208,3.31,-7.65,-1.058888888888889
47.228,3.68,-7.58,-1.14
47.248,4.02,-7.49,-1.2155555555555555
47.268,4.43,-7.44,-1.2922222222222222
47.288,4.72,-7.35,-1.3666666666666667
47.308,5.14,-7.21,-1.4455555555555555
47.328,5.45,-7.15,-1.5177777777777777
47.348,5.92,-6.98,-1.5888888888888888
47.368,6.22,-6.88,-1.66
47.388,6.72,-6.71,-1.7266666666666666
47.408,7.04,-6.57,-1.7966666666666666
47.428,7.52,-6.34,-1.86
47.448,7.87,-6.17,-1.9222222222222223
47.468,8.37,-5.93,-1.9877777777777779
47.488,8.68,-5.71,-2.0433333333333334
47.508,9.19,-5.45,-2.101111111111111
47.528,9.47,-5.21,-2.15
47.548,9.94,-4.88,-2.2044444444444444
47.568,10.22,-4.63,-2.25
47.588,10.65,-4.25,-2.2933333333333334
47.608,10.91,-3.99,-2.332222222222222
47.628,11.28,-3.59,-2.3666666666666667
47.648,11.46,-3.28,-2.402222222222222
47.668,11.79,-2.85,-2.422222222222222
47.688,11.95,-2.53,-2.4522222222222223
47.708,12.17,-2.04,-2.47
47.728,12.3,-1.76,-2.4855555555555555
47.748,12.43,-1.25,-2.497777777777778
47.768,12.48,-0.9,-2.502222222222222
47.788,12.54,-0.45,-2.506666666666667
47.808,12.59,-0.09,-2.502222222222222
47.828,12.48,0.4,-2.493333333333333
47.848,12.45,0.73,-2.4811111111111113
47.868,12.36,1.19,-2.4677777777777776
47.888,12.24,1.55,-2.45
47.908,12.04,2.02,-2.422222222222222
47.928,11.87,2.31,-2.3922222222222222
47.948,11.59,2.77,-2.361111111111111
47.968,11.4,3.06,-2.3233333333333333
47.988,11.06,3.45,-2.2822222222222224
48.008,10.83,3.74,-2.24
48.028,10.44,4.1,-2.1977777777777776
48.048,10.15,4.33,-2.1444444444444444
48.068,9.75,4.67,-2.088888888888889
48.088,9.44,4.92,-2.037777777777778
48.108,9.02,5.19,-1.9744444444444444
48.128,8.72,5.39,-1.9155555555555555
48.148,8.27,5.67,-1.8477777777777777
48.168,7.97,5.77,-1.7866666666666666
48.188,7.36,6.1,-1.7155555555555555
48.208,7.09,6.2,-1.6488888888888888
48.228,6.63,6.42,-1.5733333333333333
48.248,6.37,6.48,-1.5022222222222221
48.268,5.93,6.65,-1.4288888888888889
48.288,5.74,6.65,-1.3566666666666667
48.308,5.28,6.84,-1.2744444444444445
48.328,5.03,6.97,-1.1966666666666668
48.348,4.72,7.08,-1.1177777777777778
48.368,4.5,7.07,-1.04
48.388,4.21,7.14,-0.9588888888888889
48.408,4.02,7.22,-0.88
48.428,3.78,7.24,-0.8
48.448,3.63,7.3,-0.7177777777777777
48.468,3.41,7.32,-0.6344444444444445
48.488,3.3,7.38,-0.5522222222222222
48.508,3.15,7.39,-0.4688888888888889
48.528,3.04,7.42,-0.3888888888888889
48.548,2.97,7.46,-0.30666666666666664
48.568,2.88,7.41,-0.22333333333333333
48.588,2.86,7.45,-0.14
48.608,2.81,7.46,-0.05333333333333334
48.628,2.83,7.47,0.027777777777777776
48.648,2.87,7.47,0.10888888888888888
48.668,2.9,7.5,0.18777777777777777
48.688,2.99,7.45,0.27
48.708,3.07,7.44,0.3522222222222222
48.728,3.15,7.42,0.43222222222222223
48.748,3.3,7.4,0.5133333333333333
48.768,3.44,7.39,0.5955555555555555
48.788,3.65,7.32,0.6755555555555556
48.808,3.8,7.29,0.7544444444444445
48.828,4.06,7.26,0.8355555555555556
48.848,4.22,7.18,0.9133333333333333
48.868,4.53,7.11,0.9933333333333333
48.888,4.72,7.09,1.07
48.908,5.07,6.98,1.1477777777777778
48.928,5.31,6.9,1.2255555555555555
48.948,5.69,6.8,1.298888888888889
48.968,5.97,6.69,1.3733333333333333
48.988,6.35,6.53,1.448888888888889
49.008,6.63,6.45,1.52
49.028,7.07,6.27,1.59
49.048,7.34,6.14,1.6566666666666667
49.068,7.78,5.93,1.7244444444444444
49.088,8.07,5.76,1.79
49.108,8.53,5.53,1.8555555555555556
49.128,8.83,5.34,1.9166666666666667
49.148,9.26,5.05,1.9744444444444444
49.168,9.67,4.76,2.03
49.188,10.1,4.39,2.082222222222222
49.208,10.35,4.18,2.1366666666666667
49.228,10.74,3.8,2.18
49.248,10.97,3.53,2.2222222222222223
49.268,11.28,3.12,2.267777777777778
49.288,11.48,2.84,2.3044444444444445
49.308,11.81,2.4,2.347777777777778
49.328,11.89,2.12,2.3666666666666667
49.348,12.13,1.63,2.387777777777778
49.368,12.23,1.31,2.411111111111111
49.388,12.33,0.85,2.43
49.408,12.41,0.55,2.44
49.428,12.44,0.03,2.451111111111111
49.448,12.45,-0.27,2.4522222222222223
49.468,12.39,-0.72,2.4544444444444444
49.488,12.32,-1.1,2.45
49.508,12.2,-1.58,2.437777777777778
49.528,12.09,-1.83,2.4244444444444446
49.548,11.86,-2.35,2.4066666666666667
49.568,11.73,-2.62,2.3855555555555554
49.588,11.45,-3.12,2.36
49.608,11.23,-3.36,2.33
49.628,11.01,-3.65,2.2977777777777777
49.648,10.65,-4.07,2.256666666666667
49.668,10.4,-4.31,2.2155555555555555
49.688,9.97,-4.7,2.1744444444444446
49.708,9.73,-4.74,2.1233333333333335
49.728,9.24,-5.23,2.07
49.748,8.81,-5.5,2.02
49.768,8.48,-5.75,1.9622222222222223
49.788,8.05,-5.91,1.9011111111111112
49.808,7.69,-6.2,1.8411111111111111
49.828,7.25,-6.37,1.7766666666666666
49.848,6.89,-6.51,1.708888888888889
49.868,6.46,-6.69,1.6433333333333333
49.888,6.17,-6.77,1.5711111111111111
49.908,5.74,-6.96,1.5
49.928,5.47,-7.04,1.4277777777777778
49.948,5.03,-7.2,1.3544444444444443
49.968,4.76,-7.23,1.278888888888889
49.988,4.4,-7.36,1.201111111111111
50.008,4.2,-7.37,1.1266666666666667
50.028,3.84,-7.48,1.0477777777777777
50.048,3.6,-7.51,0.9666666666666667
50.068,3.33,-7.59,0.8888888888888888
50.088,3.14,-7.63,0.81
50.108,2.96,-7.62,0.73
50.128,2.77,-7.61,0.65
50.148,2.55,-7.7,0.5644444444444444
50.168,2.39,-7.73,0.4855555555555556
50.188,2.31,-7.73,0.4033333333333333
50.208,2.21,-7.77,0.32
50.228,2.14,-7.79,0.24
50.248,2.1,-7.79,0.15666666666666668
50.268,2.07,-7.8,0.07666666666666666
50.288,2.04,-7.83,-0.006666666666666667
50.308,2.08,-7.8,-0.09
50.328,2.14,-7.84,-0.17
50.348,2.17,-7.79,-0.2511111111111111
50.368,2.26,-7.79,-0.33
50.388,2.39,-7.79,-0.41
50.408,2.49,-7.76,-0.49
50.428,2.71,-7.73,-0.57
50.448,2.82,-7.71,-0.65
50.468,3.04,-7.7,-0.7288888888888889
50.488,3.2,-7.63,-0.8088888888888889
50.508,3.49,-7.59,-0.8877777777777778
50.528,3.7,-7.55,-0.9644444444444444
50.548,3.9,-7.49,-1.0433333333333332
50.568,4.23,-7.41,-1.1177777777777778
50.588,4.48,-7.35,-1.191111111111111
50.608,4.86,-7.25,-1.27
50.628,5.11,-7.18,-1.3411111111111111
50.648,5.51,-7.07,-1.4166666666666667
50.668,5.8,-6.96,-1.4844444444444445
50.688,6.23,-6.8,-1.5566666666666666
50.708,6.54,-6.69,-1.6222222222222222
50.728,6.99,-6.5,-1.69
50.748,7.3,-6.36,-1.7544444444444445
50.768,7.75,-6.11,-1.8155555555555556
50.788,8.06,-5.97,-1.8733333333333333
50.808,8.51,-5.71,-1.9322222222222223
50.828,8.82,-5.52,-1.99
50.848,9.25,-5.22,-2.0388888888888888
50.868,9.55,-5.01,-2.088888888888889
50.888,9.96,-4.67,-2.1366666666666667
50.908,10.23,-4.44,-2.1766666666666667
50.928,10.6,-4.08,-2.218888888888889
50.948,10.84,-3.79,-2.2544444444444443
50.968,11.17,-3.43,-2.287777777777778
50.988,11.38,-3.13,-2.316666666666667
51.008,11.66,-2.68,-2.34
51.028,11.8,-2.41,-2.361111111111111
51.048,11.99,-1.94,-2.3777777777777778
51.068,12.11,-1.65,-2.388888888888889
51.088,12.24,-1.17,-2.397777777777778
51.108,12.29,-0.81,-2.398888888888889
51.128,12.32,-0.22,-2.4
51.148,12.31,0.11,-2.3944444444444444
51.168,12.27,0.58,-2.3855555555555554
51.188,12.2,0.91,-2.3722222222222222
51.208,12.08,1.34,-2.3544444444444443
51.228,11.96,1.66,-2.3333333333333335
51.248,11.74,2.11,-2.307777777777778
51.268,11.6,2.4,-2.278888888888889
51.288,11.32,2.83,-2.241111111111111
51.308,11.12,3.07,-2.2088888888888887
51.328,10.82,3.49,-2.167777777777778
51.348,10.57,3.77,-2.1222222222222222
51.368,10.21,4.11,-2.0755555555555554
51.388,9.95,4.36,-2.0277777777777777
51.408,9.57,4.65,-1.9744444444444444
51.428,9.29,4.86,-1.9177777777777778
51.448,8.86,5.12,-1.8566666666666667
51.468,8.59,5.32,-1.7955555555555556
51.488,8.19,5.58,-1.7344444444444445
51.508,7.89,5.7,-1.67
51.528,7.52,5.94,-1.6
51.548,7.22,6.06,-1.5333333333333334
51.568,6.82,6.24,-1.4633333333333334
51.588,6.56,6.34,-1.3911111111111112
51.608,6.19,6.48,-1.32
51.628,5.98,6.58,-1.2466666666666666
51.648,5.67,6.63,-1.17
51.668,5.36,6.82,-1.0933333333333333
51.688,5.06,6.87,-1.0155555555555555
51.708,4.88,6.95,-0.94
51.728,4.6,6.97,-0.8588888888888889
51.748,4.41,7.07,-0.7811111111111111
51.768,4.21,7.13,-0.7
51.788,4.05,7.14,-0.62
51.808,3.9,7.17,-0.54
51.828,3.76,7.24,-0.4588888888888889
51.848,3.65,7.29,-0.3788888888888889
51.868,3.57,7.26,-0.29555555555555557
51.888,3.5,7.3,-0.2111111111111111
51.908,3.48,7.31,-0.13111111111111112
51.928,3.41,7.31,-0.051111111111111114
51.948,3.42,7.25,0.028888888888888888
51.968,3.43,7.3,0.1111111111111111
51.988,3.47,7.35,0.1922222222222222
52.008,3.56,7.27,0.27
52.028,3.63,7.3,0.3488888888888889
52.048,3.73,7.27,0.4288888888888889
52.068,3.82,7.22,0.5088888888888888
52.088,4.09,7.18,0.59
52.108,4.18,7.15,0.6666666666666666
52.128,4.41,7.1,0.7455555555555555
52.148,4.56,7.03,0.8233333333333334
52.168,4.84,6.97,0.9
52.188,5.03,6.94,0.9766666666666667
52.208,5.33,6.84,1.051111111111111
52.228,5.56,6.75,1.1255555555555556
52.248,5.89,6.64,1.2
52.268,6.12,6.56,1.2744444444444445
52.288,6.49,6.39,1.3466666666666667
52.308,6.75,6.33,1.4133333333333333
52.328,7.13,6.11,1.4877777777777779
52.348,7.41,5.99,1.5544444444444445
52.368,7.81,5.78,1.62
52.388,8.09,5.66,1.6844444444444444
52.408,8.5,5.42,1.7422222222222221
52.428,8.76,5.2,1.8066666666666666
52.448,9.15,4.95,1.8644444444444443
52.468,9.44,4.76,1.9177777777777778
52.488,9.82,4.45,1.971111111111111
52.508,10.07,4.23,2.0188888888888887
52.528,10.43,3.89,2.068888888888889
52.548,10.65,3.62,2.1144444444444446
52.568,10.96,3.26,2.151111111111111
52.588,11.17,2.98,2.19
52.608,11.43,2.58,2.2255555555555557
52.628,11.59,2.28,2.258888888888889
52.648,11.82,1.84,2.281111111111111
52.668,11.92,1.55,2.3022222222222224
52.688,12.07,1.13,2.321111111111111
52.708,12.15,0.8,2.3333333333333335
52.728,12.2,0.32,2.3444444444444446
52.748,12.21,0.03,2.35
52.768,12.2,-0.44,2.351111111111111
52.788,12.2,-0.71,2.347777777777778
52.808,12.09,-1.21,2.34
52.828,12.0,-1.52,2.3355555555555556
52.848,11.85,-1.93,2.3133333333333335
52.868,11.7,-2.27,2.3022222222222224
52.888,11.46,-2.67,2.2711111111111113
52.908,11.29,-2.99,2.26
52.928,11.01,-3.37,2.212222222222222
52.948,10.82,-3.64,2.1777777777777776
52.968,10.43,-4.06,2.1422222222222222
52.988,10.2,-4.28,2.098888888888889
53.008,9.84,-4.68,2.0555555555555554
53.028,9.58,-4.8,2.01
53.048,8.99,-5.25,1.958888888888889
53.068,8.71,-5.49,1.9022222222222223
53.088,8.26,-5.79,1.8444444444444446
53.108,7.98,-5.87,1.7866666666666666
53.128,7.52,-6.16,1.7277777777777779
53.148,7.26,-6.25,1.6633333333333333
53.168,6.8,-6.42,1.6
53.188,6.56,-6.56,1.5322222222222222
53.208,6.15,-6.72,1.4977777777777779
53.228,5.87,-6.82,1.3933333333333333
53.248,5.52,-6.96,1.3577777777777778
53.268,5.23,-7.04,1.2844444444444445
53.288,4.9,-7.16,1.1722222222222223
53.308,4.65,-7.23,1.1388888888888888
53.328,4.35,-7.3,1.0233333333333334
53.348,4.18,-7.37,0.9855555555555555
53.368,3.87,-7.44,0.87
53.388,3.7,-7.44,0.8311111111111111
53.408,3.44,-7.52,0.7177777777777777
53.428,3.33,-7.52,0.6733333333333333
53.448,3.14,-7.58,0.5555555555555556
53.468,3.04,-7.65,0.5133333333333333
53.488,2.87,-7.66,0.3933333333333333
53.508,2.81,-7.63,0.3566666666666667
53.528,2.73,-7.67,0.23444444444444446
53.548,2.72,-7.65,0.19555555555555557
53.568,2.67,-7.66,0.07222222222222222
53.588,2.64,-7.68,-0.006666666666666667
53.608,2.67,-7.7,-0.08666666666666667
53.628,2.66,-7.68,-0.16777777777777778
53.648,2.79,-7.67,-0.20444444444444446
53.668,2.83,-7.65,-0.32555555555555554
53.688,2.94,-7.61,-0.36333333333333334
53.708,3.04,-7.64,-0.44222222222222224
53.728,3.19,-7.6,-0.52
53.748,3.35,-7.6,-0.6
53.768,3.54,-7.52,-0.6766666666666666
53.788,3.71,-7.48,-0.7533333333333333
53.808,3.94,-7.42,-0.8311111111111111
53.828,4.13,-7.38,-0.9066666666666666
53.848,4.45,-7.32,-0.9833333333333333
53.868,4.65,-7.26,-1.0555555555555556
53.888,4.99,-7.15,-1.1311111111111112
53.908,5.23,-7.09,-1.2022222222222223
53.928,5.57,-6.95,-1.3077777777777777
53.948,5.84,-6.86,-1.3477777777777777
53.968,6.25,-6.73,-1.45
53.988,6.51,-6.61,-1.4833333333333334
54.008,7.07,-6.36,-1.58
54.028,7.37,-6.25,-1.6111111111111112
54.048,7.78,-6.02,-1.7033333333333334
54.068,8.06,-5.83,-1.7333333333333334
54.088,8.5,-5.59,-1.82
54.108,8.78,-5.41,-1.8477777777777777
54.128,9.19,-5.11,-1.9022222222222223
54.148,9.46,-4.93,-1.95
54.168,9.84,-4.61,-1.9977777777777779
54.188,10.09,-4.36,-2.0433333333333334
54.208,10.45,-4.02,-2.0866666666666664
54.228,10.65,-3.78,-2.138888888888889
54.248,10.97,-3.39,-2.158888888888889
54.268,11.17,-3.1,-2.188888888888889
54.288,11.43,-2.7,-2.216666666666667
54.308,11.58,-2.39,-2.24
54.328,11.75,-1.94,-2.261111111111111
54.348,11.88,-1.69,-2.2777777777777777
54.368,12.0,-1.25,-2.287777777777778
54.388,12.05,-0.91,-2.2955555555555556
54.408,12.12,-0.52,-2.3
54.428,12.13,-0.16,-2.2977777777777777
54.448,12.1,0.29,-2.292222222222222
54.468,12.05,0.58,-2.283333333333333
54.488,11.96,1.01,-2.2733333333333334
54.508,11.87,1.33,-2.2544444444444443
54.528,11.69,1.75,-2.236666666666667
54.548,11.57,2.05,-2.2133333333333334
54.568,11.33,2.47,-2.181111111111111
54.588,11.19,2.75,-2.15
54.608,10.89,3.11,-2.1155555555555554
54.628,10.71,3.36,-2.0766666666666667
54.648,10.37,3.74,-2.0322222222222224
54.668,10.15,3.94,-1.988888888888889
54.688,9.78,4.29,-1.94
54.708,9.55,4.46,-1.89
54.728,9.19,4.8,-1.8344444444444445
54.748,8.92,4.97,-1.78
54.768,8.55,5.22,-1.721111111111111
54.788,8.3,5.37,-1.66
54.808,7.89,5.58,-1.5944444444444446
54.828,7.64,5.76,-1.53
54.848,7.27,5.93,-1.4677777777777778
54.868,7.0,6.05,-1.3977777777777778
54.888,6.66,6.23,-1.3266666666666667
54.908,6.45,6.31,-1.2577777777777779
54.928,6.13,6.42,-1.1855555555555555
54.948,5.93,6.48,-1.1122222222222222
54.968,5.44,6.68,-1.038888888888889
54.988,5.34,6.7,-0.96
55.008,5.06,6.81,-0.8833333333333333
55.028,4.95,6.88,-0.81
55.048,4.7,6.94,-0.73
55.068,4.59,6.96,-0.6522222222222223
55.088,4.42,7.02,-0.5733333333333334
55.108,4.29,7.04,-0.49444444444444446
55.128,4.19,7.07,-0.41555555555555557
55.148,4.13,7.08,-0.33555555555555555
55.168,4.09,7.1,-0.2588888888888889
55.188,4.0,7.11,-0.17888888888888888
55.208,3.98,7.1,-0.09888888888888889
55.228,3.98,7.13,-0.02
55.248,4.02,7.15,0.06111111111111111
55.268,4.04,7.13,0.1388888888888889
55.288,4.11,7.13,0.21666666666666667
55.308,4.19,7.1,0.29444444444444445
55.328,4.31,7.08,0.37333333333333335
55.348,4.4,7.04,0.45
55.368,4.55,6.98,0.5266666666666666
55.388,4.68,6.97,0.6055555555555555
55.408,4.88,6.91,0.6822222222222222
55.428,5.04,6.87,0.7555555555555555
55.448,5.27,6.77,0.8333333333333334
55.468,5.46,6.7,0.9077777777777778
55.488,5.74,6.63,0.9811111111111112
55.508,5.95,6.54,1.0555555555555556
55.528,6.24,6.42,1.1288888888888888
55.548,6.48,6.33,1.2
55.568,6.82,6.2,1.268888888888889
55.588,7.04,6.05,1.3377777777777777
55.608,7.28,5.95,1.4033333333333333
55.628,7.64,5.76,1.471111111111111
55.648,7.91,5.63,1.5355555555555556
55.668,8.3,5.38,1.5977777777777777
55.688,8.55,5.24,1.6588888888888889
55.708,8.9,4.99,1.718888888888889
55.728,9.15,4.81,1.771111111111111
55.748,9.53,4.51,1.8266666666666667
55.768,9.75,4.31,1.88
55.788,10.11,3.99,1.93
55.808,10.32,3.78,1.97
55.828,10.63,3.44,2.013333333333333
55.848,10.93,3.04,2.0544444444444445
55.868,11.1,2.79,2.088888888888889
55.888,11.33,2.4,2.1233333333333335
55.908,11.51,2.12,2.151111111111111
55.928,11.74,1.55,2.18
55.948,11.82,1.26,2.2
55.968,11.94,0.84,2.22
55.988,11.97,0.54,2.232222222222222
56.008,12.0,0.09,2.241111111111111
56.028,11.99,-0.2,2.2444444444444445
56.048,11.99,-0.53,2.25
56.068,11.94,-0.94,2.247777777777778
56.088,11.88,-1.25,2.243333333333333
56.108,11.76,-1.69,2.23
56.128,11.64,-1.92,2.218888888888889
56.148,11.44,-2.39,2.2
56.168,11.3,-2.66,2.178888888888889
56.188,11.04,-3.08,2.158888888888889
56.208,10.84,-3.33,2.1255555555555556
56.228,10.54,-3.7,2.091111111111111
56.248,10.33,-3.97,2.0566666666666666
56.268,9.98,-4.3,2.0166666666666666
56.288,9.74,-4.54,1.9755555555555555
56.308,9.37,-4.86,1.93
56.328,9.1,-4.98,1.8833333333333333
56.348,8.72,-5.32,1.83
56.368,8.44,-5.5,1.7766666666666666
56.388,8.03,-5.77,1.718888888888889
56.408,7.79,-5.87,1.66
56.428,7.37,-6.12,1.6
56.448,7.11,-6.2,1.5366666666666666
56.468,6.71,-6.4,1.4722222222222223
56.488,6.34,-6.6,1.4055555555555554
56.508,6.12,-6.66,1.3388888888888888
56.528,5.87,-6.73,1.268888888888889
56.548,5.54,-6.88,1.198888888888889
56.568,5.27,-6.96,1.1277777777777778
56.588,4.99,-7.07,1.0522222222222222
56.608,4.78,-7.11,0.98
56.628,4.5,-7.2,0.9033333333333333
56.648,4.35,-7.26,0.83
56.668,4.1,-7.32,0.7555555555555555
56.688,3.97,-7.34,0.6777777777777778
56.708,3.77,-7.42,0.5988888888888889
56.728,3.65,-7.4,0.5222222222222223
56.748,3.51,-7.45,0.44333333333333336
56.768,3.42,-7.46,0.36777777777777776
56.788,3.34,-7.49,0.2877777777777778
56.808,3.29,-7.53,0.21
56.828,3.23,-7.52,0.1288888888888889
56.848,3.24,-7.52,0.051111111111111114
56.868,3.24,-7.54,-0.028888888888888888
56.888,3.25,-7.57,-0.10555555555555556
56.908,3.31,-7.52,-0.18333333333333332
56.928,3.38,-7.52,-0.2588888888888889
56.948,3.48,-7.5,-0.33666666666666667
56.968,3.57,-7.47,-0.41333333333333333
56.988,3.74,-7.46,-0.4888888888888889
57.008,3.84,-7.41,-0.5666666666666667
57.028,4.04,-7.35,-0.64
57.048,4.18,-7.35,-0.7166666666666667
57.068,4.43,-7.27,-0.79
57.088,4.6,-7.22,-0.8666666666666667
57.108,4.9,-7.12,-0.9388888888888889
57.128,5.07,-7.07,-1.01
57.148,5.37,-6.95,-1.0833333333333333
57.168,5.62,-6.86,-1.1533333333333333
57.188,5.97,-6.75,-1.2222222222222223
57.208,6.2,-6.66,-1.291111111111111
57.228,6.58,-6.49,-1.3566666666666667
57.248,6.81,-6.39,-1.4211111111111112
57.268,7.2,-6.19,-1.4844444444444445
57.288,7.45,-6.08,-1.5466666666666666
57.308,7.87,-5.87,-1.6077777777777778
57.328,8.12,-5.71,-1.6655555555555555
57.348,8.52,-5.45,-1.7222222222222223
57.368,8.78,-5.28,-1.7733333333333334
57.388,9.14,-5.0,-1.8244444444444445
57.408,9.4,-4.81,-1.8722222222222222
57.428,9.78,-4.49,-1.9177777777777778
57.448,9.99,-4.27,-1.9622222222222223
57.468,10.34,-3.93,-2.0011111111111113
57.488,10.53,-3.7,-2.0366666666666666
57.508,10.83,-3.31,-2.068888888888889
57.528,11.0,-3.06,-2.0966666666666667
57.548,11.24,-2.66,-2.1244444444444444
57.568,11.4,-2.38,-2.1455555555555557
57.588,11.57,-1.96,-2.1655555555555557
57.608,11.69,-1.71,-2.1777777777777776
57.628,11.8,-1.25,-2.19
57.648,11.86,-0.99,-2.1955555555555555
57.668,11.9,-0.57,-2.198888888888889
57.688,11.92,-0.26,-2.2
57.708,11.88,0.17,-2.19
57.728,11.86,0.48,-2.187777777777778
57.748,11.78,0.9,-2.172222222222222
57.768,11.74,1.2,-2.152222222222222
57.788,11.57,1.62,-2.13
57.808,11.45,1.89,-2.108888888888889
57.828,11.25,2.28,-2.08
57.848,11.1,2.55,-2.05
57.868,10.83,2.91,-2.0166666666666666
57.888,10.66,3.17,-1.9766666666666666
57.908,10.28,3.65,-1.9366666666666668
57.928,10.05,3.82,-1.8922222222222222
57.948,9.72,4.15,-1.8455555555555556
57.968,9.52,4.36,-1.7966666666666666
57.988,9.17,4.68,-1.7444444444444445
58.008,8.93,4.79,-1.6922222222222223
58.028,8.58,5.05,-1.63
58.048,8.34,5.21,-1.5744444444444445
58.068,7.99,5.42,-1.5133333333333334
58.088,7.75,5.57,-1.45
58.108,7.43,5.74,-1.3855555555555557
58.128,7.2,5.88,-1.318888888888889
58.148,6.87,6.04,-1.2522222222222221
58.168,6.67,6.1,-1.1833333333333333
58.188,6.36,6.25,-1.1122222222222222
58.208,6.17,6.31,-1.04
58.228,5.92,6.38,-0.97
58.248,5.73,6.53,-0.8966666666666666
58.268,5.48,6.59,-0.82
58.288,5.37,6.64,-0.7466666666666667
58.308,5.16,6.73,-0.67
58.328,5.03,6.73,-0.5944444444444444
58.348,4.87,6.81,-0.5188888888888888
58.368,4.79,6.83,-0.44
58.388,4.67,6.85,-0.36444444444444446
58.408,4.61,6.89,-0.2833333333333333
58.428,4.56,6.91,-0.20555555555555555
58.448,4.54,6.91,-0.1288888888888889
58.468,4.52,6.94,-0.05333333333333334
58.488,4.51,6.94,0.024444444444444446
58.508,4.54,6.91,0.10111111111111111
58.528,4.59,6.95,0.17888888888888888
58.548,4.65,6.92,0.25666666666666665
58.568,4.73,6.88,0.3288888888888889
58.588,4.84,6.84,0.4077777777777778
58.608,4.91,6.83,0.48
58.628,5.08,6.76,0.5555555555555556
58.648,5.21,6.73,0.6322222222222222
58.668,5.4,6.67,0.7055555555555556
58.688,5.55,6.6,0.78
58.708,5.79,6.54,0.8522222222222222
58.728,5.93,6.46,0.9255555555555556
58.748,6.21,6.34,0.9933333333333333
58.768,6.42,6.27,1.0644444444444445
58.788,6.7,6.14,1.1333333333333333
58.808,6.89,6.02,1.2022222222222223
58.828,7.23,5.89,1.27
58.848,7.44,5.76,1.3344444444444445
58.868,7.81,5.59,1.4
58.888,8.13,5.37,1.4622222222222223
58.908,8.49,5.14,1.52
58.928,8.72,4.96,1.5844444444444445
58.948,9.08,4.74,1.6366666666666667
58.968,9.28,4.56,1.6888888888888889
58.988,9.62,4.27,1.7433333333333334
59.008,9.85,4.07,1.7933333333333332
59.028,10.16,3.79,1.8377777777777777
59.048,10.34,3.52,1.8822222222222222
59.068,10.62,3.19,1.9255555555555555
59.088,10.79,2.96,1.96
59.108,11.05,2.59,1.9977777777777779
59.128,11.19,2.33,2.026666666666667
59.148,11.39,1.93,2.057777777777778
59.168,11.49,1.68,2.078888888888889
59.188,11.63,1.25,2.101111111111111
59.208,11.71,0.96,2.118888888888889
59.228,11.78,0.55,2.132222222222222
59.248,11.82,0.26,2.1422222222222222
59.268,11.83,-0.14,2.147777777777778
59.288,11.82,-0.45,2.151111111111111
59.308,11.75,-0.86,2.151111111111111
59.328,11.7,-1.15,2.1444444444444444
59.348,11.59,-1.6,2.1344444444444446
59.368,11.49,-1.79,2.121111111111111
59.388,11.32,-2.27,2.102222222222222
59.408,11.17,-2.5,2.082222222222222
59.428,10.93,-2.92,2.0588888888888888
59.448,10.78,-3.15,2.0344444444444445
59.468,10.5,-3.53,2.002222222222222
59.488,10.31,-3.76,1.9666666666666666
59.508,10.02,-4.09,1.93
59.528,9.77,-4.33,1.89
59.548,9.42,-4.63,1.8433333333333333
59.568,9.18,-4.84,1.8
59.588,8.83,-5.0,1.751111111111111
59.608,8.62,-5.21,1.6966666666666668
59.628,8.2,-5.58,1.6433333333333333
59.648,7.98,-5.59,1.5888888888888888
59.668,7.6,-5.85,1.5266666666666666
59.688,7.4,-5.99,1.468888888888889
59.708,6.98,-6.18,1.4055555555555554
59.728,6.77,-6.32,1.3411111111111111
59.748,6.41,-6.47,1.2733333333333334
59.768,6.19,-6.54,1.2077777777777778
59.788,5.88,-6.7,1.1377777777777778
59.808,5.65,-6.75,1.0711111111111111
59.828,5.37,-6.86,1.0
59.848,5.16,-6.94,0.9266666666666666
59.868,4.94,-7.03,0.8544444444444445
59.888,4.71,-7.07,0.7822222222222223
59.908,4.5,-7.16,0.7066666666666667
59.928,4.36,-7.2,0.6322222222222222
59.948,4.22,-7.22,0.5566666666666666
59.968,4.1,-7.29,0.48333333333333334
59.988,3.97,-7.3,0.4077777777777778
60.008,3.9,-7.32,0.33
