3.908,-9.47,0.33,0.0033333333333333335
3.928,-9.46,0.36,0.0044444444444444444
3.948,-9.48,0.37,0.0044444444444444444
3.968,-9.47,0.35,0.005555555555555556
3.988,-9.48,0.37,0.006666666666666667
4.008,-9.49,0.37,0.0077777777777777776
4.028,-9.48,0.35,0.008888888888888889
4.048,-9.48,0.36,0.01
4.068,-9.49,0.37,0.01
4.088,-9.46,0.38,0.011111111111111112
4.108,-9.47,0.39,0.01
4.128,-9.47,0.36,0.01
4.148,-9.46,0.35,0.012222222222222223
4.168,-9.46,0.38,0.012222222222222223
4.188,-9.46,0.39,0.016666666666666666
4.208,-9.46,0.37,0.016666666666666666
4.228,-9.46,0.37,0.014444444444444444
4.248,-9.46,0.38,0.015555555555555555
4.268,-9.42,0.37,0.016666666666666666
4.288,-9.47,0.39,0.017777777777777778
4.308,-9.46,0.39,0.016666666666666666
4.328,-9.46,0.4,0.021111111111111112
4.348,-9.48,0.4,0.022222222222222223
4.368,-9.46,0.39,0.021111111111111112
4.388,-9.48,0.42,0.023333333333333334
4.408,-9.47,0.39,0.023333333333333334
4.428,-9.47,0.42,0.023333333333333334
4.448,-9.47,0.43,0.028888888888888888
4.468,-9.47,0.42,0.025555555555555557
4.488,-9.48,0.45,0.027777777777777776
4.508,-9.46,0.44,0.027777777777777776
4.528,-9.46,0.44,0.03
4.548,-9.45,0.45,0.03222222222222222
4.568,-9.45,0.45,0.034444444444444444
4.588,-9.43,0.46,0.03666666666666667
4.608,-9.46,0.45,0.03888888888888889
4.628,-9.43,0.46,0.04
4.648,-9.44,0.46,0.04
4.668,-9.45,0.48,0.04111111111111111
4.688,-9.44,0.48,0.042222222222222223
4.708,-9.45,0.5,0.043333333333333335
4.728,-9.46,0.47,0.04777777777777778
4.748,-9.46,0.5,0.05
4.768,-9.47,0.52,0.05
4.788,-9.47,0.52,0.051111111111111114
4.808,-9.46,0.55,0.05555555555555555
4.828,-9.46,0.55,0.05555555555555555
4.848,-9.45,0.57,0.058888888888888886
4.868,-9.46,0.56,0.06111111111111111
4.888,-9.46,0.58,0.06555555555555556
4.908,-9.45,0.59,0.06888888888888889
4.928,-9.46,0.59,0.07
4.948,-9.45,0.63,0.07444444444444444
4.968,-9.45,0.62,0.07666666666666666
4.988,-9.45,0.64,0.08
5.008,-9.44,0.66,0.08222222222222222
5.028,-9.44,0.67,0.08666666666666667
5.048,-9.42,0.71,0.08888888888888889
5.068,-9.44,0.72,0.09444444444444444
5.088,-9.43,0.72,0.09777777777777778
5.108,-9.42,0.76,0.10222222222222223
5.128,-9.42,0.76,0.10666666666666667
5.148,-9.43,0.79,0.11
5.168,-9.43,0.82,0.11555555555555555
5.188,-9.42,0.81,0.12
5.208,-9.42,0.85,0.12444444444444444
5.228,-9.42,0.86,0.1288888888888889
5.248,-9.41,0.89,0.13777777777777778
5.268,-9.41,0.9,0.14333333333333334
5.288,-9.39,0.94,0.15
5.308,-9.4,0.95,0.15666666666666668
5.328,-9.38,0.99,0.1622222222222222
5.348,-9.38,1.03,0.17
5.368,-9.36,1.03,0.17777777777777778
5.388,-9.35,1.04,0.18444444444444444
5.408,-9.37,1.11,0.19111111111111112
5.428,-9.34,1.16,0.2
5.448,-9.34,1.18,0.21
5.468,-9.31,1.24,0.21888888888888888
5.488,-9.31,1.24,0.22777777777777777
5.508,-9.32,1.32,0.23777777777777778
5.528,-9.29,1.31,0.24444444444444444
5.548,-9.27,1.42,0.25555555555555554
5.568,-9.28,1.42,0.2688888888888889
5.588,-9.27,1.46,0.28
5.608,-9.24,1.51,0.2911111111111111
5.628,-9.21,1.54,0.30333333333333334
5.648,-9.22,1.62,0.31777777777777777
5.668,-9.21,1.71,0.33
5.688,-9.17,1.72,0.34444444444444444
5.708,-9.13,1.79,0.3611111111111111
5.728,-9.13,1.84,0.37555555555555553
5.748,-9.09,1.9,0.39
5.768,-9.06,1.99,0.4088888888888889
5.788,-9.02,2.04,0.4266666666666667
5.808,-9.01,2.12,0.44333333333333336
5.828,-8.97,2.2,0.46111111111111114
5.848,-8.93,2.26,0.4811111111111111
5.868,-8.88,2.34,0.5011111111111111
5.888,-8.86,2.4,0.5244444444444445
5.908,-8.81,2.53,0.5466666666666666
5.928,-8.74,2.57,0.57
5.948,-8.69,2.73,0.5922222222222222
5.968,-8.61,2.78,0.6188888888888889
5.988,-8.55,2.87,0.6455555555555555
6.008,-8.55,3.04,0.6722222222222223
6.028,-8.4,3.1,0.6977777777777778
6.048,-8.32,3.26,0.73
6.068,-8.22,3.39,0.76
6.088,-8.15,3.52,0.7933333333333333
6.108,-8.02,3.6,0.8233333333333334
6.128,-7.92,3.75,0.86
6.148,-7.76,3.87,0.8933333333333333
6.168,-7.68,3.99,0.9322222222222222
6.188,-7.46,4.14,0.97
6.208,-7.41,4.25,1.01
6.228,-7.16,4.46,1.0533333333333332
6.248,-7.05,4.59,1.0966666666666667
6.268,-6.85,4.76,1.1411111111111112
6.288,-6.65,4.89,1.18
6.308,-6.38,5.1,1.2377777777777779
6.328,-6.2,5.21,1.2877777777777777
6.348,-5.9,5.43,1.3388888888888888
6.368,-5.72,5.58,1.3922222222222222
6.388,-5.4,5.81,1.4444444444444444
6.408,-5.41,5.86,1.5022222222222221
6.428,-4.6,6.13,1.5355555555555556
6.448,-4.48,6.23,1.6222222222222222
6.468,-4.01,6.4,1.6888888888888889
6.488,-3.71,6.57,1.751111111111111
6.508,-3.18,6.74,1.82
6.528,-2.8,6.88,1.89
6.548,-2.27,7.07,1.9544444444444444
6.568,-1.71,7.17,2.0244444444444443
6.588,-1.21,7.33,2.1033333333333335
6.608,-0.71,7.47,2.1822222222222223
6.628,0.02,7.57,2.258888888888889
6.648,0.48,7.58,2.3344444444444443
6.668,1.31,7.76,2.4122222222222223
6.688,1.76,7.82,2.4966666666666666
6.708,2.68,7.73,2.58
6.728,3.17,7.87,2.6555555555555554
6.748,3.97,7.86,2.7344444444444442
6.768,4.68,7.58,2.82
6.788,5.74,7.88,2.9044444444444446
6.808,6.45,7.64,2.988888888888889
6.828,7.41,7.61,3.062222222222222
6.848,8.01,7.32,3.15
6.868,8.96,7.12,3.218888888888889
6.888,9.56,7.0,3.316666666666667
6.908,10.55,6.67,3.371111111111111
6.928,11.13,6.45,3.442222222222222
6.948,12.31,5.76,3.5188888888888887
6.968,12.72,5.67,3.5722222222222224
6.988,13.3,5.15,3.628888888888889
7.008,13.5,5.03,3.6855555555555557
7.028,16.65,2.7,3.7444444444444445
7.048,15.14,3.78,3.76
7.068,15.49,2.73,3.811111111111111
7.088,16.33,2.16,3.84
7.108,16.35,1.28,3.87
7.128,16.45,1.13,3.88
7.148,16.57,0.25,3.8944444444444444
7.168,16.48,-0.22,3.9
7.188,16.25,-0.9,3.9044444444444446
7.208,16.26,-1.56,3.8955555555555557
7.228,15.86,-2.41,3.878888888888889
7.248,15.64,-2.91,3.8577777777777778
7.268,15.15,-3.6,3.827777777777778
7.288,14.67,-4.02,3.7933333333333334
7.308,14.11,-4.65,3.752222222222222
7.328,13.51,-4.95,3.71
7.348,12.73,-5.56,3.6544444444444446
7.368,12.11,-5.88,3.5955555555555554
7.388,11.14,-6.3,3.537777777777778
7.408,10.55,-6.65,3.466666666666667
7.428,9.91,-6.84,3.398888888888889
7.448,8.96,-7.21,3.3233333333333333
7.468,8.32,-7.35,3.2511111111111113
7.488,7.25,-7.54,3.17
7.508,6.22,-7.7,3.0866666666666664
7.528,5.61,-7.75,3.0077777777777777
7.548,4.8,-7.73,2.9033333333333333
7.568,3.96,-7.98,2.828888888888889
7.588,3.07,-7.83,2.7577777777777777
7.608,2.44,-7.86,2.6777777777777776
7.628,1.55,-7.72,2.591111111111111
7.648,1.02,-7.86,2.51
7.668,0.26,-7.61,2.42
7.688,-0.22,-7.65,2.3422222222222224
7.708,-0.9,-7.43,2.2577777777777777
7.728,-1.42,-7.31,2.1766666666666667
7.748,-2.07,-7.21,2.0955555555555554
7.768,-2.46,-7.04,2.0211111111111113
7.788,-3.06,-6.86,1.941111111111111
7.808,-3.4,-6.75,1.8677777777777778
7.828,-3.89,-6.83,1.79
7.848,-4.23,-5.98,1.7722222222222221
7.868,-0.57,-8.85,1.58
7.888,-6.19,-4.33,1.6255555555555556
7.908,-5.79,-5.8,1.511111111111111
7.928,-5.44,-5.73,1.4366666666666668
7.948,-5.85,-5.67,1.3744444444444444
7.968,-5.99,-5.27,1.3066666666666666
7.988,-6.37,-5.51,1.2466666666666666
8.008,-6.51,-5.0,1.1888888888888889
8.028,-6.86,-5.14,1.1288888888888888
8.048,-7.05,-4.75,1.0711111111111111
8.068,-7.22,-4.84,1.0166666666666666
8.088,-7.37,-4.49,0.9622222222222222
8.108,-7.58,-4.52,0.9077777777777778
8.128,-7.67,-4.29,0.8566666666666667
8.148,-7.83,-4.22,0.8055555555555556
8.168,-7.91,-4.06,0.7566666666666667
8.188,-8.04,-3.99,0.7066666666666667
8.208,-8.1,-3.86,0.66
8.228,-8.22,-3.77,0.6166666666666667
8.248,-8.24,-3.71,0.57
8.268,-8.35,-3.66,0.5233333333333333
8.288,-8.41,-3.54,0.48333333333333334
8.308,-8.48,-3.52,0.43777777777777777
8.328,-8.51,-3.46,0.3977777777777778
8.348,-8.57,-3.39,0.3566666666666667
8.368,-8.61,-3.35,0.31555555555555553
8.388,-8.65,-3.31,0.2733333333333333
8.408,-8.66,-3.27,0.23444444444444446
8.428,-8.66,-3.25,0.19666666666666666
8.448,-8.7,-3.23,0.15555555555555556
8.468,-8.71,-3.18,0.11666666666666667
8.488,-8.72,-3.19,0.08
8.508,-8.7,-3.2,0.04
8.528,-8.71,-3.2,0.0011111111111111111
8.548,-8.7,-3.2,-0.035555555555555556
8.568,-8.69,-3.23,-0.07222222222222222
8.588,-8.68,-3.24,-0.1111111111111111
8.608,-8.66,-3.32,-0.14555555555555555
8.628,-8.64,-3.3,-0.18333333333333332
8.648,-8.62,-3.34,-0.22
8.668,-8.59,-3.36,-0.2611111111111111
8.688,-8.57,-3.43,-0.29888888888888887
8.708,-8.55,-3.46,-0.33666666666666667
8.728,-8.47,-3.56,-0.37666666666666665
8.748,-8.43,-3.57,-0.41444444444444445
8.768,-8.36,-3.65,-0.4577777777777778
8.788,-8.32,-3.74,-0.49666666666666665
8.808,-8.25,-3.81,-0.54
8.828,-8.15,-3.91,-0.5822222222222222
8.848,-8.1,-3.97,-0.6255555555555555
8.868,-7.96,-4.11,-0.67
8.888,-7.88,-4.18,-0.7144444444444444
8.908,-7.77,-4.32,-0.7633333333333333
8.928,-7.65,-4.41,-0.8088888888888889
8.948,-7.48,-4.54,-0.8588888888888889
8.968,-7.37,-4.63,-0.9088888888888889
8.988,-7.18,-4.78,-0.96
9.008,-7.06,-4.9,-1.0133333333333334
9.028,-6.83,-5.05,-1.068888888888889
9.048,-6.68,-5.16,-1.1244444444444444
9.068,-6.32,-5.43,-1.1788888888888889
9.088,-6.13,-5.51,-1.24
9.108,-5.94,-5.72,-1.3
9.128,-5.59,-5.84,-1.36
9.148,-5.41,-5.98,-1.4222222222222223
9.168,-5.04,-6.13,-1.488888888888889
9.188,-4.79,-6.31,-1.5544444444444445
9.208,-4.3,-6.46,-1.6211111111111112
9.228,-4.0,-6.63,-1.691111111111111
9.248,-3.53,-6.74,-1.7622222222222221
9.268,-3.19,-6.87,-1.8377777777777777
9.288,-2.37,-7.08,-1.9466666666666668
9.308,-2.22,-7.25,-1.9777777777777779
9.328,-1.53,-7.43,-2.0588888888888888
9.348,-1.11,-7.48,-2.1366666666666667
9.368,-0.38,-7.6,-2.216666666666667
9.388,0.04,-7.76,-2.296666666666667
9.408,0.75,-7.78,-2.378888888888889
9.428,1.61,-7.89,-2.4611111111111112
9.448,2.25,-7.88,-2.537777777777778
9.468,2.96,-8.14,-2.621111111111111
9.488,3.47,-7.75,-2.7022222222222223
9.508,4.68,-7.99,-2.787777777777778
9.528,5.16,-7.72,-2.867777777777778
9.548,6.3,-7.75,-2.9455555555555555
9.568,6.75,-7.62,-3.0244444444444443
9.588,7.82,-7.41,-3.102222222222222
9.608,8.39,-7.29,-3.181111111111111
9.628,9.17,-7.16,-3.247777777777778
9.648,10.0,-6.82,-3.3222222222222224
9.668,10.65,-6.52,-3.3844444444444446
9.688,11.59,-6.18,-3.453333333333333
9.708,12.12,-6.03,-3.5011111111111113
9.728,13.01,-5.27,-3.526666666666667
9.748,13.39,-5.08,-3.6133333333333333
9.768,14.15,-4.35,-3.661111111111111
9.788,14.45,-3.96,-3.698888888888889
9.808,15.04,-3.22,-3.736666666666667
9.828,15.39,-2.87,-3.761111111111111
9.848,15.7,-2.0,-3.7822222222222224
9.868,16.02,-1.65,-3.7933333333333334
9.888,16.15,-0.78,-3.8033333333333332
9.908,16.2,-0.45,-3.798888888888889
9.928,16.25,0.35,-3.7944444444444443
9.948,16.0,0.87,-3.778888888888889
9.968,15.88,1.82,-3.7644444444444445
9.988,15.64,2.02,-3.741111111111111
10.008,15.27,2.77,-3.71
10.028,14.83,3.02,-3.668888888888889
10.048,14.31,3.87,-3.63
10.068,13.42,4.64,-3.582222222222222
10.088,12.95,5.24,-3.528888888888889
10.108,12.03,5.47,-3.4655555555555555
10.128,11.61,6.04,-3.41
10.148,10.91,6.14,-3.338888888888889
10.168,10.17,6.58,-3.27
10.188,9.58,6.73,-3.1944444444444446
10.208,8.53,7.16,-3.1277777777777778
10.228,7.97,7.16,-3.0477777777777777
10.248,7.0,7.58,-2.9744444444444444
10.268,6.38,7.41,-2.871111111111111
10.288,5.47,7.75,-2.79
10.308,4.88,7.66,-2.7022222222222223
10.328,4.02,7.87,-2.62
10.348,3.38,7.73,-2.5344444444444445
10.368,2.58,7.84,-2.45
10.388,2.05,7.73,-2.3633333333333333
10.408,1.29,7.78,-2.28
10.428,0.79,7.68,-2.1955555555555555
10.448,0.11,7.59,-2.1155555555555554
10.468,-0.26,7.44,-2.0322222222222224
10.488,-1.0,7.38,-1.9522222222222223
10.508,-1.3,7.25,-1.8733333333333333
10.528,-2.13,7.52,-1.7922222222222222
10.548,-2.39,7.29,-1.7144444444444444
10.568,-1.78,6.85,-1.66
10.588,-3.78,7.08,-1.5666666666666667
10.608,-3.68,7.23,-1.49
10.628,-3.81,6.36,-1.42
10.648,-4.28,6.64,-1.3444444444444446
10.668,-4.38,6.37,-1.2777777777777777
10.688,-4.87,6.36,-1.21
10.708,-4.92,6.17,-1.1433333333333333
10.728,-5.28,6.08,-1.0766666666666667
10.748,-5.41,5.95,-1.0122222222222221
10.768,-5.66,5.89,-0.95
10.788,-5.86,5.76,-0.8866666666666667
10.808,-6.05,5.67,-0.8288888888888889
10.828,-6.2,5.58,-0.7677777777777778
10.848,-6.37,5.5,-0.7077777777777777
10.868,-6.47,5.44,-0.65
10.888,-6.63,5.36,-0.5922222222222222
10.908,-6.71,5.3,-0.5377777777777778
10.928,-6.84,5.21,-0.48333333333333334
10.948,-6.91,5.21,-0.42777777777777776
10.968,-6.98,5.13,-0.37555555555555553
10.988,-7.06,5.01,-0.32
11.008,-7.13,5.05,-0.2688888888888889
11.028,-7.05,5.02,-0.20555555555555555
11.048,-7.38,4.37,-0.13555555555555557
11.068,-7.06,4.32,-0.056666666666666664
11.088,-7.13,4.07,0.035555555555555556
11.108,-7.18,4.16,0.13444444444444445
11.128,-6.9,4.42,0.23555555555555555
11.148,-6.93,4.44,0.33555555555555555
11.168,-6.88,4.67,0.4266666666666667
11.188,-6.9,4.53,0.5144444444444445
11.208,-6.92,4.57,0.5944444444444444
11.228,-6.76,4.68,0.6777777777777778
11.248,-6.59,4.63,0.76
11.268,-6.35,4.82,0.85
11.288,-5.86,4.83,0.95
11.308,-5.7,4.94,1.051111111111111
11.328,-5.35,4.86,1.16
11.348,-5.23,4.89,1.27
11.368,-4.79,5.06,1.3866666666666667
11.388,-4.51,5.29,1.5055555555555555
11.408,-3.97,5.47,1.6222222222222222
11.428,-3.55,5.52,1.7355555555555555
11.448,-2.81,6.09,1.8533333333333333
11.468,-2.32,6.25,1.9655555555555555
11.488,-1.87,6.36,2.0766666666666667
11.508,-1.24,6.94,2.1744444444444446
11.528,-0.39,7.41,2.2655555555555558
11.548,0.07,7.57,2.3444444444444446
11.568,0.64,7.57,2.4244444444444446
11.588,1.11,7.78,2.5011111111111113
11.608,1.93,7.79,2.5833333333333335
11.628,2.58,7.89,2.661111111111111
11.648,3.54,7.88,2.7444444444444445
11.668,4.17,7.69,2.827777777777778
11.688,5.4,7.52,2.8955555555555557
11.708,5.63,7.99,2.9922222222222223
11.728,6.6,7.67,3.0744444444444445
11.748,7.27,7.67,3.152222222222222
11.768,8.37,7.34,3.24
11.788,9.0,7.2,3.312222222222222
11.808,10.01,6.82,3.3955555555555557
11.828,10.64,6.7,3.46
11.848,11.58,6.23,3.53
11.868,12.1,5.94,3.597777777777778
11.888,13.0,5.54,3.6644444444444444
11.908,12.82,5.53,3.7177777777777776
11.928,14.5,4.15,3.7655555555555558
11.948,15.23,3.97,3.8066666666666666
11.968,15.59,3.63,3.8455555555555554
11.988,16.02,2.89,3.8833333333333333
12.008,16.45,2.24,3.908888888888889
12.028,16.42,1.83,3.9322222222222223
12.048,16.66,1.1,3.9455555555555555
12.068,16.57,0.06,3.9555555555555557
12.088,16.57,-0.73,3.9566666666666666
12.108,16.4,-0.97,3.953333333333333
12.128,16.22,-2.26,3.9444444444444446
12.148,15.97,-2.61,3.9244444444444446
12.168,15.55,-3.42,3.901111111111111
12.188,15.27,-3.79,3.862222222222222
12.208,14.62,-4.43,3.8266666666666667
12.228,14.2,-4.76,3.78
12.248,13.43,-5.29,3.732222222222222
12.268,12.8,-5.66,3.6733333333333333
12.288,11.85,-6.09,3.6155555555555554
12.308,11.2,-6.47,3.551111111111111
12.328,10.19,-6.83,3.4811111111111113
12.348,9.5,-7.02,3.411111111111111
12.368,8.49,-7.36,3.3377777777777777
12.388,7.75,-7.45,3.258888888888889
12.408,6.81,-7.68,3.18
12.428,6.04,-7.67,3.0955555555555554
12.448,5.09,-7.71,3.0144444444444445
12.468,4.35,-7.84,2.8755555555555556
12.488,3.27,-8.04,2.847777777777778
12.508,3.58,-7.45,2.763333333333333
12.528,0.77,-6.11,2.6955555555555555
12.548,1.41,-6.84,2.5944444444444446
12.568,0.56,-7.87,2.508888888888889
12.588,0.03,-7.26,2.4266666666666667
12.608,-0.91,-7.6,2.3466666666666667
12.628,-1.08,-7.12,2.2622222222222224
12.648,-2.02,-7.34,2.18
12.668,-2.17,-6.91,2.102222222222222
12.688,-2.43,-7.08,2.0233333333333334
12.708,-3.5,-6.65,1.951111111111111
12.728,-3.89,-6.67,1.8844444444444444
12.748,-4.03,-6.52,1.82
12.768,-4.67,-6.14,1.751111111111111
12.788,-4.89,-6.1,1.66
12.808,-5.31,-5.77,1.5955555555555556
12.828,-5.51,-5.75,1.53
12.848,-5.85,-5.43,1.468888888888889
12.868,-6.18,-5.32,1.4044444444444444
12.888,-6.43,-5.09,1.3466666666666667
12.908,-6.71,-5.04,1.2877777777777777
12.928,-6.94,-4.78,1.2322222222222223
12.948,-7.14,-4.66,1.1766666666666667
12.968,-7.36,-4.45,1.1233333333333333
12.988,-7.48,-4.38,1.0722222222222222
13.008,-7.68,-4.14,1.02
13.028,-7.83,-4.07,0.9711111111111111
13.048,-8.0,-3.82,0.9255555555555556
13.068,-8.06,-3.75,0.88
13.088,-8.16,-3.63,0.8355555555555556
13.108,-8.26,-3.53,0.7933333333333333
13.128,-8.34,-3.34,0.7511111111111111
13.148,-8.43,-3.31,0.7122222222222222
13.168,-8.51,-3.16,0.67
13.188,-8.56,-3.08,0.6311111111111111
13.208,-8.62,-2.97,0.5955555555555555
13.228,-8.69,-2.92,0.56
13.248,-8.77,-2.82,0.5211111111111111
13.268,-8.8,-2.73,0.49
13.288,-8.86,-2.64,0.45555555555555555
13.308,-8.9,-2.59,0.42
13.328,-8.97,-2.52,0.3888888888888889
13.348,-9.0,-2.49,0.3566666666666667
13.368,-9.03,-2.42,0.32666666666666666
13.388,-9.06,-2.39,0.29555555555555557
13.408,-9.1,-2.34,0.2644444444444444
13.428,-9.11,-2.28,0.23555555555555555
13.448,-9.13,-2.25,0.20666666666666667
13.468,-9.13,-2.23,0.17777777777777778
13.488,-9.15,-2.21,0.14888888888888888
13.508,-9.14,-2.18,0.12111111111111111
13.528,-9.17,-2.18,0.09333333333333334
13.548,-9.16,-2.16,0.06666666666666667
13.568,-9.14,-2.16,0.03888888888888889
13.588,-9.14,-2.16,0.01
13.608,-9.12,-2.15,-0.02
13.628,-9.12,-2.19,-0.043333333333333335
13.648,-9.1,-2.2,-0.07111111111111111
13.668,-9.11,-2.24,-0.09555555555555556
13.688,-9.12,-2.26,-0.12222222222222222
13.708,-9.1,-2.27,-0.14888888888888888
13.728,-9.12,-2.29,-0.17666666666666667
13.748,-9.09,-2.3,-0.20555555555555555
13.768,-9.09,-2.34,-0.23
13.788,-9.08,-2.39,-0.2588888888888889
13.808,-9.05,-2.43,-0.2866666666666667
13.828,-9.01,-2.47,-0.31666666666666665
13.848,-8.99,-2.55,-0.3433333333333333
13.868,-8.98,-2.59,-0.37444444444444447
13.888,-8.9,-2.64,-0.4011111111111111
13.908,-8.87,-2.74,-0.43444444444444447
13.928,-8.81,-2.79,-0.46555555555555556
13.948,-8.78,-2.87,-0.5
13.968,-8.7,-2.96,-0.5333333333333333
13.988,-8.61,-3.07,-0.5677777777777778
14.008,-8.53,-3.2,-0.6
14.028,-8.48,-3.25,-0.6377777777777778
14.048,-8.41,-3.4,-0.6755555555555556
14.068,-8.34,-3.47,-0.7122222222222222
14.088,-8.23,-3.64,-0.7533333333333333
14.108,-8.13,-3.71,-0.7933333333333333
14.128,-8.04,-3.85,-0.8366666666666667
14.148,-7.94,-3.96,-0.88
14.168,-7.78,-4.11,-0.9222222222222223
14.188,-7.69,-4.2,-0.97
14.208,-7.51,-4.4,-1.0133333333333334
14.228,-7.39,-4.51,-1.0644444444444445
14.248,-7.15,-4.67,-1.1133333333333333
14.268,-7.03,-4.81,-1.1666666666666667
14.288,-6.75,-4.98,-1.2177777777777778
14.308,-6.6,-5.13,-1.271111111111111
14.328,-6.3,-5.32,-1.3288888888888888
14.348,-6.08,-5.49,-1.3866666666666667
14.368,-5.73,-5.69,-1.4466666666666668
14.388,-5.5,-5.81,-1.5077777777777779
14.408,-5.11,-6.04,-1.5711111111111111
14.428,-4.8,-6.18,-1.6344444444444444
14.448,-4.38,-6.35,-1.701111111111111
14.468,-4.07,-6.52,-1.771111111111111
14.488,-3.53,-6.72,-1.84
14.508,-3.26,-6.86,-1.9144444444444444
14.528,-2.75,-6.85,-1.9922222222222221
14.548,-2.47,-6.86,-2.1255555555555556
14.568,-1.55,-7.38,-2.13
14.588,-1.17,-7.44,-2.212222222222222
14.608,-0.29,-7.61,-2.2944444444444443
14.628,0.08,-7.68,-2.3722222222222222
14.648,0.85,-7.81,-2.4555555555555557
14.668,1.39,-7.85,-2.537777777777778
14.688,2.22,-8.05,-2.62
14.708,2.74,-8.04,-2.698888888888889
14.728,3.48,-8.25,-2.778888888888889
14.748,4.42,-7.83,-2.862222222222222
14.768,5.3,-7.9,-2.938888888888889
14.788,6.07,-7.7,-3.0233333333333334
14.808,7.01,-7.74,-3.102222222222222
14.828,7.65,-7.45,-3.1766666666666667
14.848,8.69,-7.38,-3.2511111111111113
14.868,9.26,-6.97,-3.328888888888889
14.888,10.34,-6.81,-3.387777777777778
14.908,10.82,-6.44,-3.4644444444444447
14.928,11.8,-6.11,-3.5188888888888887
14.948,12.19,-6.35,-3.5233333333333334
14.968,13.19,-5.17,-3.6366666666666667
14.988,13.98,-4.72,-3.6844444444444444
15.008,14.62,-4.1,-3.7266666666666666
15.028,14.97,-3.7,-3.763333333333333
15.048,15.42,-2.94,-3.798888888888889
15.068,15.83,-2.49,-3.818888888888889
15.088,16.02,-1.65,-3.8377777777777777
15.108,16.29,-1.24,-3.85
15.128,16.4,-0.5,-3.8533333333333335
15.148,16.31,0.12,-3.8533333333333335
15.168,16.32,0.81,-3.841111111111111
15.188,16.07,1.3,-3.8255555555555554
15.208,15.78,1.99,-3.8088888888888888
15.228,15.58,2.67,-3.78
15.248,14.99,3.03,-3.7466666666666666
15.268,14.77,3.78,-3.7044444444444444
15.288,14.04,4.13,-3.6566666666666667
15.308,13.61,4.79,-3.608888888888889
15.328,12.79,5.05,-3.551111111111111
15.348,12.33,5.58,-3.491111111111111
15.368,11.39,5.78,-3.4266666666666667
15.388,10.87,6.39,-3.3644444444444446
15.408,9.92,6.65,-3.2844444444444445
15.428,9.27,6.87,-3.21
15.448,8.39,7.27,-3.13
15.468,7.65,7.24,-3.081111111111111
15.488,6.74,7.5,-2.966666666666667
15.508,6.09,7.59,-2.882222222222222
15.528,5.2,7.73,-2.8
15.548,4.57,7.73,-2.716666666666667
15.568,3.73,7.81,-2.628888888888889
15.588,2.9,7.78,-2.5444444444444443
15.608,2.24,7.79,-2.46
15.628,1.71,7.77,-2.3744444444444444
15.648,1.02,7.65,-2.2855555555555553
15.668,0.55,7.53,-2.207777777777778
15.688,-0.12,7.5,-2.1255555555555556
15.708,-0.77,7.58,-2.0444444444444443
15.728,-1.33,6.82,-1.968888888888889
15.748,-1.74,7.74,-1.8833333333333333
15.768,-2.25,7.27,-1.8066666666666666
15.788,-2.69,7.04,-1.73
15.808,-3.14,7.02,-1.6588888888888889
15.828,-3.5,6.67,-1.5855555555555556
15.848,-3.87,6.68,-1.5133333333333334
15.868,-4.15,6.48,-1.4444444444444444
15.888,-4.52,6.43,-1.3722222222222222
15.908,-4.73,6.25,-1.31
15.928,-5.16,6.1,-1.241111111111111
15.948,-5.33,5.96,-1.1777777777777778
15.968,-5.62,5.82,-1.1155555555555556
15.988,-5.87,5.7,-1.0522222222222222
16.008,-6.1,5.55,-0.9933333333333333
16.028,-6.23,5.5,-0.9344444444444444
16.048,-6.44,5.36,-0.8766666666666667
16.068,-6.58,5.25,-0.82
16.088,-6.76,5.12,-0.7666666666666667
16.108,-6.85,5.07,-0.7122222222222222
16.128,-7.02,4.96,-0.6588888888888889
16.148,-7.09,4.82,-0.6077777777777778
16.168,-7.24,4.84,-0.5555555555555556
16.188,-7.29,4.76,-0.5044444444444445
16.208,-7.41,4.71,-0.45666666666666667
16.228,-7.44,4.63,-0.4066666666666667
16.248,-7.52,4.6,-0.35777777777777775
16.268,-7.52,4.55,-0.31
16.288,-7.6,4.55,-0.2611111111111111
16.308,-7.63,4.45,-0.21444444444444444
16.328,-7.67,4.48,-0.17
16.348,-7.71,4.42,-0.12111111111111111
16.368,-7.69,4.42,-0.07666666666666666
16.388,-7.93,4.67,-0.017777777777777778
16.408,-7.49,3.87,0.04
16.428,-8.33,4.2,0.10666666666666667
16.448,-8.08,3.47,0.18
16.468,-7.52,2.99,0.2811111111111111
16.488,-7.5,3.32,0.4
16.508,-6.95,3.77,0.5177777777777778
16.528,-6.83,4.42,0.6144444444444445
16.548,-7.04,4.4,0.6977777777777778
16.568,-7.16,4.11,0.78
16.588,-7.3,3.89,0.8622222222222222
16.608,-7.06,3.94,0.9533333333333334
16.628,-6.59,3.83,1.0533333333333332
16.648,-5.99,4.51,1.16
16.668,-5.43,4.59,1.27
16.688,-5.46,3.99,1.3988888888888888
16.708,-4.98,4.1,1.5466666666666666
16.728,-4.71,4.45,1.6855555555555555
16.748,-4.25,4.88,1.8155555555555556
16.768,-3.87,5.4,1.9277777777777778
16.788,-3.31,5.97,2.03
16.808,-2.44,6.95,2.121111111111111
16.828,-2.03,6.98,2.1966666666666668
16.848,-1.36,7.23,2.27
16.868,-1.02,7.27,2.3455555555555554
16.888,-0.34,7.51,2.421111111111111
16.908,0.1,7.49,2.5011111111111113
16.928,0.97,7.72,2.58
16.948,1.64,7.7,2.66
16.968,2.94,8.04,2.741111111111111
16.988,3.63,7.89,2.82
17.008,3.72,8.44,2.902222222222222
17.028,5.08,7.82,2.9833333333333334
17.048,6.11,7.81,3.0655555555555556
17.068,6.95,7.61,3.147777777777778
17.088,7.89,7.5,3.2244444444444444
17.108,8.55,7.41,3.3033333333333332
17.128,9.51,7.09,3.3922222222222222
17.148,10.22,6.9,3.4588888888888887
17.168,10.9,6.77,3.528888888888889
17.188,11.87,6.26,3.598888888888889
17.208,12.48,5.99,3.6633333333333336
17.228,13.13,5.6,3.7266666666666666
17.248,13.53,5.33,3.796666666666667
17.268,14.24,4.84,3.841111111111111
17.288,17.05,2.64,3.8722222222222222
17.308,15.93,3.65,3.922222222222222
17.328,15.86,2.57,3.9411111111111112
17.348,16.69,2.04,3.9855555555555555
17.368,16.55,1.44,4.007777777777778
17.388,16.96,1.01,4.021111111111111
17.408,17.05,0.05,4.024444444444445
17.428,17.09,-0.41,4.023333333333333
17.448,16.87,-1.11,4.02
17.468,16.58,-1.77,4.007777777777778
17.488,16.21,-2.61,3.988888888888889
17.508,15.82,-3.1,3.962222222222222
17.528,15.36,-3.76,3.9277777777777776
17.548,14.79,-4.08,3.888888888888889
17.568,14.12,-4.78,3.8444444444444446
17.588,13.64,-5.22,3.792222222222222
17.608,12.7,-5.8,3.727777777777778
17.628,12.11,-6.09,3.671111111111111
17.648,11.15,-6.73,3.61
17.668,10.47,-6.76,3.5366666666666666
17.688,9.66,-6.98,3.462222222222222
17.708,8.75,-7.22,3.4244444444444446
17.728,7.98,-7.46,3.3088888888888888
17.748,6.95,-7.52,3.2266666666666666
17.768,6.23,-7.76,3.1433333333333335
17.788,5.24,-7.64,3.0477777777777777
17.808,4.78,-7.78,2.962222222222222
17.828,3.54,-7.96,2.891111111111111
17.848,2.96,-7.78,2.847777777777778
17.868,2.02,-7.74,2.7266666666666666
17.888,1.42,-7.81,2.68
17.908,0.61,-7.58,2.5544444444444445
17.928,0.04,-7.55,2.5155555555555558
17.948,-0.89,-7.38,2.3922222222222222
17.968,-1.48,-7.13,2.352222222222222
17.988,-2.08,-7.04,2.2355555555555555
18.008,-2.56,-6.84,2.1933333333333334
18.028,-3.2,-6.69,2.082222222222222
18.048,-3.58,-6.53,2.046666666666667
18.068,-5.08,-5.53,-0.0011111111111111111
18.088,-2.17,-6.93,1.8033333333333332
18.108,-6.13,-4.55,1.8366666666666667
18.128,-5.71,-5.68,1.73
18.148,-5.5,-5.37,1.6655555555555555
18.168,-6.07,-5.53,1.6055555555555556
18.188,-6.18,-4.81,1.541111111111111
18.208,-6.53,-5.18,1.4855555555555555
18.228,-6.67,-4.61,1.4533333333333334
18.248,-7.02,-4.73,1.3766666666666667
18.268,-7.11,-4.38,1.3488888888888888
18.288,-7.35,-4.3,1.2744444444444445
18.308,-7.51,-3.92,1.2466666666666666
18.328,-7.65,-3.99,1.2
18.348,-7.8,-3.68,1.1522222222222223
18.368,-7.99,-3.53,1.11
18.388,-8.09,-3.33,1.0466666666666666
18.408,-8.24,-3.26,1.0266666666666666
18.428,-8.39,-3.01,0.97
18.448,-8.46,-2.96,0.9511111111111111
18.468,-8.57,-2.74,0.8966666666666666
18.488,-8.65,-2.66,0.88
18.508,-8.74,-2.47,0.8311111111111111
18.528,-8.8,-2.37,0.8177777777777778
18.548,-8.9,-2.23,0.7711111111111111
18.568,-8.93,-2.14,0.7577777777777778
18.588,-9.03,-1.99,0.7155555555555555
18.608,-9.03,-1.9,0.7033333333333334
18.628,-9.1,-1.76,0.6655555555555556
18.648,-9.11,-1.69,0.6511111111111111
18.668,-9.14,-1.57,0.63
18.688,-9.18,-1.48,0.61
18.708,-9.2,-1.38,0.5877777777777777
18.728,-9.2,-1.33,0.56
18.748,-9.2,-1.22,0.5522222222222222
18.768,-9.18,-1.19,0.5344444444444445
18.788,-9.12,-1.14,0.5144444444444445
18.808,-9.45,-0.86,0.5
18.828,-9.38,-0.66,0.4888888888888889
18.848,-9.32,-0.8,0.46444444444444444
18.868,-9.29,-0.72,0.45666666666666667
18.888,-9.46,-0.59,0.44555555555555554
18.908,-9.39,-0.59,0.43444444444444447
18.928,-9.41,-0.58,0.4222222222222222
18.948,-9.42,-0.45,0.41333333333333333
18.968,-9.44,-0.34,0.40555555555555556
18.988,-9.39,-0.27,0.39666666666666667
19.008,-9.46,-0.15,0.3877777777777778
19.028,-9.48,-0.11,0.37777777777777777
19.048,-9.43,-0.1,0.37333333333333335
19.068,-9.43,-0.04,0.3655555555555556
19.088,-9.41,0.02,0.3622222222222222
19.108,-9.41,0.08,0.3566666666666667
19.128,-9.43,0.16,0.35444444444444445
19.148,-9.42,0.21,0.3522222222222222
19.168,-9.41,0.24,0.3466666666666667
19.188,-9.41,0.34,0.34444444444444444
19.208,-9.39,0.36,0.34444444444444444
19.228,-9.4,0.45,0.3422222222222222
19.248,-9.39,0.51,0.3422222222222222
19.268,-9.37,0.56,0.3422222222222222
19.288,-9.41,0.61,0.3433333333333333
19.308,-9.4,0.69,0.34555555555555556
19.328,-9.4,0.74,0.3466666666666667
19.348,-9.39,0.8,0.35
19.368,-9.4,0.82,0.35333333333333333
19.388,-9.38,0.91,0.35777777777777775
19.408,-9.36,0.94,0.36444444444444446
19.428,-9.34,1.02,0.37
19.448,-9.32,1.12,0.37444444444444447
19.468,-9.34,1.19,0.38
19.488,-9.28,1.24,0.39
19.508,-9.27,1.3,0.3988888888888889
19.528,-9.24,1.37,0.4066666666666667
19.548,-9.23,1.44,0.41555555555555557
19.568,-9.19,1.48,0.4266666666666667
19.588,-9.17,1.59,0.43777777777777777
19.608,-9.14,1.61,0.45
19.628,-9.12,1.71,0.46
19.648,-9.1,1.79,0.47333333333333333
19.668,-9.05,1.86,0.48777777777777775
19.688,-9.05,1.97,0.5011111111111111
19.708,-8.95,3.77,0.4988888888888889
19.728,-9.09,4.06,0.46555555555555556
19.748,-9.15,4.49,0.4011111111111111
19.768,-8.91,3.49,0.31777777777777777
19.788,-9.5,3.81,0.27666666666666667
19.808,-8.97,3.57,0.21666666666666667
19.828,-8.91,3.82,0.16333333333333333
19.848,-8.88,4.05,0.10888888888888888
19.868,-8.86,4.17,0.051111111111111114
19.888,-8.89,4.1,-0.0044444444444444444
19.908,-9.04,3.71,-0.05555555555555555
19.928,-9.12,3.44,-0.10333333333333333
19.948,-9.09,3.53,-0.14666666666666667
19.968,-9.05,3.65,-0.19
19.988,-9.0,3.72,-0.2388888888888889
20.008,-8.98,3.7,-0.2877777777777778
20.028,-9.02,3.59,-0.3388888888888889
20.048,-9.01,3.49,-0.38333333333333336
20.068,-9.08,3.33,-0.43666666666666665
20.088,-9.1,3.18,-0.49
20.108,-9.06,3.15,-0.5411111111111111
20.128,-9.02,3.32,-0.5933333333333334
20.148,-9.08,3.08,-0.6477777777777778
20.168,-9.11,2.6,-0.7011111111111111
20.188,-9.09,1.74,-0.7422222222222222
20.208,-9.12,0.75,-0.7688888888888888
20.228,-9.25,1.23,-0.7755555555555556
20.248,-9.16,0.96,-0.7666666666666667
20.268,-9.14,1.36,-0.7588888888888888
20.288,-9.01,1.1,-0.7511111111111111
20.308,-9.17,0.77,-0.7433333333333333
20.328,-9.21,0.43,-0.74
20.348,-9.2,0.06,-0.7366666666666667
20.368,-9.24,-0.03,-0.7355555555555555
20.388,-9.19,-0.06,-0.74
20.408,-9.2,-0.07,-0.7422222222222222
20.428,-9.23,0.06,-0.7455555555555555
20.448,-9.16,-0.14,-0.7477777777777778
20.468,-9.2,-0.31,-0.7533333333333333
20.488,-9.23,-0.53,-0.76
20.508,-9.18,-0.74,-0.7655555555555555
20.528,-9.23,-0.88,-0.7766666666666666
20.548,-9.2,-0.97,-0.7888888888888889
20.568,-9.17,-1.02,-0.8022222222222222
20.588,-9.15,-1.1,-0.8155555555555556
20.608,-9.12,-1.21,-0.8288888888888889
20.628,-9.07,-1.37,-0.8455555555555555
20.648,-9.04,-1.58,-0.8622222222222222
20.668,-8.92,-1.77,-0.88
20.688,-8.88,-1.94,-0.9
20.708,-8.82,-2.06,-0.9222222222222223
20.728,-8.78,-2.16,-0.9477777777777778
20.748,-8.72,-2.24,-0.9733333333333334
20.768,-8.57,-2.43,-1.001111111111111
20.788,-8.5,-2.6,-1.03
20.808,-8.39,-2.82,-1.06
20.828,-8.23,-2.98,-1.0922222222222222
20.848,-8.15,-3.21,-1.1277777777777778
20.868,-7.99,-3.36,-1.1633333333333333
20.888,-7.92,-3.52,-1.2
20.908,-7.68,-3.81,-1.2422222222222221
20.928,-7.52,-4.01,-1.281111111111111
20.948,-7.25,-4.17,-1.3233333333333333
20.968,-7.11,-4.38,-1.37
20.988,-6.95,-4.7,-1.4188888888888889
21.008,-6.64,-4.78,-1.4677777777777778
21.028,-6.43,-5.03,-1.52
21.048,-6.21,-5.09,-1.5711111111111111
21.068,-5.83,-5.4,-1.6277777777777778
21.088,-5.59,-5.54,-1.6855555555555555
21.108,-5.18,-5.79,-1.7455555555555555
21.128,-4.86,-5.91,-1.8055555555555556
21.148,-4.45,-6.15,-1.87
21.168,-3.98,-6.33,-1.9344444444444444
21.188,-3.55,-6.47,-2.006666666666667
21.208,-3.37,-6.41,-2.0744444444444445
21.228,-2.3,-7.54,-2.203333333333333
21.248,-2.22,-7.77,-2.21
21.268,-1.19,-7.29,-2.292222222222222
21.288,-0.76,-7.52,-2.37
21.308,0.06,-7.5,-2.45
21.328,0.41,-7.79,-2.5255555555555556
21.348,-0.01,-0.01,-0.0011111111111111111
21.368,-0.01,-0.01,-0.0011111111111111111
21.388,2.57,-8.64,-2.7688888888888887
21.408,3.46,-7.7,-2.851111111111111
21.428,4.36,-8.09,-2.93
21.448,5.2,-7.73,-3.02
21.468,6.07,-7.96,-3.091111111111111
21.488,6.77,-7.62,-3.1744444444444446
21.508,7.77,-7.67,-3.252222222222222
21.528,8.41,-7.3,-3.328888888888889
21.548,9.48,-7.14,-3.4044444444444446
21.568,9.96,-6.97,-3.4722222222222223
21.588,11.28,-6.48,-3.5444444444444443
21.608,11.79,-6.35,-3.6077777777777778
21.628,12.76,-5.66,-3.6222222222222222
21.648,13.36,-5.47,-3.7155555555555555
21.668,14.07,-4.92,-3.7744444444444443
21.688,14.68,-4.47,-3.818888888888889
21.708,15.7,-3.91,-3.858888888888889
21.728,15.54,-3.24,-3.8966666666666665
21.748,16.09,-2.64,-3.9255555555555555
21.768,16.25,-2.01,-3.9466666666666668
21.788,16.66,-1.38,-3.962222222222222
21.808,16.63,-0.73,-3.9633333333333334
21.828,16.56,-0.03,-3.9677777777777776
21.848,16.9,0.39,-3.9566666666666666
21.868,16.54,1.38,-3.9455555555555555
21.888,16.33,1.56,-3.9266666666666667
21.908,15.85,2.89,-3.9033333333333333
21.928,15.4,3.2,-3.8644444444444446
21.948,14.96,3.96,-3.8255555555555554
21.968,14.35,4.26,-3.778888888888889
21.988,13.74,4.91,-3.732222222222222
22.008,13.16,5.24,-3.6744444444444446
22.028,12.3,5.8,-3.6155555555555554
22.048,11.89,6.01,-3.56
22.068,10.7,6.46,-3.4788888888888887
22.088,9.98,6.64,-3.4077777777777776
22.108,9.03,7.03,-3.33
22.128,8.4,7.2,-3.26
22.148,7.39,7.52,-3.2066666666666666
22.168,6.79,7.52,-3.0833333333333335
22.188,5.82,7.73,-3.002222222222222
22.208,5.15,7.66,-2.9144444444444444
22.228,4.19,7.82,-2.83
22.248,3.52,7.78,-2.7488888888888887
22.268,2.64,7.82,-2.66
22.288,2.1,7.75,-2.577777777777778
22.308,1.29,7.8,-2.4922222222222223
22.328,1.1,7.57,-2.4077777777777776
22.348,-0.06,7.59,-2.3366666666666664
22.368,-0.53,7.6,-2.2488888888888887
22.388,-1.24,7.26,-2.17
22.408,-1.64,7.34,-2.088888888888889
22.428,-2.18,7.17,-2.011111111111111
22.448,-2.21,5.59,-1.9422222222222223
22.468,-3.47,6.6,-1.85
22.488,-3.44,6.67,-1.79
22.508,-3.89,6.26,-1.72
22.528,-4.25,6.43,-1.6522222222222223
22.548,-4.67,6.03,-1.5866666666666667
22.568,-4.98,6.01,-1.521111111111111
22.588,-5.27,5.81,-1.4577777777777778
22.608,-5.61,5.65,-1.3966666666666667
22.628,-5.86,5.46,-1.3388888888888888
22.648,-6.08,5.36,-1.2777777777777777
22.668,-6.36,5.15,-1.221111111111111
22.688,-6.52,5.06,-1.1688888888888889
22.708,-6.79,4.86,-1.1144444444444443
22.728,-6.89,4.77,-1.0644444444444445
22.748,-7.09,4.61,-1.0166666666666666
22.768,-7.23,4.52,-0.9666666666666667
22.788,-7.38,4.33,-0.92
22.808,-7.56,4.23,-0.8744444444444445
22.828,-7.67,4.07,-0.83
22.848,-7.81,4.0,-0.7888888888888889
22.868,-7.87,3.87,-0.7422222222222222
22.888,-7.95,3.81,-0.7
22.908,-8.14,3.64,-0.6611111111111111
22.928,-8.21,3.58,-0.6288888888888889
22.948,-8.26,3.45,-0.5933333333333334
22.968,-8.33,3.4,-0.5555555555555556
22.988,-8.42,3.33,-0.52
23.008,-8.44,3.27,-0.4866666666666667
23.028,-8.5,3.18,-0.4533333333333333
23.048,-8.54,3.1,-0.42333333333333334
23.068,-8.59,3.05,-0.39
23.088,-8.57,2.96,-0.35888888888888887
23.108,-8.7,2.95,-0.32
23.128,-8.7,2.9,-0.29777777777777775
23.148,-8.72,2.87,-0.27
23.168,-8.74,2.85,-0.24
23.188,-8.78,2.81,-0.2111111111111111
23.208,-8.79,2.75,-0.1811111111111111
23.228,-8.81,2.74,-0.15555555555555556
23.248,-8.83,2.72,-0.12555555555555556
23.268,-8.78,2.68,-0.09888888888888889
23.288,-8.85,2.69,-0.06777777777777778
23.308,-8.84,2.65,-0.043333333333333335
23.328,-8.85,2.69,-0.015555555555555555
23.348,-8.83,2.68,0.01
23.368,-8.84,2.72,0.034444444444444444
23.388,-8.83,2.71,0.06222222222222222
23.408,-8.84,2.75,0.08777777777777777
23.428,-8.89,3.0,0.11444444444444445
23.448,-8.62,2.23,0.14
23.468,-9.08,2.87,0.1711111111111111
23.488,-8.62,1.73,0.21333333333333335
23.508,-8.67,2.3,0.26555555555555554
23.528,-8.67,1.8,0.33
23.548,-8.53,2.69,0.4
23.568,-8.37,2.58,0.46555555555555556
23.588,-8.51,2.77,0.5244444444444445
23.608,-8.34,2.42,0.5844444444444444
23.628,-8.52,2.42,0.6444444444444445
23.648,-8.36,2.17,0.7122222222222222
23.668,-8.16,2.09,0.7944444444444444
23.688,-7.97,2.28,0.8944444444444445
23.708,-7.47,2.88,0.9988888888888889
23.728,-7.28,3.42,1.0966666666666667
23.748,-7.07,4.08,1.181111111111111
23.768,-7.07,4.26,1.2433333333333334
23.788,-7.1,4.22,1.2944444444444445
23.808,-7.08,4.33,1.34
23.828,-6.72,4.64,1.3822222222222222
23.848,-6.36,4.99,1.431111111111111
23.868,-5.79,5.42,1.4766666666666666
23.888,-5.5,5.65,1.5333333333333334
23.908,-5.06,5.83,1.5911111111111111
23.928,-4.93,5.87,1.65
23.948,-4.65,5.99,1.71
23.968,-4.4,6.09,1.768888888888889
23.988,-3.87,6.38,1.83
24.008,-3.42,6.57,1.89
24.028,-2.69,6.87,1.9533333333333334
24.048,-2.23,7.02,2.0322222222222224
24.068,-1.62,7.2,2.102222222222222
24.088,-1.29,7.32,2.1777777777777776
24.108,-0.73,7.35,2.25
24.128,-0.22,7.52,2.3266666666666667
24.148,0.52,7.61,2.4033333333333333
24.168,1.13,7.73,2.48
24.188,1.97,7.73,2.5644444444444443
24.208,2.62,7.84,2.6433333333333335
24.228,3.52,7.89,2.7255555555555557
24.248,3.97,7.73,2.8088888888888888
24.268,5.24,7.35,2.89
24.288,5.58,8.07,2.97
24.308,6.69,7.6,3.0544444444444445
24.328,7.2,7.76,3.1355555555555554
24.348,8.4,7.35,3.22
24.368,9.01,7.26,3.296666666666667
24.388,10.05,6.87,3.3944444444444444
24.408,10.67,6.71,3.4466666666666668
24.428,11.57,6.32,3.5155555555555558
24.448,12.22,5.97,3.5833333333333335
24.468,12.86,5.6,3.6455555555555557
24.488,13.75,5.03,3.71
24.508,14.6,4.56,3.76
24.528,14.49,4.38,3.8033333333333332
24.548,15.51,2.99,3.86
24.568,15.99,3.22,3.878888888888889
24.588,16.18,2.39,3.91
24.608,16.63,1.67,3.9355555555555557
24.628,16.7,0.87,3.953333333333333
24.648,16.58,0.58,3.9655555555555555
24.668,16.77,-0.22,3.9633333333333334
24.688,16.57,-1.09,3.968888888888889
24.708,16.4,-1.51,3.9566666666666666
24.728,16.19,-2.23,3.9433333333333334
24.748,15.7,-3.01,3.9155555555555557
24.768,15.45,-3.45,3.8833333333333333
24.788,14.81,-4.1,3.85
24.808,14.47,-4.49,3.8088888888888888
24.828,13.71,-5.04,3.76
24.848,13.06,-5.44,3.7088888888888887
24.868,12.25,-6.01,3.647777777777778
24.888,11.5,-6.27,3.581111111111111
24.908,10.57,-6.71,3.52
24.928,9.57,-7.02,3.4444444444444446
24.948,8.48,-7.42,3.367777777777778
24.968,7.91,-7.46,3.298888888888889
24.988,6.82,-7.61,3.22
25.008,6.19,-7.79,3.1366666666666667
25.028,5.1,-7.45,3.0522222222222224
25.048,3.89,-8.63,2.897777777777778
25.068,3.46,-7.82,2.8855555555555554
25.088,2.89,-7.85,2.801111111111111
25.108,2.05,-7.73,2.716666666666667
25.128,1.34,-7.86,2.631111111111111
25.148,0.66,-7.62,2.5455555555555556
25.168,0.0,-7.65,2.4644444444444447
25.188,-0.71,-7.46,2.3833333333333333
25.208,-1.19,-7.38,2.2977777777777777
25.228,-1.97,-7.03,2.22
25.248,-2.31,-7.1,2.141111111111111
25.268,-2.9,-6.91,2.0655555555555556
25.288,-3.29,-6.74,1.99
25.308,-3.71,-6.74,1.9166666666666667
25.328,-4.25,-5.86,1.8988888888888888
25.348,-0.01,-0.01,-0.0011111111111111111
25.368,-5.58,-4.7,1.7822222222222222
25.388,-5.77,-6.16,1.6333333333333333
25.408,-5.29,-5.55,1.5655555555555556
25.428,-6.06,-5.67,1.5055555555555555
25.448,-6.08,-5.18,1.44
25.468,-6.52,-5.34,1.3822222222222222
25.488,-6.68,-4.85,1.3233333333333333
25.508,-7.03,-4.83,1.268888888888889
25.528,-7.14,-4.59,1.2144444444444444
25.548,-7.44,-4.5,1.1622222222222223
25.568,-7.48,-4.23,1.1088888888888888
25.588,-7.72,-4.18,1.058888888888889
25.608,-7.74,-3.97,1.01
25.628,-7.97,-3.92,0.9655555555555555
25.648,-7.99,-3.71,0.9188888888888889
25.668,-8.19,-3.63,0.8744444444444445
25.688,-8.25,-3.48,0.8311111111111111
25.708,-8.41,-3.36,0.7922222222222223
25.728,-8.43,-3.24,0.7511111111111111
25.748,-8.53,-3.14,0.7111111111111111
25.768,-8.59,-3.02,0.6744444444444444
25.788,-8.68,-2.92,0.6366666666666667
25.808,-8.72,-2.81,0.6033333333333334
25.828,-8.79,-2.73,0.5677777777777778
25.848,-8.84,-2.65,0.5344444444444445
25.868,-8.9,-2.54,0.5044444444444445
25.888,-8.95,-2.5,0.47
25.908,-8.94,-2.48,0.44
25.928,-8.31,-2.36,0.4088888888888889
25.948,-9.37,-2.12,0.39
25.968,-9.28,-1.78,0.34555555555555556
25.988,-9.09,-2.46,0.3211111111111111
26.008,-9.16,-1.82,0.2922222222222222
26.028,-9.27,-2.2,0.26666666666666666
26.048,-9.1,-1.87,0.2388888888888889
26.068,-9.22,-2.12,0.21222222222222223
26.088,-9.14,-1.82,0.18666666666666668
26.108,-9.23,-2.04,0.1622222222222222
26.128,-9.17,-1.8,0.13666666666666666
26.148,-9.23,-1.97,0.11222222222222222
26.168,-9.21,-1.78,0.08666666666666667
26.188,-9.26,-1.94,0.06111111111111111
26.208,-9.24,-1.81,0.03666666666666667
26.228,-9.26,-1.94,0.013333333333333334
26.248,-9.2,-1.83,-0.011111111111111112
26.268,-9.24,-1.93,-0.03333333333333333
26.288,-9.23,-1.87,-0.056666666666666664
26.308,-9.24,-1.96,-0.08222222222222222
26.328,-9.22,-1.91,-0.10333333333333333
26.348,-9.22,-1.97,-0.12555555555555556
26.368,-9.23,-1.96,-0.15
26.388,-9.21,-2.03,-0.17333333333333334
26.408,-9.19,-2.02,-0.19666666666666666
26.428,-9.18,-2.13,-0.22333333333333333
26.448,-9.14,-2.13,-0.2477777777777778
26.468,-9.12,-2.19,-0.27444444444444444
26.488,-9.1,-2.19,-0.29888888888888887
26.508,-9.07,-2.28,-0.32555555555555554
26.528,-9.05,-2.28,-0.3511111111111111
26.548,-9.02,-2.39,-0.38
26.568,-8.98,-2.43,-0.41
26.588,-8.94,-2.52,-0.43666666666666665
26.608,-8.9,-2.59,-0.46555555555555556
26.628,-8.85,-2.69,-0.4955555555555556
26.648,-8.8,-2.75,-0.5277777777777778
26.668,-8.74,-2.85,-0.5588888888888889
26.688,-8.69,-2.94,-0.5911111111111111
26.708,-8.66,-3.03,-0.6255555555555555
26.728,-8.58,-3.12,-0.66
26.748,-8.51,-3.29,-0.6966666666666667
26.768,-8.44,-3.31,-0.7333333333333333
26.788,-8.33,-3.5,-0.77
26.808,-8.23,-3.57,-0.8088888888888889
26.828,-8.11,-3.72,-0.85
26.848,-8.02,-3.82,-0.8911111111111111
26.868,-7.85,-3.99,-0.9355555555555556
26.888,-7.79,-4.08,-0.98
26.908,-7.59,-4.29,-1.0222222222222221
26.928,-7.37,-4.44,-1.0733333333333333
26.948,-7.16,-4.65,-1.1211111111111112
26.968,-7.02,-4.74,-1.1722222222222223
26.988,-6.76,-4.96,-1.2244444444444444
27.008,-6.57,-5.08,-1.2766666666666666
27.028,-6.33,-5.32,-1.3322222222222222
27.048,-6.09,-5.42,-1.39
27.068,-5.76,-5.63,-1.45
27.088,-5.51,-5.77,-1.51
27.108,-5.12,-5.98,-1.5733333333333333
27.128,-4.95,-6.15,-1.6366666666666667
27.148,-4.44,-6.33,-1.7033333333333334
27.168,-4.14,-6.47,-1.771111111111111
27.188,-3.6,-6.66,-1.8388888888888888
27.208,-3.28,-6.77,-1.9133333333333333
27.228,-2.83,-6.81,-2.0188888888888887
27.248,-2.47,-6.84,-2.0633333333333335
27.268,-1.65,-8.01,-2.1222222222222222
27.288,-1.1,-7.29,-2.2111111111111112
27.308,-0.37,-7.72,-2.287777777777778
27.328,0.07,-7.6,-2.3644444444444446
27.348,0.76,-7.83,-2.45
27.368,1.35,-7.78,-2.53
27.388,2.17,-7.92,-2.61
27.408,2.86,-7.91,-2.692222222222222
27.428,3.55,-7.95,-2.7755555555555556
27.448,4.4,-7.98,-2.8577777777777778
27.468,5.37,-7.9,-2.9355555555555557
27.488,6.11,-7.81,-3.013333333333333
27.508,7.03,-7.75,-3.0933333333333333
27.528,7.69,-7.47,-3.1744444444444446
27.548,8.66,-7.37,-3.2466666666666666
27.568,9.31,-7.04,-3.318888888888889
27.588,10.28,-6.81,-3.39
27.608,10.97,-6.48,-3.457777777777778
27.628,11.83,-6.14,-3.5188888888888887
27.648,12.13,-6.13,-3.522222222222222
27.668,13.38,-5.24,-3.637777777777778
27.688,13.68,-4.9,-3.6855555555555557
27.708,14.45,-4.37,-3.727777777777778
27.728,14.81,-3.89,-3.7666666666666666
27.748,15.34,-3.22,-3.8
27.768,15.68,-2.7,-3.828888888888889
27.788,16.03,-1.93,-3.847777777777778
27.808,16.25,-1.41,-3.8644444444444446
27.828,16.42,-0.69,-3.862222222222222
27.848,16.38,-0.17,-3.86
27.868,16.43,0.4,-3.8533333333333335
27.888,16.19,1.01,-3.8377777777777777
27.908,16.11,1.85,-3.821111111111111
27.928,15.54,2.6,-3.796666666666667
27.948,15.29,3.04,-3.761111111111111
27.968,14.76,3.68,-3.721111111111111
27.988,13.86,4.36,-3.6911111111111112
28.008,13.62,4.83,-3.6266666666666665
28.028,12.88,5.31,-3.57
28.048,12.25,5.56,-3.51
28.068,11.37,6.13,-3.4455555555555555
28.088,10.86,6.21,-3.382222222222222
28.108,9.86,6.65,-3.311111111111111
28.128,9.26,6.92,-3.2311111111111113
28.148,8.32,7.1,-3.1566666666666667
28.168,7.48,7.31,-3.112222222222222
28.188,6.75,7.44,-2.988888888888889
28.208,6.05,7.64,-2.9044444444444446
28.228,5.15,7.67,-2.8244444444444445
28.248,4.51,7.79,-2.7377777777777776
28.268,3.64,7.75,-2.652222222222222
28.288,3.05,7.87,-2.5677777777777777
28.308,2.18,7.77,-2.482222222222222
28.328,1.69,7.74,-2.3966666666666665
28.348,0.99,7.53,-2.311111111111111
28.368,0.52,7.5,-2.23
28.388,-0.3,7.6,-2.148888888888889
28.408,-0.86,7.43,-2.068888888888889
28.428,-1.42,7.36,-1.9855555555555555
28.448,-1.9,7.27,-1.9055555555555554
28.468,-2.38,7.19,-1.83
28.488,-1.51,6.56,-1.7733333333333334
28.508,-3.67,7.18,-1.6866666666666668
28.528,-3.55,7.22,-1.61
28.548,-3.85,6.38,-1.5366666666666666
28.568,-4.29,6.59,-1.4666666666666666
28.588,-4.39,6.33,-1.3977777777777778
28.608,-4.85,6.23,-1.33
28.628,-5.09,5.98,-1.2666666666666666
28.648,-5.41,6.02,-1.201111111111111
28.668,-5.67,5.81,-1.14
28.688,-5.78,5.71,-1.08
28.708,-6.09,5.55,-1.0166666666666666
28.728,-6.23,5.45,-0.9577777777777777
28.748,-6.41,5.33,-0.9022222222222223
28.768,-6.58,5.24,-0.8466666666666667
28.788,-6.73,5.13,-0.79
28.808,-6.87,5.04,-0.7344444444444445
28.828,-6.99,4.96,-0.6833333333333333
28.848,-7.13,4.89,-0.6344444444444445
28.868,-7.25,4.78,-0.5833333333333334
28.888,-7.33,4.75,-0.5322222222222223
28.908,-7.42,4.63,-0.48333333333333334
28.928,-7.48,4.6,-0.43555555555555553
28.948,-7.6,4.54,-0.3877777777777778
28.968,-7.62,4.47,-0.34
28.988,-7.68,4.44,-0.2922222222222222
29.008,-7.7,4.39,-0.24555555555555555
29.028,-7.73,4.37,-0.2011111111111111
29.048,-7.75,4.34,-0.15555555555555556
29.068,-7.78,4.33,-0.11
29.088,-7.78,4.33,-0.06333333333333334
29.108,-7.77,4.32,-0.01888888888888889
29.128,-7.79,4.32,0.024444444444444446
29.148,-8.0,3.84,0.07777777777777778
29.168,-7.93,3.91,0.15
29.188,-7.67,3.42,0.21444444444444444
29.208,-7.78,3.75,0.29555555555555557
29.228,-7.53,3.39,0.38555555555555554
29.248,-7.58,3.86,0.47888888888888886
29.268,-7.39,3.34,0.5788888888888889
29.288,-7.32,3.39,0.6844444444444444
29.308,-7.02,3.66,0.7944444444444444
29.328,-6.77,3.54,0.9077777777777778
29.348,-6.57,3.27,1.0344444444444445
29.368,-6.25,3.19,1.1733333333333333
29.388,-5.67,3.99,1.3166666666666667
29.408,-5.25,4.59,1.4466666666666668
29.428,-5.11,5.44,1.5533333333333332
29.448,-4.94,5.34,1.64
29.468,-4.76,5.85,1.7133333333333334
29.488,-4.43,6.15,1.78
29.508,-3.81,6.57,1.8388888888888888
29.528,-3.22,6.61,1.9066666666666667
29.548,-2.61,6.97,1.98
29.568,-2.28,7.04,2.0544444444444445
29.588,-1.84,7.15,2.1255555555555556
29.608,-1.35,7.22,2.201111111111111
29.628,-0.98,7.28,2.278888888888889
29.648,-0.24,7.37,2.3544444444444443
29.668,0.29,7.5,2.431111111111111
29.688,1.26,7.68,2.511111111111111
29.708,1.92,7.77,2.588888888888889
29.728,2.87,7.88,2.671111111111111
29.748,3.45,7.81,2.756666666666667
29.768,3.74,8.47,2.8344444444444443
29.788,4.94,8.03,2.9166666666666665
29.808,5.75,7.79,2.991111111111111
29.828,6.66,7.91,3.0722222222222224
29.848,7.47,7.47,3.1533333333333333
29.868,8.32,7.5,3.2266666666666666
29.888,9.1,7.08,3.321111111111111
29.908,10.21,6.82,3.39
29.928,10.64,6.68,3.4544444444444444
29.948,11.93,6.21,3.528888888888889
29.968,12.22,5.91,3.591111111111111
29.988,13.55,5.12,3.66
30.008,13.42,5.1,3.7155555555555555
30.028,14.85,3.87,3.77
30.048,14.9,3.71,3.8266666666666667
30.068,15.71,2.96,3.85
30.088,15.85,2.58,3.8833333333333333
30.108,16.38,1.96,3.9155555555555557
30.128,16.66,1.24,3.931111111111111
30.148,3.57,6.4,3.7444444444444445
30.168,27.03,-2.16,3.8366666666666664
30.188,8.93,-0.52,3.727777777777778
30.208,15.05,-1.32,3.74
30.228,13.39,0.51,3.7088888888888887
30.248,15.6,-2.32,3.7044444444444444
30.268,14.48,-2.31,3.688888888888889
30.288,13.82,-4.28,3.65
30.308,14.0,-3.38,3.6133333333333333
30.328,14.48,-5.22,3.5633333333333335
30.348,14.17,-4.81,3.506666666666667
30.368,13.2,-5.71,3.45
30.388,11.97,-5.39,3.381111111111111
30.408,11.18,-5.93,3.338888888888889
30.428,11.36,-5.87,3.2777777777777777
30.448,10.26,-6.63,3.2066666666666666
30.468,9.45,-6.49,3.1422222222222222
30.488,7.93,-6.94,3.071111111111111
30.508,6.84,-7.37,2.988888888888889
30.528,6.07,-7.63,2.9144444444444444
30.548,5.26,-7.64,2.827777777777778
30.568,4.44,-7.99,2.6744444444444446
30.588,3.61,-7.85,2.6622222222222223
30.608,2.85,-7.87,2.5744444444444445
30.628,2.09,-7.82,2.488888888888889
30.648,1.7,-7.72,2.4
30.668,1.57,-7.75,2.312222222222222
30.688,1.32,-8.1,2.2288888888888887
30.708,0.49,-7.93,2.141111111111111
30.728,-0.35,-7.6,2.0566666666666666
30.748,-0.88,-7.67,1.9755555555555555
30.768,-1.39,-7.44,1.8966666666666667
30.788,-1.75,-7.4,1.81
30.808,-2.22,-7.14,1.73
30.828,-2.59,-7.15,1.6477777777777778
30.848,-3.17,-6.89,1.5655555555555556
30.868,-3.51,-6.87,1.49
30.888,-3.76,-6.79,1.43
30.908,-4.11,-6.54,1.3733333333333333
30.928,-4.48,-6.63,1.2533333333333334
30.948,-4.87,-6.51,1.18
30.968,-4.98,-5.99,1.11
30.988,-5.63,-6.14,1.038888888888889
31.008,-5.77,-5.64,0.9711111111111111
31.028,-6.12,-6.13,0.9044444444444445
31.048,-6.26,-5.72,0.8355555555555556
31.068,-6.56,-5.81,0.77
31.088,-6.64,-5.58,0.7044444444444444
31.108,-6.73,-5.72,0.64
31.128,-6.77,-5.42,0.5755555555555556
31.148,-6.96,-5.55,0.5144444444444445
31.168,-6.96,-5.32,0.45444444444444443
31.188,-7.0,-5.34,0.39111111111111113
31.208,-6.98,-5.27,0.3288888888888889
31.228,-6.97,-5.35,0.2677777777777778
31.248,-6.84,-5.24,0.20666666666666667
31.268,-6.88,-5.32,0.14555555555555555
31.288,-6.81,-5.21,0.08444444444444445
31.308,-6.91,-5.26,0.03
31.328,-6.88,-5.16,-0.028888888888888888
31.348,-6.95,-5.23,-0.08777777777777777
31.368,-6.95,-5.22,-0.14666666666666667
31.388,-6.97,-5.31,-0.20555555555555555
31.408,-6.95,-5.37,-0.2611111111111111
31.428,-6.98,-5.42,-0.3211111111111111
31.448,-6.96,-5.48,-0.3811111111111111
31.468,-6.89,-5.47,-0.4411111111111111
31.488,-6.87,-5.58,-0.5033333333333333
31.508,-6.79,-5.51,-0.5622222222222222
31.528,-6.7,-5.62,-0.6211111111111111
31.548,-6.61,-5.66,-0.6833333333333333
31.568,-6.38,-5.82,-0.7444444444444445
31.588,-6.2,-5.91,-0.8055555555555556
31.608,-5.87,-6.04,-0.8666666666666667
31.628,-5.73,-6.06,-0.9366666666666666
31.648,-5.39,-6.18,-1.0
31.668,-5.23,-6.27,-1.0666666666666667
31.688,-5.0,-6.36,-1.1355555555555557
31.708,-4.74,-6.6,-1.2055555555555555
31.728,-4.34,-6.7,-1.2766666666666666
31.748,-4.12,-6.83,-1.3477777777777777
31.768,-3.69,-6.95,-1.4188888888888889
31.788,-3.43,-6.97,-1.4955555555555555
31.808,-3.13,-7.03,-1.5888888888888888
31.828,-2.37,-7.26,-1.6777777777777778
31.848,-2.23,-7.3,-1.7144444444444444
31.868,-1.86,-7.45,-1.7966666666666666
31.888,-1.23,-7.52,-1.8766666666666667
31.908,-0.75,-7.76,-1.958888888888889
31.928,-0.16,-7.73,-2.04
31.948,0.22,-7.87,-2.12
31.968,0.77,-7.9,-2.201111111111111
31.988,1.5,-7.83,-2.28
32.008,2.3,-8.05,-2.3633333333333333
32.028,2.72,-7.84,-2.4433333333333334
32.048,3.6,-7.87,-2.5244444444444443
32.068,4.23,-7.96,-2.6055555555555556
32.088,5.08,-7.8,-2.687777777777778
32.108,5.73,-7.67,-2.7644444444444445
32.128,6.7,-7.55,-2.841111111111111
32.148,7.31,-7.38,-2.9166666666666665
32.168,8.24,-7.12,-2.991111111111111
32.188,8.92,-6.93,-3.06
32.208,9.87,-6.52,-3.131111111111111
32.228,10.5,-6.37,-3.192222222222222
32.248,11.35,-5.92,-3.2511111111111113
32.268,11.8,-5.72,-3.311111111111111
32.288,12.61,-5.23,-3.36
32.308,12.53,-5.54,-3.328888888888889
32.328,13.66,-4.32,-3.4566666666666666
32.348,13.85,-4.21,-3.4988888888888887
32.368,14.24,-3.36,-3.5344444444444445
32.388,14.6,-3.15,-3.5633333333333335
32.408,14.81,-2.28,-3.59
32.428,14.98,-1.84,-3.602222222222222
32.448,15.28,-0.93,-3.61
32.468,15.41,-0.56,-3.61
32.488,15.62,0.21,-3.6077777777777778
32.508,15.41,0.69,-3.591111111111111
32.528,15.49,1.52,-3.577777777777778
32.548,15.28,1.82,-3.5544444444444445
32.568,14.97,2.47,-3.52
32.588,14.77,2.89,-3.4922222222222223
32.608,14.23,3.54,-3.453333333333333
32.628,13.81,3.94,-3.4144444444444444
32.648,13.09,4.45,-3.36
32.668,12.49,4.78,-3.3177777777777777
32.688,11.97,5.46,-3.243333333333333
32.708,11.1,5.62,-3.1844444444444444
32.728,10.55,6.09,-3.117777777777778
32.748,9.9,6.41,-3.048888888888889
32.768,9.09,6.74,-2.9788888888888887
32.788,8.56,6.87,-2.91
32.808,7.67,7.16,-2.8466666666666667
32.828,7.07,7.34,-2.7377777777777776
32.848,6.27,7.52,-2.6544444444444446
32.868,5.71,7.56,-2.571111111111111
32.888,4.89,7.74,-2.49
32.908,4.38,7.72,-2.4055555555555554
32.928,3.62,7.75,-2.32
32.948,3.07,7.84,-2.2333333333333334
32.968,2.05,7.75,-2.151111111111111
32.988,1.67,7.88,-2.0644444444444443
33.008,1.03,7.78,-1.98
33.028,0.67,7.68,-1.8933333333333333
33.048,0.03,7.64,-1.81
33.068,-0.43,7.64,-1.7255555555555555
33.088,-0.89,7.45,-1.6444444444444444
33.108,-1.36,7.53,-1.5633333333333332
33.128,-1.91,7.6,-1.4822222222222223
33.148,-2.07,7.19,-1.4044444444444444
33.168,-2.55,7.23,-1.3255555555555556
33.188,-2.82,7.11,-1.2477777777777779
33.208,-3.26,7.09,-1.17
33.228,-3.42,7.06,-1.0944444444444446
33.248,-3.77,6.95,-1.018888888888889
33.268,-3.95,6.88,-0.9444444444444444
33.288,-4.23,6.84,-0.8722222222222222
33.308,-4.34,6.79,-0.8
33.328,-4.56,6.68,-0.7288888888888889
33.348,-4.65,6.66,-0.6555555555555556
33.368,-4.85,6.62,-0.5855555555555556
33.388,-4.96,6.61,-0.5133333333333333
33.408,-5.01,6.49,-0.44555555555555554
33.428,-5.1,6.48,-0.37777777777777777
33.448,-5.16,6.41,-0.31
33.468,-5.22,6.4,-0.24333333333333335
33.488,-5.28,6.37,-0.17666666666666667
33.508,-5.33,6.36,-0.11
33.528,-5.35,6.36,-0.04111111111111111
33.548,-5.36,6.37,0.023333333333333334
33.568,-4.95,5.86,0.11
33.588,-4.13,5.28,0.19777777777777777
33.608,-5.51,5.91,0.30666666666666664
33.628,-4.91,5.3,0.40555555555555556
33.648,-5.22,6.05,0.5111111111111111
33.668,-4.42,5.03,0.6166666666666667
33.688,-4.84,5.67,0.7288888888888889
33.708,-4.49,5.12,0.8466666666666667
33.728,-4.22,4.88,0.9822222222222222
33.748,-4.01,5.13,1.1377777777777778
33.768,-3.24,4.77,1.3077777777777777
33.788,-2.99,4.77,1.4877777777777779
33.808,-2.36,4.89,1.6655555555555555
33.828,-1.8,5.8,1.8277777777777777
33.848,-1.06,6.89,1.951111111111111
33.868,-0.79,7.97,2.042222222222222
33.888,-0.16,7.6,2.121111111111111
33.908,0.2,7.95,2.201111111111111
33.928,0.86,7.75,2.283333333333333
33.948,1.45,8.14,2.3644444444444446
33.968,2.51,8.0,2.4466666666666668
33.988,3.07,7.92,2.53
34.008,3.95,7.89,2.6166666666666667
34.028,4.48,7.92,2.7
34.048,5.26,7.85,2.7822222222222224
34.068,6.06,7.68,2.86
34.088,6.97,7.52,2.942222222222222
34.108,7.58,7.41,3.022222222222222
34.128,8.56,7.17,3.101111111111111
34.148,9.2,6.96,3.198888888888889
34.168,10.13,6.51,3.241111111111111
34.188,10.84,6.47,3.32
34.208,11.73,6.01,3.3855555555555554
34.228,12.21,5.76,3.4466666666666668
34.248,13.0,5.32,3.506666666666667
34.268,13.21,5.19,3.5677777777777777
34.288,14.14,4.31,3.6077777777777778
34.308,15.34,2.81,3.65
34.328,15.45,3.01,3.6822222222222223
34.348,15.02,2.75,3.7155555555555555
34.368,15.72,2.31,3.74
34.388,15.76,1.48,3.767777777777778
34.408,15.92,1.11,3.783333333333333
34.428,16.04,0.12,3.783333333333333
34.448,16.04,-0.23,3.7866666666666666
34.468,15.86,-1.13,3.7777777777777777
34.488,15.8,-1.67,3.7744444444444443
34.508,15.51,-2.23,3.7511111111111113
34.528,15.15,-2.94,3.7244444444444444
34.548,14.87,-3.53,3.6955555555555555
34.568,14.34,-4.02,3.6533333333333333
34.588,13.91,-4.38,3.61
34.608,13.18,-4.95,3.5633333333333335
34.628,12.63,-5.34,3.5055555555555555
34.648,11.76,-5.74,3.4466666666666668
34.668,11.2,-6.2,3.3844444444444446
34.688,10.18,-6.47,3.316666666666667
34.708,9.43,-6.79,3.25
34.728,8.68,-7.02,3.1733333333333333
34.748,8.01,-7.27,3.1
34.768,7.12,-7.45,3.02
34.788,6.4,-7.57,2.942222222222222
34.808,5.44,-7.66,2.8544444444444443
34.828,4.81,-7.19,2.71
34.848,4.02,-7.88,2.69
34.868,3.29,-7.9,2.608888888888889
34.888,2.39,-7.89,2.52
34.908,1.87,-7.76,2.44
34.928,1.08,-7.77,2.351111111111111
34.948,0.34,-7.77,2.27
34.968,-0.33,-7.62,2.1844444444444444
34.988,-0.73,-7.6,2.1044444444444443
35.008,-1.33,-7.5,2.02
35.028,-1.69,-7.37,1.9377777777777778
35.048,-2.3,-7.18,1.86
35.068,-2.72,-7.05,1.78
35.088,-3.23,-6.88,1.7
35.108,-3.52,-6.83,1.6277777777777778
35.128,-3.83,-6.78,1.5577777777777777
35.148,-3.97,-6.76,1.54
35.168,-4.67,-6.45,1.4
35.188,-5.01,-6.18,1.3377777777777777
35.208,-5.38,-6.12,1.2633333333333334
35.228,-5.59,-5.99,1.1977777777777778
35.248,-5.88,-5.9,1.13
35.268,-6.08,-5.73,1.0633333333333332
35.288,-6.36,-5.6,0.9988888888888889
35.308,-6.47,-5.5,0.9333333333333333
35.328,-6.68,-5.39,0.8711111111111111
35.348,-6.78,-5.28,0.81
35.368,-6.95,-5.19,0.7511111111111111
35.388,-7.05,-5.1,0.69
35.408,-7.17,-5.04,0.6322222222222222
35.428,-7.23,-4.98,0.5766666666666667
35.448,-7.33,-4.9,0.52
35.468,-7.4,-4.83,0.4622222222222222
35.488,-7.46,-4.79,0.4077777777777778
35.508,-7.51,-4.73,0.35444444444444445
35.528,-7.58,-4.68,0.29777777777777775
35.548,-7.64,-4.67,0.24555555555555555
35.568,-7.66,-4.61,0.19
35.588,-7.72,-4.6,0.14
35.608,-7.76,-4.57,0.08777777777777777
35.628,-7.74,-4.57,0.034444444444444444
35.648,-7.78,-4.6,-0.02
35.668,-7.79,-4.56,-0.07
35.688,-7.81,-4.6,-0.12
35.708,-7.76,-4.63,-0.17222222222222222
35.728,-7.74,-4.68,-0.2222222222222222
35.748,-7.73,-4.69,-0.27444444444444444
35.768,-7.65,-4.73,-0.32666666666666666
35.788,-7.59,-4.77,-0.37777777777777777
35.808,-7.51,-4.82,-0.43
35.828,-7.43,-4.87,-0.48333333333333334
35.848,-7.31,-4.97,-0.5366666666666666
35.868,-7.23,-5.01,-0.5933333333333334
35.888,-7.06,-5.1,-0.65
35.908,-6.96,-5.2,-0.7055555555555556
35.928,-6.71,-5.35,-0.7633333333333333
35.948,-6.61,-5.41,-0.8255555555555556
35.968,-6.42,-5.55,-0.8822222222222222
35.988,-6.27,-5.62,-0.9455555555555556
36.008,-6.04,-5.78,-1.0055555555555555
36.028,-5.89,-5.88,-1.07
36.048,-5.64,-6.02,-1.1333333333333333
36.068,-5.46,-6.13,-1.2
36.088,-5.11,-6.28,-1.2644444444444445
36.108,-4.91,-6.38,-1.3333333333333333
36.128,-4.55,-6.53,-1.4011111111111112
36.148,-4.28,-6.66,-1.4722222222222223
36.168,-3.86,-6.78,-1.5444444444444445
36.188,-3.54,-6.92,-1.6155555555555556
36.208,-3.08,-7.02,-1.69
36.228,-2.87,-6.95,-1.8
36.248,-2.24,-7.45,-1.8533333333333333
36.268,-1.77,-7.33,-1.9188888888888889
36.288,-1.06,-7.58,-2.0
36.308,-0.69,-7.54,-2.0755555555555554
36.328,0.03,-7.7,-2.1566666666666667
36.348,0.45,-7.74,-2.236666666666667
36.368,1.28,-7.83,-2.321111111111111
36.388,1.69,-7.89,-2.401111111111111
36.408,2.59,-7.87,-2.4855555555555555
36.428,3.13,-7.91,-2.5644444444444443
36.448,4.03,-7.92,-2.6455555555555557
36.468,4.61,-7.87,-2.73
36.488,5.48,-7.74,-2.8066666666666666
36.508,6.13,-7.67,-2.891111111111111
36.528,7.05,-7.49,-2.9644444444444447
36.548,7.68,-7.41,-3.0433333333333334
36.568,8.64,-7.11,-3.112222222222222
36.588,9.21,-6.93,-3.183333333333333
36.608,10.13,-6.6,-3.2511111111111113
36.628,10.75,-6.35,-3.318888888888889
36.648,11.54,-5.93,-3.3733333333333335
36.668,12.04,-5.58,-3.428888888888889
36.688,13.11,-3.9,-3.4122222222222223
36.708,13.41,-4.73,-3.53
36.728,13.92,-4.07,-3.5744444444444445
36.748,14.39,-3.72,-3.61
36.768,14.88,-2.97,-3.6355555555555554
36.788,15.1,-2.61,-3.66
36.808,15.47,-1.79,-3.6777777777777776
36.828,15.71,-1.47,-3.69
36.848,15.82,-0.65,-3.69
36.868,15.9,-0.3,-3.687777777777778
36.888,15.85,0.4,-3.68
36.908,15.68,1.14,-3.6655555555555557
36.928,15.36,1.85,-3.648888888888889
36.948,15.14,2.37,-3.62
36.968,14.67,3.21,-3.5866666666666664
36.988,14.3,3.4,-3.55
37.008,13.77,4.21,-3.5033333333333334
37.028,13.21,4.45,-3.4611111111111112
37.048,12.72,5.17,-3.3944444444444444
37.068,12.12,5.37,-3.338888888888889
37.088,11.49,5.78,-3.278888888888889
37.108,10.76,6.12,-3.2088888888888887
37.128,9.93,6.64,-3.141111111111111
37.148,9.35,6.68,-3.0677777777777777
37.168,8.4,7.02,-2.99
37.188,7.9,7.13,-2.933333333333333
37.208,6.95,7.42,-2.83
37.228,6.39,7.52,-2.7444444444444445
37.248,5.53,7.71,-2.66
37.268,4.93,7.64,-2.571111111111111
37.288,4.07,7.78,-2.488888888888889
37.308,3.52,7.84,-2.4066666666666667
37.328,2.75,7.9,-2.32
37.348,2.3,7.95,-2.2355555555555555
37.368,1.48,7.88,-2.148888888888889
37.388,1.03,7.77,-2.07
37.408,0.36,7.69,-1.981111111111111
37.428,0.0,7.52,-1.9
37.448,-0.58,7.53,-1.82
37.468,-1.15,7.52,-1.7377777777777779
37.488,-1.74,7.59,-1.6566666666666667
37.508,-1.89,7.25,-1.58
37.528,-2.48,7.31,-1.498888888888889
37.548,-2.69,7.13,-1.4233333333333333
37.568,-3.09,7.07,-1.3455555555555556
37.588,-3.39,6.95,-1.27
37.608,-3.76,6.93,-1.1977777777777778
37.628,-3.82,6.77,-1.1244444444444444
37.648,-4.24,6.76,-1.0522222222222222
37.668,-4.46,6.61,-0.9822222222222222
37.688,-4.74,6.53,-0.9122222222222223
37.708,-4.93,6.48,-0.8444444444444444
37.728,-5.1,6.38,-0.7766666666666666
37.748,-5.25,6.26,-0.7111111111111111
37.768,-5.44,6.22,-0.6433333333333333
37.788,-5.56,6.16,-0.5788888888888889
37.808,-5.71,6.08,-0.5155555555555555
37.828,-5.79,6.04,-0.45
37.848,-5.91,5.98,-0.3877777777777778
37.868,-5.97,5.93,-0.3244444444444444
37.888,-6.05,5.93,-0.2611111111111111
37.908,-6.12,5.9,-0.1988888888888889
37.928,-6.15,5.88,-0.13777777777777778
37.948,-6.14,5.88,-0.07444444444444444
37.968,-6.16,5.87,-0.011111111111111112
37.988,-6.15,5.89,0.04777777777777778
38.008,-6.12,5.91,0.10666666666666667
38.028,-6.09,5.93,0.16666666666666666
38.048,-6.03,5.96,0.22666666666666666
38.068,-5.93,6.04,0.3011111111111111
38.088,-5.53,4.98,0.39222222222222225
38.108,-6.42,5.11,0.5033333333333333
38.128,-5.6,3.74,0.6466666666666666
38.148,-5.63,3.86,0.8077777777777778
38.168,-4.9,3.98,0.9911111111111112
38.188,-4.2,4.55,1.1722222222222223
38.208,-3.6,5.02,1.3377777777777777
38.228,-3.32,5.29,1.49
38.248,-3.32,5.89,1.6222222222222222
38.268,-3.12,6.42,1.74
38.288,-2.66,6.75,1.8322222222222222
38.308,-2.41,7.22,1.9122222222222223
38.328,-1.76,7.44,1.988888888888889
38.348,-1.23,7.48,2.028888888888889
38.368,-0.33,7.63,2.141111111111111
38.388,0.12,7.72,2.18
38.408,0.85,7.82,2.3044444444444445
38.428,1.27,7.81,2.3433333333333333
38.448,1.95,7.8,2.466666666666667
38.468,2.46,7.94,2.5044444444444443
38.488,3.26,7.87,2.6277777777777778
38.508,3.98,7.87,2.672222222222222
38.528,4.96,7.81,2.7944444444444443
38.548,5.77,7.66,2.841111111111111
38.568,6.68,7.54,2.9555555555555557
38.588,7.46,7.61,2.993333333333333
38.608,8.35,7.3,3.1133333333333333
38.628,8.99,7.24,3.15
38.648,10.02,6.97,3.2455555555555557
38.668,10.49,6.75,3.29
38.688,11.24,6.35,3.358888888888889
38.708,11.9,5.98,3.428888888888889
38.728,12.59,5.53,3.491111111111111
38.748,13.16,5.05,3.5555555555555554
38.768,13.84,4.46,3.6
38.788,14.31,4.08,3.6466666666666665
38.808,14.59,3.82,3.69
38.828,15.26,3.19,3.73
38.848,15.56,2.38,3.76
38.868,15.73,2.03,3.7955555555555556
38.888,15.93,0.77,3.811111111111111
38.908,16.16,0.51,3.8222222222222224
38.928,16.25,-0.27,3.8255555555555554
38.948,16.27,-0.94,3.8244444444444445
38.968,16.19,-1.72,3.8144444444444443
38.988,15.67,-2.1,3.8033333333333332
39.008,15.39,-2.94,3.78
39.028,15.17,-3.29,3.75
39.048,14.52,-3.94,3.7177777777777776
39.068,14.07,-4.23,3.678888888888889
39.088,13.25,-4.95,3.6366666666666667
39.108,12.75,-5.43,3.59
39.128,11.85,-5.91,3.53
39.148,11.18,-6.07,3.471111111111111
39.168,10.25,-6.54,3.4044444444444446
39.188,9.6,-6.7,3.3344444444444443
39.208,9.2,-7.04,3.26
39.228,7.87,-7.44,3.19
39.248,7.1,-7.32,3.112222222222222
39.268,6.35,-7.7,3.033333333333333
39.288,5.46,-7.44,2.951111111111111
39.308,5.19,-7.98,2.827777777777778
39.328,3.93,-7.92,2.778888888888889
39.348,3.5,-7.91,2.6966666666666668
39.368,2.52,-7.77,2.612222222222222
39.388,2.05,-7.98,2.522222222222222
39.408,1.28,-7.67,2.4466666666666668
39.428,0.62,-7.74,2.361111111111111
39.448,0.04,-7.53,2.272222222222222
39.468,-0.54,-7.61,2.192222222222222
39.488,-1.12,-7.29,2.1066666666666665
39.508,-1.67,-7.38,2.03
39.528,-2.21,-7.07,1.9477777777777778
39.548,-2.61,-7.09,1.87
39.568,-3.16,-6.81,1.79
39.588,-3.48,-6.81,1.7133333333333334
39.608,-3.84,-6.77,1.6477777777777778
39.628,-4.52,-5.93,1.6277777777777778
39.648,-4.82,-6.42,1.49
39.668,-5.07,-6.11,1.42
39.688,-5.47,-6.03,1.3511111111111112
39.708,-5.65,-5.93,1.281111111111111
39.728,-5.95,-5.81,1.218888888888889
39.748,-6.15,-5.63,1.1488888888888888
39.768,-6.36,-5.54,1.0855555555555556
39.788,-6.46,-5.41,1.0233333333333334
39.808,-6.66,-5.3,0.96
39.828,-6.75,-5.22,0.8988888888888888
39.848,-6.92,-5.04,0.84
39.868,-7.03,-4.97,0.78
39.888,-7.23,-4.85,0.7266666666666667
39.908,-7.3,-4.77,0.67
39.928,-7.46,-4.7,0.6133333333333333
39.948,-7.54,-4.59,0.56
39.968,-7.64,-4.54,0.5066666666666667
39.988,-7.72,-4.49,0.45555555555555555
40.008,-7.82,-4.41,0.4022222222222222
40.028,-7.87,-4.36,0.35
40.048,-7.96,-4.31,0.3011111111111111
40.068,-8.02,-4.27,0.25
40.088,-8.08,-4.24,0.2011111111111111
40.108,-8.12,-4.19,0.1511111111111111
40.128,-8.11,-4.21,0.1
40.148,-8.12,-4.21,0.05
40.168,-8.09,-4.23,0.0022222222222222222
40.188,-8.08,-4.26,-0.04555555555555556
40.208,-8.03,-4.32,-0.09222222222222222
40.228,-7.99,-4.29,-0.1411111111111111
40.248,-7.94,-4.35,-0.18888888888888888
40.268,-7.89,-4.36,-0.2388888888888889
40.288,-7.85,-4.42,-0.28555555555555556
40.308,-7.78,-4.43,-0.33444444444444443
40.328,-7.72,-4.53,-0.38666666666666666
40.348,-7.61,-4.56,-0.43555555555555553
40.368,-7.61,-4.64,-0.4866666666666667
40.388,-7.48,-4.69,-0.54
40.408,-7.42,-4.78,-0.5911111111111111
40.428,-7.3,-4.85,-0.6433333333333333
40.448,-7.24,-4.94,-0.6966666666666667
40.468,-7.07,-5.04,-0.7522222222222222
40.488,-6.95,-5.2,-0.81
40.508,-6.88,-5.24,-0.8666666666666667
40.528,-6.67,-5.38,-0.92
40.548,-6.47,-5.5,-0.9811111111111112
40.568,-6.29,-5.64,-1.04
40.588,-6.08,-5.71,-1.1
40.608,-5.79,-5.87,-1.1622222222222223
40.628,-5.58,-5.99,-1.2255555555555555
40.648,-5.23,-6.15,-1.2933333333333332
40.668,-4.94,-6.28,-1.36
40.688,-4.54,-6.48,-1.4266666666666667
40.708,-4.28,-6.53,-1.4966666666666666
40.728,-3.81,-6.74,-1.5666666666666667
40.748,-3.54,-6.8,-1.6366666666666667
40.768,-3.05,-7.0,-1.71
40.788,-2.81,-6.99,-1.7955555555555556
40.808,-1.23,-8.0,-1.9266666666666667
40.828,-1.8,-7.32,-1.94
40.848,-1.3,-7.48,-2.017777777777778
40.868,-0.49,-7.54,-2.098888888888889
40.888,0.05,-7.79,-2.181111111111111
40.908,0.7,-7.76,-2.26
40.928,1.2,-7.87,-2.3433333333333333
40.948,1.98,-7.94,-2.4244444444444446
40.968,2.48,-7.83,-2.5055555555555555
40.988,3.48,-7.97,-2.59
41.008,4.0,-7.9,-2.67
41.028,4.91,-7.82,-2.7511111111111113
41.048,5.54,-7.74,-2.83
41.068,6.45,-7.6,-2.91
41.088,7.1,-7.49,-2.99
41.108,8.03,-7.28,-3.0633333333333335
41.128,9.04,-7.01,-3.138888888888889
41.148,9.61,-6.79,-3.2066666666666666
41.168,10.59,-6.49,-3.2777777777777777
41.188,11.13,-6.25,-3.341111111111111
41.208,12.0,-5.71,-3.4
41.228,12.22,-6.03,-3.4466666666666668
41.248,13.33,-4.86,-3.462222222222222
41.268,13.68,-4.58,-3.561111111111111
41.288,14.37,-3.83,-3.6
41.308,14.68,-3.5,-3.638888888888889
41.328,15.09,-2.74,-3.668888888888889
41.348,15.44,-2.36,-3.692222222222222
41.368,15.48,-1.87,-3.707777777777778
41.388,15.82,-1.08,-3.718888888888889
41.408,15.82,-0.64,-3.7255555555555557
41.428,15.84,0.35,-3.73
41.448,15.85,0.52,-3.718888888888889
41.468,15.63,1.34,-3.701111111111111
41.488,15.5,1.87,-3.683333333333333
41.508,15.12,2.37,-3.651111111111111
41.528,15.0,3.12,-3.62
41.548,14.41,3.65,-3.58
41.568,14.07,4.09,-3.54
41.588,13.35,4.51,-3.49
41.608,12.77,4.9,-3.4411111111111112
41.628,12.07,5.58,-3.367777777777778
41.648,11.63,5.51,-3.3133333333333335
41.668,10.71,6.08,-3.241111111111111
41.688,10.1,6.53,-3.172222222222222
41.708,9.28,6.81,-3.098888888888889
41.728,8.61,6.95,-3.0244444444444443
41.748,7.75,7.14,-2.977777777777778
41.768,6.81,7.41,-2.858888888888889
41.788,6.25,7.53,-2.7777777777777777
41.808,5.31,7.7,-2.6911111111111112
41.828,4.71,7.75,-2.608888888888889
41.848,3.63,7.84,-2.5244444444444443
41.868,3.1,7.87,-2.44
41.888,2.59,7.87,-2.3544444444444443
41.908,1.89,7.76,-2.27
41.928,1.34,7.77,-2.187777777777778
41.948,0.66,7.72,-2.098888888888889
41.968,0.22,7.58,-2.0188888888888887
41.988,-0.31,7.57,-1.9333333333333333
42.008,-0.98,7.55,-1.8555555555555556
42.028,-1.52,7.57,-1.771111111111111
42.048,-1.7,7.25,-1.691111111111111
42.068,-2.26,7.27,-1.6133333333333333
42.088,-2.53,7.1,-1.5355555555555556
42.108,-2.98,7.01,-1.4577777777777778
42.128,-3.31,6.96,-1.3866666666666667
42.148,-3.72,6.81,-1.3122222222222222
42.168,-4.09,6.84,-1.24
42.188,-4.26,6.59,-1.1655555555555555
42.208,-4.48,6.57,-1.0977777777777777
42.228,-4.77,6.42,-1.0266666666666666
42.248,-4.99,6.38,-0.9577777777777777
42.268,-5.22,6.26,-0.89
42.288,-5.35,6.21,-0.8255555555555556
42.308,-5.56,6.13,-0.76
42.328,-5.63,6.03,-0.6933333333333334
42.348,-5.83,5.96,-0.6311111111111111
42.368,-5.94,5.93,-0.5688888888888889
42.388,-6.04,5.82,-0.5055555555555555
42.408,-6.1,5.78,-0.4444444444444444
42.428,-6.28,5.78,-0.38333333333333336
42.448,-6.33,5.78,-0.32222222222222224
42.468,-6.34,5.68,-0.2633333333333333
42.488,-6.38,5.67,-0.20222222222222222
42.508,-6.42,5.64,-0.14444444444444443
42.528,-6.56,5.58,-0.07222222222222222
42.548,-7.4,5.93,0.0
42.568,-6.21,4.54,0.0811111111111111
42.588,-6.83,5.01,0.18333333333333332
42.608,-6.4,4.31,0.29444444444444445
42.628,-6.45,4.6,0.41444444444444445
42.648,-6.03,4.04,0.5488888888888889
42.668,-5.61,4.82,0.6877777777777778
42.688,-5.39,4.86,0.8166666666666667
42.708,-5.37,4.6,0.94
42.728,-5.38,4.57,1.0733333333333333
42.748,-5.31,4.08,1.22
42.768,-4.79,4.39,1.3766666666666667
42.788,-3.93,3.55,1.5533333333333332
42.808,-3.42,4.32,1.74
42.828,-1.96,5.81,1.9211111111111112
42.848,-1.17,6.81,2.0655555555555556
42.868,-0.73,6.21,2.171111111111111
42.888,-0.93,7.85,2.258888888888889
42.908,-0.4,7.46,2.3366666666666664
42.928,0.03,8.03,2.418888888888889
42.948,0.67,7.51,2.497777777777778
42.968,1.49,8.04,2.578888888888889
42.988,2.39,7.77,2.6644444444444444
43.008,3.47,7.88,2.7422222222222223
43.028,4.31,7.73,2.827777777777778
43.048,4.95,7.97,2.908888888888889
43.068,5.9,7.52,2.99
43.088,6.33,7.8,3.068888888888889
43.108,7.2,7.56,3.151111111111111
43.128,7.88,7.61,3.2311111111111113
43.148,8.9,7.12,3.31
43.168,10.21,7.1,3.41
43.188,11.03,6.53,3.45
43.208,11.55,6.62,3.5233333333333334
43.228,12.75,5.97,3.5933333333333333
43.248,13.07,5.68,3.6555555555555554
43.268,13.58,6.11,3.6911111111111112
43.288,14.68,4.1,3.7544444444444443
43.308,15.12,4.28,3.7955555555555556
43.328,15.14,3.71,3.84
43.348,15.72,2.91,3.878888888888889
43.368,16.02,2.75,3.9077777777777776
43.388,16.19,1.79,3.9344444444444444
43.408,16.54,1.48,3.957777777777778
43.428,16.47,0.47,3.9633333333333334
43.448,16.59,-0.06,3.977777777777778
43.468,16.49,-1.32,3.973333333333333
43.488,16.6,-1.61,3.957777777777778
43.508,16.4,-2.71,3.938888888888889
43.528,16.1,-2.92,3.911111111111111
43.548,15.67,-3.58,3.881111111111111
43.568,15.11,-3.71,3.841111111111111
43.588,14.47,-4.44,3.8022222222222224
43.608,14.04,-4.88,3.76
43.628,13.09,-5.35,3.703333333333333
43.648,12.38,-5.79,3.6433333333333335
43.668,11.34,-6.18,3.582222222222222
43.688,10.71,-6.77,3.51
43.708,9.64,-6.8,3.44
43.728,9.04,-7.27,3.368888888888889
43.748,8.01,-7.36,3.2955555555555556
43.768,7.39,-7.55,3.2055555555555557
43.788,6.37,-7.6,3.1277777777777778
43.808,5.67,-7.77,3.0433333333333334
43.828,4.48,-7.51,2.94
43.848,3.8,-7.93,2.8466666666666667
43.868,2.82,-7.77,2.79
43.888,2.13,-7.84,2.71
43.908,1.29,-7.8,2.62
43.928,1.08,-7.44,2.533333333333333
43.948,-0.07,-7.7,2.4522222222222223
43.968,-0.57,-7.38,2.3722222222222222
43.988,-1.22,-7.38,2.2844444444444445
44.008,-1.69,-7.11,2.2066666666666666
44.028,-2.35,-7.02,2.1266666666666665
44.048,-2.7,-6.82,2.048888888888889
44.068,-3.2,-6.74,1.9733333333333334
44.088,-3.53,-6.54,1.8977777777777778
44.108,-3.81,-6.58,1.8455555555555556
44.128,-4.95,-5.95,1.7866666666666666
44.148,-4.89,-5.89,1.6833333333333333
44.168,-5.18,-5.81,1.6155555555555556
44.188,-5.64,-5.58,1.55
44.208,-5.92,-5.39,1.49
44.228,-6.31,-5.28,1.4244444444444444
44.248,-6.56,-5.07,1.37
44.268,-6.86,-4.94,1.308888888888889
44.288,-6.98,-4.79,1.25
44.308,-7.26,-4.63,1.1966666666666668
44.328,-7.39,-4.43,1.14
44.348,-7.57,-4.29,1.09
44.368,-7.65,-4.14,1.041111111111111
44.388,-7.77,-4.01,0.9922222222222222
44.408,-7.82,-3.94,0.9422222222222222
44.428,-7.93,-3.77,0.8966666666666666
44.448,-8.03,-3.66,0.8544444444444445
44.468,-8.14,-3.52,0.81
44.488,-8.25,-3.4,0.7688888888888888
44.508,-8.33,-3.23,0.73
44.528,-8.42,-3.2,0.6888888888888889
44.548,-8.55,-3.12,0.6511111111111111
44.568,-8.58,-3.04,0.6155555555555555
44.588,-8.67,-2.95,0.5766666666666667
44.608,-8.74,-2.84,0.5422222222222223
44.628,-8.82,-2.7,0.5077777777777778
44.648,-8.89,-2.62,0.47444444444444445
44.668,-8.97,-2.52,0.44333333333333336
44.688,-9.03,-2.41,0.4088888888888889
44.708,-8.98,-2.44,0.3788888888888889
44.728,-8.95,-2.38,0.3433333333333333
44.748,-9.22,-2.31,0.31555555555555553
44.768,-9.18,-2.11,0.2877777777777778
44.788,-9.12,-2.08,0.2588888888888889
44.808,-9.16,-2.2,0.23
44.828,-9.12,-2.09,0.20222222222222222
44.848,-9.15,-2.16,0.17666666666666667
44.868,-9.12,-2.05,0.14777777777777779
44.888,-9.11,-2.12,0.12
44.908,-9.1,-2.08,0.09111111111111111
44.928,-9.1,-2.06,0.06555555555555556
44.948,-9.11,-2.04,0.03888888888888889
44.968,-9.1,-2.05,0.01
44.988,-9.12,-2.03,-0.012222222222222223
45.008,-9.14,-2.05,-0.03888888888888889
45.028,-9.16,-2.1,-0.06333333333333334
45.048,-9.18,-2.09,-0.09
45.068,-9.18,-2.14,-0.11444444444444445
45.088,-9.2,-2.18,-0.1411111111111111
45.108,-9.2,-2.16,-0.16777777777777778
45.128,-9.2,-2.17,-0.1922222222222222
45.148,-9.18,-2.19,-0.21777777777777776
45.168,-9.16,-2.26,-0.24444444444444444
45.188,-9.14,-2.31,-0.27
45.208,-9.11,-2.35,-0.2966666666666667
45.228,-9.05,-2.41,-0.32555555555555554
45.248,-9.0,-2.47,-0.3511111111111111
45.268,-8.95,-2.54,-0.38333333333333336
45.288,-8.9,-2.57,-0.41333333333333333
45.308,-8.84,-2.62,-0.4411111111111111
45.328,-8.78,-2.69,-0.47444444444444445
45.348,-8.73,-2.79,-0.5066666666666667
45.368,-8.69,-2.89,-0.54
45.388,-8.65,-3.0,-0.5722222222222222
45.408,-8.58,-3.09,-0.61
45.428,-8.52,-3.21,-0.6477777777777778
45.448,-8.44,-3.3,-0.6811111111111111
45.468,-8.37,-3.38,-0.7188888888888889
45.488,-8.3,-3.49,-0.76
45.508,-8.21,-3.63,-0.8011111111111111
45.528,-8.11,-3.72,-0.84
45.548,-8.0,-3.91,-0.8833333333333333
45.568,-7.92,-3.99,-0.9255555555555556
45.588,-7.75,-4.14,-0.97
45.608,-7.64,-4.27,-1.0166666666666666
45.628,-7.45,-4.42,-1.0622222222222222
45.648,-7.29,-4.55,-1.1111111111111112
45.668,-7.04,-4.72,-1.1633333333333333
45.688,-6.92,-4.86,-1.2166666666666666
45.708,-6.61,-5.07,-1.27
45.728,-6.39,-5.23,-1.3266666666666667
45.748,-6.08,-5.4,-1.3844444444444444
45.768,-5.85,-5.52,-1.4477777777777778
45.788,-5.37,-5.75,-1.5044444444444445
45.808,-5.15,-5.95,-1.5677777777777777
45.828,-4.78,-6.15,-1.6322222222222222
45.848,-4.43,-6.28,-1.7
45.868,-3.96,-6.53,-1.77
45.888,-3.67,-6.64,-1.84
45.908,-3.28,-6.75,-1.9166666666666667
45.928,-3.12,-6.62,-2.0044444444444443
45.948,-2.24,-7.12,-2.091111111111111
45.968,-1.91,-7.3,-2.12
45.988,-1.28,-7.29,-2.2088888888888887
46.008,-0.51,-7.58,-2.2888888888888888
46.028,0.12,-7.74,-2.3655555555555554
46.048,0.71,-7.6,-2.45
46.068,1.4,-7.79,-2.53
46.088,2.12,-7.92,-2.611111111111111
46.108,3.05,-8.01,-2.6933333333333334
46.128,3.63,-7.9,-2.772222222222222
46.148,4.57,-7.87,-2.8555555555555556
46.168,5.23,-7.75,-2.9366666666666665
46.188,6.2,-7.73,-3.0155555555555558
46.208,6.83,-7.58,-3.091111111111111
46.228,7.8,-7.45,-3.17
46.248,8.47,-7.26,-3.247777777777778
46.268,9.47,-7.01,-3.32
46.288,10.11,-6.8,-3.387777777777778
46.308,11.07,-6.44,-3.4566666666666666
46.328,11.73,-6.18,-3.5155555555555558
46.348,12.26,-6.18,-3.5522222222222224
46.368,13.48,-4.97,-3.6
46.388,13.8,-4.9,-3.678888888888889
46.408,14.29,-4.31,-3.7244444444444444
46.428,14.84,-3.79,-3.7644444444444445
46.448,15.29,-3.23,-3.792222222222222
46.468,15.67,-2.56,-3.8222222222222224
46.488,15.92,-2.03,-3.838888888888889
46.508,15.95,-1.35,-3.85
46.528,16.43,-0.68,-3.8577777777777778
46.548,16.46,-0.22,-3.8533333333333335
46.568,16.35,0.55,-3.8433333333333333
46.588,16.19,1.19,-3.8355555555555556
46.608,16.09,1.96,-3.81
46.628,15.66,2.53,-3.7866666666666666
46.648,15.48,2.85,-3.747777777777778
46.668,14.79,3.6,-3.71
46.688,14.47,4.04,-3.6666666666666665
46.708,13.78,4.57,-3.62
46.728,13.27,5.0,-3.5588888888888888
46.748,12.38,5.54,-3.506666666666667
46.768,11.86,5.96,-3.43
46.788,10.6,6.45,-3.3633333333333333
46.808,10.01,6.61,-3.2933333333333334
46.828,9.1,6.94,-3.2155555555555555
46.848,8.49,7.15,-3.181111111111111
46.868,7.4,7.54,-3.0855555555555556
46.888,6.85,7.47,-2.9744444444444444
46.908,5.9,7.75,-2.891111111111111
46.928,5.32,7.68,-2.81
46.948,4.4,7.85,-2.723333333333333
46.968,3.82,7.79,-2.637777777777778
46.988,3.0,7.89,-2.5533333333333332
47.008,2.39,7.79,-2.47
47.028,1.62,7.82,-2.38
47.048,1.21,7.64,-2.3022222222222224
47.068,0.51,7.5,-2.216666666666667
47.088,-0.04,7.37,-2.1333333333333333
47.108,-0.9,7.57,-2.0566666666666666
47.128,-1.65,7.8,-1.9755555555555555
47.148,-1.72,7.09,-1.8944444444444444
47.168,-2.18,7.27,-1.8166666666666667
47.188,-2.69,6.94,-1.74
47.208,-3.09,7.01,-1.6655555555555555
47.228,-3.44,6.71,-1.5911111111111111
47.248,-3.77,6.67,-1.5222222222222221
47.268,-4.26,6.45,-1.45
47.288,-4.52,6.43,-1.3811111111111112
47.308,-4.86,6.19,-1.3155555555555556
47.328,-5.15,6.16,-1.25
47.348,-5.39,6.0,-1.1844444444444444
47.368,-5.58,5.9,-1.1211111111111112
47.388,-5.8,5.77,-1.0577777777777777
47.408,-6.05,5.69,-0.9988888888888889
47.428,-6.22,5.53,-0.94
47.448,-6.34,5.4,-0.8844444444444445
47.468,-6.53,5.29,-0.8255555555555556
47.488,-6.68,5.23,-0.7966666666666666
47.508,-6.83,5.16,-0.7177777777777777
47.528,-6.91,5.04,-0.6633333333333333
47.548,-7.06,4.95,-0.6111111111111112
47.568,-7.13,4.9,-0.56
47.588,-7.27,4.81,-0.51
47.608,-7.32,4.76,-0.46
47.628,-7.42,4.68,-0.41
47.648,-7.5,4.65,-0.3622222222222222
47.668,-7.53,4.62,-0.31222222222222223
47.688,-7.61,4.56,-0.2677777777777778
47.708,-7.61,4.52,-0.22
47.728,-7.68,4.5,-0.17222222222222222
47.748,-7.62,4.61,-0.12
47.768,-7.19,3.4,-0.058888888888888886
47.788,-8.4,5.0,-0.0077777777777777776
47.808,-7.86,3.56,0.051111111111111114
47.828,-7.67,3.54,0.12
47.848,-7.61,3.33,0.20444444444444446
47.868,-7.37,3.1,0.3022222222222222
47.888,-7.21,4.12,0.4
47.908,-7.2,3.81,0.49777777777777776
47.928,-7.2,4.23,0.54
47.948,-7.11,4.14,0.6722222222222223
47.968,-7.28,3.96,0.7577777777777778
47.988,-6.96,4.15,0.8477777777777777
48.008,-6.84,4.07,0.9411111111111111
48.028,-6.37,4.37,1.04
48.048,-5.97,4.3,1.1466666666666667
48.068,-5.69,4.91,1.2544444444444445
48.088,-5.29,4.79,1.3044444444444445
48.108,-5.3,4.28,1.4777777777777779
48.128,-4.98,4.33,1.54
48.148,-4.19,5.15,1.7344444444444445
48.168,-3.64,6.04,1.8388888888888888
48.188,-3.13,7.05,1.92
48.208,-2.67,6.67,1.9966666666666666
48.228,-2.42,7.19,2.066666666666667
48.248,-2.1,6.78,2.138888888888889
48.268,-1.38,7.36,2.21
48.288,-0.81,7.27,2.2866666666666666
48.308,0.04,7.62,2.3644444444444446
48.328,0.5,7.59,2.4433333333333334
48.348,1.31,7.76,2.522222222222222
48.368,1.83,7.82,2.6044444444444443
48.388,2.58,8.01,2.69
48.408,3.25,7.86,2.77
48.428,4.08,7.96,2.851111111111111
48.448,5.08,7.6,2.931111111111111
48.468,5.86,7.81,3.0166666666666666
48.488,6.55,7.63,3.1
48.508,7.59,7.58,3.18
48.528,8.25,7.4,3.256666666666667
48.548,9.26,7.2,3.3544444444444443
48.568,9.97,6.92,3.4077777777777776
48.588,10.94,6.7,3.48
48.608,11.52,6.39,3.55
48.628,12.5,5.95,3.6144444444444446
48.648,12.81,5.72,3.6777777777777776
48.668,13.61,5.21,3.747777777777778
48.688,14.27,4.48,3.7644444444444445
48.708,14.82,4.46,3.8144444444444443
48.728,15.65,3.51,3.8444444444444446
48.748,15.86,3.06,3.901111111111111
48.768,16.09,2.48,3.9166666666666665
48.788,16.43,1.62,3.9477777777777776
48.808,16.57,1.21,3.9644444444444447
48.828,16.77,0.09,3.973333333333333
48.848,16.53,-0.44,3.9755555555555557
48.868,16.66,-1.31,3.97
48.888,16.42,-1.82,3.96
48.908,16.08,-2.66,3.937777777777778
48.928,15.76,-3.1,3.91
48.948,15.25,-3.74,3.8777777777777778
48.968,14.82,-4.16,3.8355555555555556
48.988,14.12,-4.87,3.7911111111111113
49.008,13.32,-4.55,3.7455555555555557
49.028,12.81,-6.08,3.6866666666666665
49.048,11.77,-5.62,3.621111111111111
49.068,10.96,-6.56,3.5633333333333335
49.088,10.28,-6.56,3.4944444444444445
49.108,9.28,-7.02,3.4166666666666665
49.128,9.24,-7.11,3.3466666666666667
49.148,7.7,-7.47,3.2666666666666666
49.168,6.95,-7.52,3.1844444444444444
49.188,5.86,-7.67,3.1
49.208,5.19,-7.39,3.0033333333333334
49.228,4.36,-7.92,2.902222222222222
49.248,3.56,-7.75,2.898888888888889
49.268,2.7,-7.89,2.7644444444444445
49.288,2.35,-7.42,2.721111111111111
49.308,1.21,-7.78,2.597777777777778
49.328,0.71,-7.55,2.5588888888888888
49.348,0.01,-7.57,2.431111111111111
49.368,-0.61,-7.3,2.3922222222222222
49.388,-1.29,-7.53,2.27
49.408,-1.72,-6.96,2.2333333333333334
49.428,-2.45,-6.98,2.111111111111111
49.448,-2.77,-6.84,2.033333333333333
49.468,-3.42,-6.67,1.961111111111111
49.488,-3.61,-6.61,1.9022222222222223
49.508,-5.24,-5.49,1.8777777777777778
49.528,-4.67,-6.12,1.7433333333333334
49.548,-5.02,-5.9,1.6755555555555555
49.568,-5.38,-5.73,1.61
49.588,-5.79,-5.48,1.5433333333333332
49.608,-6.02,-5.42,1.4844444444444445
49.628,-6.32,-5.18,1.4233333333333333
49.648,-6.52,-5.07,1.3622222222222222
49.668,-6.81,-4.83,1.308888888888889
49.688,-6.95,-4.73,1.2522222222222221
49.708,-7.2,-4.48,1.198888888888889
49.728,-7.36,-4.4,1.1444444444444444
49.748,-7.52,-4.2,1.0955555555555556
49.768,-7.65,-4.11,1.0455555555555556
49.788,-7.8,-3.91,1.0
49.808,-7.9,-3.8,0.9522222222222222
49.828,-8.07,-3.62,0.91
49.848,-8.18,-3.5,0.8866666666666667
49.868,-8.32,-3.3,0.8288888888888889
49.888,-8.37,-3.2,0.8066666666666666
49.908,-8.49,-3.07,0.7466666666666667
49.928,-8.55,-3.01,0.73
49.948,-8.67,-2.85,0.6744444444444444
49.968,-8.7,-2.82,0.6544444444444445
49.988,-8.8,-2.66,0.6022222222222222
50.008,-8.88,-2.61,0.5888888888888889
50.028,-8.91,-2.48,0.5377777777777778
50.048,-8.88,-2.48,0.52
50.068,-9.07,-2.36,0.47333333333333333
50.088,-9.17,-2.02,0.44555555555555554
50.108,-9.11,-2.26,0.41888888888888887
50.128,-9.11,-2.04,0.39
50.148,-9.16,-2.12,0.3622222222222222
50.168,-9.09,-1.96,0.33444444444444443
50.188,-9.13,-2.0,0.31
50.208,-9.15,-1.89,0.2822222222222222
50.228,-9.19,-1.87,0.2588888888888889
50.248,-9.21,-1.82,0.23333333333333334
50.268,-9.19,-1.83,0.2088888888888889
50.288,-9.21,-1.74,0.18666666666666668
50.308,-9.23,-1.76,0.1622222222222222
50.328,-9.23,-1.71,0.13555555555555557
50.348,-9.26,-1.71,0.11333333333333333
50.368,-9.28,-1.66,0.09111111111111111
50.388,-9.28,-1.68,0.06777777777777778
50.408,-9.3,-1.66,0.04555555555555556
50.428,-9.33,-1.67,0.022222222222222223
50.448,-9.33,-1.66,0.0
50.468,-9.33,-1.66,-0.02
50.488,-9.32,-1.69,-0.03
50.508,-9.32,-1.69,-0.06222222222222222
50.528,-9.3,-1.72,-0.07444444444444444
50.548,-9.29,-1.73,-0.10444444444444445
50.568,-9.28,-1.76,-0.11555555555555555
50.588,-9.27,-1.77,-0.1511111111111111
50.608,-9.24,-1.78,-0.16
50.628,-9.23,-1.82,-0.1922222222222222
50.648,-9.22,-1.87,-0.20666666666666667
50.668,-9.17,-1.91,-0.24
50.688,-9.15,-1.95,-0.25
50.708,-9.15,-1.99,-0.2866666666666667
50.728,-9.13,-2.05,-0.31333333333333335
50.748,-9.12,-2.1,-0.33555555555555555
50.768,-9.1,-2.15,-0.36333333333333334
50.788,-9.07,-2.21,-0.39
50.808,-9.05,-2.26,-0.4166666666666667
50.828,-9.01,-2.33,-0.4411111111111111
50.848,-9.01,-2.41,-0.47
50.868,-8.95,-2.55,-0.5
50.888,-8.89,-2.57,-0.5288888888888889
50.908,-8.81,-2.72,-0.5577777777777778
50.928,-8.77,-2.77,-0.59
50.948,-8.71,-2.87,-0.6211111111111111
50.968,-8.65,-2.97,-0.6555555555555556
50.988,-8.55,-3.1,-0.6733333333333333
51.008,-8.49,-3.19,-0.7255555555555555
51.028,-8.38,-3.3,-0.7611111111111111
51.048,-8.28,-3.43,-0.8
51.068,-8.18,-3.57,-0.8411111111111111
51.088,-8.08,-3.68,-0.86
51.108,-7.93,-3.83,-0.9222222222222223
51.128,-7.84,-3.95,-0.9455555555555556
51.148,-7.67,-4.13,-1.011111111111111
51.168,-7.54,-4.26,-1.0333333333333334
51.188,-7.37,-4.39,-1.1066666666666667
51.208,-7.24,-4.53,-1.1277777777777778
51.228,-6.99,-4.73,-1.2044444444444444
51.248,-6.86,-4.85,-1.23
51.268,-6.58,-5.05,-1.3122222222222222
51.288,-6.37,-5.2,-1.34
51.308,-6.08,-5.45,-1.4255555555555555
51.328,-5.84,-5.58,-1.4544444444444444
51.348,-5.49,-5.79,-1.5444444444444445
51.368,-5.24,-5.89,-1.61
51.388,-4.82,-6.13,-1.6744444444444444
51.408,-4.5,-6.25,-1.738888888888889
51.428,-4.02,-6.47,-1.808888888888889
51.448,-3.75,-6.56,-1.8777777777777778
51.468,-3.31,-6.66,-1.9544444444444444
51.488,-2.99,-6.61,-1.998888888888889
51.508,-2.16,-6.88,-2.088888888888889
51.528,-0.7,-8.45,-2.17
51.548,-0.9,-7.36,-2.2088888888888887
51.568,-0.51,-7.5,-2.331111111111111
51.588,0.22,-7.6,-2.368888888888889
51.608,0.65,-7.66,-2.45
51.628,1.46,-7.79,-2.5322222222222224
51.648,2.12,-7.94,-2.612222222222222
51.668,3.01,-7.92,-2.7377777777777776
51.688,3.63,-7.93,-2.778888888888889
51.708,4.63,-7.82,-2.9
51.728,5.18,-7.82,-2.938888888888889
51.748,6.19,-7.68,-3.0644444444444443
51.768,6.84,-7.65,-3.098888888888889
51.788,7.82,-7.38,-3.216666666666667
51.808,8.53,-7.31,-3.25
51.828,9.51,-6.99,-3.36
51.848,10.21,-6.83,-3.3933333333333335
51.868,11.46,-6.29,-3.4944444444444445
51.888,12.02,-5.96,-3.528888888888889
51.908,12.79,-5.21,-3.5433333333333334
51.928,13.49,-5.19,-3.581111111111111
51.948,14.25,-4.73,-3.7133333333333334
51.968,14.62,-4.05,-3.736666666666667
51.988,15.29,-3.65,-3.787777777777778
52.008,15.41,-2.96,-3.8244444444444445
52.028,16.0,-2.39,-3.84
52.048,15.93,-1.74,-3.86
52.068,16.61,-1.08,-3.87
52.088,16.27,-0.62,-3.87
52.108,16.3,0.67,-3.868888888888889
52.128,16.38,0.49,-3.8577777777777778
52.148,16.22,1.51,-3.8533333333333335
52.168,15.9,1.76,-3.82
52.188,15.52,2.69,-3.8088888888888888
52.208,15.17,2.98,-3.772222222222222
52.228,14.64,3.87,-3.732222222222222
52.248,14.21,4.14,-3.69
52.268,13.57,4.89,-3.64
52.288,12.88,5.09,-3.5844444444444443
52.308,12.22,5.9,-3.4877777777777776
52.328,11.67,6.0,-3.457777777777778
52.348,10.69,6.39,-3.352222222222222
52.368,9.97,6.73,-3.3177777777777777
52.388,9.02,6.88,-3.203333333333333
52.408,8.46,7.21,-3.1755555555555555
52.428,7.34,7.45,-3.0455555555555556
52.448,6.83,7.51,-2.9988888888888887
52.468,5.85,7.7,-2.871111111111111
52.488,5.25,7.71,-2.831111111111111
52.508,4.32,7.83,-2.7055555555555557
52.528,3.75,7.85,-2.658888888888889
52.548,2.87,7.83,-2.5355555555555553
52.568,2.28,7.77,-2.493333333333333
52.588,1.59,7.79,-2.3633333333333333
52.608,1.13,7.55,-2.3222222222222224
52.628,0.38,7.59,-2.198888888888889
52.648,-0.25,7.52,-2.118888888888889
52.668,-1.12,7.7,-2.0344444444444445
52.688,-1.35,7.33,-1.9533333333333334
52.708,-1.9,7.25,-1.9177777777777778
52.728,-2.28,7.13,-1.801111111111111
52.748,-2.78,6.95,-1.7633333333333334
52.768,-3.1,6.92,-1.69
52.788,-3.58,6.69,-1.6144444444444443
52.808,-3.94,6.63,-1.5433333333333332
52.828,-4.39,6.59,-1.4744444444444444
52.848,-4.63,6.36,-1.4077777777777778
52.868,-5.07,6.12,-1.3433333333333333
52.888,-5.21,5.99,-1.2733333333333334
52.908,-5.56,5.88,-1.2122222222222223
52.928,-5.73,5.78,-1.15
52.948,-5.99,5.64,-1.0566666666666666
52.968,-6.16,5.5,-1.0277777777777777
52.988,-6.36,5.39,-0.9422222222222222
53.008,-6.54,5.23,-0.9122222222222223
53.028,-6.75,5.15,-0.83
53.048,-6.8,5.06,-0.8011111111111111
53.068,-7.03,4.97,-0.7233333333333334
53.088,-7.08,4.93,-0.6955555555555556
53.108,-7.22,4.79,-0.62
53.128,-7.29,4.77,-0.5944444444444444
53.148,-7.41,4.61,-0.52
53.168,-7.49,4.61,-0.5
53.188,-7.56,4.54,-0.4266666666666667
53.208,-7.63,4.52,-0.4011111111111111
53.228,-7.66,4.42,-0.33444444444444443
53.248,-7.72,4.4,-0.31
53.268,-7.78,4.36,-0.2644444444444444
53.288,-7.8,4.35,-0.19555555555555557
53.308,-7.84,4.29,-0.17222222222222222
53.328,-7.83,4.3,-0.13111111111111112
53.348,-7.85,4.28,-0.08444444444444445
53.368,-7.86,4.27,-0.02
53.388,-7.84,4.3,0.0011111111111111111
53.408,-7.83,4.32,0.042222222222222223
53.428,-8.38,3.18,0.09222222222222222
53.448,-8.13,3.14,0.17
53.468,-7.66,3.71,0.23
53.488,-7.38,2.85,0.31666666666666665
53.508,-7.62,3.13,0.41444444444444445
53.528,-7.31,3.44,0.5211111111111111
53.548,-7.11,3.86,0.6244444444444445
53.568,-7.12,4.06,0.7233333333333334
53.588,-7.07,3.96,0.86
53.608,-7.12,3.69,0.9044444444444445
53.628,-7.01,3.32,1.06
53.648,-6.66,3.25,1.1222222222222222
53.668,-6.13,3.37,1.3277777777777777
53.688,-5.53,3.71,1.4044444444444444
53.708,-4.87,4.27,1.6344444444444444
53.728,-4.49,4.37,1.7055555555555555
53.748,-4.07,4.76,1.9111111111111112
53.768,-3.89,5.08,1.971111111111111
53.788,-3.25,6.28,2.117777777777778
53.808,-2.74,6.5,2.1533333333333333
53.828,-2.0,7.07,2.2355555555555555
53.848,-1.6,7.15,2.3066666666666666
53.868,-0.75,7.41,2.378888888888889
53.888,-0.23,7.46,2.4522222222222223
53.908,0.45,7.68,2.531111111111111
53.928,1.09,7.69,2.61
53.948,1.98,7.85,2.6933333333333334
53.968,2.57,7.8,2.7711111111111113
53.988,3.54,7.9,2.8555555555555556
54.008,4.33,7.75,2.94
54.028,5.21,7.72,3.0166666666666666
54.048,5.92,7.83,3.101111111111111
54.068,6.95,7.63,3.187777777777778
54.088,7.67,7.7,3.2666666666666666
54.108,8.76,7.45,3.3466666666666667
54.128,9.41,7.1,3.433333333333333
54.148,10.55,6.95,3.5033333333333334
54.168,11.24,6.71,3.571111111111111
54.188,12.15,6.39,3.641111111111111
54.208,12.56,6.24,3.707777777777778
54.228,13.51,5.52,3.8155555555555556
54.248,14.5,4.83,3.828888888888889
54.268,14.72,5.01,3.888888888888889
54.288,15.68,3.75,3.9233333333333333
54.308,16.16,3.33,3.982222222222222
54.328,16.25,3.03,4.0
54.348,16.62,2.09,4.0488888888888885
54.368,16.69,1.73,4.058888888888889
54.388,16.97,0.76,4.078888888888889
54.408,17.06,0.22,4.084444444444444
54.428,17.0,-0.57,4.08
54.448,17.01,-1.39,4.0777777777777775
54.468,16.91,-2.05,4.061111111111111
54.488,16.34,-2.84,4.046666666666667
54.508,16.03,-3.38,4.014444444444444
54.528,15.6,-3.93,3.9833333333333334
54.548,14.95,-4.37,3.9411111111111112
54.568,14.49,-4.78,3.9
54.588,13.54,-5.3,3.8544444444444443
54.608,12.97,-5.72,3.7933333333333334
54.628,11.9,-6.26,3.73
54.648,11.21,-6.55,3.667777777777778
54.668,10.14,-6.9,3.5966666666666667
54.688,9.45,-7.11,3.5211111111111113
54.708,9.09,-7.16,3.442222222222222
54.728,7.73,-7.84,3.368888888888889
54.748,6.8,-7.52,3.29
54.768,5.81,-7.79,3.201111111111111
54.788,4.94,-7.48,3.071111111111111
54.808,4.17,-8.14,3.0366666666666666
54.828,3.2,-7.64,2.95
54.848,2.45,-8.11,2.8655555555555554
54.868,1.61,-7.75,2.743333333333333
54.888,0.78,-7.52,2.6944444444444446
54.908,-0.51,-7.79,2.568888888888889
54.928,-0.52,-7.32,2.5344444444444445
54.948,-1.3,-7.17,2.4133333333333336
54.968,-1.71,-7.18,2.3744444444444444
54.988,-2.46,-6.69,2.258888888888889
55.008,-2.87,-6.76,2.216666666666667
55.028,-3.4,-6.45,2.1055555555555556
55.048,-3.57,-6.5,2.077777777777778
55.068,-4.32,-5.89,2.068888888888889
55.088,-4.63,-5.97,1.93
55.108,-5.06,-5.68,1.8622222222222222
55.128,-5.45,-5.4,1.8
55.148,-5.91,-5.06,1.738888888888889
55.168,-6.15,-5.08,1.6766666666666667
55.188,-6.48,-4.75,1.62
55.208,-6.77,-4.64,1.5655555555555556
55.228,-7.0,-4.32,1.51
55.248,-7.24,-4.23,1.458888888888889
55.268,-7.45,-3.92,1.41
55.288,-7.63,-3.81,1.3622222222222222
55.308,-7.75,-3.54,1.3166666666666667
55.328,-7.89,-3.49,1.2744444444444445
55.348,-8.01,-3.17,1.231111111111111
55.368,-8.14,-3.07,1.19
55.388,-8.25,-2.83,1.1544444444444444
55.408,-8.37,-2.73,1.1177777777777778
55.428,-8.42,-2.48,1.0855555555555556
55.448,-8.55,-2.38,1.0533333333333332
55.468,-8.59,-2.2,1.0233333333333334
55.488,-8.61,-2.1,0.9933333333333333
55.508,-8.89,-1.84,0.95
55.528,-9.01,-1.76,0.94
55.548,-9.06,-1.45,0.9088888888888889
55.568,-8.96,-1.46,0.9
55.588,-9.05,-1.22,0.87
55.608,-9.12,-1.15,0.8611111111111112
55.628,-9.14,-0.92,0.8344444444444444
55.648,-9.17,-0.88,0.8288888888888889
55.668,-9.24,-0.68,0.8122222222222222
55.688,-9.23,-0.6,0.7988888888888889
55.708,-9.25,-0.46,0.7888888888888889
55.728,-9.25,-0.37,0.7777777777777778
55.748,-9.25,-0.23,0.77
55.768,-9.23,-0.1,0.7655555555555555
55.788,-9.25,0.03,0.7566666666666667
55.808,-9.23,0.14,0.7555555555555555
55.828,-9.22,0.29,0.75
55.848,-9.18,0.39,0.7488888888888889
55.868,-9.16,0.55,0.7477777777777778
55.888,-9.15,0.64,0.7466666666666667
55.908,-9.13,0.85,0.7466666666666667
55.928,-9.11,0.97,0.7522222222222222
55.948,-9.11,1.1,0.7577777777777778
55.968,-9.08,1.22,0.7622222222222222
55.988,-9.06,1.35,0.77
56.008,-9.07,1.43,0.7777777777777778
56.028,-9.02,1.61,0.79
56.048,-8.98,1.76,0.8011111111111111
56.068,-8.93,1.87,0.8144444444444444
56.088,-8.89,2.01,0.83
56.108,-8.76,2.48,0.8433333333333334
56.128,-8.64,3.59,0.85
56.148,-8.89,4.44,0.7966666666666666
56.168,-8.6,4.64,0.7622222222222222
56.188,-8.66,4.38,0.6555555555555556
56.208,-8.77,4.5,0.6177777777777778
56.228,-8.8,4.85,0.5333333333333333
56.248,-8.7,4.74,0.45555555555555555
56.268,-8.59,4.79,0.37555555555555553
56.288,-8.55,5.0,0.3011111111111111
56.308,-8.55,5.19,0.23
56.328,-8.52,5.12,0.1622222222222222
56.348,-8.66,5.4,0.09
56.368,-8.76,5.29,0.016666666666666666
56.388,-8.79,4.83,-0.05555555555555555
56.408,-8.79,4.74,-0.12666666666666668
56.428,-8.8,4.65,-0.1922222222222222
56.448,-8.78,4.53,-0.25333333333333335
56.468,-8.72,4.52,-0.3088888888888889
56.488,-8.74,4.57,-0.36
56.508,-8.68,4.24,-0.40555555555555556
56.528,-8.7,4.03,-0.4477777777777778
56.548,-8.84,3.95,-0.4855555555555556
56.568,-8.86,3.93,-0.5244444444444445
56.588,-8.84,3.7,-0.5633333333333334
56.608,-8.81,3.5,-0.6044444444444445
56.628,-8.78,3.2,-0.6366666666666667
56.648,-8.86,3.08,-0.6722222222222223
56.668,-8.88,2.95,-0.6977777777777778
56.688,-8.94,3.0,-0.7244444444444444
56.708,-9.01,2.6,-0.7511111111111111
56.728,-9.05,2.3,-0.7733333333333333
56.748,-9.05,1.82,-0.7922222222222223
56.768,-9.22,1.62,-0.7966666666666666
56.788,-9.07,1.15,-0.7855555555555556
56.808,-9.02,1.49,-0.7822222222222223
56.828,-9.03,1.14,-0.77
56.848,-9.06,1.3,-0.7611111111111111
56.868,-9.09,0.69,-0.7544444444444445
56.888,-9.19,0.76,-0.75
56.908,-9.26,0.38,-0.75
56.928,-9.2,0.26,-0.7455555555555555
56.948,-9.24,0.21,-0.7455555555555555
56.968,-9.25,0.21,-0.7477777777777778
56.988,-9.26,0.02,-0.7466666666666667
57.008,-9.28,-0.04,-0.7488888888888889
57.028,-9.27,-0.29,-0.7522222222222222
57.048,-9.25,-0.42,-0.7588888888888888
57.068,-9.26,-0.6,-0.7644444444444445
57.088,-9.24,-0.68,-0.7733333333333333
57.108,-9.2,-0.75,-0.7811111111111111
57.128,-9.2,-0.84,-0.7933333333333333
57.148,-9.16,-0.99,-0.8044444444444444
57.168,-9.1,-1.12,-0.8177777777777778
57.188,-9.06,-1.28,-0.8333333333333334
57.208,-8.98,-1.46,-0.85
57.228,-8.92,-1.67,-0.87
57.248,-8.9,-1.74,-0.8888888888888888
57.268,-8.81,-1.92,-0.91
57.288,-8.77,-2.04,-0.9355555555555556
57.308,-8.7,-2.18,-0.9588888888888889
57.328,-8.63,-2.33,-0.9866666666666667
57.348,-8.55,-2.55,-1.0144444444444445
57.368,-8.48,-2.66,-1.0422222222222222
57.388,-8.36,-2.91,-1.0733333333333333
57.408,-8.26,-3.03,-1.1055555555555556
57.428,-8.13,-3.23,-1.1411111111111112
57.448,-8.06,-3.37,-1.1766666666666667
57.468,-7.87,-3.57,-1.2166666666666666
57.488,-7.77,-3.72,-1.2544444444444445
57.508,-7.56,-3.91,-1.2966666666666666
57.528,-7.38,-4.13,-1.34
57.548,-7.12,-4.36,-1.3844444444444444
57.568,-6.92,-4.49,-1.431111111111111
57.588,-6.64,-4.75,-1.48
57.608,-6.41,-4.89,-1.5322222222222222
57.628,-6.09,-5.1,-1.59
57.648,-5.86,-5.3,-1.6466666666666667
57.668,-5.49,-5.56,-1.7022222222222223
57.688,-5.18,-5.7,-1.7622222222222221
57.708,-4.71,-5.98,-1.8255555555555556
57.728,-4.38,-6.04,-1.89
57.748,-3.85,-6.27,-1.9655555555555555
57.768,-3.66,-6.4,-2.0277777777777777
57.788,-3.06,-6.63,-2.097777777777778
57.808,-2.85,-6.61,-2.198888888888889
57.828,-2.09,-6.67,-2.2466666666666666
57.848,-1.11,-7.27,-2.3022222222222224
57.868,-0.93,-6.95,-2.3944444444444444
57.888,-0.14,-7.65,-2.473333333333333
57.908,0.51,-7.66,-2.5522222222222224
57.928,1.31,-7.9,-2.63
57.948,2.28,-7.83,-2.712222222222222
57.968,2.79,-7.89,-2.7977777777777777
57.988,3.94,-7.86,-2.878888888888889
58.008,4.48,-7.81,-2.96
58.028,5.58,-7.75,-3.04
58.048,6.19,-7.78,-3.117777777777778
58.068,7.24,-7.57,-3.2
58.088,7.93,-7.46,-3.28
58.108,9.05,-7.18,-3.351111111111111
58.128,9.66,-7.09,-3.4255555555555555
58.148,10.76,-6.66,-3.4955555555555557
58.168,11.4,-6.51,-3.562222222222222
58.188,12.36,-5.95,-3.6222222222222222
58.208,12.67,-6.14,-3.6666666666666665
58.228,13.76,-5.03,-3.6966666666666668
58.248,14.26,-4.9,-3.7911111111111113
58.268,14.97,-4.13,-3.8366666666666664
58.288,15.32,-3.75,-3.8733333333333335
58.308,15.79,-2.94,-3.901111111111111
58.328,16.11,-2.56,-3.9322222222222223
58.348,16.05,-1.71,-3.9522222222222223
58.368,16.71,-1.16,-3.962222222222222
58.388,16.71,-0.53,-3.97
58.408,16.88,-0.06,-3.96
58.428,16.67,0.79,-3.9566666666666666
58.448,16.34,1.75,-3.9411111111111112
58.468,16.04,2.4,-3.92
58.488,15.99,2.68,-3.89
58.508,15.42,3.42,-3.858888888888889
58.528,15.05,3.89,-3.8144444444444443
58.548,14.41,4.37,-3.7666666666666666
58.568,13.78,4.86,-3.7177777777777776
58.588,12.94,5.37,-3.6577777777777776
58.608,12.6,5.81,-3.6
58.628,11.35,6.24,-3.5355555555555553
58.648,10.83,6.47,-3.46
58.668,9.87,6.95,-3.39
58.688,9.2,7.05,-3.31
58.708,8.21,7.29,-3.26
58.728,7.45,7.53,-3.151111111111111
58.748,6.56,7.62,-3.06
58.768,5.93,7.74,-2.98
58.788,4.95,7.77,-2.8955555555555557
58.808,4.32,7.87,-2.807777777777778
58.828,3.45,7.92,-2.7255555555555557
58.848,2.78,7.83,-2.64
58.868,2.05,7.76,-2.5544444444444445
58.888,1.59,7.61,-2.47
58.908,0.64,7.69,-2.391111111111111
58.928,-0.09,7.42,-2.3066666666666666
58.948,-0.89,7.55,-2.2255555555555557
58.968,-1.35,7.33,-2.1433333333333335
58.988,-1.91,7.14,-2.0655555555555556
59.008,-2.31,6.95,-1.9877777777777779
59.028,-2.82,6.86,-1.9133333333333333
59.048,-3.32,6.78,-1.8411111111111111
59.068,-3.81,6.61,-1.77
59.088,-4.07,6.36,-1.698888888888889
59.108,-4.51,6.2,-1.6322222222222222
59.128,-4.69,6.04,-1.5644444444444445
59.148,-5.2,5.92,-1.5022222222222221
59.168,-5.56,5.9,-1.44
59.188,-5.68,5.53,-1.3777777777777778
59.208,-5.96,5.51,-1.318888888888889
59.228,-6.17,5.28,-1.261111111111111
59.248,-6.44,5.2,-1.2066666666666668
59.268,-6.64,4.98,-1.1522222222222223
59.288,-6.81,4.86,-1.1
59.308,-7.07,4.73,-1.0477777777777777
59.328,-7.11,4.6,-0.9988888888888889
59.348,-7.34,4.37,-0.9511111111111111
59.368,-7.43,4.4,-0.9066666666666666
59.388,-7.55,4.2,-0.86
59.408,-7.67,4.09,-0.8155555555555556
59.428,-7.83,3.99,-0.77
59.448,-7.94,3.88,-0.73
59.468,-8.05,3.77,-0.6933333333333334
59.488,-8.13,3.68,-0.6577777777777778
59.508,-8.24,3.59,-0.6177777777777778
59.528,-8.28,3.5,-0.5833333333333334
59.548,-8.38,3.4,-0.5477777777777778
59.568,-8.41,3.33,-0.5111111111111111
59.588,-8.49,3.26,-0.47888888888888886
59.608,-8.51,3.19,-0.44666666666666666
59.628,-8.57,3.14,-0.4111111111111111
59.648,-8.55,3.07,-0.38
59.668,-8.64,3.02,-0.3466666666666667
59.688,-8.66,2.97,-0.3188888888888889
59.708,-8.68,2.92,-0.28888888888888886
59.728,-8.71,2.88,-0.26
59.748,-8.74,2.85,-0.23
59.768,-8.76,2.85,-0.20333333333333334
59.788,-8.78,2.79,-0.17333333333333334
59.808,-8.8,2.79,-0.14666666666666667
59.828,-8.82,2.75,-0.11777777777777777
59.848,-8.83,2.73,-0.09
59.868,-8.85,2.74,-0.06333333333333334
59.888,-8.86,2.7,-0.03666666666666667
59.908,-8.85,2.71,-0.01
59.928,-8.87,2.72,0.016666666666666666
59.948,-8.87,2.73,0.042222222222222223
59.968,-8.87,2.75,0.07111111111111111
59.988,-8.84,2.81,0.09333333333333334
60.008,-8.89,2.79,0.12
