4.068,-9.43,-0.14,0.17333333333333334
4.088,-9.41,-0.17,0.16555555555555557
4.108,-9.44,-0.12,0.16111111111111112
4.128,-9.45,-0.11,0.15444444444444444
4.148,-9.48,-0.1,0.15
4.168,-9.47,-0.07,0.14555555555555555
4.188,-9.5,-0.03,0.13777777777777778
4.208,-9.48,-0.03,0.13666666666666666
4.228,-9.5,0.03,0.13333333333333333
4.248,-9.51,0.06,0.1288888888888889
4.268,-9.49,0.07,0.12444444444444444
4.288,-9.52,0.09,0.12333333333333334
4.308,-9.49,0.12,0.12
4.328,-9.51,0.11,0.11777777777777777
4.348,-9.51,0.15,0.11555555555555555
4.368,-9.49,0.14,0.11333333333333333
4.388,-9.47,0.17,0.11333333333333333
4.408,-9.46,0.19,0.11
4.428,-9.47,0.22,0.10777777777777778
4.448,-9.45,0.24,0.10666666666666667
4.468,-9.45,0.27,0.10444444444444445
4.488,-9.46,0.24,0.10333333333333333
4.508,-9.44,0.28,0.10111111111111111
4.528,-9.43,0.29,0.1
4.548,-9.45,0.31,0.1
4.568,-9.44,0.33,0.09777777777777778
4.588,-9.46,0.35,0.09888888888888889
4.608,-9.46,0.36,0.1
4.628,-9.46,0.39,0.1
4.648,-9.48,0.4,0.1
4.668,-9.5,0.42,0.1
4.688,-9.48,0.44,0.1
4.708,-9.5,0.46,0.10111111111111111
4.728,-9.48,0.49,0.10333333333333333
4.748,-9.48,0.49,0.10444444444444445
4.768,-9.47,0.51,0.10444444444444445
4.788,-9.48,0.52,0.10888888888888888
4.808,-9.46,0.53,0.11
4.828,-9.44,0.56,0.1111111111111111
4.848,-9.43,0.57,0.11
4.868,-9.42,0.61,0.11555555555555555
4.888,-9.44,0.59,0.11777777777777777
4.908,-9.41,0.61,0.12
4.928,-9.41,0.64,0.12444444444444444
4.948,-9.4,0.68,0.12555555555555556
4.968,-9.4,0.7,0.1288888888888889
4.988,-9.39,0.72,0.13111111111111112
5.008,-9.39,0.76,0.1388888888888889
5.028,-9.4,0.78,0.14
5.048,-9.42,0.79,0.14333333333333334
5.068,-9.44,0.83,0.15
5.088,-9.41,0.82,0.15333333333333332
5.108,-9.43,0.88,0.15888888888888889
5.128,-9.42,0.89,0.16444444444444445
5.148,-9.41,0.93,0.17
5.168,-9.4,0.97,0.17777777777777778
5.188,-9.38,1.02,0.18222222222222223
5.208,-9.38,1.04,0.19
5.228,-9.36,1.07,0.19666666666666666
5.248,-9.36,1.1,0.20555555555555555
5.268,-9.34,1.12,0.21222222222222223
5.288,-9.35,1.16,0.22
5.308,-9.31,1.24,0.2311111111111111
5.328,-9.31,1.26,0.23777777777777778
5.348,-9.29,1.3,0.2477777777777778
5.368,-9.27,1.32,0.2577777777777778
5.388,-9.25,1.36,0.2644444444444444
5.408,-9.26,1.39,0.27555555555555555
5.428,-9.23,1.46,0.28444444444444444
5.448,-9.23,1.5,0.3011111111111111
5.468,-9.23,1.57,0.3088888888888889
5.488,-9.19,1.62,0.3233333333333333
5.508,-9.2,1.69,0.33666666666666667
5.528,-9.15,1.74,0.35
5.548,-9.14,1.79,0.36444444444444446
5.568,-9.14,1.87,0.3788888888888889
5.588,-9.1,1.93,0.39666666666666667
5.608,-9.1,1.99,0.4122222222222222
5.628,-9.05,2.06,0.42777777777777776
5.648,-9.02,2.14,0.44666666666666666
5.668,-8.96,2.21,0.46555555555555556
5.688,-8.91,2.3,0.4855555555555556
5.708,-8.89,2.4,0.5055555555555555
5.728,-8.85,2.44,0.5255555555555556
5.748,-8.78,2.55,0.5477777777777778
5.768,-8.72,2.62,0.5733333333333334
5.788,-8.66,2.74,0.5944444444444444
5.808,-8.63,2.83,0.62
5.828,-8.55,2.93,0.6455555555555555
5.848,-8.49,2.98,0.6722222222222223
5.868,-8.42,3.12,0.7
5.888,-8.35,3.21,0.7288888888888889
5.908,-8.23,3.35,0.76
5.928,-8.2,3.44,0.79
5.948,-8.05,3.59,0.8233333333333334
5.968,-7.98,3.7,0.86
5.988,-7.82,3.87,0.8966666666666666
6.008,-7.73,3.98,0.93
6.028,-7.54,4.12,0.97
6.048,-7.46,4.25,1.01
6.068,-7.27,4.44,1.0522222222222222
6.088,-7.13,4.55,1.0944444444444446
6.108,-6.91,4.73,1.1422222222222222
6.128,-6.73,4.84,1.1888888888888889
6.148,-6.48,5.04,1.2344444444444445
6.168,-6.29,5.16,1.2844444444444445
6.188,-5.88,5.38,1.3388888888888888
6.208,-5.66,5.59,1.3888888888888888
6.228,-5.32,5.73,1.4466666666666668
6.248,-5.09,5.94,1.501111111111111
6.268,-5.01,6.1,1.56
6.288,-3.81,6.22,1.6111111111111112
6.308,-3.88,6.56,1.6855555555555555
6.328,-3.72,6.54,1.75
6.348,-3.18,6.84,1.82
6.368,-2.8,6.85,1.8866666666666667
6.388,-1.98,7.08,1.9455555555555555
6.408,-1.76,7.18,2.028888888888889
6.428,-1.23,7.33,2.1033333333333335
6.448,-0.67,7.48,2.1744444444444446
6.468,0.01,7.61,2.2544444444444443
6.488,0.47,7.7,2.33
6.508,1.28,7.74,2.411111111111111
6.528,1.8,7.82,2.4922222222222223
6.548,2.66,7.86,2.5744444444444445
6.568,3.28,7.86,2.6533333333333333
6.588,4.22,8.07,2.736666666666667
6.608,4.67,8.03,2.8
6.628,5.64,7.88,2.901111111111111
6.648,6.41,7.74,2.982222222222222
6.668,7.42,7.41,3.0633333333333335
6.688,8.12,7.51,3.141111111111111
6.708,9.03,7.08,3.216666666666667
6.728,9.77,7.0,3.2955555555555556
6.748,10.63,6.54,3.368888888888889
6.768,11.27,6.45,3.44
6.788,12.57,6.04,3.54
6.808,12.64,5.73,3.566666666666667
6.828,13.5,5.03,3.628888888888889
6.848,13.98,4.73,3.681111111111111
6.868,14.68,4.06,3.73
6.888,15.11,3.61,3.778888888888889
6.908,15.59,2.9,3.811111111111111
6.928,15.89,2.45,3.85
6.948,16.23,1.69,3.8722222222222222
6.968,16.41,1.12,3.89
6.988,16.55,0.39,3.902222222222222
7.008,16.53,0.0,3.902222222222222
7.028,16.46,-0.95,3.908888888888889
7.048,16.34,-1.35,3.897777777777778
7.068,15.96,-2.11,3.8833333333333333
7.088,17.09,-2.18,3.8733333333333335
7.108,15.42,-3.47,3.83
7.128,14.68,-3.72,3.8
7.148,14.26,-4.15,3.76
7.168,13.66,-5.04,3.7144444444444447
7.188,12.94,-5.1,3.658888888888889
7.208,12.42,-6.0,3.602222222222222
7.228,11.08,-6.28,3.5455555555555556
7.248,10.61,-6.58,3.4788888888888887
7.268,9.55,-6.99,3.408888888888889
7.288,8.85,-7.02,3.3366666666666664
7.308,7.77,-7.22,3.26
7.328,7.22,-7.55,3.1822222222222223
7.348,6.23,-7.77,3.1
7.368,5.5,-7.52,3.022222222222222
7.388,4.59,-7.95,2.938888888888889
7.408,4.02,-7.45,2.8544444444444443
7.428,3.06,-7.8,2.767777777777778
7.448,2.42,-7.74,2.6822222222222223
7.468,1.52,-7.74,2.6
7.488,1.04,-7.79,2.5144444444444445
7.508,0.15,-7.63,2.4277777777777776
7.528,-0.2,-7.52,2.3444444444444446
7.548,-1.01,-7.45,2.261111111111111
7.568,-1.39,-7.2,2.181111111111111
7.588,-2.22,-7.15,2.0677777777777777
7.608,-2.58,-6.86,2.022222222222222
7.628,-3.11,-6.85,1.9433333333333334
7.648,-3.46,-6.69,1.87
7.668,-4.03,-6.52,1.7966666666666666
7.688,-4.35,-6.36,1.7222222222222223
7.708,-4.77,-6.36,1.6566666666666667
7.728,-5.82,-2.31,1.6022222222222222
7.748,-5.87,-3.41,1.5955555555555556
7.768,-6.12,-5.53,1.4522222222222223
7.788,-5.68,-5.54,1.3833333333333333
7.808,-6.27,-5.19,1.32
7.828,-6.29,-4.96,1.2555555555555555
7.848,-6.64,-5.16,1.2
7.868,-6.79,-4.84,1.1388888888888888
7.888,-7.16,-4.74,1.0811111111111111
7.908,-7.22,-4.68,1.028888888888889
7.928,-7.38,-4.44,0.9711111111111111
7.948,-7.52,-4.37,0.9188888888888889
7.968,-7.56,-4.25,0.8677777777777778
7.988,-7.7,-4.2,0.8177777777777778
8.008,-7.86,-4.02,0.77
8.028,-8.0,-3.95,0.7211111111111111
8.048,-8.17,-3.82,0.6733333333333333
8.068,-8.21,-3.77,0.63
8.088,-8.32,-3.65,0.5877777777777777
8.108,-8.37,-3.61,0.54
8.128,-8.41,-3.48,0.49666666666666665
8.148,-8.49,-3.46,0.45666666666666667
8.168,-8.51,-3.36,0.4111111111111111
8.188,-8.55,-3.33,0.37222222222222223
8.208,-8.6,-3.28,0.3322222222222222
8.228,-8.67,-3.27,0.29333333333333333
8.248,-8.66,-3.19,0.2544444444444444
8.268,-8.69,-3.15,0.21333333333333335
8.288,-8.72,-3.15,0.17666666666666667
8.308,-8.73,-3.11,0.1388888888888889
8.328,-8.75,-3.1,0.1
8.348,-8.75,-3.08,0.06111111111111111
8.368,-8.75,-3.08,0.025555555555555557
8.388,-8.74,-3.1,-0.011111111111111112
8.408,-8.74,-3.12,-0.04666666666666667
8.428,-8.73,-3.15,-0.08222222222222222
8.448,-8.72,-3.18,-0.12
8.468,-8.7,-3.2,-0.15777777777777777
8.488,-8.68,-3.24,-0.1922222222222222
8.508,-8.65,-3.25,-0.23
8.528,-8.64,-3.29,-0.26555555555555554
8.548,-8.6,-3.33,-0.30666666666666664
8.568,-8.57,-3.4,-0.3422222222222222
8.588,-8.52,-3.47,-0.38222222222222224
8.608,-8.46,-3.52,-0.42
8.628,-8.41,-3.58,-0.46
8.648,-8.35,-3.64,-0.5011111111111111
8.668,-8.26,-3.76,-0.5411111111111111
8.688,-8.22,-3.79,-0.5855555555555556
8.708,-8.09,-3.93,-0.63
8.728,-8.01,-3.96,-0.67
8.748,-7.87,-4.1,-0.7177777777777777
8.768,-7.8,-4.22,-0.7622222222222222
8.788,-7.65,-4.37,-0.81
8.808,-7.56,-4.44,-0.8588888888888889
8.828,-7.4,-4.58,-0.91
8.848,-7.25,-4.71,-0.96
8.868,-7.08,-4.86,-1.011111111111111
8.888,-6.95,-4.97,-1.0644444444444445
8.908,-6.7,-5.15,-1.1211111111111112
8.928,-6.56,-5.27,-1.1766666666666667
8.948,-6.27,-5.46,-1.2344444444444445
8.968,-6.04,-5.57,-1.2944444444444445
8.988,-5.74,-5.74,-1.3555555555555556
9.008,-5.49,-5.89,-1.4188888888888889
9.028,-5.16,-6.06,-1.48
9.048,-4.88,-6.19,-1.5466666666666666
9.068,-4.46,-6.41,-1.6122222222222222
9.088,-4.15,-6.5,-1.6822222222222223
9.108,-3.67,-6.72,-1.751111111111111
9.128,-3.33,-6.84,-1.82
9.148,-2.78,-7.0,-1.8977777777777778
9.168,-2.38,-7.1,-1.9733333333333334
9.188,-2.02,-7.13,-2.091111111111111
9.208,-1.44,-7.43,-2.1255555555555556
9.228,-0.66,-7.58,-2.2066666666666666
9.248,-0.14,-7.69,-2.2855555555555553
9.268,0.59,-7.69,-2.3633333333333333
9.288,1.35,-7.89,-2.4466666666666668
9.308,2.32,-8.04,-2.5255555555555556
9.328,2.71,-7.99,-2.61
9.348,3.67,-8.15,-2.6911111111111112
9.368,4.27,-7.84,-2.7744444444444443
9.388,5.19,-7.87,-2.8555555555555556
9.408,5.88,-7.7,-2.938888888888889
9.428,6.8,-7.64,-3.0166666666666666
9.448,7.48,-7.49,-3.0933333333333333
9.468,8.5,-7.32,-3.17
9.488,9.1,-7.07,-3.24
9.508,10.07,-6.77,-3.31
9.528,10.67,-6.49,-3.38
9.548,11.22,-6.59,-3.442222222222222
9.568,12.24,-5.73,-3.4477777777777776
9.588,13.03,-5.26,-3.562222222222222
9.608,13.47,-4.95,-3.61
9.628,14.21,-4.22,-3.6577777777777776
9.648,14.63,-3.91,-3.6977777777777776
9.668,15.15,-3.21,-3.7333333333333334
9.688,15.44,-2.79,-3.76
9.708,15.79,-2.01,-3.78
9.728,15.89,-1.57,-3.7977777777777777
9.748,16.1,-0.79,-3.8066666666666666
9.768,16.14,-0.35,-3.81
9.788,16.04,0.69,-3.8033333333333332
9.808,16.07,0.85,-3.7911111111111113
9.828,15.9,1.72,-3.7733333333333334
9.848,15.59,2.23,-3.7511111111111113
9.868,15.2,3.19,-3.723333333333333
9.888,14.86,3.29,-3.683333333333333
9.908,14.38,4.04,-3.6422222222222222
9.928,13.74,4.36,-3.5944444444444446
9.948,13.14,5.11,-3.5411111111111113
9.968,12.7,5.2,-3.4833333333333334
9.988,11.86,5.75,-3.421111111111111
10.008,11.29,5.97,-3.3544444444444443
10.028,10.41,6.51,-3.287777777777778
10.048,9.74,6.63,-3.2144444444444447
10.068,8.72,6.95,-3.1455555555555557
10.088,8.17,7.12,-3.062222222222222
10.108,7.22,7.37,-2.9766666666666666
10.128,6.62,7.51,-2.8966666666666665
10.148,5.75,7.67,-2.8155555555555556
10.168,5.1,7.73,-2.7311111111111113
10.188,4.22,7.76,-2.6444444444444444
10.208,3.65,7.83,-2.56
10.228,2.98,7.67,-2.4944444444444445
10.248,2.24,7.96,-2.39
10.268,1.5,7.71,-2.3055555555555554
10.288,0.99,7.82,-2.22
10.308,0.22,7.66,-2.137777777777778
10.328,-0.36,7.55,-2.0533333333333332
10.348,-1.02,7.52,-1.9744444444444444
10.368,-1.42,7.36,-1.8911111111111112
10.388,-1.97,7.31,-1.8144444444444445
10.408,-2.29,7.12,-1.7366666666666666
10.428,-2.85,7.05,-1.6611111111111112
10.448,-3.11,7.05,-1.5855555555555556
10.468,-3.58,6.9,-1.5122222222222221
10.488,-2.97,6.22,-1.4433333333333334
10.508,-4.34,6.65,-1.3677777777777778
10.528,-4.15,5.93,-1.3
10.548,-5.2,6.26,-1.2333333333333334
10.568,-5.08,6.17,-1.1677777777777778
10.588,-5.3,5.99,-1.1011111111111112
10.608,-5.5,5.94,-1.0377777777777777
10.628,-5.68,5.75,-0.9733333333333334
10.648,-5.9,5.8,-0.9122222222222223
10.668,-6.07,5.57,-0.8522222222222222
10.688,-6.24,5.63,-0.7911111111111111
10.708,-6.42,5.42,-0.7344444444444445
10.728,-6.53,5.46,-0.6788888888888889
10.748,-6.63,5.32,-0.62
10.768,-6.76,5.28,-0.5633333333333334
10.788,-6.91,5.08,-0.51
10.808,-6.91,5.17,-0.45666666666666667
10.828,-7.0,5.07,-0.4022222222222222
10.848,-7.06,5.04,-0.35
10.868,-7.13,5.0,-0.29888888888888887
10.888,-7.18,4.94,-0.24444444444444444
10.908,-7.21,4.91,-0.19333333333333333
10.928,-7.24,4.92,-0.14222222222222222
10.948,-7.27,4.9,-0.09111111111111111
10.968,-7.27,4.91,-0.04
10.988,-7.29,4.93,0.01
11.008,-7.27,4.92,0.06
11.028,-7.22,4.95,0.10888888888888888
11.048,-7.22,4.97,0.16
11.068,-7.18,5.0,0.20777777777777778
11.088,-7.14,5.02,0.2577777777777778
11.108,-7.08,5.05,0.3088888888888889
11.128,-7.02,5.11,0.36
11.148,-6.95,5.18,0.4111111111111111
11.168,-6.9,5.2,0.4633333333333333
11.188,-6.78,5.25,0.5155555555555555
11.208,-6.69,5.35,0.57
11.228,-6.55,5.43,0.6233333333333333
11.248,-6.43,5.51,0.6788888888888889
11.268,-6.3,5.63,0.7333333333333333
11.288,-6.14,5.67,0.7922222222222223
11.308,-5.95,5.79,0.8488888888888889
11.328,-5.8,5.85,0.9088888888888889
11.348,-5.51,6.05,0.9677777777777777
11.368,-5.31,6.12,1.028888888888889
11.388,-5.04,6.24,1.09
11.408,-4.86,6.35,1.1555555555555554
11.428,-4.52,6.51,1.218888888888889
11.448,-4.28,6.59,1.2844444444444445
11.468,-3.91,6.73,1.35
11.488,-3.62,6.81,1.42
11.508,-3.19,6.94,1.4922222222222221
11.528,-2.87,7.04,1.5611111111111111
11.548,-2.39,7.19,1.6355555555555557
11.568,-2.06,7.21,1.71
11.588,-1.49,7.44,1.7844444444444445
11.608,-1.09,7.46,1.8611111111111112
11.628,-0.5,7.61,1.941111111111111
11.648,-0.06,7.62,2.017777777777778
11.668,0.56,7.76,2.097777777777778
11.688,1.1,7.77,2.178888888888889
11.708,1.82,7.87,2.258888888888889
11.728,2.31,7.84,2.34
11.748,3.16,7.89,2.4233333333333333
11.768,3.69,7.86,2.5033333333333334
11.788,4.53,7.53,2.591111111111111
11.808,5.04,7.83,2.67
11.828,5.98,7.63,2.7511111111111113
11.848,6.57,7.43,2.827777777777778
11.868,7.57,7.25,2.908888888888889
11.888,8.13,7.25,2.986666666666667
11.908,8.97,7.03,3.061111111111111
11.928,9.65,6.73,3.14
11.948,10.49,6.36,3.21
11.968,11.09,6.18,3.278888888888889
11.988,11.9,5.74,3.36
12.008,12.44,5.34,3.4
12.028,13.16,4.79,3.4555555555555557
12.048,13.63,4.54,3.508888888888889
12.068,14.24,3.92,3.5588888888888888
12.088,14.62,3.42,3.5944444444444446
12.108,15.07,2.76,3.632222222222222
12.128,15.35,2.39,3.667777777777778
12.148,15.63,1.59,3.6822222222222223
12.168,15.8,1.14,3.7022222222222223
12.188,15.85,0.41,3.7133333333333334
12.208,15.87,-0.03,3.7133333333333334
12.228,15.86,-0.79,3.7177777777777776
12.248,15.7,-1.28,3.703333333333333
12.268,15.41,-2.04,3.69
12.288,13.23,-2.5,3.6766666666666667
12.308,14.62,-3.79,3.6422222222222222
12.328,14.43,-2.78,3.6055555555555556
12.348,13.92,-4.33,3.566666666666667
12.368,13.03,-5.07,3.5166666666666666
12.388,12.35,-5.01,3.471111111111111
12.408,11.87,-5.94,3.4166666666666665
12.428,10.93,-6.05,3.3577777777777778
12.448,10.48,-6.46,3.2955555555555556
12.468,9.45,-6.75,3.2244444444444444
12.488,8.95,-6.95,3.1533333333333333
12.508,7.91,-7.2,3.0833333333333335
12.528,7.41,-7.38,3.006666666666667
12.548,6.34,-7.59,2.921111111111111
12.568,5.85,-7.64,2.85
12.588,4.96,-7.69,2.7655555555555558
12.608,4.27,-7.85,2.683333333333333
12.628,3.48,-7.86,2.5944444444444446
12.648,2.79,-7.89,2.5144444444444445
12.668,2.05,-7.81,2.43
12.688,1.51,-7.9,2.3455555555555554
12.708,0.76,-7.72,2.2577777777777777
12.728,0.27,-7.77,2.1733333333333333
12.748,-0.38,-7.61,2.09
12.768,-0.83,-7.61,2.0055555555555555
12.788,-1.43,-7.44,1.9266666666666667
12.808,-1.83,-7.83,1.808888888888889
12.828,-2.37,-7.49,1.7666666666666666
12.848,-2.27,-5.32,1.6755555555555555
12.868,-3.64,-6.24,1.6422222222222222
12.888,-3.3,-7.5,1.5244444444444445
12.908,-3.51,-7.06,1.4544444444444444
12.928,-4.19,-6.68,1.3755555555555556
12.948,-4.34,-6.27,1.3044444444444445
12.968,-4.89,-6.38,1.231111111111111
12.988,-5.01,-6.08,1.16
13.008,-5.38,-6.22,1.09
13.028,-5.52,-6.09,1.0377777777777777
13.048,-6.04,-5.71,0.9666666666666667
13.068,-5.93,-5.91,0.8822222222222222
13.088,-6.14,-5.73,0.8188888888888889
13.108,-6.31,-5.63,0.7533333333333333
13.128,-6.42,-5.64,0.6877777777777778
13.148,-6.56,-5.51,0.6255555555555555
13.168,-6.73,-5.47,0.56
13.188,-6.81,-5.42,0.49777777777777776
13.208,-6.91,-5.36,0.43777777777777777
13.228,-7.02,-5.33,0.37666666666666665
13.248,-7.04,-5.28,0.31777777777777777
13.268,-7.09,-5.24,0.2577777777777778
13.288,-7.13,-5.23,0.19666666666666666
13.308,-7.18,-5.19,0.13666666666666666
13.328,-7.21,-5.2,0.07888888888888888
13.348,-7.2,-5.18,0.02
13.368,-7.21,-5.22,-0.03888888888888889
13.388,-7.17,-5.25,-0.09555555555555556
13.408,-7.13,-5.25,-0.15333333333333332
13.428,-7.09,-5.31,-0.21
13.448,-7.05,-5.3,-0.26666666666666666
13.468,-6.97,-5.37,-0.32666666666666666
13.488,-6.91,-5.4,-0.38555555555555554
13.508,-6.82,-5.45,-0.4444444444444444
13.528,-6.74,-5.51,-0.5044444444444445
13.548,-6.61,-5.6,-0.5644444444444444
13.568,-6.53,-5.64,-0.6266666666666667
13.588,-6.36,-5.78,-0.6866666666666666
13.608,-6.24,-5.81,-0.75
13.628,-6.04,-5.92,-0.8133333333333334
13.648,-5.9,-6.01,-0.8777777777777778
13.668,-5.65,-6.12,-0.9411111111111111
13.688,-5.5,-6.2,-1.01
13.708,-5.26,-6.34,-1.0744444444444445
13.728,-5.03,-6.43,-1.1411111111111112
13.748,-4.7,-6.55,-1.2122222222222223
13.768,-4.46,-6.64,-1.2833333333333334
13.788,-4.09,-6.77,-1.3555555555555556
13.808,-3.81,-6.89,-1.4277777777777778
13.828,-3.4,-7.06,-1.501111111111111
13.848,-3.08,-7.11,-1.5766666666666667
13.868,-2.58,-7.25,-1.6566666666666667
13.888,-2.58,-6.99,-1.7522222222222221
13.908,-1.69,-7.5,-1.81
13.928,-1.23,-7.52,-1.8877777777777778
13.948,-0.63,-7.74,-1.9655555555555555
13.968,-0.1,-7.76,-2.05
13.988,0.47,-7.9,-2.128888888888889
14.008,0.99,-7.87,-2.2111111111111112
14.028,1.74,-7.96,-2.2933333333333334
14.048,2.19,-7.97,-2.378888888888889
14.068,3.07,-7.89,-2.46
14.088,3.53,-7.89,-2.537777777777778
14.108,4.44,-7.85,-2.6233333333333335
14.128,5.0,-7.8,-2.7
14.148,5.89,-7.59,-2.78
14.168,6.5,-7.59,-2.86
14.188,7.37,-7.37,-2.9344444444444444
14.208,8.02,-7.23,-3.011111111111111
14.228,8.93,-6.91,-3.0855555555555556
14.248,9.47,-6.77,-3.151111111111111
14.268,10.4,-6.38,-3.2144444444444447
14.288,10.89,-6.11,-3.2711111111111113
14.308,11.76,-5.68,-3.316666666666667
14.328,12.29,-5.39,-3.39
14.348,12.95,-4.76,-3.44
14.368,13.42,-4.39,-3.48
14.388,14.02,-3.81,-3.52
14.408,14.51,-3.22,-3.5544444444444445
14.428,14.93,-2.5,-3.58
14.448,15.17,-2.14,-3.6
14.468,15.4,-1.36,-3.618888888888889
14.488,15.51,-1.0,-3.6233333333333335
14.508,15.56,-0.22,-3.6255555555555556
14.528,15.61,0.13,-3.6233333333333335
14.548,15.45,1.06,-3.617777777777778
14.568,15.33,1.48,-3.5955555555555554
14.588,15.02,2.27,-3.571111111111111
14.608,14.82,2.5,-3.548888888888889
14.628,14.36,3.3,-3.51
14.648,14.06,3.61,-3.468888888888889
14.668,13.41,4.32,-3.421111111111111
14.688,13.04,4.54,-3.3744444444444444
14.708,12.33,5.16,-3.318888888888889
14.728,11.78,5.42,-3.258888888888889
14.748,11.0,5.91,-3.1977777777777776
14.768,10.44,6.18,-3.131111111111111
14.788,9.58,6.55,-3.057777777777778
14.808,9.04,6.76,-2.98
14.828,8.12,7.06,-2.9077777777777776
14.848,7.55,7.11,-2.832222222222222
14.868,6.73,7.39,-2.75
14.888,6.14,7.47,-2.6644444444444444
14.908,5.28,7.54,-2.5933333333333333
14.928,4.74,7.69,-2.5
14.948,3.95,7.74,-2.4133333333333336
14.968,3.46,7.81,-2.332222222222222
14.988,2.41,7.85,-2.27
15.008,2.27,7.83,-2.158888888888889
15.028,1.47,7.8,-2.0744444444444445
15.048,1.07,7.81,-1.99
15.068,0.43,7.74,-1.9066666666666667
15.088,-0.01,7.7,-1.82
15.108,-0.55,7.65,-1.738888888888889
15.128,-0.96,7.55,-1.6588888888888889
15.148,-1.48,7.52,-1.5777777777777777
15.168,-1.77,7.37,-1.4966666666666666
15.188,-2.26,7.37,-1.4188888888888889
15.208,-2.54,7.33,-1.3388888888888888
15.228,-2.92,7.28,-1.2644444444444445
15.248,-1.85,6.05,-1.2033333333333334
15.268,-3.31,6.56,-1.1133333333333333
15.288,-3.64,7.0,-1.04
15.308,-3.85,6.34,-0.9666666666666667
15.328,-4.31,6.88,-0.8933333333333333
15.348,-4.34,6.34,-0.8211111111111111
15.368,-4.72,6.82,-0.7488888888888889
15.388,-4.79,6.41,-0.6822222222222222
15.408,-5.0,6.56,-0.6133333333333333
15.428,-5.1,6.41,-0.5444444444444444
15.448,-5.24,6.46,-0.4766666666666667
15.468,-5.34,6.33,-0.41
15.488,-5.42,6.32,-0.3422222222222222
15.508,-5.47,6.31,-0.27666666666666667
15.528,-5.48,6.23,-0.21
15.548,-5.56,6.22,-0.14333333333333334
15.568,-5.56,6.18,-0.07888888888888888
15.588,-5.56,6.24,-0.015555555555555555
15.608,-5.56,6.23,0.04777777777777778
15.628,-5.53,6.25,0.11555555555555555
15.648,-5.52,6.27,0.18
15.668,-5.43,6.33,0.24222222222222223
15.688,-5.39,6.35,0.30777777777777776
15.708,-5.32,6.37,0.37333333333333335
15.728,-5.22,6.4,0.44
15.748,-5.1,6.48,0.5044444444444445
15.768,-4.99,6.49,0.57
15.788,-4.82,6.58,0.6388888888888888
15.808,-4.68,6.62,0.7077777777777777
15.828,-4.47,6.69,0.7766666666666666
15.848,-4.32,6.76,0.8433333333333334
15.868,-4.06,6.84,0.9133333333333333
15.888,-3.87,6.93,0.9844444444444445
15.908,-3.58,6.99,1.0533333333333332
15.928,-3.34,7.09,1.13
15.948,-3.01,7.15,1.2033333333333334
15.968,-2.74,7.25,1.2744444444444445
15.988,-2.36,7.33,1.3522222222222222
16.008,-2.04,7.44,1.4277777777777778
16.028,-1.57,7.47,1.5033333333333334
16.048,-1.23,7.61,1.5844444444444445
16.068,-0.69,7.63,1.6633333333333333
16.088,-0.34,7.76,1.741111111111111
16.108,0.22,7.68,1.82
16.128,0.65,7.79,1.9022222222222223
16.148,1.29,7.8,1.9844444444444445
16.168,1.7,7.87,2.0677777777777777
16.188,2.41,7.87,2.15
16.208,2.91,7.91,2.232222222222222
16.228,3.53,7.75,2.316666666666667
16.248,3.75,8.03,2.402222222222222
16.268,4.93,7.72,2.4811111111111113
16.288,5.49,7.65,2.562222222222222
16.308,6.33,7.46,2.64
16.328,6.96,7.43,2.718888888888889
16.348,8.19,7.16,2.798888888888889
16.368,8.32,6.96,2.8744444444444444
16.388,9.18,6.77,2.9466666666666668
16.408,9.7,6.46,3.0166666666666666
16.428,11.05,6.07,3.1044444444444443
16.448,11.27,5.73,3.148888888888889
16.468,12.07,5.24,3.2055555555555557
16.488,12.43,4.85,3.2622222222222224
16.508,13.15,4.44,3.3155555555555556
16.528,13.61,4.03,3.3755555555555556
16.548,14.08,3.4,3.4077777777777776
16.568,14.33,3.0,3.442222222222222
16.588,14.71,2.39,3.4755555555555557
16.608,14.92,1.93,3.5044444444444443
16.628,15.17,1.22,3.5211111111111113
16.648,15.26,0.75,3.537777777777778
16.668,15.33,0.04,3.54
16.688,15.3,-0.36,3.5444444444444443
16.708,15.23,-1.02,3.54
16.728,15.05,-1.58,3.5255555555555556
16.748,14.78,-2.2,3.511111111111111
16.768,14.5,-2.72,3.486666666666667
16.788,14.08,-3.32,3.46
16.808,13.73,-3.78,3.421111111111111
16.828,13.17,-4.22,3.3833333333333333
16.848,12.75,-4.69,3.338888888888889
16.868,12.01,-5.2,3.2911111111111113
16.888,11.55,-5.53,3.2311111111111113
16.908,10.75,-6.0,3.1766666666666667
16.928,10.21,-6.22,3.1133333333333333
16.948,9.37,-6.57,3.046666666666667
16.968,8.8,-6.79,2.9744444444444444
16.988,7.96,-7.07,2.902222222222222
17.008,7.31,-7.19,2.8266666666666667
17.028,6.54,-7.47,2.7488888888888887
17.048,5.93,-7.54,2.671111111111111
17.068,5.07,-7.75,2.59
17.088,4.59,-7.71,2.506666666666667
17.108,3.69,-7.87,2.4244444444444446
17.128,3.19,-7.79,2.338888888888889
17.148,2.42,-7.94,2.256666666666667
17.168,1.91,-7.85,2.17
17.188,1.26,-7.82,2.0844444444444443
17.208,0.77,-7.75,2.0011111111111113
17.228,0.11,-7.77,1.9177777777777778
17.248,-0.25,-7.72,1.8322222222222222
17.268,-0.88,-7.63,1.7444444444444445
17.288,-1.21,-7.6,1.6622222222222223
17.308,-1.69,-7.25,1.6233333333333333
17.328,-2.23,-7.41,1.5055555555555555
17.348,-2.55,-7.37,1.4211111111111112
17.368,-2.78,-7.46,1.3844444444444444
17.388,-3.85,-8.27,1.2833333333333334
17.408,-3.46,-6.52,1.1944444444444444
17.428,-3.96,-7.09,1.1444444444444444
17.448,-3.62,-6.77,1.0655555555555556
17.468,-4.5,-7.05,0.9888888888888889
17.488,-4.56,-6.38,0.9122222222222223
17.508,-4.86,-6.81,0.8377777777777777
17.528,-4.9,-6.43,0.7644444444444445
17.548,-5.14,-6.61,0.69
17.568,-5.22,-6.4,0.6166666666666667
17.588,-5.32,-6.57,0.5433333333333333
17.608,-5.45,-6.26,0.4722222222222222
17.628,-5.53,-6.48,0.4011111111111111
17.648,-5.6,-6.23,0.33
17.668,-5.68,-6.39,0.2577777777777778
17.688,-5.69,-6.26,0.18888888888888888
17.708,-5.74,-6.36,0.11666666666666667
17.728,-5.76,-6.27,0.04666666666666667
17.748,-5.76,-6.34,-0.021111111111111112
17.768,-5.73,-6.3,-0.09111111111111111
17.788,-5.7,-6.38,-0.16
17.808,-5.64,-6.4,-0.23
17.828,-5.56,-6.46,-0.2966666666666667
17.848,-5.49,-6.46,-0.3655555555555556
17.868,-5.38,-6.5,-0.4311111111111111
17.888,-5.27,-6.51,-0.5066666666666667
17.908,-5.14,-6.62,-0.5733333333333334
17.928,-5.01,-6.65,-0.6455555555555555
17.948,-4.79,-6.75,-0.7177777777777777
17.968,-4.64,-6.77,-0.7877777777777778
17.988,-4.4,-6.89,-0.86
18.008,-4.18,-6.95,-0.9344444444444444
18.028,-3.9,-7.03,-1.0077777777777779
18.048,-3.65,-7.11,-1.0855555555555556
18.068,-3.34,-7.19,-1.16
18.088,-3.09,-7.26,-1.2355555555555555
18.108,-2.7,-7.35,-1.3155555555555556
18.128,-2.42,-7.42,-1.3933333333333333
18.148,-1.96,-7.51,-1.47
18.168,-1.63,-7.59,-1.548888888888889
18.188,-1.08,-7.69,-1.6288888888888888
18.208,-0.72,-7.75,-1.71
18.228,-0.14,-7.75,-1.7944444444444445
18.248,0.21,-7.86,-1.8722222222222222
18.268,0.9,-7.88,-1.9555555555555555
18.288,1.34,-7.99,-2.0366666666666666
18.308,2.03,-7.98,-2.12
18.328,2.52,-7.98,-2.2
18.348,3.05,-7.76,-2.2822222222222224
18.368,3.76,-7.94,-2.3644444444444446
18.388,4.58,-7.74,-2.4433333333333334
18.408,5.2,-7.78,-2.5255555555555556
18.428,6.0,-7.6,-2.6044444444444443
18.448,6.57,-7.48,-2.6822222222222223
18.468,7.42,-7.27,-2.756666666666667
18.488,7.94,-7.09,-2.832222222222222
18.508,9.08,-6.7,-2.901111111111111
18.528,9.62,-6.49,-2.9677777777777776
18.548,10.47,-6.04,-3.0344444444444445
18.568,10.91,-5.95,-3.097777777777778
18.588,11.69,-5.48,-3.097777777777778
18.608,12.14,-5.18,-3.21
18.628,12.82,-4.61,-3.263333333333333
18.648,13.15,-4.19,-3.3
18.668,13.68,-3.64,-3.3455555555555554
18.688,13.99,-3.16,-3.3766666666666665
18.708,14.38,-2.56,-3.4044444444444446
18.728,14.61,-2.14,-3.4255555555555555
18.748,14.82,-1.45,-3.4455555555555555
18.768,15.01,-1.02,-3.4544444444444444
18.788,15.09,-0.29,-3.457777777777778
18.808,15.05,0.19,-3.46
18.828,15.03,0.85,-3.451111111111111
18.848,14.85,1.22,-3.44
18.868,14.62,1.83,-3.42
18.888,14.42,2.33,-3.3933333333333335
18.908,14.01,2.9,-3.3666666666666667
18.928,13.79,3.35,-3.328888888888889
18.948,13.19,3.97,-3.2866666666666666
18.968,12.79,4.25,-3.2377777777777776
18.988,12.17,4.84,-3.187777777777778
19.008,11.74,5.18,-3.1344444444444446
19.028,10.98,5.56,-3.071111111111111
19.048,10.5,5.87,-3.011111111111111
19.068,9.67,6.27,-2.942222222222222
19.088,9.25,6.45,-2.871111111111111
19.108,8.44,6.74,-2.801111111111111
19.128,7.87,6.9,-2.723333333333333
19.148,7.08,7.19,-2.6466666666666665
19.168,6.54,7.3,-2.568888888888889
19.188,5.7,7.55,-2.5011111111111113
19.208,5.28,7.52,-2.4055555555555554
19.228,4.49,7.7,-2.32
19.248,4.04,7.69,-2.2355555555555555
19.268,3.31,7.76,-2.15
19.288,2.83,7.6,-2.0944444444444446
19.308,2.23,7.89,-1.981111111111111
19.328,1.73,7.66,-1.8933333333333333
19.348,1.16,7.91,-1.8122222222222222
19.368,0.72,7.67,-1.7255555555555555
19.388,0.13,7.78,-1.64
19.408,-0.1,7.67,-1.5555555555555556
19.428,-0.66,7.68,-1.4733333333333334
19.448,-0.91,7.62,-1.3922222222222222
19.468,-1.38,7.58,-1.31
19.488,-1.62,7.52,-1.228888888888889
19.508,-2.01,7.5,-1.1444444444444444
19.528,-2.28,7.52,-1.07
19.548,-3.72,8.42,-1.0033333333333334
19.568,-2.78,6.54,-0.9066666666666666
19.588,-3.28,7.68,-0.83
19.608,-3.12,6.91,-0.7544444444444445
19.628,-3.44,7.35,-0.68
19.648,-3.5,6.82,-0.6
19.668,-3.69,7.16,-0.5266666666666666
19.688,-3.75,6.9,-0.45
19.708,-3.89,7.08,-0.37444444444444447
19.728,-3.97,6.96,-0.2966666666666667
19.748,-4.03,7.06,-0.22777777777777777
19.768,-4.04,7.01,-0.1511111111111111
19.788,-4.1,7.04,-0.07555555555555556
19.808,-4.1,6.93,-0.0022222222222222222
19.828,-4.07,7.02,0.06888888888888889
19.848,-4.0,6.97,0.1411111111111111
19.868,-3.94,7.03,0.21333333333333335
19.888,-3.87,7.04,0.2877777777777778
19.908,-3.75,7.06,0.36
19.928,-3.71,7.12,0.43444444444444447
19.948,-3.56,7.12,0.5077777777777778
19.968,-3.45,7.17,0.5822222222222222
19.988,-3.24,7.22,0.6544444444444445
20.008,-3.09,7.28,0.7311111111111112
20.028,-2.84,7.34,0.8055555555555556
20.048,-2.67,7.44,0.8855555555555555
20.068,-2.32,7.43,0.9588888888888889
20.088,-2.12,7.49,1.0377777777777777
20.108,-1.77,7.58,1.1144444444444443
20.128,-1.55,7.6,1.1966666666666668
20.148,-1.11,7.64,1.2755555555555556
20.168,-0.9,7.64,1.3533333333333333
20.188,-0.35,7.66,1.4355555555555555
20.208,0.0,7.81,1.5177777777777777
20.228,0.47,7.82,1.5966666666666667
20.248,0.86,7.85,1.6788888888888889
20.268,1.45,7.84,1.7622222222222221
20.288,1.85,7.82,1.8455555555555556
20.308,2.49,7.85,1.9255555555555555
20.328,2.94,7.83,2.0077777777777777
20.348,3.47,7.78,2.0933333333333333
20.368,3.72,7.83,2.1755555555555555
20.388,4.83,7.62,2.2544444444444443
20.408,5.27,7.68,2.3344444444444443
20.428,6.21,7.55,2.417777777777778
20.448,6.62,7.31,2.4944444444444445
20.468,7.33,7.18,2.57
20.488,8.47,6.75,2.6466666666666665
20.508,8.7,6.65,2.72
20.528,9.14,6.56,2.7944444444444443
20.548,10.04,6.14,2.8644444444444446
20.568,10.67,5.6,2.9555555555555557
20.588,11.41,5.33,2.99
20.608,11.81,5.04,3.0533333333333332
20.628,12.44,4.66,3.1033333333333335
20.648,12.77,4.09,3.1577777777777776
20.668,13.4,3.66,3.207777777777778
20.688,13.66,3.23,3.2455555555555557
20.708,14.09,2.73,3.278888888888889
20.728,14.32,2.19,3.312222222222222
20.748,14.63,1.56,3.3355555555555556
20.768,14.68,1.15,3.3555555555555556
20.788,14.85,0.49,3.37
20.808,14.79,0.0,3.3766666666666665
20.828,14.73,-0.57,3.381111111111111
20.848,14.72,-1.13,3.3766666666666665
20.868,14.48,-1.64,3.367777777777778
20.888,14.36,-2.26,3.35
20.908,14.01,-2.85,3.327777777777778
20.928,13.63,-3.26,3.3
20.948,13.2,-3.92,3.2666666666666666
20.968,12.77,-4.06,3.23
20.988,12.19,-4.58,3.19
21.008,11.84,-5.07,3.1444444444444444
21.028,11.08,-5.44,3.088888888888889
21.048,10.63,-5.82,3.033333333333333
21.068,9.9,-6.13,2.973333333333333
21.088,9.35,-6.43,2.9055555555555554
21.108,8.6,-6.69,2.8422222222222224
21.128,7.98,-6.87,2.7711111111111113
21.148,7.33,-7.28,2.698888888888889
21.168,6.64,-7.24,2.6233333333333335
21.188,5.85,-7.48,2.55
21.208,5.37,-7.54,2.4655555555555555
21.228,4.53,-7.67,2.3866666666666667
21.248,4.11,-7.74,2.3044444444444445
21.268,3.31,-7.84,2.2255555555555557
21.288,2.93,-7.84,2.137777777777778
21.308,2.19,-7.93,2.0544444444444445
21.328,1.76,-7.83,1.97
21.348,1.14,-7.92,1.8844444444444444
21.368,0.72,-7.87,1.798888888888889
21.388,0.12,-7.87,1.7144444444444444
21.408,-0.17,-7.8,1.63
21.428,-0.73,-7.77,1.5455555555555556
21.448,-1.02,-7.7,1.46
21.468,-1.48,-7.74,1.3788888888888888
21.488,-1.74,-7.66,1.2933333333333332
21.508,-2.15,-6.97,1.208888888888889
21.528,-2.51,-7.48,1.1222222222222222
21.548,-2.77,-7.34,1.048888888888889
21.568,-2.99,-7.42,0.9666666666666667
21.588,-3.32,-7.25,0.8866666666666667
21.608,-3.51,-7.29,0.8033333333333333
21.628,-3.67,-7.16,0.7288888888888889
21.648,-3.84,-7.19,0.6466666666666666
21.668,-4.0,-7.09,0.57
21.688,-4.14,-7.18,0.4922222222222222
21.708,-3.3,-6.61,0.42
21.728,-3.69,-8.56,0.3233333333333333
21.748,-3.22,-7.19,0.26222222222222225
21.768,-4.5,-7.24,0.17444444444444446
21.788,-4.42,-6.99,0.10111111111111111
21.808,-4.39,-7.38,0.027777777777777776
21.828,-4.73,-6.68,-0.04888888888888889
21.848,-4.42,-7.41,-0.12333333333333334
21.868,-4.29,-7.05,-0.19777777777777777
21.888,-4.34,-7.23,-0.2733333333333333
21.908,-4.16,-7.06,-0.35
21.928,-4.16,-7.25,-0.42333333333333334
21.948,-3.97,-7.1,-0.5011111111111111
21.968,-3.88,-7.33,-0.5755555555555556
21.988,-3.63,-7.21,-0.6522222222222223
22.008,-3.5,-7.4,-0.7322222222222222
22.028,-3.22,-7.33,-0.81
22.048,-3.05,-7.47,-0.8888888888888888
22.068,-2.7,-7.46,-0.9655555555555555
22.088,-2.5,-7.57,-1.0466666666666666
22.108,-1.89,-7.78,-1.1344444444444444
22.128,-1.95,-7.66,-1.2077777777777778
22.148,-1.52,-7.68,-1.2877777777777777
22.168,-1.23,-7.75,-1.3655555555555556
22.188,-0.72,-7.77,-1.4477777777777778
22.208,-0.39,-7.85,-1.53
22.228,0.13,-7.86,-1.6111111111111112
22.248,0.45,-7.95,-1.6944444444444444
22.268,1.01,-7.91,-1.7755555555555556
22.288,1.43,-7.93,-1.86
22.308,2.06,-7.81,-1.9422222222222223
22.328,2.44,-7.92,-2.0233333333333334
22.348,3.26,-7.88,-2.1033333333333335
22.368,3.68,-7.81,-2.1866666666666665
22.388,4.44,-7.75,-2.2666666666666666
22.408,4.95,-7.65,-2.3455555555555554
22.428,5.7,-7.51,-2.4233333333333333
22.448,6.21,-7.42,-2.5011111111111113
22.468,7.01,-7.24,-2.5755555555555554
22.488,7.54,-7.07,-2.6466666666666665
22.508,8.27,-6.81,-2.72
22.528,8.86,-6.61,-2.7855555555555553
22.548,9.62,-6.26,-2.85
22.568,10.14,-6.02,-2.9155555555555557
22.588,10.62,-6.03,-2.966666666666667
22.608,11.4,-5.34,-3.008888888888889
22.628,12.08,-4.62,-3.0755555555555554
22.648,12.55,-4.47,-3.121111111111111
22.668,13.05,-3.85,-3.167777777777778
22.688,13.37,-3.48,-3.201111111111111
22.708,13.78,-2.9,-3.23
22.728,13.97,-2.49,-3.2577777777777777
22.748,14.27,-1.86,-3.2744444444444443
22.768,14.36,-1.36,-3.287777777777778
22.788,14.56,-0.73,-3.296666666666667
22.808,14.55,-0.29,-3.298888888888889
22.828,14.57,0.34,-3.301111111111111
22.848,14.45,0.81,-3.2866666666666666
22.868,14.32,1.43,-3.2733333333333334
22.888,14.21,1.81,-3.2544444444444443
22.908,13.86,2.46,-3.223333333333333
22.928,13.68,2.84,-3.1977777777777776
22.948,13.23,3.37,-3.1566666666666667
22.968,12.88,3.83,-3.118888888888889
22.988,12.31,4.24,-3.068888888888889
23.008,11.88,4.68,-3.02
23.028,11.29,5.08,-2.968888888888889
23.048,10.86,5.38,-2.9055555555555554
23.068,10.17,5.74,-2.8455555555555554
23.088,9.7,6.03,-2.781111111111111
23.108,8.96,6.3,-2.71
23.128,8.49,6.52,-2.641111111111111
23.148,7.71,6.79,-2.5633333333333335
23.168,7.21,7.0,-2.4855555555555555
23.188,6.49,7.17,-2.41
23.208,6.16,7.29,-2.332222222222222
23.228,5.35,7.42,-2.247777777777778
23.248,4.88,7.52,-2.1633333333333336
23.268,4.22,7.65,-2.0844444444444443
23.288,3.69,7.66,-1.998888888888889
23.308,3.16,7.77,-1.9144444444444444
23.328,2.46,7.8,-1.8533333333333333
23.348,2.08,7.8,-1.7444444444444445
23.368,1.73,7.79,-1.66
23.388,1.18,7.77,-1.5733333333333333
23.408,0.92,7.74,-1.488888888888889
23.428,0.39,7.8,-1.4022222222222223
23.448,0.08,7.77,-1.318888888888889
23.468,-0.27,7.75,-1.2355555555555555
23.488,-0.57,7.72,-1.15
23.508,-0.93,7.71,-1.07
23.528,-1.17,7.65,-0.9855555555555555
23.548,-1.48,7.61,-0.9044444444444445
23.568,-1.67,7.61,-0.82
23.588,-1.88,7.66,-0.7433333333333333
23.608,-2.39,7.55,-0.6677777777777778
23.628,-2.12,6.92,-0.5766666666666667
23.648,-2.29,7.75,-0.49666666666666665
23.668,-2.63,7.38,-0.4177777777777778
23.688,-2.6,7.67,-0.34
23.708,-2.65,7.42,-0.2577777777777778
23.728,-2.68,7.53,-0.17888888888888888
23.748,-2.66,7.41,-0.09666666666666666
23.768,-2.73,7.48,-0.02
23.788,-2.68,7.43,0.06
23.808,-2.71,7.49,0.13666666666666666
23.828,-2.64,7.51,0.21444444444444444
23.848,-2.56,7.5,0.2911111111111111
23.868,-2.44,7.53,0.3688888888888889
23.888,-2.34,7.52,0.4477777777777778
23.908,-2.17,7.57,0.5255555555555556
23.928,-2.05,7.57,0.6044444444444445
23.948,-1.83,7.62,0.6855555555555556
23.968,-1.67,7.63,0.7644444444444445
23.988,-1.41,7.68,0.8477777777777777
24.008,-1.2,7.66,0.9255555555555556
24.028,-0.89,7.73,1.0055555555555555
24.048,-0.61,7.75,1.0866666666666667
24.068,-0.24,7.77,1.17
24.088,0.03,7.82,1.2522222222222221
24.108,0.42,7.81,1.33
24.128,0.72,7.87,1.4166666666666667
24.148,1.22,7.84,1.4966666666666666
24.168,1.57,7.85,1.58
24.188,2.12,7.83,1.6644444444444444
24.208,2.54,7.84,1.75
24.228,3.12,7.8,1.83
24.248,3.62,7.82,1.9144444444444444
24.268,4.2,7.5,1.9922222222222221
24.288,4.71,7.48,2.0744444444444445
24.308,5.36,7.33,2.1577777777777776
24.328,5.89,7.61,2.2344444444444442
24.348,6.5,7.18,2.31
24.368,6.98,7.15,2.3866666666666667
24.388,7.63,6.91,2.462222222222222
24.408,8.27,6.62,2.537777777777778
24.428,8.89,6.42,2.6077777777777778
24.448,9.34,6.27,2.6766666666666667
24.468,10.04,5.87,2.741111111111111
24.488,10.5,5.6,2.807777777777778
24.508,11.45,5.12,2.9055555555555554
24.528,11.47,5.03,2.921111111111111
24.548,12.09,4.47,2.9722222222222223
24.568,12.47,4.01,3.022222222222222
24.588,12.96,3.55,3.0633333333333335
24.608,13.26,3.2,3.101111111111111
24.628,13.67,2.61,3.1366666666666667
24.648,13.88,2.22,3.1622222222222223
24.668,14.13,1.62,3.187777777777778
24.688,14.27,0.95,3.2055555555555557
24.708,14.38,0.34,3.2111111111111112
24.728,14.43,-0.18,3.2222222222222223
24.748,14.34,-0.66,3.223333333333333
24.768,14.21,-1.17,3.22
24.788,13.99,-1.71,3.2066666666666666
24.808,13.86,-2.27,3.19
24.828,13.49,-2.83,3.1633333333333336
24.848,13.2,-3.24,3.1433333333333335
24.868,12.76,-3.75,3.11
24.888,12.42,-4.04,3.0766666666666667
24.908,11.84,-4.61,3.03
24.928,11.47,-4.92,2.98
24.948,10.82,-5.4,2.931111111111111
24.968,10.39,-5.66,2.8755555555555556
24.988,9.71,-6.03,2.8144444444444443
25.008,9.23,-6.27,2.752222222222222
25.028,8.51,-6.59,2.6855555555555557
25.048,8.03,-6.76,2.6166666666666667
25.068,7.27,-7.03,2.548888888888889
25.088,6.74,-7.22,2.473333333333333
25.108,6.02,-7.38,2.3955555555555557
25.128,5.49,-7.44,2.318888888888889
25.148,4.79,-7.57,2.2422222222222223
25.168,4.3,-7.68,2.158888888888889
25.188,3.63,-7.7,2.08
25.208,3.27,-7.86,1.9944444444444445
25.228,2.57,-7.76,1.9144444444444444
25.248,2.19,-7.93,1.8266666666666667
25.268,1.62,-7.95,1.7444444444444445
25.288,1.2,-7.92,1.66
25.308,0.69,-7.89,1.5722222222222222
25.328,0.25,-7.87,1.49
25.348,-0.11,-7.85,1.4055555555555554
25.368,-0.44,-7.81,1.318888888888889
25.388,-0.86,-7.79,1.2366666666666666
25.408,-1.1,-7.78,1.1511111111111112
25.428,-1.46,-7.8,1.0666666666666667
25.448,-1.7,-7.64,0.98
25.468,-1.98,-7.37,0.8944444444444445
25.488,-2.24,-7.64,0.8066666666666666
25.508,-2.44,-7.56,0.7333333333333333
25.528,-2.51,-7.77,0.6588888888888889
25.548,-3.09,-8.78,0.5788888888888889
25.568,-2.77,-7.54,0.48
25.588,-3.08,-7.78,0.4033333333333333
25.608,-2.71,-7.48,0.3211111111111111
25.628,-3.31,-7.86,0.24222222222222223
25.648,-3.06,-7.26,0.16
25.668,-3.27,-7.77,0.07888888888888888
25.688,-3.13,-7.18,0.0
25.708,-3.22,-7.46,-0.08
25.728,-3.13,-7.38,-0.16
25.748,-3.07,-7.47,-0.24
25.768,-2.97,-7.44,-0.31777777777777777
25.788,-2.89,-7.53,-0.4
25.808,-2.8,-7.52,-0.4766666666666667
25.828,-2.62,-7.58,-0.5566666666666666
25.848,-2.5,-7.59,-0.6377777777777778
25.868,-2.26,-7.63,-0.7177777777777777
25.888,-2.07,-7.68,-0.7988888888888889
25.908,-1.8,-7.73,-0.8777777777777778
25.928,-1.58,-7.75,-0.96
25.948,-1.25,-7.8,-1.0422222222222222
25.968,-1.0,-7.8,-1.1222222222222222
25.988,-0.61,-7.84,-1.2066666666666668
26.008,-0.32,-7.9,-1.288888888888889
26.028,0.09,-7.91,-1.37
26.048,0.4,-7.93,-1.4544444444444444
26.068,0.91,-7.95,-1.5355555555555556
26.088,1.29,-7.89,-1.6177777777777778
26.108,1.82,-7.98,-1.701111111111111
26.128,2.16,-7.91,-1.7822222222222222
26.148,2.8,-8.22,-1.8622222222222222
26.168,3.18,-7.79,-1.9444444444444444
26.188,3.87,-7.8,-2.0277777777777777
26.208,4.37,-7.64,-2.1055555555555556
26.228,5.01,-7.61,-2.183333333333333
26.248,5.46,-7.37,-2.2622222222222224
26.268,6.26,-7.41,-2.3355555555555556
26.288,6.68,-7.14,-2.4122222222222223
26.308,7.45,-6.97,-2.4811111111111113
26.328,7.9,-6.78,-2.5533333333333332
26.348,8.64,-6.5,-2.62
26.368,9.17,-6.27,-2.681111111111111
26.388,9.84,-5.91,-2.7466666666666666
26.408,10.29,-5.73,-2.8
26.428,10.92,-5.32,-2.8566666666666665
26.448,10.74,-5.71,-2.852222222222222
26.468,11.88,-4.56,-2.9544444444444444
26.488,12.28,-4.1,-2.9966666666666666
26.508,12.79,-3.73,-3.033333333333333
26.528,13.04,-3.23,-3.0655555555555556
26.548,13.43,-2.76,-3.0922222222222224
26.568,13.62,-2.3,-3.112222222222222
26.588,13.9,-1.74,-3.128888888888889
26.608,13.98,-1.33,-3.14
26.628,14.08,-0.73,-3.1466666666666665
26.648,14.08,-0.24,-3.15
26.668,14.09,0.36,-3.141111111111111
26.688,14.14,0.73,-3.1266666666666665
26.708,13.96,1.35,-3.111111111111111
26.728,13.68,1.94,-3.09
26.748,13.42,2.59,-3.062222222222222
26.768,13.23,2.88,-3.028888888888889
26.788,12.75,3.46,-2.9922222222222223
26.808,12.42,3.84,-2.95
26.828,11.86,4.32,-2.9066666666666667
26.848,11.54,4.63,-2.8566666666666665
26.868,10.95,5.01,-2.798888888888889
26.888,10.58,5.28,-2.7422222222222223
26.908,9.94,5.67,-2.68
26.928,9.46,5.92,-2.6133333333333333
26.948,8.78,6.2,-2.55
26.968,8.33,6.45,-2.4766666666666666
26.988,7.63,6.71,-2.4
27.008,7.17,6.86,-2.3255555555555554
27.028,6.61,7.0,-2.25
27.048,6.04,7.25,-2.1733333333333333
27.068,5.41,7.31,-2.0922222222222224
27.088,5.01,7.39,-2.01
27.108,4.37,7.49,-1.9266666666666667
27.128,3.98,7.63,-1.8444444444444446
27.148,3.47,7.66,-1.76
27.168,2.79,7.86,-1.6955555555555555
27.188,2.49,7.71,-1.5888888888888888
27.208,2.12,7.77,-1.5044444444444445
27.228,1.6,7.82,-1.42
27.248,1.41,7.78,-1.3344444444444445
27.268,0.9,7.79,-1.248888888888889
27.288,0.69,7.78,-1.1644444444444444
27.308,0.25,7.77,-1.08
27.328,0.07,7.83,-0.9966666666666667
27.348,-0.2,7.75,-0.9133333333333333
27.368,-0.42,7.8,-0.8277777777777777
27.388,-0.66,7.71,-0.7433333333333333
27.408,-0.83,7.76,-0.66
27.428,-1.02,7.74,-0.5766666666666667
27.448,-1.13,7.7,-0.49333333333333335
27.468,-1.28,7.7,-0.41
27.488,-1.36,7.69,-0.3277777777777778
27.508,-1.48,7.75,-0.24555555555555555
27.528,-1.48,7.8,-0.16777777777777778
27.548,-2.15,8.55,-0.08222222222222222
27.568,-1.47,7.5,0.0044444444444444444
27.588,-1.59,8.1,0.08333333333333333
27.608,-1.46,7.47,0.1622222222222222
27.628,-1.38,7.92,0.24555555555555555
27.648,-1.39,7.49,0.32555555555555554
27.668,-1.2,7.83,0.4088888888888889
27.688,-1.12,7.56,0.4888888888888889
27.708,-0.89,7.75,0.57
27.728,-0.73,7.69,0.6522222222222223
27.748,-0.51,7.79,0.7322222222222222
27.768,-0.34,7.75,0.8177777777777778
27.788,0.0,7.79,0.8988888888888888
27.808,0.11,7.8,0.98
27.828,0.49,7.83,1.0622222222222222
27.848,0.77,7.82,1.1466666666666667
27.868,1.17,7.82,1.2277777777777779
27.888,1.46,7.83,1.31
27.908,1.89,7.8,1.3955555555555557
27.928,2.26,7.78,1.4766666666666666
27.948,2.74,7.73,1.5611111111111111
27.968,3.12,7.75,1.6411111111111112
27.988,3.62,7.8,1.7244444444444444
28.008,4.0,7.47,1.8033333333333332
28.028,4.64,7.6,1.8877777777777778
28.048,5.09,7.37,1.9666666666666666
28.068,5.71,7.28,2.0455555555555556
28.088,6.17,7.21,2.1222222222222222
28.108,6.78,6.94,2.201111111111111
28.128,7.27,6.89,2.2744444444444443
28.148,7.83,6.61,2.347777777777778
28.168,8.3,6.48,2.42
28.188,9.01,6.17,2.4877777777777776
28.208,9.45,5.98,2.55
28.228,10.05,5.6,2.617777777777778
28.248,10.42,5.36,2.6855555555555557
28.268,11.06,4.83,2.7344444444444442
28.288,11.43,4.6,2.7866666666666666
28.308,11.96,4.25,2.8377777777777777
28.328,12.26,3.82,2.8866666666666667
28.348,12.67,3.33,2.9255555555555555
28.368,12.97,2.99,2.957777777777778
28.388,13.31,2.43,2.99
28.408,13.51,2.04,3.022222222222222
28.428,13.77,1.46,3.0411111111111113
28.448,13.85,1.04,3.0544444444444445
28.468,13.96,0.42,3.062222222222222
28.488,14.02,-0.01,3.0733333333333333
28.508,13.91,-0.5,3.0733333333333333
28.528,13.89,-0.96,3.068888888888889
28.548,13.67,-1.57,3.0533333333333332
28.568,13.54,-1.99,3.04
28.588,13.27,-2.59,3.0144444444444445
28.608,13.01,-2.9,2.9922222222222223
28.628,12.62,-3.43,2.9566666666666666
28.648,12.31,-3.78,2.9255555555555555
28.668,11.85,-4.35,2.8844444444444446
28.688,11.27,-4.79,2.838888888888889
28.708,10.63,-5.16,2.787777777777778
28.728,10.25,-5.53,2.7344444444444442
28.748,9.63,-5.85,2.6777777777777776
28.768,9.24,-6.13,2.6144444444444446
28.788,8.55,-6.38,2.55
28.808,8.05,-6.6,2.4855555555555555
28.828,7.39,-6.85,2.4155555555555557
28.848,6.95,-7.05,2.3433333333333333
28.868,6.17,-7.22,2.27
28.888,5.77,-7.3,2.1977777777777776
28.908,5.11,-7.49,2.118888888888889
28.928,4.68,-7.56,2.04
28.948,4.06,-7.74,1.96
28.968,3.65,-7.69,1.8777777777777778
28.988,3.06,-7.79,1.7922222222222222
29.008,2.65,-7.8,1.7133333333333334
29.028,2.1,-7.82,1.6288888888888888
29.048,1.73,-7.81,1.5455555555555556
29.068,1.25,-7.88,1.461111111111111
29.088,0.97,-7.89,1.3755555555555556
29.108,0.5,-7.91,1.291111111111111
29.128,0.2,-7.87,1.2066666666666668
29.148,-0.11,-7.9,1.1211111111111112
29.168,-0.39,-7.85,1.0344444444444445
29.188,-0.71,-7.87,0.9488888888888889
29.208,-0.95,-7.81,0.8666666666666667
29.228,-1.18,-7.83,0.7822222222222223
29.248,-1.31,-7.79,0.6966666666666667
29.268,-1.55,-7.77,0.6133333333333333
29.288,-1.67,-7.78,0.53
29.308,-1.59,-7.71,0.45111111111111113
29.328,-2.83,-9.07,0.35444444444444445
29.348,-1.8,-7.38,0.2733333333333333
29.368,-2.22,-8.19,0.1922222222222222
29.388,-1.93,-7.57,0.1111111111111111
29.408,-2.28,-7.83,0.03
29.428,-2.09,-7.52,-0.052222222222222225
29.448,-2.16,-7.9,-0.13444444444444445
29.468,-2.01,-7.52,-0.21888888888888888
29.488,-1.92,-7.98,-0.3
29.508,-1.8,-7.65,-0.38
29.528,-1.73,-7.94,-0.46111111111111114
29.548,-1.53,-7.75,-0.5444444444444444
29.568,-1.52,-7.86,-0.6266666666666667
29.588,-1.21,-7.79,-0.7077777777777777
29.608,-1.1,-7.89,-0.7922222222222223
29.628,-0.79,-7.78,-0.8711111111111111
29.648,-0.58,-7.94,-0.9555555555555556
29.668,-0.12,-7.9,-1.0377777777777777
29.688,0.08,-7.96,-1.12
29.708,0.47,-7.92,-1.201111111111111
29.728,0.76,-7.97,-1.2833333333333334
29.748,1.19,-7.92,-1.3666666666666667
29.768,1.52,-7.91,-1.451111111111111
29.788,1.98,-7.78,-1.53
29.808,2.34,-7.83,-1.6144444444444443
29.828,2.98,-7.9,-1.6944444444444444
29.848,3.28,-7.8,-1.7744444444444445
29.868,3.92,-7.74,-1.8522222222222222
29.888,4.35,-7.64,-1.9333333333333333
29.908,4.96,-7.55,-2.013333333333333
29.928,5.36,-7.39,-2.088888888888889
29.948,6.05,-7.3,-2.1622222222222223
29.968,6.47,-7.18,-2.238888888888889
29.988,7.13,-6.91,-2.3066666666666666
30.008,7.61,-6.75,-2.378888888888889
30.028,8.32,-6.47,-2.448888888888889
30.048,8.72,-6.28,-2.51
30.068,9.38,-5.98,-2.5722222222222224
30.088,9.81,-5.71,-2.63
30.108,10.41,-5.38,-2.6844444444444444
30.128,10.81,-5.13,-2.7333333333333334
30.148,11.4,-4.5,-2.73
30.168,11.72,-4.42,-2.8244444444444445
30.188,12.16,-3.84,-2.8655555555555554
30.208,12.5,-3.59,-2.897777777777778
30.228,12.89,-3.01,-2.93
30.248,13.05,-2.64,-2.9544444444444444
30.268,13.39,-2.07,-2.971111111111111
30.288,13.5,-1.68,-2.9877777777777776
30.308,13.67,-1.14,-2.9966666666666666
30.328,13.75,-0.66,-2.997777777777778
30.348,13.75,-0.06,-2.997777777777778
30.368,13.76,0.32,-2.99
30.388,13.65,0.88,-2.982222222222222
30.408,13.53,1.32,-2.9588888888888887
30.428,13.32,1.84,-2.938888888888889
30.448,13.17,2.23,-2.91
30.468,12.85,2.71,-2.88
30.488,12.51,3.19,-2.8444444444444446
30.508,12.13,3.7,-2.8022222222222224
30.528,11.84,3.98,-2.7555555555555555
30.548,11.37,4.42,-2.7066666666666666
30.568,10.99,4.74,-2.6533333333333333
30.588,10.44,5.1,-2.6
30.608,10.09,5.35,-2.5366666666666666
30.628,9.26,5.84,-2.4722222222222223
30.648,8.86,5.99,-2.4077777777777776
30.668,8.24,6.28,-2.338888888888889
30.688,7.81,6.59,-2.267777777777778
30.708,7.15,6.7,-2.1933333333333334
30.728,6.77,6.9,-2.117777777777778
30.748,6.24,6.94,-2.04
30.768,5.72,7.3,-1.96
30.788,5.12,7.3,-1.88
30.808,4.79,7.41,-1.801111111111111
30.828,4.22,7.5,-1.7177777777777778
30.848,3.86,7.54,-1.6377777777777778
30.868,3.35,7.57,-1.551111111111111
30.888,3.21,7.63,-1.49
30.908,2.62,7.73,-1.3822222222222222
30.928,2.26,7.67,-1.3
30.948,1.94,7.76,-1.2133333333333334
30.968,1.55,7.79,-1.1288888888888888
30.988,1.24,7.84,-1.0455555555555556
31.008,1.01,7.79,-0.9555555555555556
31.028,0.7,7.85,-0.8755555555555555
31.048,0.57,7.77,-0.7911111111111111
31.068,0.27,7.81,-0.7033333333333334
31.088,0.14,7.78,-0.62
31.108,0.03,7.78,-0.5366666666666666
31.128,-0.08,7.75,-0.45
31.148,-0.22,7.78,-0.36666666666666664
31.168,-0.31,7.79,-0.2811111111111111
31.188,-0.39,7.79,-0.19777777777777777
31.208,-0.4,7.77,-0.11444444444444445
31.228,-0.46,7.79,-0.03
31.248,-0.44,7.8,0.052222222222222225
31.268,-0.42,7.8,0.13555555555555557
31.288,-0.35,7.83,0.21666666666666667
31.308,-0.24,7.82,0.3
31.328,-0.16,7.83,0.3844444444444444
31.348,-0.01,7.83,0.4677777777777778
31.368,0.07,7.83,0.55
31.388,0.19,7.84,0.6311111111111111
31.408,0.36,7.84,0.7155555555555555
31.428,0.64,7.84,0.8
31.448,0.81,7.83,0.8833333333333333
31.468,1.13,7.83,0.9655555555555555
31.488,1.36,7.81,1.0466666666666666
31.508,1.71,7.8,1.13
31.528,1.97,7.78,1.2166666666666666
31.548,2.39,7.74,1.2966666666666666
31.568,2.69,7.73,1.3766666666666667
31.588,3.15,7.69,1.46
31.608,3.45,7.64,1.5433333333333332
31.628,4.17,7.58,1.6222222222222222
31.648,4.51,7.47,1.7044444444444444
31.668,5.08,7.41,1.7822222222222222
31.688,5.43,7.22,1.86
31.708,6.06,7.14,1.94
31.728,6.44,6.89,2.013333333333333
31.748,7.04,6.81,2.09
31.768,7.42,6.62,2.1644444444444444
31.788,8.09,6.41,2.2344444444444442
31.808,8.47,6.18,2.3066666666666666
31.828,9.06,5.92,2.3722222222222222
31.848,9.48,5.69,2.438888888888889
31.868,10.06,5.34,2.497777777777778
31.888,10.58,5.17,2.568888888888889
31.908,10.98,4.74,2.6077777777777778
31.928,11.38,4.43,2.66
31.948,11.83,3.92,2.7088888888888887
31.968,12.1,3.62,2.7511111111111113
31.988,12.47,3.14,2.796666666666667
32.008,12.74,2.78,2.8266666666666667
32.028,13.01,2.26,2.8533333333333335
32.048,13.17,1.92,2.88
32.068,13.4,1.36,2.902222222222222
32.088,13.5,0.91,2.9144444444444444
32.108,13.61,0.37,2.9255555555555555
32.128,13.52,0.1,2.93
32.148,13.54,-0.58,2.9322222222222223
32.168,13.48,-1.01,2.9255555555555555
32.188,13.32,-1.59,2.9144444444444444
32.208,13.21,-2.0,2.898888888888889
32.228,12.88,-2.58,2.88
32.248,12.71,-2.85,2.852222222222222
32.268,12.33,-3.41,2.8233333333333333
32.288,11.73,-2.97,2.7933333333333334
32.308,11.53,-4.0,2.7488888888888887
32.328,11.25,-4.46,2.7066666666666666
32.348,10.73,-4.87,2.6544444444444446
32.368,10.3,-5.21,2.6077777777777778
32.388,9.75,-5.52,2.551111111111111
32.408,9.35,-5.8,2.491111111111111
32.428,8.77,-6.13,2.43
32.448,8.36,-6.29,2.3666666666666667
32.468,7.72,-6.58,2.3
32.488,7.28,-6.74,2.2655555555555558
32.508,6.59,-6.99,2.1933333333333334
32.528,6.17,-7.1,2.12
32.548,5.61,-7.36,2.0477777777777777
32.568,5.19,-7.32,1.97
32.588,4.57,-7.48,1.8911111111111112
32.608,4.22,-7.59,1.8122222222222222
32.628,3.45,-7.69,1.7333333333333334
32.648,3.09,-7.74,1.65
32.668,2.62,-7.77,1.5711111111111111
32.688,2.27,-7.82,1.4855555555555555
32.708,1.8,-7.84,1.4033333333333333
32.728,1.53,-7.91,1.32
32.748,1.06,-7.86,1.2355555555555555
32.768,0.91,-7.94,1.1522222222222223
32.788,0.5,-7.9,1.0677777777777777
32.808,0.31,-7.89,0.9833333333333333
32.828,0.04,-7.9,0.8977777777777778
32.848,-0.09,-7.88,0.8111111111111111
32.868,-0.37,-7.88,0.7288888888888889
32.888,-0.52,-7.88,0.6444444444444445
32.908,-0.68,-7.89,0.5588888888888889
32.928,-0.77,-7.85,0.47555555555555556
32.948,-0.92,-7.86,0.3888888888888889
32.968,-0.98,-7.86,0.30444444444444446
32.988,-1.05,-7.85,0.22
33.008,-1.07,-7.84,0.13444444444444445
33.028,-1.11,-7.87,0.051111111111111114
33.048,-1.1,-7.86,-0.034444444444444444
33.068,-1.04,-7.89,-0.11555555555555555
33.088,-0.98,-7.88,-0.19777777777777777
33.108,-0.86,-7.9,-0.2811111111111111
33.128,-0.79,-7.89,-0.36444444444444446
33.148,-0.64,-7.91,-0.4444444444444444
33.168,-0.54,-7.93,-0.5288888888888889
33.188,-0.31,-7.94,-0.61
33.208,-0.17,-7.94,-0.6944444444444444
33.228,0.07,-7.94,-0.7777777777777778
33.248,0.24,-7.91,-0.8622222222222222
33.268,0.57,-7.94,-0.9433333333333334
33.288,0.8,-7.91,-1.0233333333333334
33.308,1.15,-7.93,-1.11
33.328,1.41,-7.89,-1.19
33.348,1.79,-7.81,-1.271111111111111
33.368,2.13,-7.93,-1.3544444444444443
33.388,2.58,-7.82,-1.4344444444444444
33.408,3.0,-7.82,-1.5155555555555555
33.428,3.47,-7.74,-1.5966666666666667
33.448,3.81,-7.68,-1.6755555555555555
33.468,4.41,-7.57,-1.7522222222222221
33.488,4.73,-7.49,-1.8311111111111111
33.508,5.35,-7.33,-1.9088888888888889
33.528,5.73,-7.29,-1.9822222222222223
33.548,6.35,-7.08,-2.0566666666666666
33.568,6.79,-6.95,-2.1266666666666665
33.588,7.39,-6.71,-2.1977777777777776
33.608,7.85,-6.56,-2.2622222222222224
33.628,8.66,-6.16,-2.327777777777778
33.648,9.06,-5.98,-2.391111111111111
33.668,9.66,-5.63,-2.4466666666666668
33.688,9.96,-5.41,-2.508888888888889
33.708,10.57,-5.03,-2.56
33.728,10.94,-4.71,-2.61
33.748,11.38,-4.32,-2.6544444444444446
33.768,11.74,-3.95,-2.6944444444444446
33.788,12.14,-3.5,-2.73
33.808,12.36,-3.16,-2.7644444444444445
33.828,12.74,-2.68,-2.7933333333333334
33.848,12.87,-2.29,-2.8177777777777777
33.868,13.13,-1.71,-2.832222222222222
33.888,13.27,-1.4,-2.85
33.908,13.36,-0.76,-2.86
33.928,13.4,-0.43,-2.862222222222222
33.948,13.4,0.12,-2.861111111111111
33.968,13.37,0.56,-2.8577777777777778
33.988,13.27,1.07,-2.8433333333333333
34.008,13.13,1.44,-2.8255555555555554
34.028,12.91,1.95,-2.807777777777778
34.048,12.7,2.35,-2.78
34.068,12.47,2.83,-2.7511111111111113
34.088,12.19,3.24,-2.7144444444444447
34.108,11.74,3.67,-2.6766666666666667
34.128,11.43,3.99,-2.6333333333333333
34.148,11.05,4.44,-2.581111111111111
34.168,10.63,4.69,-2.533333333333333
34.188,10.13,5.12,-2.4766666666666666
34.208,9.81,5.3,-2.418888888888889
34.228,9.26,5.64,-2.3577777777777778
34.248,8.86,5.79,-2.2911111111111113
34.268,8.3,6.1,-2.2244444444444444
34.288,7.89,6.27,-2.158888888888889
34.308,7.3,6.52,-2.082222222222222
34.328,6.94,6.74,-2.011111111111111
34.348,6.33,6.84,-1.9366666666666668
34.368,6.03,7.06,-1.8588888888888888
34.388,5.46,7.07,-1.7822222222222222
34.408,5.17,7.28,-1.7022222222222223
34.428,4.65,7.3,-1.6211111111111112
34.448,4.29,7.47,-1.5433333333333332
34.468,3.71,7.47,-1.471111111111111
34.488,3.54,7.56,-1.3777777777777778
34.508,3.06,7.6,-1.2922222222222222
34.528,2.81,7.65,-1.208888888888889
34.548,2.44,7.64,-1.1244444444444444
34.568,2.21,7.76,-1.038888888888889
34.588,1.9,7.69,-0.9566666666666667
34.608,1.72,7.77,-0.8711111111111111
34.628,1.45,7.73,-0.7877777777777778
34.648,1.22,7.76,-0.7022222222222222
34.668,0.98,7.83,-0.6177777777777778
34.688,0.88,7.8,-0.5311111111111111
34.708,0.68,7.85,-0.45
34.728,0.69,7.78,-0.3611111111111111
34.748,0.6,7.83,-0.2788888888888889
34.768,0.57,7.81,-0.19333333333333333
34.788,0.54,7.82,-0.10888888888888888
34.808,0.51,7.81,-0.024444444444444446
34.828,0.55,7.84,0.06
34.848,0.56,7.83,0.1411111111111111
34.868,0.65,7.83,0.22777777777777777
34.888,0.73,7.83,0.3088888888888889
34.908,0.87,7.82,0.3933333333333333
34.928,0.97,7.82,0.47555555555555556
34.948,1.17,7.81,0.5588888888888889
34.968,1.29,7.81,0.6411111111111111
34.988,1.52,7.79,0.7233333333333334
35.008,1.73,7.78,0.8088888888888889
35.028,2.02,7.76,0.8922222222222222
35.048,2.26,7.73,0.9744444444444444
35.068,2.59,7.69,1.0555555555555556
35.088,2.82,7.68,1.1355555555555557
35.108,3.22,7.62,1.22
35.128,3.5,7.59,1.3022222222222222
35.148,3.95,7.48,1.38
35.168,4.24,7.46,1.4622222222222223
35.188,4.78,7.39,1.5422222222222222
35.208,5.09,7.23,1.6211111111111112
35.228,5.64,7.14,1.6977777777777778
35.248,5.95,7.0,1.7733333333333334
35.268,6.51,6.89,1.8511111111111112
35.288,6.89,6.7,1.9255555555555555
35.308,7.46,6.55,1.9977777777777779
35.328,7.78,6.37,2.07
35.348,8.37,6.11,2.138888888888889
35.368,8.74,5.95,2.2066666666666666
35.388,9.29,5.6,2.27
35.408,9.66,5.41,2.33
35.428,10.28,5.07,2.3966666666666665
35.448,10.53,4.79,2.4433333333333334
35.468,11.01,4.34,2.497777777777778
35.488,11.3,4.11,2.5411111111111113
35.508,11.72,3.63,2.5922222222222224
35.528,12.02,3.34,2.631111111111111
35.548,12.37,2.85,2.6733333333333333
35.568,12.56,2.51,2.7
35.588,12.83,2.0,2.732222222222222
35.608,12.96,1.63,2.7511111111111113
35.628,13.12,1.06,2.77
35.648,13.18,0.58,2.781111111111111
35.668,13.19,-0.02,2.79
35.688,13.2,-0.33,2.798888888888889
35.708,13.13,-0.92,2.7944444444444443
35.728,13.08,-1.27,2.7888888888888888
35.748,12.88,-1.88,2.776666666666667
35.768,12.72,-2.22,2.763333333333333
35.788,12.45,-2.67,2.74
35.808,12.2,-3.02,2.716666666666667
35.828,11.86,-3.44,2.6855555555555557
35.848,11.59,-3.91,2.651111111111111
35.868,11.15,-4.34,2.6144444444444446
35.888,10.78,-4.55,2.5744444444444445
35.908,10.26,-5.01,2.526666666666667
35.928,9.99,-5.23,2.477777777777778
35.948,9.37,-5.56,2.421111111111111
35.968,9.03,-5.81,2.3644444444444446
35.988,8.45,-6.11,2.3044444444444445
36.008,8.04,-6.27,2.243333333333333
36.028,7.5,-6.55,2.18
36.048,7.05,-6.68,2.108888888888889
36.068,6.47,-6.93,2.04
36.088,6.09,-7.0,1.9677777777777778
36.108,5.52,-7.2,1.8944444444444444
36.128,5.14,-7.3,1.82
36.148,4.61,-7.45,1.74
36.168,4.28,-7.44,1.6633333333333333
36.188,3.77,-7.53,1.5855555555555556
36.208,3.47,-7.66,1.5033333333333334
36.228,2.98,-7.66,1.4244444444444444
36.248,2.68,-7.9,1.3422222222222222
36.268,2.3,-8.42,1.261111111111111
36.288,2.02,-8.33,1.17
36.308,1.71,-7.95,1.0911111111111111
36.328,1.31,-7.86,1.0077777777777779
36.348,1.14,-7.82,0.9244444444444444
36.368,0.86,-7.99,0.84
36.388,0.64,-7.89,0.7588888888888888
36.408,0.53,-7.97,0.6722222222222223
36.428,0.26,-7.91,0.5866666666666667
36.448,0.18,-7.95,0.5
36.468,0.06,-7.94,0.4177777777777778
36.488,0.04,-7.92,0.3322222222222222
36.508,-0.03,-7.96,0.24888888888888888
36.528,-0.09,-7.89,0.16333333333333333
36.548,-0.11,-7.93,0.08
36.568,-0.14,-7.9,-0.0033333333333333335
36.588,-0.11,-7.94,-0.08777777777777777
36.608,-0.06,-7.94,-0.1711111111111111
36.628,0.0,-7.95,-0.25222222222222224
36.648,0.08,-7.94,-0.33444444444444443
36.668,0.17,-7.99,-0.42
36.688,0.33,-7.91,-0.5
36.708,0.53,-7.97,-0.5833333333333334
36.728,0.68,-7.9,-0.6655555555555556
36.748,0.92,-7.94,-0.7477777777777778
36.768,1.13,-7.88,-0.8277777777777777
36.788,1.44,-7.91,-0.9155555555555556
36.808,1.65,-7.87,-0.9955555555555555
36.828,1.99,-7.86,-1.0777777777777777
36.848,2.26,-7.83,-1.1544444444444444
36.868,2.69,-7.76,-1.2377777777777779
36.888,2.98,-7.74,-1.32
36.908,3.41,-7.64,-1.4
36.928,3.68,-7.65,-1.4777777777777779
36.948,4.22,-7.51,-1.5566666666666666
36.968,4.56,-7.48,-1.6344444444444444
36.988,5.12,-7.35,-1.7077777777777778
37.008,5.48,-7.29,-1.7833333333333334
37.028,6.01,-7.1,-1.8577777777777778
37.048,6.4,-6.93,-1.9266666666666667
37.068,6.97,-6.76,-1.9955555555555555
37.088,7.35,-6.58,-2.07
37.108,7.92,-6.38,-2.1333333333333333
37.128,8.31,-6.19,-2.1944444444444446
37.148,8.9,-5.89,-2.256666666666667
37.168,9.23,-5.69,-2.3155555555555556
37.188,9.8,-5.3,-2.37
37.208,10.13,-5.1,-2.42
37.228,10.6,-4.46,-2.462222222222222
37.248,11.0,-4.45,-2.5122222222222224
37.268,11.35,-3.92,-2.5566666666666666
37.288,11.69,-3.71,-2.5944444444444446
37.308,12.03,-3.2,-2.6266666666666665
37.328,12.22,-2.93,-2.6544444444444446
37.348,12.56,-2.36,-2.6766666666666667
37.368,12.65,-2.07,-2.7
37.388,12.84,-1.48,-2.71
37.408,12.97,-1.15,-2.7244444444444444
37.428,13.02,-0.62,-2.73
37.448,13.08,-0.25,-2.7311111111111113
37.468,13.08,0.25,-2.7266666666666666
37.488,12.98,0.66,-2.7133333333333334
37.508,12.87,1.18,-2.7055555555555557
37.528,12.78,1.52,-2.683333333333333
37.548,12.54,2.02,-2.6577777777777776
37.568,12.44,2.29,-2.63
37.588,12.12,2.9,-2.5966666666666667
37.608,11.88,3.22,-2.5633333333333335
37.628,11.44,3.67,-2.52
37.648,11.21,3.91,-2.477777777777778
37.668,10.73,4.35,-2.43
37.688,10.46,4.59,-2.3755555555555556
37.708,9.97,4.98,-2.32
37.728,9.46,5.31,-2.2655555555555558
37.748,8.94,5.59,-2.2044444444444444
37.768,8.66,5.83,-2.141111111111111
37.788,8.11,6.08,-2.0744444444444445
37.808,7.74,6.17,-2.0055555555555555
37.828,7.21,6.48,-1.9355555555555555
37.848,6.81,6.54,-1.8611111111111112
37.868,6.31,6.74,-1.7866666666666666
37.888,5.96,6.88,-1.7122222222222223
37.908,5.51,7.0,-1.6366666666666667
37.928,5.21,7.11,-1.56
37.948,4.65,7.16,-1.4844444444444445
37.968,4.48,7.31,-1.4
37.988,4.03,7.35,-1.3166666666666667
38.008,3.79,7.51,-1.2355555555555555
38.028,3.42,7.5,-1.1544444444444444
38.048,3.14,7.55,-1.0722222222222222
38.068,2.85,7.6,-0.9877777777777778
38.088,2.66,7.61,-0.9055555555555556
38.108,2.39,7.66,-0.8211111111111111
38.128,2.25,7.64,-0.7377777777777778
38.148,1.89,7.69,-0.67
38.168,1.91,7.74,-0.5688888888888889
38.188,1.71,7.7,-0.48444444444444446
38.208,1.65,7.74,-0.4
38.228,1.54,7.71,-0.31444444444444447
38.248,1.44,7.78,-0.23
38.268,1.41,7.73,-0.14555555555555555
38.288,1.39,7.75,-0.06222222222222222
38.308,1.4,7.79,0.022222222222222223
38.328,1.43,7.78,0.10666666666666667
38.348,1.49,7.79,0.19
38.368,1.59,7.75,0.27111111111111114
38.388,1.67,7.77,0.35555555555555557
38.408,1.76,7.73,0.43777777777777777
38.428,1.92,7.75,0.5188888888888888
38.448,2.05,7.7,0.6011111111111112
38.468,2.28,7.71,0.6844444444444444
38.488,2.44,7.69,0.7677777777777778
38.508,2.71,7.66,0.85
38.528,2.93,7.61,0.93
38.548,3.22,7.57,1.0144444444444445
38.568,3.45,7.53,1.0955555555555556
38.588,3.83,7.48,1.1733333333333333
38.608,4.09,7.44,1.2533333333333334
38.628,4.48,7.34,1.3311111111111111
38.648,4.78,7.19,1.4122222222222223
38.668,5.24,7.15,1.49
38.688,5.55,7.06,1.5666666666666667
38.708,6.03,6.9,1.64
38.728,6.36,6.81,1.7155555555555555
38.748,6.85,6.62,1.791111111111111
38.768,7.18,6.49,1.86
38.788,7.89,6.18,1.93
38.808,8.23,6.02,2.0
38.828,8.78,5.78,2.0644444444444443
38.848,9.09,5.55,2.1277777777777778
38.868,9.59,5.29,2.19
38.888,9.82,5.0,2.2466666666666666
38.908,10.35,4.67,2.3022222222222224
38.928,10.65,4.33,2.352222222222222
38.948,11.14,3.97,2.401111111111111
38.968,11.36,3.73,2.4455555555555555
38.988,11.74,3.26,2.4844444444444442
39.008,11.96,2.94,2.526666666666667
39.028,12.26,2.44,2.5566666666666666
39.048,12.47,2.12,2.5922222222222224
39.068,12.63,1.64,2.61
39.088,12.78,1.25,2.631111111111111
39.108,12.84,0.83,2.648888888888889
39.128,12.9,0.44,2.6566666666666667
39.148,12.9,-0.04,2.6633333333333336
39.168,12.89,-0.49,2.6644444444444444
39.188,12.85,-0.97,2.6655555555555557
39.208,12.7,-1.33,2.6566666666666667
39.228,12.56,-1.88,2.64
39.248,12.41,-2.2,2.6277777777777778
39.268,12.14,-2.6,2.602222222222222
39.288,11.96,-3.08,2.5755555555555554
39.308,11.59,-3.52,2.546666666666667
39.328,11.49,-3.86,2.5188888888888887
39.348,10.96,-4.35,2.471111111111111
39.368,10.63,-4.48,2.431111111111111
39.388,10.13,-4.91,2.388888888888889
39.408,9.82,-5.12,2.3355555555555556
39.428,9.3,-5.38,2.283333333333333
39.448,9.0,-5.66,2.2266666666666666
39.468,8.47,-5.89,2.168888888888889
39.488,8.09,-6.15,2.1033333333333335
39.508,7.53,-6.38,2.0411111111111113
39.528,7.18,-6.56,1.9744444444444444
39.548,6.58,-6.74,1.91
39.568,6.27,-6.88,1.8377777777777777
39.588,5.73,-7.03,1.7633333333333334
39.608,5.39,-7.15,1.69
39.628,4.92,-7.27,1.6133333333333333
39.648,4.6,-7.4,1.5355555555555556
39.668,4.14,-7.47,1.461111111111111
39.688,3.85,-7.53,1.38
39.708,3.42,-7.59,1.3022222222222222
39.728,3.16,-7.62,1.22
39.748,2.74,-7.68,1.14
39.768,2.51,-7.72,1.0577777777777777
39.788,2.18,-7.75,0.9755555555555555
39.808,2.0,-7.81,0.8922222222222222
39.828,1.65,-7.8,0.8111111111111111
39.848,1.46,-7.77,0.7288888888888889
39.868,1.28,-7.83,0.6433333333333333
39.888,1.13,-7.85,0.56
39.908,0.96,-7.87,0.47555555555555556
39.928,0.88,-7.87,0.39
39.948,0.78,-7.89,0.30777777777777776
39.968,0.75,-7.9,0.22444444444444445
39.988,0.71,-7.9,0.14
40.008,0.68,-7.89,0.056666666666666664
40.028,0.69,-7.95,-0.03
40.048,0.7,-7.92,-0.1111111111111111
40.068,0.78,-7.93,-0.1922222222222222
40.088,0.81,-7.93,-0.27666666666666667
40.108,0.96,-7.9,-0.3566666666666667
40.128,1.03,-7.91,-0.44
40.148,1.21,-7.91,-0.5188888888888888
40.168,1.34,-7.89,-0.6011111111111112
40.188,1.56,-7.87,-0.6844444444444444
40.208,1.73,-7.87,-0.7644444444444445
40.228,2.02,-7.82,-0.8466666666666667
40.248,2.21,-7.8,-0.9277777777777778
40.268,2.55,-7.77,-1.01
40.288,2.77,-7.73,-1.0855555555555556
40.308,3.16,-7.66,-1.1644444444444444
40.328,3.42,-7.61,-1.2477777777777779
40.348,3.83,-7.53,-1.3233333333333333
40.368,4.14,-7.55,-1.4
40.388,4.54,-7.38,-1.478888888888889
40.408,4.9,-7.34,-1.5533333333333332
40.428,5.35,-7.21,-1.6266666666666667
40.448,5.73,-7.12,-1.7
40.468,6.22,-6.89,-1.77
40.488,6.55,-6.84,-1.84
40.508,7.1,-6.59,-1.9088888888888889
40.528,7.45,-6.45,-1.9733333333333334
40.548,7.98,-6.18,-2.0388888888888888
40.568,8.32,-6.03,-2.098888888888889
40.588,8.83,-5.71,-2.1555555555555554
40.608,9.14,-5.53,-2.2111111111111112
40.628,9.67,-5.17,-2.26
40.648,10.01,-5.01,-2.3133333333333335
40.668,10.45,-4.56,-2.36
40.688,10.8,-4.31,-2.4055555555555554
40.708,11.18,-3.89,-2.4411111111111112
40.728,11.43,-3.63,-2.4755555555555557
40.748,11.72,-3.19,-2.51
40.768,11.96,-2.85,-2.5366666666666666
40.788,12.3,-2.39,-2.557777777777778
40.808,12.35,-2.01,-2.5755555555555554
40.828,12.56,-1.54,-2.5866666666666664
40.848,12.67,-1.23,-2.6
40.868,12.78,-0.56,-2.6
40.888,12.75,-0.13,-2.602222222222222
40.908,12.76,0.33,-2.5955555555555554
40.928,12.69,0.7,-2.588888888888889
40.948,12.55,1.2,-2.5733333333333333
40.968,12.51,1.56,-2.5555555555555554
40.988,12.27,1.97,-2.53
41.008,12.08,2.35,-2.5033333333333334
41.028,11.79,2.85,-2.466666666666667
41.048,11.66,3.03,-2.437777777777778
41.068,11.26,3.5,-2.401111111111111
41.088,11.01,3.83,-2.3544444444444443
41.108,10.6,4.23,-2.31
41.128,10.35,4.43,-2.258888888888889
41.148,9.91,4.83,-2.2066666666666666
41.168,9.55,5.06,-2.15
41.188,9.13,5.33,-2.09
41.208,8.79,5.54,-2.03
41.228,8.29,5.84,-1.9644444444444444
41.248,7.95,6.01,-1.9
41.268,7.46,6.25,-1.8288888888888888
41.288,7.19,6.34,-1.761111111111111
41.308,6.72,6.58,-1.6855555555555555
41.328,6.35,6.66,-1.6133333333333333
41.348,5.94,6.88,-1.5377777777777777
41.368,5.63,6.89,-1.4622222222222223
41.388,5.23,7.06,-1.3877777777777778
41.408,4.94,7.05,-1.3044444444444445
41.428,4.57,7.23,-1.228888888888889
41.448,4.33,7.28,-1.1477777777777778
41.468,3.99,7.38,-1.0677777777777777
41.488,3.78,7.31,-0.9844444444444445
41.508,3.49,7.5,-0.9022222222222223
41.528,3.29,7.42,-0.8211111111111111
41.548,3.08,7.54,-0.74
41.568,2.91,7.52,-0.6566666666666666
41.588,2.73,7.61,-0.5722222222222222
41.608,2.62,7.56,-0.4888888888888889
41.628,2.47,7.62,-0.40444444444444444
41.648,2.4,7.56,-0.3211111111111111
41.668,2.29,7.62,-0.23777777777777778
41.688,2.1,7.49,-0.18444444444444444
41.708,2.24,7.61,-0.07111111111111111
41.728,2.22,7.59,0.011111111111111112
41.748,2.27,7.71,0.09555555555555556
41.768,2.26,7.56,0.17555555555555555
41.788,2.37,7.66,0.25666666666666665
41.808,2.41,7.58,0.34
41.828,2.55,7.63,0.42
41.848,2.63,7.58,0.5022222222222222
41.868,2.86,7.53,0.5833333333333334
41.888,3.0,7.59,0.6655555555555556
41.908,3.24,7.49,0.7488888888888889
41.928,3.46,7.5,0.8266666666666667
41.948,3.73,7.42,0.9088888888888889
41.968,3.96,7.39,0.9855555555555555
41.988,4.29,7.3,1.0677777777777777
42.008,4.49,7.25,1.1466666666666667
42.028,4.86,7.14,1.2233333333333334
42.048,5.12,7.08,1.3
42.068,5.53,6.98,1.3744444444444444
42.088,5.81,6.92,1.451111111111111
42.108,6.26,6.71,1.5266666666666666
42.128,6.58,6.63,1.6
42.148,7.03,6.42,1.6711111111111112
42.168,7.32,6.3,1.74
42.188,7.81,6.07,1.808888888888889
42.208,8.13,5.93,1.8733333333333333
42.228,8.63,5.72,1.9344444444444444
42.248,8.91,5.47,2.0
42.268,9.39,5.19,2.061111111111111
42.288,9.64,5.0,2.132222222222222
42.308,10.11,4.66,2.171111111111111
42.328,10.38,4.31,2.2222222222222223
42.348,10.79,4.0,2.27
42.368,11.05,3.76,2.312222222222222
42.388,11.4,3.32,2.3544444444444443
42.408,11.63,3.0,2.3944444444444444
42.428,11.92,2.55,2.4266666666666667
42.448,12.02,2.28,2.4544444444444444
42.468,12.27,1.81,2.4788888888888887
42.488,12.42,1.42,2.5
42.508,12.52,1.02,2.5122222222222224
42.528,12.63,0.63,2.5277777777777777
42.548,12.64,0.09,2.5366666666666666
42.568,12.66,-0.26,2.537777777777778
42.588,12.6,-0.69,2.54
42.608,12.53,-1.02,2.533333333333333
42.628,12.41,-1.59,2.522222222222222
42.648,12.27,-1.82,2.506666666666667
42.668,12.06,-2.32,2.486666666666667
42.688,11.86,-2.65,2.462222222222222
42.708,11.6,-3.1,2.438888888888889
42.728,11.34,-3.36,2.4044444444444446
42.748,10.91,-3.67,2.371111111111111
42.768,10.79,-4.21,2.33
42.788,10.31,-4.39,2.2888888888888888
42.808,10.02,-4.81,2.238888888888889
42.828,9.57,-5.1,2.1911111111111112
42.848,9.28,-5.28,2.14
42.868,8.81,-5.66,2.08
42.888,8.44,-5.76,2.0244444444444443
42.908,7.79,-6.14,1.9644444444444444
42.928,7.45,-6.3,1.9011111111111112
42.948,6.96,-6.54,1.8355555555555556
42.968,6.61,-6.62,1.7677777777777777
42.988,6.15,-6.8,1.701111111111111
43.008,5.77,-7.03,1.6288888888888888
43.028,5.37,-7.24,1.5566666666666666
43.048,5.06,-7.05,1.48
43.068,4.63,-7.32,1.4044444444444444
43.088,4.35,-7.32,1.33
43.108,3.95,-7.43,1.251111111111111
43.128,3.76,-7.46,1.1733333333333333
43.148,3.38,-7.51,1.0944444444444446
43.168,3.14,-7.56,1.0133333333333334
43.188,2.84,-7.63,0.9333333333333333
43.208,2.6,-7.73,0.8522222222222222
43.228,2.41,-7.71,0.77
43.248,2.2,-7.75,0.69
43.268,2.06,-7.72,0.6088888888888889
43.288,1.91,-7.8,0.5255555555555556
43.308,1.8,-7.79,0.4444444444444444
43.328,1.68,-7.8,0.3611111111111111
43.348,1.57,-7.79,0.27555555555555555
43.368,1.53,-7.83,0.19333333333333333
43.388,1.49,-7.81,0.11
43.408,1.49,-7.81,0.027777777777777776
43.428,1.49,-7.84,-0.05333333333333334
43.448,1.51,-7.86,-0.13444444444444445
43.468,1.63,-7.86,-0.21777777777777776
43.488,1.64,-7.85,-0.29555555555555557
43.508,1.78,-7.85,-0.3788888888888889
43.528,1.83,-7.83,-0.4588888888888889
43.548,2.0,-7.78,-0.54
43.568,2.13,-7.8,-0.62
43.588,2.34,-7.75,-0.7
43.608,2.52,-7.74,-0.78
43.628,2.8,-7.71,-0.86
43.648,2.99,-7.68,-0.9366666666666666
43.668,3.3,-7.6,-1.0144444444444445
43.688,3.55,-7.61,-1.0966666666666667
43.708,3.92,-7.54,-1.17
43.728,4.15,-7.45,-1.2477777777777779
43.748,4.58,-7.35,-1.3233333333333333
43.768,4.81,-7.27,-1.3955555555555557
43.788,5.22,-7.16,-1.47
43.808,5.53,-7.06,-1.5422222222222222
43.828,5.99,-6.94,-1.6122222222222222
43.848,6.37,-6.8,-1.681111111111111
43.868,6.8,-6.62,-1.748888888888889
43.888,7.14,-6.47,-1.8133333333333332
43.908,7.6,-6.26,-1.8777777777777778
43.928,7.94,-6.09,-1.9388888888888889
43.948,8.58,-5.72,-1.9966666666666666
43.968,8.89,-5.55,-2.0544444444444445
43.988,9.37,-5.24,-2.1077777777777778
44.008,9.65,-5.0,-2.1566666666666667
44.028,10.11,-4.64,-2.203333333333333
44.048,10.37,-4.42,-2.2488888888888887
44.068,10.78,-3.99,-2.287777777777778
44.088,11.04,-3.75,-2.3233333333333333
44.108,11.36,-3.33,-2.36
44.128,11.57,-3.11,-2.387777777777778
44.148,11.82,-2.58,-2.4133333333333336
44.168,11.99,-2.25,-2.4366666666666665
44.188,12.21,-1.76,-2.451111111111111
44.208,12.31,-1.47,-2.4644444444444447
44.228,12.43,-0.97,-2.4722222222222223
44.248,12.46,-0.68,-2.4788888888888887
44.268,12.48,-0.17,-2.4744444444444444
44.288,12.47,0.08,-2.4722222222222223
44.308,12.43,0.67,-2.46
44.328,12.31,1.1,-2.451111111111111
44.348,12.25,1.45,-2.433333333333333
44.368,12.09,1.74,-2.41
44.388,11.9,2.25,-2.381111111111111
44.408,11.72,2.46,-2.351111111111111
44.428,11.46,2.96,-2.318888888888889
44.448,11.2,3.18,-2.2822222222222224
44.468,10.92,3.6,-2.243333333333333
44.488,10.68,3.81,-2.1933333333333334
44.508,10.26,4.28,-2.1466666666666665
44.528,9.99,4.44,-2.0955555555555554
44.548,9.6,4.82,-2.0411111111111113
44.568,9.28,5.02,-1.9866666666666666
44.588,8.9,5.27,-1.9266666666666667
44.608,8.62,5.48,-1.8644444444444443
44.628,8.14,5.72,-1.801111111111111
44.648,7.83,5.92,-1.7322222222222223
44.668,7.37,6.13,-1.6644444444444444
44.688,7.12,6.25,-1.5966666666666667
44.708,6.71,6.48,-1.5244444444444445
44.728,6.4,6.5,-1.451111111111111
44.748,6.02,6.74,-1.3788888888888888
44.768,5.75,6.73,-1.3022222222222222
44.788,5.37,6.91,-1.2266666666666666
44.808,5.13,6.95,-1.1488888888888888
44.828,4.81,7.06,-1.068888888888889
44.848,4.59,7.11,-0.9911111111111112
44.868,4.32,7.19,-0.91
44.888,4.14,7.28,-0.83
44.908,3.89,7.34,-0.7511111111111111
44.928,3.69,7.35,-0.67
44.948,3.48,7.43,-0.6
44.968,3.3,7.47,-0.5055555555555555
44.988,3.24,7.43,-0.4255555555555556
45.008,3.13,7.45,-0.3411111111111111
45.028,3.05,7.48,-0.26
45.048,3.01,7.47,-0.17777777777777778
45.068,3.01,7.49,-0.09555555555555556
45.088,2.96,7.47,-0.013333333333333334
45.108,3.01,7.53,0.06666666666666667
45.128,3.0,7.51,0.14777777777777779
45.148,3.11,7.52,0.2288888888888889
45.168,3.16,7.45,0.3088888888888889
45.188,3.26,7.45,0.3888888888888889
45.208,3.38,7.4,0.47
45.228,3.52,7.41,0.55
45.248,3.65,7.37,0.6288888888888889
45.268,3.88,7.33,0.7066666666666667
45.288,4.04,7.28,0.7877777777777778
45.308,4.3,7.2,0.8666666666666667
45.328,4.49,7.18,0.9433333333333334
45.348,4.77,7.13,1.02
45.368,5.01,7.06,1.0955555555555556
45.388,5.34,6.95,1.1711111111111112
45.408,5.58,6.85,1.2455555555555555
45.428,5.95,6.73,1.32
45.448,6.23,6.65,1.3933333333333333
45.468,6.62,6.48,1.4655555555555555
45.488,6.9,6.38,1.5355555555555556
45.508,7.32,6.16,1.6033333333333333
45.528,7.62,6.04,1.67
45.548,8.02,5.81,1.7366666666666666
45.568,8.28,5.63,1.8
45.588,8.76,5.36,1.86
45.608,9.21,5.13,1.92
45.628,9.43,4.89,1.9766666666666666
45.648,9.88,4.59,2.03
45.668,10.18,4.35,2.081111111111111
45.688,10.5,4.06,2.128888888888889
45.708,10.75,3.77,2.171111111111111
45.728,11.06,3.4,2.2144444444444447
45.748,11.29,3.09,2.25
45.768,11.44,2.83,2.2888888888888888
45.788,11.73,2.41,2.316666666666667
45.808,11.9,2.07,2.34
45.828,12.05,1.64,2.367777777777778
45.848,12.16,1.28,2.3833333333333333
45.868,12.29,0.89,2.397777777777778
45.888,12.33,0.57,2.4033333333333333
45.908,12.31,0.11,2.4122222222222223
45.928,12.39,-0.25,2.418888888888889
45.948,12.35,-0.67,2.4166666666666665
45.968,12.22,-1.03,2.411111111111111
45.988,12.05,-1.66,2.4
46.008,11.98,-2.01,2.391111111111111
46.028,11.71,-2.46,2.37
46.048,11.58,-2.71,2.35
46.068,11.29,-3.22,2.3222222222222224
46.088,11.09,-3.48,2.292222222222222
46.108,10.72,-3.78,2.2577777777777777
46.128,10.49,-4.12,2.2255555555555557
46.148,10.06,-4.39,2.183333333333333
46.168,9.82,-4.72,2.141111111111111
46.188,9.38,-5.04,2.097777777777778
46.208,9.08,-5.24,2.0433333333333334
46.228,8.66,-5.6,1.9922222222222221
46.248,8.22,-5.85,1.9388888888888889
46.268,7.85,-5.85,1.8733333333333333
46.288,7.41,-6.2,1.8166666666666667
46.308,7.14,-6.3,1.75
46.328,6.66,-6.5,1.6877777777777778
46.348,6.42,-6.67,1.6211111111111112
46.368,5.94,-6.72,1.5533333333333332
46.388,5.69,-6.92,1.4822222222222223
46.408,5.3,-6.99,1.41
46.428,4.98,-7.18,1.3377777777777777
46.448,4.63,-7.23,1.2633333333333334
46.468,4.41,-7.33,1.1855555555555555
46.488,4.18,-7.34,1.1133333333333333
46.508,3.83,-7.4,1.0366666666666666
46.528,3.66,-7.49,0.9588888888888889
46.548,3.37,-7.5,0.8811111111111111
46.568,3.19,-7.56,0.8011111111111111
46.588,2.98,-7.56,0.72
46.608,2.83,-7.62,0.64
46.628,2.66,-7.64,0.56
46.648,2.55,-7.68,0.4811111111111111
46.668,2.43,-7.67,0.4
46.688,2.36,-7.7,0.3188888888888889
46.708,2.27,-7.71,0.23777777777777778
46.728,2.26,-7.71,0.15777777777777777
46.748,2.25,-7.71,0.07444444444444444
46.768,2.23,-7.74,-0.0044444444444444444
46.788,2.26,-7.73,-0.08555555555555555
46.808,2.29,-7.73,-0.16555555555555557
46.828,2.38,-7.71,-0.24333333333333335
46.848,2.43,-7.7,-0.3233333333333333
46.868,2.59,-7.72,-0.4033333333333333
46.888,2.73,-7.68,-0.4822222222222222
46.908,2.84,-7.64,-0.5622222222222222
46.928,3.06,-7.63,-0.64
46.948,3.2,-7.59,-0.7177777777777777
46.968,3.47,-7.56,-0.7966666666666666
46.988,3.67,-7.49,-0.8733333333333333
47.008,3.95,-7.41,-0.9511111111111111
47.028,4.26,-7.32,-1.0255555555555556
47.048,4.61,-7.26,-1.1
47.068,4.85,-7.19,-1.1733333333333333
47.088,5.19,-7.06,-1.25
47.108,5.49,-7.01,-1.3211111111111111
47.128,5.9,-6.84,-1.39
47.148,6.21,-6.73,-1.458888888888889
47.168,6.63,-6.56,-1.528888888888889
47.188,6.94,-6.45,-1.5955555555555556
47.208,7.35,-6.25,-1.6622222222222223
47.228,7.65,-6.08,-1.7233333333333334
47.248,7.94,-5.93,-1.7833333333333334
47.268,8.4,-5.67,-1.8422222222222222
47.288,8.71,-5.51,-1.8988888888888888
47.308,9.13,-5.22,-1.9544444444444444
47.328,9.45,-5.01,-2.002222222222222
47.348,9.85,-4.68,-2.051111111111111
47.368,10.09,-4.47,-2.098888888888889
47.388,10.47,-4.09,-2.14
47.408,10.7,-3.87,-2.178888888888889
47.428,11.02,-3.41,-2.2144444444444447
47.448,11.22,-3.18,-2.247777777777778
47.468,11.5,-2.77,-2.2777777777777777
47.488,11.64,-2.39,-2.2977777777777777
47.508,11.83,-1.99,-2.3177777777777777
47.528,12.04,-1.55,-2.331111111111111
47.548,12.09,-1.25,-2.3433333333333333
47.568,12.2,-0.79,-2.35
47.588,12.22,-0.57,-2.3544444444444443
47.608,12.24,-0.04,-2.3566666666666665
47.628,12.25,0.22,-2.35
47.648,12.16,0.76,-2.3433333333333333
47.668,12.07,1.03,-2.33
47.688,11.95,1.56,-2.312222222222222
47.708,11.8,1.78,-2.2911111111111113
47.728,11.57,2.28,-2.27
47.748,11.48,2.51,-2.236666666666667
47.768,11.21,2.99,-2.2022222222222223
47.788,10.97,3.19,-2.1633333333333336
47.808,10.65,3.59,-2.13
47.828,10.46,3.83,-2.088888888888889
47.848,10.08,4.22,-2.0388888888888888
47.868,9.81,4.36,-1.99
47.888,9.46,4.74,-1.9388888888888889
47.908,9.19,4.93,-1.8855555555555557
47.928,8.83,5.17,-1.83
47.948,8.55,5.31,-1.768888888888889
47.968,8.24,5.47,-1.7044444444444444
47.988,7.84,5.75,-1.6433333333333333
48.008,7.58,5.91,-1.5755555555555556
48.028,7.19,6.07,-1.51
48.048,6.95,6.19,-1.44
48.068,6.46,6.43,-1.3677777777777778
48.088,6.23,6.49,-1.2977777777777777
48.108,5.87,6.65,-1.22
48.128,5.64,6.73,-1.1477777777777778
48.148,5.34,6.83,-1.0733333333333333
48.168,5.02,6.92,-1.0
48.188,4.88,6.98,-0.92
48.208,4.64,7.06,-0.8444444444444444
48.228,4.48,7.06,-0.7666666666666667
48.248,4.3,7.17,-0.6888888888888889
48.268,4.15,7.16,-0.6088888888888889
48.288,4.02,7.3,-0.5288888888888889
48.308,3.92,7.14,-0.4488888888888889
48.328,3.82,7.29,-0.37
48.348,3.75,7.22,-0.29
48.368,3.71,7.31,-0.2088888888888889
48.388,3.66,7.25,-0.12666666666666668
48.408,3.68,7.3,-0.04666666666666667
48.428,3.67,7.3,0.03111111111111111
48.448,3.73,7.3,0.11222222222222222
48.468,3.78,7.27,0.19
48.488,3.87,7.28,0.27
48.508,3.92,7.24,0.3477777777777778
48.528,4.07,7.22,0.42444444444444446
48.548,4.18,7.2,0.5044444444444445
48.568,4.34,7.16,0.58
48.588,4.49,7.09,0.66
48.608,4.73,7.04,0.7366666666666667
48.628,4.9,7.02,0.81
48.648,5.08,6.95,0.8888888888888888
48.668,5.36,6.84,0.9622222222222222
48.688,5.54,6.79,1.0366666666666666
48.708,5.87,6.65,1.1111111111111112
48.728,6.09,6.57,1.1855555555555555
48.748,6.43,6.47,1.2555555555555555
48.768,6.66,6.36,1.3277777777777777
48.788,7.03,6.21,1.3944444444444444
48.808,7.42,6.01,1.4622222222222223
48.828,7.66,5.87,1.528888888888889
48.848,8.09,5.63,1.5933333333333333
48.868,8.35,5.56,1.6566666666666667
48.888,8.75,5.24,1.7133333333333334
48.908,8.98,5.07,1.7755555555555556
48.928,9.37,4.78,1.83
48.948,9.64,4.58,1.8855555555555557
48.968,10.02,4.26,1.9355555555555555
48.988,10.26,4.07,1.9833333333333334
49.008,10.54,3.69,2.0277777777777777
49.028,10.77,3.4,2.07
49.048,11.07,3.04,2.108888888888889
49.068,11.31,2.69,2.1466666666666665
49.088,11.54,2.26,2.1777777777777776
49.108,11.68,1.96,2.2055555555555557
49.128,11.86,1.46,2.2311111111111113
49.148,11.99,1.21,2.2511111111111113
49.168,12.05,0.75,2.27
49.188,12.14,0.41,2.283333333333333
49.208,12.09,0.11,2.2911111111111113
49.228,12.07,-0.34,2.3
49.248,12.11,-0.6,2.2955555555555556
49.268,12.0,-1.02,2.2944444444444443
49.288,11.97,-1.34,2.2855555555555553
49.308,11.83,-1.77,2.2777777777777777
49.328,11.66,-2.05,2.26
49.348,11.5,-2.54,2.2422222222222223
49.368,11.28,-2.75,2.22
49.388,11.0,-3.18,2.192222222222222
49.408,10.83,-3.44,2.16
49.428,10.47,-3.74,2.1255555555555556
49.448,10.1,-4.08,2.091111111111111
49.468,9.94,-4.39,2.05
49.488,9.5,-4.66,2.008888888888889
49.508,9.28,-4.96,1.96
49.528,8.87,-5.2,1.9077777777777778
49.548,8.55,-5.44,1.8588888888888888
49.568,8.18,-5.62,1.8
49.588,7.87,-5.85,1.7455555555555555
49.608,7.45,-6.03,1.6822222222222223
49.628,7.2,-6.22,1.6222222222222222
49.648,6.77,-6.39,1.558888888888889
49.668,6.54,-6.5,1.4933333333333334
49.688,6.15,-6.66,1.4277777777777778
49.708,5.91,-6.74,1.36
49.728,5.47,-6.89,1.288888888888889
49.748,5.27,-6.97,1.2166666666666666
49.768,4.95,-7.07,1.1422222222222222
49.788,4.74,-7.13,1.068888888888889
49.808,4.53,-7.21,0.9955555555555555
49.828,4.23,-7.26,0.92
49.848,4.06,-7.32,0.8433333333333334
49.868,3.81,-7.38,0.7666666666666667
49.888,3.68,-7.41,0.69
49.908,3.49,-7.44,0.61
49.928,3.36,-7.45,0.5355555555555556
49.948,3.23,-7.5,0.45666666666666667
49.968,3.14,-7.51,0.37555555555555553
49.988,3.04,-7.53,0.29777777777777775
50.008,2.99,-7.56,0.21777777777777776
50.028,2.93,-7.57,0.1388888888888889
50.048,2.93,-7.56,0.06
50.068,2.92,-7.58,-0.01888888888888889
50.088,2.98,-7.57,-0.09777777777777778
50.108,3.01,-7.58,-0.17555555555555555
50.128,3.12,-7.54,-0.25333333333333335
50.148,3.19,-7.6,-0.33
50.168,3.32,-7.61,-0.4066666666666667
50.188,3.34,-7.94,-0.4822222222222222
50.208,3.53,-7.21,-0.5644444444444444
50.228,3.74,-7.6,-0.6366666666666667
50.248,3.91,-7.2,-0.7155555555555555
50.268,4.15,-7.41,-0.7888888888888889
50.288,4.41,-7.12,-0.8633333333333333
50.308,4.6,-7.3,-0.94
50.328,4.9,-6.99,-1.008888888888889
50.348,5.11,-7.1,-1.0811111111111111
50.368,5.36,-6.89,-1.1533333333333333
50.388,5.68,-6.91,-1.2255555555555555
50.408,5.95,-6.69,-1.2933333333333332
50.428,6.32,-6.6,-1.36
50.448,6.55,-6.44,-1.4266666666666667
50.468,6.99,-6.33,-1.49
50.488,7.22,-6.15,-1.5544444444444445
50.508,7.65,-5.99,-1.6155555555555556
50.528,7.91,-5.82,-1.6733333333333333
50.548,8.32,-5.56,-1.7333333333333334
50.568,8.61,-5.41,-1.788888888888889
50.588,8.99,-5.14,-1.8366666666666667
50.608,9.24,-4.96,-1.8888888888888888
50.628,9.64,-4.6,-1.9355555555555555
50.648,9.9,-4.41,-1.98
50.668,10.24,-4.06,-2.02
50.688,10.47,-3.82,-2.06
50.708,10.76,-3.47,-2.0966666666666667
50.728,11.01,-3.08,-2.1244444444444444
50.748,11.22,-2.87,-2.1533333333333333
50.768,11.45,-2.41,-2.1777777777777776
50.788,11.58,-2.12,-2.1966666666666668
50.808,11.75,-1.68,-2.2111111111111112
50.828,11.84,-1.38,-2.2244444444444444
50.848,11.9,-0.93,-2.2344444444444442
50.868,11.93,-0.65,-2.24
50.888,11.97,-0.19,-2.24
50.908,11.99,0.07,-2.236666666666667
50.928,11.97,0.51,-2.2288888888888887
50.948,11.88,0.82,-2.2155555555555555
50.968,11.82,1.13,-2.2
50.988,11.68,1.53,-2.18
51.008,11.59,1.8,-2.161111111111111
51.028,11.34,2.2,-2.1333333333333333
51.048,11.16,2.62,-2.101111111111111
51.068,10.93,3.03,-2.068888888888889
51.088,10.75,3.21,-2.0344444444444445
51.108,10.36,3.66,-1.9933333333333334
51.128,10.23,3.81,-1.951111111111111
51.148,9.85,4.19,-1.9044444444444444
51.168,9.64,4.34,-1.8577777777777778
51.188,9.28,4.68,-1.8044444444444445
51.208,9.11,4.85,-1.75
51.228,8.71,5.11,-1.6944444444444444
51.248,8.44,5.22,-1.6344444444444444
51.268,8.09,5.5,-1.5755555555555556
51.288,7.84,5.6,-1.511111111111111
51.308,7.47,5.83,-1.4477777777777778
51.328,7.25,5.97,-1.3811111111111112
51.348,6.9,6.1,-1.3144444444444445
51.368,6.57,6.22,-1.2455555555555555
51.388,6.37,6.33,-1.1733333333333333
51.408,6.09,6.49,-1.1011111111111112
51.428,5.89,6.54,-1.028888888888889
51.448,5.62,6.68,-0.9566666666666667
51.468,5.41,6.69,-0.88
51.488,5.29,6.74,-0.8055555555555556
51.508,5.06,6.83,-0.73
51.528,4.94,6.86,-0.6544444444444445
51.548,4.77,6.92,-0.5766666666666667
51.568,4.67,6.95,-0.5
51.588,4.55,7.0,-0.4222222222222222
51.608,4.47,7.05,-0.34444444444444444
51.628,4.38,7.04,-0.26666666666666666
51.648,4.34,7.05,-0.18888888888888888
51.668,4.3,7.06,-0.10888888888888888
51.688,4.31,7.07,-0.03111111111111111
51.708,4.33,7.1,0.04666666666666667
51.728,4.35,7.07,0.12333333333333334
51.748,4.4,7.06,0.2
51.768,4.47,7.07,0.2788888888888889
51.788,4.57,7.02,0.3522222222222222
51.808,4.62,6.99,0.43
51.828,4.78,6.97,0.5044444444444445
51.848,4.88,6.92,0.58
51.868,5.07,6.85,0.6544444444444445
51.888,5.21,6.8,0.73
51.908,5.42,6.75,0.8011111111111111
51.928,5.61,6.69,0.8755555555555555
51.948,5.88,6.56,0.9488888888888889
51.968,6.05,6.5,1.0177777777777777
51.988,6.34,6.39,1.09
52.008,6.75,6.18,1.16
52.028,6.97,6.1,1.228888888888889
52.048,7.21,5.99,1.2977777777777777
52.068,7.55,5.83,1.3633333333333333
52.088,7.78,5.7,1.4266666666666667
52.108,8.18,5.51,1.49
52.128,8.39,5.36,1.55
52.148,8.74,5.09,1.6066666666666667
52.168,8.97,4.9,1.6655555555555555
52.188,9.35,4.62,1.72
52.208,9.54,4.44,1.771111111111111
52.228,9.86,4.14,1.82
52.248,10.07,3.95,1.8688888888888888
52.268,10.43,3.62,1.91
52.288,10.6,3.34,1.9533333333333334
52.308,10.88,3.02,1.991111111111111
52.328,11.04,2.75,2.028888888888889
52.348,11.26,2.39,2.057777777777778
52.368,11.4,2.06,2.0877777777777777
52.388,11.56,1.69,2.111111111111111
52.408,11.67,1.37,2.1333333333333333
52.428,11.76,1.01,2.15
52.448,11.87,0.64,2.1633333333333336
52.468,11.9,0.27,2.1755555555555555
52.488,11.89,-0.08,2.18
52.508,11.88,-0.44,2.1822222222222223
52.528,11.83,-0.71,2.18
52.548,11.73,-1.15,2.1733333333333333
52.568,11.69,-1.45,2.1666666666666665
52.588,11.52,-1.87,2.15
52.608,11.41,-2.16,2.132222222222222
52.628,11.23,-2.52,2.1144444444444446
52.648,11.02,-2.82,2.0877777777777777
52.668,10.75,-3.19,2.061111111111111
52.688,10.61,-3.42,2.028888888888889
52.708,10.29,-3.8,1.9966666666666666
52.728,10.14,-4.1,1.96
52.748,9.75,-4.43,1.9177777777777778
52.768,9.5,-4.56,1.8744444444444444
52.788,9.14,-4.93,1.8277777777777777
52.808,8.88,-5.06,1.78
52.828,8.48,-5.32,1.7266666666666666
52.848,8.25,-5.39,1.67
52.868,7.87,-5.62,1.6155555555555556
52.888,7.62,-5.87,1.5555555555555556
52.908,7.24,-6.01,1.4944444444444445
52.928,7.01,-6.22,1.4344444444444444
52.948,6.67,-6.27,1.37
52.968,6.42,-6.48,1.3044444444444445
52.988,5.96,-6.63,1.2333333333333334
53.008,5.72,-6.75,1.1655555555555555
53.028,5.41,-6.85,1.0977777777777777
53.048,5.21,-6.89,1.0255555555555556
53.068,4.92,-6.98,0.9555555555555556
53.088,4.77,-7.02,0.8811111111111111
53.108,4.52,-7.11,0.8088888888888889
53.128,4.38,-7.16,0.7333333333333333
53.148,4.17,-7.22,0.66
53.168,4.08,-7.25,0.5833333333333334
53.188,3.92,-7.29,0.5088888888888888
53.208,3.82,-7.32,0.43222222222222223
53.228,3.73,-7.33,0.35555555555555557
53.248,3.64,-7.35,0.2777777777777778
53.268,3.6,-7.36,0.2
53.288,3.56,-7.37,0.12333333333333334
53.308,3.57,-7.38,0.04777777777777778
53.328,3.57,-7.42,-0.028888888888888888
53.348,3.59,-7.38,-0.10555555555555556
53.368,3.65,-7.4,-0.18
53.388,3.74,-7.35,-0.25666666666666665
53.408,3.79,-7.35,-0.33111111111111113
53.428,3.91,-7.33,-0.40444444444444444
53.448,4.02,-7.29,-0.48
53.468,4.17,-7.27,-0.5544444444444444
53.488,4.29,-7.21,-0.6288888888888889
53.508,4.49,-7.17,-0.7
53.528,4.65,-7.1,-0.7744444444444445
53.548,4.92,-7.02,-0.8444444444444444
53.568,5.07,-6.97,-0.9166666666666666
53.588,5.33,-6.84,-0.99
53.608,5.53,-6.81,-1.0577777777777777
53.628,5.87,-6.7,-1.1233333333333333
53.648,6.11,-6.63,-1.1922222222222223
53.668,6.42,-6.47,-1.258888888888889
53.688,6.65,-6.38,-1.3211111111111111
53.708,7.01,-6.19,-1.3866666666666667
53.728,7.26,-6.09,-1.4455555555555555
53.748,7.62,-5.85,-1.5033333333333334
53.768,7.88,-5.71,-1.56
53.788,8.22,-5.49,-1.6177777777777778
53.808,8.51,-5.34,-1.67
53.828,8.88,-5.06,-1.7222222222222223
53.848,9.1,-4.89,-1.7733333333333334
53.868,9.45,-4.57,-1.8177777777777777
53.888,9.69,-4.44,-1.8633333333333333
53.908,10.01,-4.08,-1.9022222222222223
53.928,10.22,-3.87,-1.9388888888888889
53.948,10.51,-3.52,-1.9744444444444444
53.968,10.7,-3.3,-2.0044444444444443
53.988,10.97,-2.94,-2.033333333333333
54.008,11.17,-2.46,-2.0555555555555554
54.028,11.37,-2.12,-2.078888888888889
54.048,11.48,-1.8,-2.0922222222222224
54.068,11.61,-1.41,-2.1033333333333335
54.088,11.67,-1.15,-2.118888888888889
54.108,11.73,-0.77,-2.12
54.128,11.77,-0.49,-2.1266666666666665
54.148,11.82,-0.08,-2.12
54.168,11.74,0.23,-2.117777777777778
54.188,11.72,0.7,-2.108888888888889
54.208,11.64,0.94,-2.0944444444444446
54.228,11.52,1.39,-2.078888888888889
54.248,11.44,1.62,-2.061111111111111
54.268,11.31,2.02,-2.0344444444444445
54.288,11.13,2.25,-2.0055555555555555
54.308,10.92,2.64,-1.9777777777777779
54.328,10.78,2.88,-1.9433333333333334
54.348,10.53,3.2,-1.9077777777777778
54.368,10.29,3.46,-1.8688888888888888
54.388,10.03,3.76,-1.8244444444444445
54.408,9.85,4.01,-1.7777777777777777
54.428,9.52,4.3,-1.73
54.448,9.29,4.46,-1.68
54.468,8.98,4.77,-1.6266666666666667
54.488,8.78,4.89,-1.5711111111111111
54.508,8.43,5.07,-1.5144444444444445
54.528,8.19,5.23,-1.4544444444444444
54.548,7.85,5.5,-1.3933333333333333
54.568,7.65,5.61,-1.33
54.588,7.33,5.76,-1.2655555555555555
54.608,7.16,5.86,-1.198888888888889
54.628,6.86,6.04,-1.1322222222222222
54.648,6.68,6.12,-1.0644444444444445
54.668,6.4,6.26,-0.9955555555555555
54.688,6.21,6.27,-0.9244444444444444
54.708,5.96,6.45,-0.8511111111111112
54.728,5.82,6.48,-0.78
54.748,5.63,6.55,-0.7055555555555556
54.768,5.51,6.6,-0.6322222222222222
54.788,5.35,6.66,-0.5577777777777778
54.808,5.24,6.68,-0.48333333333333334
54.828,5.13,6.73,-0.4088888888888889
54.848,5.05,6.74,-0.33444444444444443
54.868,4.98,6.79,-0.2577777777777778
54.888,4.93,6.8,-0.1811111111111111
54.908,4.91,6.8,-0.10555555555555556
54.928,4.9,6.81,-0.02666666666666667
54.948,4.91,6.87,0.04555555555555556
54.968,4.91,6.84,0.12111111111111111
54.988,5.01,6.83,0.19333333333333333
55.008,5.08,6.77,0.2677777777777778
55.028,5.16,6.76,0.3411111111111111
55.048,5.24,6.72,0.41555555555555557
55.068,5.35,6.7,0.49
55.088,5.45,6.63,0.5622222222222222
55.108,5.64,6.57,0.6344444444444445
55.128,5.79,6.51,0.7066666666666667
55.148,6.01,6.42,0.7788888888888889
55.168,6.16,6.37,0.8488888888888889
55.188,6.4,6.27,0.9177777777777778
55.208,6.56,6.18,0.9866666666666667
55.228,6.84,6.07,1.0533333333333332
55.248,7.04,5.97,1.12
55.268,7.35,5.83,1.1855555555555555
55.288,7.53,5.69,1.251111111111111
55.308,7.83,5.48,1.3144444444444445
55.328,8.04,5.36,1.3733333333333333
55.348,8.43,5.16,1.4344444444444444
55.368,8.62,4.98,1.491111111111111
55.388,8.97,4.78,1.5455555555555556
55.408,9.14,4.59,1.6
55.428,9.46,4.33,1.6511111111111112
55.448,9.66,4.16,1.7
55.468,9.97,3.87,1.7444444444444445
55.488,10.16,3.66,1.79
55.508,10.43,3.31,1.83
55.528,10.6,3.11,1.8688888888888888
55.548,10.83,2.73,1.9022222222222223
55.568,10.99,2.54,1.9377777777777778
55.588,11.16,2.24,1.961111111111111
55.608,11.25,1.93,1.99
55.628,11.42,1.5,2.013333333333333
55.648,11.47,1.25,2.03
55.668,11.59,0.76,2.046666666666667
55.688,11.66,0.55,2.0588888888888888
55.708,11.65,0.1,2.0655555555555556
55.728,11.73,-0.14,2.0722222222222224
55.748,11.7,-0.53,2.0677777777777777
55.768,11.58,-0.77,2.066666666666667
55.788,11.53,-1.21,2.06
55.808,11.42,-1.49,2.048888888888889
55.828,11.27,-1.89,2.0355555555555553
55.848,11.2,-2.17,2.017777777777778
55.868,10.98,-2.53,1.9966666666666666
55.888,10.86,-2.78,1.9677777777777778
55.908,10.62,-3.14,1.941111111111111
55.928,10.41,-3.33,1.9122222222222223
55.948,10.19,-3.67,1.8766666666666667
55.968,9.98,-3.89,1.84
55.988,9.55,-4.41,1.8
56.008,9.33,-4.53,1.7555555555555555
56.028,8.99,-4.85,1.71
56.048,8.74,-5.0,1.66
56.068,8.44,-5.3,1.6111111111111112
56.088,8.24,-5.23,1.5611111111111111
56.108,7.82,-5.55,1.5
56.128,7.6,-5.73,1.4477777777777778
56.148,7.24,-5.93,1.3877777777777778
56.168,7.07,-6.08,1.3277777777777777
56.188,6.72,-6.2,1.2655555555555555
56.208,6.48,-6.31,1.201111111111111
56.228,6.21,-6.37,1.1355555555555557
56.248,5.99,-6.51,1.0677777777777777
56.268,5.73,-6.63,1.001111111111111
56.288,5.56,-6.71,0.93
56.308,5.31,-6.78,0.8622222222222222
56.328,5.18,-6.86,0.7922222222222223
56.348,4.96,-6.94,0.7211111111111111
56.368,4.81,-6.97,0.6477777777777778
56.388,4.65,-7.02,0.5777777777777777
56.408,4.53,-7.06,0.5044444444444445
56.428,4.41,-7.1,0.43
56.448,4.33,-7.1,0.35555555555555557
56.468,4.26,-7.15,0.28
56.488,4.22,-7.13,0.2088888888888889
56.508,4.17,-7.19,0.1322222222222222
56.528,4.13,-7.18,0.056666666666666664
56.548,4.16,-7.22,-0.017777777777777778
56.568,4.17,-7.2,-0.09111111111111111
56.588,4.22,-7.19,-0.16333333333333333
56.608,4.27,-7.17,-0.23666666666666666
56.628,4.36,-7.15,-0.3088888888888889
56.648,4.42,-7.13,-0.38333333333333336
56.668,4.55,-7.09,-0.45222222222222225
56.688,4.64,-7.06,-0.5233333333333333
56.708,4.81,-7.0,-0.5966666666666667
56.728,4.94,-6.97,-0.6677777777777778
56.748,5.19,-6.93,-0.74
56.768,5.31,-6.88,-0.8066666666666666
56.788,5.53,-6.78,-0.8733333333333333
56.808,5.71,-6.67,-0.9444444444444444
56.828,5.99,-6.57,-1.008888888888889
56.848,6.16,-6.48,-1.0711111111111111
56.868,6.48,-6.35,-1.1388888888888888
56.888,6.67,-6.25,-1.2022222222222223
56.908,6.99,-6.08,-1.2644444444444445
56.928,7.2,-5.99,-1.3222222222222222
56.948,7.55,-5.78,-1.3811111111111112
56.968,7.79,-5.66,-1.4388888888888889
56.988,8.21,-5.41,-1.4944444444444445
57.008,8.44,-5.3,-1.5444444444444445
57.028,8.81,-5.0,-1.5911111111111111
57.048,9.01,-4.83,-1.6444444444444444
57.068,9.34,-4.55,-1.69
57.088,9.53,-4.31,-1.731111111111111
57.108,9.85,-4.05,-1.7722222222222221
57.128,10.03,-3.8,-1.8111111111111111
57.148,10.33,-3.51,-1.8433333333333333
57.168,10.49,-3.25,-1.8755555555555556
57.188,10.71,-2.94,-1.9044444444444444
57.208,10.89,-2.72,-1.9322222222222223
57.228,11.05,-2.29,-1.9544444444444444
57.248,11.19,-2.08,-1.97
57.268,11.32,-1.68,-1.9866666666666666
57.288,11.4,-1.43,-1.998888888888889
57.308,11.52,-1.02,-2.006666666666667
57.328,11.57,-0.72,-2.0122222222222224
57.348,11.61,-0.39,-2.011111111111111
57.368,11.56,-0.09,-2.008888888888889
57.388,11.55,0.29,-2.002222222222222
57.408,11.5,0.58,-1.9944444444444445
57.428,11.42,0.93,-1.9822222222222223
57.448,11.42,1.27,-1.9644444444444444
57.468,11.23,1.59,-1.9477777777777778
57.488,11.17,1.89,-1.9211111111111112
57.508,10.97,2.18,-1.8955555555555557
57.528,10.85,2.49,-1.8644444444444443
57.548,10.63,2.78,-1.8322222222222222
57.568,10.45,2.99,-1.7966666666666666
57.588,10.22,3.37,-1.758888888888889
57.608,10.0,3.58,-1.7177777777777778
57.628,9.76,3.86,-1.6755555555555555
57.648,9.54,4.09,-1.6244444444444444
57.668,9.25,4.33,-1.5777777777777777
57.688,9.1,4.47,-1.5255555555555556
57.708,8.85,4.72,-1.471111111111111
57.728,8.64,4.85,-1.4177777777777778
57.748,8.36,5.1,-1.36
57.768,8.11,5.21,-1.3
57.788,7.84,5.36,-1.2377777777777779
57.808,7.57,5.51,-1.1766666666666667
57.828,7.34,5.64,-1.1122222222222222
57.848,7.17,5.77,-1.0477777777777777
57.868,6.92,5.88,-0.98
57.888,6.78,5.97,-0.9144444444444444
57.908,6.57,6.05,-0.8466666666666667
57.928,6.42,6.16,-0.7777777777777778
57.948,6.19,6.26,-0.7088888888888889
57.968,6.06,6.28,-0.6366666666666667
57.988,5.88,6.37,-0.5666666666666667
58.008,5.79,6.43,-0.49333333333333335
58.028,5.66,6.47,-0.42
58.048,5.59,6.47,-0.3477777777777778
58.068,5.53,6.51,-0.2733333333333333
58.088,5.49,6.55,-0.2011111111111111
58.108,5.42,6.55,-0.1288888888888889
58.128,5.41,6.55,-0.056666666666666664
58.148,5.4,6.61,0.017777777777777778
58.168,5.46,6.58,0.08888888888888889
58.188,5.48,6.57,0.16
58.208,5.55,6.54,0.23333333333333334
58.228,5.64,6.5,0.30444444444444446
58.248,5.7,6.49,0.37666666666666665
58.268,5.83,6.44,0.44555555555555554
58.288,5.89,6.39,0.5166666666666667
58.308,6.05,6.33,0.5855555555555556
58.328,6.16,6.3,0.6544444444444445
58.348,6.38,6.19,0.7266666666666667
58.368,6.49,6.15,0.7933333333333333
58.388,6.71,6.02,0.86
58.408,6.89,5.93,0.9266666666666666
58.428,7.14,5.81,0.9911111111111112
58.448,7.3,5.73,1.0544444444444445
58.468,7.57,5.58,1.1177777777777778
58.488,7.74,5.48,1.18
58.508,8.01,5.26,1.24
58.528,8.2,5.18,1.298888888888889
58.548,8.52,4.94,1.3544444444444443
58.568,8.7,4.82,1.4088888888888889
58.588,9.01,4.55,1.4622222222222223
58.608,9.2,4.44,1.5122222222222221
58.628,9.46,4.17,1.56
58.648,9.68,4.0,1.61
58.668,9.92,3.67,1.6533333333333333
58.688,10.11,3.48,1.6933333333333334
58.708,10.33,3.2,1.7344444444444445
58.728,10.49,2.96,1.7666666666666666
58.748,10.71,2.63,1.8022222222222222
58.768,10.82,2.42,1.8355555555555556
58.788,10.96,2.12,1.86
58.808,11.1,1.8,1.8822222222222222
58.828,11.2,1.45,1.9066666666666667
58.848,11.34,1.21,1.92
58.868,11.38,0.82,1.9377777777777778
58.888,11.48,0.52,1.9466666666666668
58.908,11.49,0.14,1.9544444444444444
58.928,11.49,-0.11,1.96
58.948,11.46,-0.45,1.9577777777777778
58.968,11.41,-0.72,1.9544444444444444
58.988,11.35,-1.25,1.95
59.008,11.25,-1.54,1.94
59.028,11.13,-1.91,1.9255555555555555
59.048,11.01,-2.14,1.91
59.068,10.81,-2.5,1.8888888888888888
59.088,10.7,-2.69,1.8644444444444443
59.108,10.46,-3.1,1.8388888888888888
59.128,10.3,-3.21,1.81
59.148,10.1,-3.7,1.7755555555555556
59.168,9.88,-3.77,1.738888888888889
59.188,9.58,-4.17,1.7022222222222223
59.208,9.38,-4.25,1.66
59.228,9.05,-4.5,1.6188888888888888
59.248,8.88,-4.74,1.57
59.268,8.57,-4.94,1.5222222222222221
59.288,8.38,-5.16,1.4722222222222223
59.308,8.06,-5.28,1.4177777777777778
59.328,7.85,-5.53,1.3644444444444443
59.348,7.52,-5.67,1.3077777777777777
59.368,7.32,-5.79,1.25
59.388,6.98,-5.98,1.1933333333333334
59.408,6.84,-5.81,1.13
59.428,6.52,-6.13,1.0677777777777777
59.448,6.4,-6.29,1.0022222222222221
59.468,6.1,-6.32,0.9388888888888889
59.488,5.94,-6.52,0.87
59.508,5.75,-6.5,0.8044444444444444
59.528,5.62,-6.67,0.7377777777777778
59.548,5.43,-6.64,0.6677777777777778
59.568,5.3,-6.77,0.6
59.588,5.12,-6.78,0.5288888888888889
59.608,5.06,-6.84,0.4577777777777778
59.628,4.92,-6.86,0.3877777777777778
59.648,4.86,-6.9,0.31777777777777777
59.668,4.79,-6.93,0.24555555555555555
59.688,4.76,-6.92,0.17222222222222222
59.708,4.71,-6.92,0.10111111111111111
59.728,4.7,-6.94,0.03
59.748,4.7,-6.98,-0.042222222222222223
59.768,4.71,-6.97,-0.11333333333333333
59.788,4.77,-6.97,-0.18444444444444444
59.808,4.83,-6.93,-0.25333333333333335
59.828,4.9,-6.92,-0.3233333333333333
59.848,4.97,-6.88,-0.39555555555555555
59.868,5.07,-6.82,-0.4622222222222222
59.888,5.19,-6.82,-0.5311111111111111
59.908,5.35,-6.74,-0.5988888888888889
59.928,5.47,-6.7,-0.6655555555555556
59.948,5.69,-6.62,-0.7333333333333333
59.968,5.79,-6.58,-0.8
59.988,6.1,-6.45,-0.8633333333333333
60.008,6.27,-6.39,-0.9277777777777778
