4.068,9.8,-0.32,0.0
4.088,9.79,-0.31,0.0
4.108,9.79,-0.3,0.0
4.128,9.79,-0.31,0.0
4.148,9.78,-0.34,0.0
4.168,9.79,-0.3,0.0
4.188,9.77,-0.3,0.0
4.208,9.76,-0.29,0.0
4.228,9.78,-0.32,0.0
4.248,9.78,-0.31,0.0
4.268,9.76,-0.33,0.0
4.288,9.78,-0.31,0.0
4.308,9.79,-0.31,0.0
4.328,9.78,-0.29,0.0
4.348,9.79,-0.29,0.0
4.368,9.79,-0.29,0.0022222222222222222
4.388,9.79,-0.3,0.0
4.408,9.79,-0.34,0.0011111111111111111
4.428,9.77,-0.33,0.0
4.448,9.76,-0.3,0.0
4.468,9.77,-0.29,0.0
4.488,9.78,-0.31,0.0
4.508,9.78,-0.3,0.0
4.528,9.78,-0.33,0.0
4.548,9.78,-0.31,0.0
4.568,9.78,-0.35,0.0
4.588,9.78,-0.3,0.0
4.608,9.78,-0.31,0.0
4.628,9.79,-0.3,0.0
4.648,9.8,-0.33,0.0
4.668,9.79,-0.31,0.0
4.688,9.79,-0.31,0.0
4.708,9.78,-0.31,0.0
4.728,9.78,-0.31,0.0011111111111111111
4.748,9.78,-0.31,0.0
4.768,9.79,-0.32,0.0022222222222222222
4.788,9.77,-0.3,0.0011111111111111111
4.808,9.77,-0.31,-0.0011111111111111111
4.828,9.79,-0.31,0.0
4.848,9.77,-0.29,0.0
4.868,9.78,-0.31,0.0
4.888,9.79,-0.31,0.0
4.908,9.76,-0.29,0.0
4.928,9.78,-0.33,0.0011111111111111111
4.948,9.78,-0.34,0.0022222222222222222
4.968,9.77,-0.31,0.0011111111111111111
4.988,9.81,-0.31,0.0
5.008,9.79,-0.26,0.0
5.028,9.77,-0.29,0.0011111111111111111
5.048,9.76,-0.31,0.0022222222222222222
5.068,9.77,-0.33,0.0011111111111111111
5.088,9.8,-0.29,0.0
5.108,9.74,-0.31,0.0
5.128,9.78,-0.34,0.0
5.148,9.78,-0.34,0.0
5.168,9.78,-0.26,0.0
5.188,9.79,-0.25,0.0
5.208,9.77,-0.29,0.0
5.228,9.79,-0.35,0.0
5.248,9.78,-0.41,0.0
5.268,9.77,-0.34,-0.0022222222222222222
5.288,9.77,-0.28,0.0
5.308,9.75,-0.25,0.0
5.328,9.77,-0.3,0.0011111111111111111
5.348,9.76,-0.32,0.0
5.368,9.77,-0.31,0.0011111111111111111
5.388,9.79,-0.29,0.0
5.408,9.79,-0.28,0.0
5.428,9.77,-0.31,-0.0011111111111111111
5.448,9.79,-0.29,0.0
5.468,9.76,-0.31,0.0
5.488,9.79,-0.32,0.0
5.508,9.78,-0.33,0.0
5.528,9.77,-0.34,0.0011111111111111111
5.548,9.77,-0.3,0.0
5.568,9.78,-0.26,0.0
5.588,9.78,-0.26,0.0
5.608,9.77,-0.32,0.0
5.628,9.75,-0.34,0.0
5.648,9.77,-0.34,0.0
5.668,9.77,-0.3,0.0
5.688,9.79,-0.3,0.0
5.708,9.8,-0.29,0.0
5.728,9.77,-0.3,0.0
5.748,9.78,-0.33,0.0
5.768,9.77,-0.37,0.0
5.788,9.78,-0.35,0.0
5.808,9.79,-0.29,0.0
5.828,9.77,-0.26,0.0011111111111111111
5.848,9.8,-0.28,0.0
5.868,9.79,-0.32,0.0
5.888,9.78,-0.32,0.0
5.908,9.79,-0.34,0.0
5.928,9.78,-0.3,0.0
5.948,9.78,-0.3,0.0
5.968,9.78,-0.34,0.0
5.988,9.78,-0.33,0.0
6.008,9.79,-0.29,0.0
6.028,9.78,-0.29,0.0
6.048,9.76,-0.31,0.0
6.068,9.77,-0.34,0.0
6.088,9.79,-0.33,0.0
6.108,9.78,-0.28,0.0
6.128,9.77,-0.27,0.0
6.148,9.78,-0.33,0.0
6.168,9.79,-0.34,0.0
6.188,9.77,-0.36,0.0011111111111111111
6.208,9.8,-0.3,0.0
6.228,9.8,-0.29,0.0
6.248,9.78,-0.29,0.0
6.268,9.79,-0.32,0.0
6.288,9.78,-0.29,0.0
6.308,9.79,-0.3,0.0
6.328,9.77,-0.3,0.0
6.348,9.78,-0.31,0.0
6.368,9.79,-0.31,0.0
6.388,9.77,-0.28,0.0
6.408,9.77,-0.33,0.0011111111111111111
6.428,9.76,-0.31,-0.0011111111111111111
6.448,9.81,-0.34,0.0
6.468,9.8,-0.29,0.0011111111111111111
6.488,9.79,-0.27,0.0
6.508,9.77,-0.3,0.0
6.528,9.79,-0.31,0.0
6.548,9.77,-0.33,0.0
6.568,9.77,-0.31,0.0
6.588,9.76,-0.33,0.0
6.608,9.77,-0.28,0.0
6.628,9.77,-0.32,0.0
6.648,9.78,-0.33,0.0
6.668,9.78,-0.29,0.0
6.688,9.77,-0.31,-0.0011111111111111111
6.708,9.77,-0.29,0.0
6.728,9.77,-0.32,0.0
6.748,9.79,-0.3,0.0
6.768,9.77,-0.3,0.0
6.788,9.78,-0.32,0.0
6.808,9.78,-0.31,0.0
6.828,9.77,-0.32,0.0
6.848,9.79,-0.3,0.0
6.868,9.77,-0.29,-0.0022222222222222222
6.888,9.77,-0.3,0.0
6.908,9.79,-0.33,0.0
6.928,9.79,-0.33,0.0
6.948,9.76,-0.34,0.0
6.968,9.79,-0.32,0.0
6.988,9.78,-0.33,0.0
7.008,9.76,-0.29,0.0
7.028,9.77,-0.32,0.0
7.048,9.77,-0.33,0.0
7.068,9.77,-0.3,0.0
7.088,9.78,-0.33,0.0
7.108,9.77,-0.31,0.0
7.128,9.77,-0.3,0.0
7.148,9.77,-0.31,0.0
7.168,9.8,-0.3,0.0
7.188,9.79,-0.32,0.0
7.208,9.77,-0.34,0.0
7.228,9.78,-0.29,0.0011111111111111111
7.248,9.8,-0.28,0.0
7.268,9.77,-0.33,0.0
7.288,9.79,-0.32,0.0
7.308,9.78,-0.27,0.0
7.328,9.78,-0.34,0.0
7.348,9.78,-0.34,0.0
7.368,9.75,-0.31,0.0
7.388,9.79,-0.3,0.0
7.408,9.78,-0.3,0.0
7.428,9.78,-0.3,0.0
7.448,9.76,-0.32,0.0
7.468,9.79,-0.33,0.0
7.488,9.76,-0.3,0.0
7.508,9.77,-0.31,0.0
7.528,9.77,-0.33,0.0
7.548,9.77,-0.3,0.0
7.568,9.77,-0.33,0.0
7.588,9.77,-0.29,0.0
7.608,9.8,-0.33,0.0
7.628,9.8,-0.3,0.0
7.648,9.77,-0.4,0.0
7.668,9.75,-0.33,0.0
7.688,9.81,-0.21,0.0
7.708,9.81,-0.32,0.0
7.728,9.72,-0.36,0.0
7.748,9.79,-0.24,0.0
7.768,9.77,-0.38,0.0
7.788,9.77,-0.4,0.0
7.808,9.76,-0.23,0.0011111111111111111
7.828,9.77,-0.34,0.0011111111111111111
7.848,9.81,-0.45,0.0
7.868,9.73,-0.27,0.0011111111111111111
7.888,9.71,-0.32,0.0044444444444444444
7.908,9.78,-0.35,0.0077777777777777776
7.928,9.77,-0.59,0.012222222222222223
7.948,9.76,-0.47,0.014444444444444444
7.968,9.81,-0.42,0.022222222222222223
7.988,9.74,-0.41,0.03
8.008,9.83,-0.37,0.04
8.028,9.8,-0.5,0.052222222222222225
8.048,9.8,-0.92,0.058888888888888886
8.068,9.76,-0.77,0.06666666666666667
8.088,9.8,-0.54,0.07888888888888888
8.108,9.84,-0.48,0.09444444444444444
8.128,9.7,-0.75,0.10666666666666667
8.148,9.84,-0.67,0.12
8.168,9.72,-0.69,0.13777777777777778
8.188,9.82,-0.72,0.15222222222222223
8.208,9.78,-0.99,0.16666666666666666
8.228,9.73,-0.99,0.1811111111111111
8.248,9.76,-0.91,0.19111111111111112
8.268,9.79,-0.98,0.21222222222222223
8.288,9.83,-0.76,0.2222222222222222
8.308,9.75,-1.24,0.24666666666666667
8.328,9.78,-1.17,0.2511111111111111
8.348,9.72,-0.93,0.27666666666666667
8.368,9.81,-0.85,0.2866666666666667
8.388,9.75,-1.43,0.31
8.408,9.8,-1.51,0.31555555555555553
8.428,9.79,-1.25,0.34
8.448,9.76,-1.22,0.3477777777777778
8.468,9.87,-1.51,0.3688888888888889
8.488,9.66,-1.82,0.38
8.508,9.86,-1.6,0.39111111111111113
8.528,9.76,-1.38,0.4066666666666667
8.548,9.74,-1.71,0.41888888888888887
8.568,9.67,-2.14,0.42444444444444446
8.588,9.69,-1.81,0.43
8.608,9.66,-1.82,0.44555555555555554
8.628,9.73,-2.21,0.45222222222222225
8.648,9.66,-2.09,0.46444444444444444
8.668,9.59,-2.58,0.4677777777777778
8.688,9.58,-2.4,0.4711111111111111
8.708,9.6,-2.1,0.4811111111111111
8.728,9.64,-2.22,0.49
8.748,9.55,-2.95,0.4988888888888889
8.768,9.53,-2.61,0.49666666666666665
8.788,9.57,-2.73,0.5055555555555555
8.808,9.49,-2.64,0.5044444444444445
8.828,9.47,-2.59,0.5066666666666667
8.848,9.5,-2.89,0.5044444444444445
8.868,9.34,-3.19,0.5
8.888,9.37,-2.89,0.49777777777777776
8.908,9.33,-2.96,0.49
8.928,9.21,-3.18,0.4855555555555556
8.948,9.21,-3.22,0.47
8.968,9.16,-3.24,0.46444444444444444
8.988,9.17,-3.16,0.4411111111111111
9.008,9.12,-3.49,0.4311111111111111
9.028,8.97,-3.27,0.4088888888888889
9.048,9.03,-3.27,0.3788888888888889
9.068,9.0,-3.15,0.3511111111111111
9.088,9.03,-3.19,0.32
9.108,8.95,-3.29,0.29
9.128,8.85,-3.47,0.2544444444444444
9.148,8.87,-3.48,0.22
9.168,8.86,-3.23,0.18222222222222223
9.188,8.91,-3.44,0.14888888888888888
9.208,8.82,-3.33,0.09444444444444444
9.228,8.75,-3.6,0.07555555555555556
9.248,8.73,-3.48,0.03888888888888889
9.268,8.79,-3.4,0.0033333333333333335
9.288,8.78,-3.53,-0.03
9.308,8.72,-3.53,-0.06555555555555556
9.328,8.77,-3.55,-0.10111111111111111
9.348,8.81,-3.2,-0.13666666666666666
9.368,8.91,-3.42,-0.1688888888888889
9.388,8.78,-3.53,-0.20333333333333334
9.408,8.79,-3.63,-0.24
9.428,9.01,-3.2,-0.2911111111111111
9.448,9.1,-2.85,-0.30777777777777776
9.468,9.22,-3.01,-0.3388888888888889
9.488,8.96,-3.48,-0.36777777777777776
9.508,9.05,-3.09,-0.40555555555555556
9.528,9.19,-2.82,-0.44
9.548,9.18,-2.74,-0.47444444444444445
9.568,9.18,-2.86,-0.5055555555555555
9.588,9.18,-2.7,-0.5422222222222223
9.608,9.38,-2.41,-0.5744444444444444
9.628,9.41,-2.44,-0.6055555555555555
9.648,9.39,-2.36,-0.6377777777777778
9.668,9.5,-2.39,-0.6666666666666666
9.688,9.55,-2.28,-0.7011111111111111
9.708,9.76,-1.89,-0.7333333333333333
9.728,9.78,-1.76,-0.7622222222222222
9.748,9.85,-1.77,-0.79
9.768,9.78,-1.79,-0.82
9.788,9.95,-1.17,-0.8488888888888889
9.808,9.94,-1.15,-0.8744444444444445
9.828,10.03,-1.24,-0.8977777777777778
9.848,10.05,-0.95,-0.9233333333333333
9.868,10.08,-0.81,-0.9477777777777778
9.888,10.12,-0.61,-0.9688888888888889
9.908,10.13,-0.43,-0.99
9.928,10.21,-0.22,-1.008888888888889
9.948,10.19,-0.09,-1.0244444444444445
9.968,10.28,-0.02,-1.038888888888889
9.988,10.33,0.34,-1.0577777777777777
10.008,10.27,0.43,-1.07
10.028,10.33,0.66,-1.08
10.048,10.28,0.81,-1.0877777777777777
10.068,10.33,0.99,-1.0988888888888888
10.088,10.28,1.08,-1.1044444444444443
10.108,10.26,1.43,-1.1044444444444443
10.128,10.2,1.44,-1.1066666666666667
10.148,10.18,1.66,-1.1066666666666667
10.168,10.1,1.83,-1.1033333333333333
10.188,10.06,2.08,-1.0988888888888888
10.208,9.97,2.12,-1.0877777777777777
10.228,9.92,2.23,-1.08
10.248,9.83,2.5,-1.0666666666666667
10.268,9.73,2.71,-1.048888888888889
10.288,9.71,2.85,-1.0244444444444445
10.308,9.58,2.92,-1.0022222222222221
10.328,9.55,3.06,-0.9766666666666667
10.348,9.37,3.23,-0.9466666666666667
10.368,9.23,3.3,-0.91
10.388,9.14,3.26,-0.87
10.408,9.05,3.42,-0.8311111111111111
10.428,8.96,3.71,-0.79
10.448,8.95,3.79,-0.7466666666666667
10.468,8.66,3.63,-0.7011111111111111
10.488,8.64,4.05,-0.6544444444444445
10.508,8.65,3.87,-0.6066666666666667
10.528,8.57,3.86,-0.5622222222222222
10.548,8.43,4.21,-0.5133333333333333
10.568,8.33,4.23,-0.4677777777777778
10.588,8.27,4.28,-0.4177777777777778
10.608,8.24,4.44,-0.36777777777777776
10.628,8.21,4.19,-0.31333333333333335
10.648,8.16,4.2,-0.2633333333333333
10.668,8.12,4.59,-0.21555555555555556
10.688,7.99,4.45,-0.16
10.708,7.98,4.46,-0.1111111111111111
10.728,8.04,4.51,-0.057777777777777775
10.748,8.11,4.45,-0.0044444444444444444
10.768,8.07,4.41,0.04666666666666667
10.788,8.01,4.54,0.09666666666666666
10.808,8.03,4.38,0.14666666666666667
10.828,8.21,4.48,0.19777777777777777
10.848,8.07,4.38,0.25
10.868,8.16,4.26,0.29888888888888887
10.888,8.33,4.27,0.35
10.908,8.36,3.98,0.4
10.928,8.38,4.13,0.4533333333333333
10.948,8.31,4.05,0.5077777777777778
10.968,8.43,3.9,0.56
10.988,8.72,3.83,0.6155555555555555
11.008,8.76,3.57,0.6688888888888889
11.028,8.89,3.46,0.72
11.048,8.82,3.51,0.7777777777777778
11.068,9.11,3.33,0.8288888888888889
11.088,9.16,2.99,0.8811111111111111
11.108,9.29,2.99,0.9344444444444444
11.128,9.36,3.05,0.9888888888888889
11.148,9.55,2.65,1.038888888888889
11.168,9.69,2.36,1.0911111111111111
11.188,9.85,2.22,1.1366666666666667
11.208,9.91,2.03,1.1844444444444444
11.228,10.14,2.1,1.231111111111111
11.248,10.21,1.51,1.278888888888889
11.268,10.47,1.15,1.32
11.288,10.48,0.95,1.3611111111111112
11.308,10.52,1.17,1.3966666666666667
11.328,10.6,0.72,1.44
11.348,10.73,0.24,1.47
11.368,10.74,0.11,1.501111111111111
11.388,10.85,-0.09,1.5322222222222222
11.408,10.82,-0.26,1.56
11.428,10.86,-0.65,1.59
11.448,10.89,-0.83,1.6122222222222222
11.468,10.88,-1.25,1.6311111111111112
11.488,10.93,-1.39,1.65
11.508,10.89,-1.77,1.6655555555555555
11.528,10.79,-2.02,1.6766666666666667
11.548,10.77,-2.21,1.6877777777777778
11.568,10.79,-2.66,1.6877777777777778
11.588,10.61,-2.84,1.6944444444444444
11.608,10.56,-2.98,1.6966666666666668
11.628,10.35,-3.32,1.6933333333333334
11.648,10.22,-3.8,1.691111111111111
11.668,10.04,-4.11,1.68
11.688,9.97,-4.04,1.6688888888888889
11.708,9.8,-4.23,1.6566666666666667
11.728,9.6,-4.52,1.6422222222222222
11.748,9.16,-5.36,1.6266666666666667
11.768,9.21,-5.02,1.6011111111111112
11.788,8.91,-5.21,1.5866666666666667
11.808,8.66,-4.57,1.5633333333333332
11.828,8.16,-5.9,1.5277777777777777
11.848,8.21,-5.92,1.4944444444444445
11.868,7.96,-5.75,1.46
11.888,7.73,-6.14,1.4266666666666667
11.908,7.29,-6.11,1.3844444444444444
11.928,7.31,-6.39,1.34
11.948,7.32,-6.01,1.2866666666666666
11.968,6.48,-7.33,1.231111111111111
11.988,5.81,-6.65,1.16
12.008,6.42,-6.92,1.0933333333333333
12.028,5.86,-6.25,1.03
12.048,5.76,-6.99,0.96
12.068,5.37,-7.18,0.8877777777777778
12.088,4.85,-6.73,0.81
12.108,5.32,-7.15,0.7355555555555555
12.128,4.9,-6.94,0.6611111111111111
12.148,4.24,-6.38,0.5811111111111111
12.168,4.66,-7.33,0.4822222222222222
12.188,4.48,-6.74,0.43
12.208,4.52,-7.22,0.35555555555555557
12.228,4.43,-7.15,0.2788888888888889
12.248,3.87,-7.36,0.20333333333333334
12.268,4.1,-7.41,0.12555555555555556
12.288,4.17,-7.13,0.044444444444444446
12.308,4.14,-7.17,-0.03111111111111111
12.328,4.26,-7.2,-0.10666666666666667
12.348,4.17,-7.29,-0.18333333333333332
12.368,4.2,-7.04,-0.26222222222222225
12.388,4.43,-7.2,-0.33555555555555555
12.408,4.36,-7.09,-0.4166666666666667
12.428,4.74,-6.78,-0.49
12.448,4.86,-6.88,-0.5644444444444444
12.468,4.79,-7.01,-0.6433333333333333
12.488,4.98,-6.92,-0.7211111111111111
12.508,5.61,-6.49,-0.7966666666666666
12.528,5.49,-6.79,-0.87
12.548,5.49,-6.65,-0.9466666666666667
12.568,5.79,-6.71,-1.0222222222222221
12.588,6.28,-6.22,-1.1
12.608,6.47,-6.21,-1.1733333333333333
12.628,6.87,-6.13,-1.2466666666666666
12.648,6.82,-5.89,-1.3177777777777777
12.668,7.47,-5.99,-1.39
12.688,7.62,-5.55,-1.4555555555555555
12.708,8.01,-5.56,-1.5233333333333334
12.728,8.13,-5.3,-1.59
12.748,8.65,-5.11,-1.6566666666666667
12.768,8.97,-4.78,-1.718888888888889
12.788,9.32,-4.36,-1.78
12.808,9.55,-4.59,-1.8377777777777777
12.828,9.82,-4.19,-1.8922222222222222
12.848,10.11,-3.78,-1.9466666666666668
12.868,10.13,-4.18,-1.9766666666666666
12.888,10.86,-3.29,-2.0255555555555556
12.908,10.87,-2.8,-2.0855555555555556
12.928,11.13,-2.85,-2.128888888888889
12.948,11.53,-2.12,-2.1655555555555557
12.968,11.5,-1.63,-2.1977777777777776
12.988,11.71,-1.37,-2.2266666666666666
13.008,11.93,-1.16,-2.2533333333333334
13.028,12.12,-0.81,-2.28
13.048,12.03,-0.41,-2.2955555555555556
13.068,12.15,0.36,-2.3088888888888888
13.088,12.27,0.44,-2.32
13.108,12.17,1.05,-2.331111111111111
13.128,12.11,1.28,-2.3333333333333335
13.148,12.01,1.75,-2.331111111111111
13.168,11.9,2.13,-2.3244444444444445
13.188,11.64,2.55,-2.3133333333333335
13.208,11.62,2.67,-2.298888888888889
13.228,11.38,3.02,-2.2855555555555553
13.248,11.07,3.61,-2.258888888888889
13.268,10.87,3.84,-2.2311111111111113
13.288,10.54,3.89,-2.2
13.308,10.35,4.43,-2.17
13.328,10.1,4.73,-2.13
13.348,9.73,4.95,-2.0866666666666664
13.368,9.34,5.24,-2.0444444444444443
13.388,8.87,5.48,-1.991111111111111
13.408,8.63,5.77,-1.9444444444444444
13.428,8.11,5.98,-1.8877777777777778
13.448,7.98,6.11,-1.83
13.468,7.41,6.25,-1.768888888888889
13.488,7.05,6.36,-1.708888888888889
13.508,6.47,6.54,-1.6477777777777778
13.528,6.27,6.74,-1.5766666666666667
13.548,6.08,6.92,-1.4955555555555555
13.568,5.87,6.7,-1.42
13.588,5.63,6.82,-1.3477777777777777
13.608,5.25,7.17,-1.2722222222222221
13.628,4.49,7.02,-1.1933333333333334
13.648,3.58,7.27,-1.1166666666666667
13.668,3.76,7.39,-1.0366666666666666
13.688,4.1,7.18,-0.9544444444444444
13.708,4.02,7.42,-0.87
13.728,3.83,7.13,-0.79
13.748,3.46,7.37,-0.7077777777777777
13.768,2.33,7.58,-0.6244444444444445
13.788,2.63,7.36,-0.5433333333333333
13.808,3.13,7.62,-0.46
13.828,2.99,7.6,-0.37666666666666665
13.848,2.72,7.36,-0.2911111111111111
13.868,2.2,7.61,-0.21222222222222223
13.888,2.41,7.52,-0.12444444444444444
13.908,2.71,7.49,-0.044444444444444446
13.928,2.58,7.74,0.04
13.948,2.32,7.47,0.12111111111111111
13.968,2.25,7.46,0.20333333333333334
13.988,2.56,7.62,0.28555555555555556
14.008,3.1,7.42,0.3711111111111111
14.028,2.85,7.47,0.45111111111111113
14.048,2.45,7.46,0.5355555555555556
14.068,3.0,7.4,0.6211111111111111
14.088,3.46,7.35,0.7055555555555556
14.108,3.57,7.23,0.7922222222222223
14.128,3.92,7.12,0.8788888888888889
14.148,4.15,7.11,0.9655555555555555
14.168,4.25,7.04,1.0533333333333332
14.188,4.61,7.01,1.1388888888888888
14.208,5.01,6.71,1.228888888888889
14.228,5.23,6.74,1.3144444444444445
14.248,5.58,6.7,1.4
14.268,5.88,6.53,1.4877777777777779
14.288,6.34,6.44,1.57
14.308,6.66,6.28,1.6577777777777778
14.328,7.15,6.06,1.74
14.348,7.55,6.12,1.82
14.368,8.13,5.53,1.8988888888888888
14.388,8.64,5.35,1.9777777777777779
14.408,9.0,5.16,2.088888888888889
14.428,9.24,5.05,2.12
14.448,9.69,4.8,2.1977777777777776
14.468,9.97,4.61,2.263333333333333
14.488,10.59,3.99,2.332222222222222
14.508,10.99,3.77,2.398888888888889
14.528,11.32,3.39,2.453333333333333
14.548,11.66,2.97,2.51
14.568,12.0,2.52,2.566666666666667
14.588,12.28,2.28,2.611111111111111
14.608,12.56,1.71,2.6544444444444446
14.628,12.79,1.34,2.698888888888889
14.648,13.03,0.77,2.723333333333333
14.668,13.15,0.53,2.7533333333333334
14.688,13.21,0.41,2.781111111111111
14.708,13.25,-0.5,2.8044444444444445
14.728,13.32,-1.02,2.82
14.748,13.26,-1.15,2.83
14.768,13.12,-1.81,2.8333333333333335
14.788,13.05,-2.13,2.828888888888889
14.808,12.71,-2.9,2.812222222222222
14.828,12.55,-2.64,2.7944444444444443
14.848,12.3,-3.27,2.7688888888888887
14.868,11.86,-3.55,2.736666666666667
14.888,11.54,-3.99,2.692222222222222
14.908,11.25,-4.22,2.65
14.928,10.7,-5.03,2.601111111111111
14.948,10.07,-5.57,2.542222222222222
14.968,9.72,-5.39,2.4855555555555555
14.988,9.36,-5.65,2.4277777777777776
15.008,8.67,-6.23,2.3655555555555554
15.028,8.1,-6.5,2.3
15.048,7.44,-6.75,2.21
15.068,7.13,-6.53,2.1544444444444446
15.088,6.63,-6.9,2.082222222222222
15.108,6.12,-6.97,2.006666666666667
15.128,5.58,-7.16,1.92
15.148,5.04,-7.85,1.8166666666666667
15.168,4.69,-7.31,1.77
15.188,4.37,-7.52,1.6888888888888889
15.208,3.63,-7.55,1.6055555555555556
15.228,3.3,-7.81,1.5233333333333334
15.248,2.99,-7.7,1.4366666666666668
15.268,2.62,-7.75,1.3511111111111112
15.288,2.26,-7.9,1.2677777777777777
15.308,1.89,-7.81,1.1844444444444444
15.328,1.39,-7.91,1.0977777777777777
15.348,1.26,-7.82,1.011111111111111
15.368,0.99,-7.87,0.9233333333333333
15.388,0.94,-7.9,0.8366666666666667
15.408,0.54,-7.91,0.75
15.428,0.18,-7.95,0.6633333333333333
15.448,0.11,-7.9,0.5744444444444444
15.468,0.32,-7.82,0.48444444444444446
15.488,-0.1,-7.83,0.39666666666666667
15.508,-0.3,-7.82,0.3088888888888889
15.528,0.03,-7.74,0.21555555555555556
15.548,-0.23,-7.82,0.12444444444444444
15.568,-0.37,-7.71,0.02666666666666667
15.588,0.0,-7.71,-0.06555555555555556
15.608,-0.29,-7.76,-0.1622222222222222
15.628,-0.45,-7.6,-0.2588888888888889
15.648,0.05,-7.63,-0.36
15.668,0.12,-7.69,-0.46111111111111114
15.688,0.0,-7.45,-0.5655555555555556
15.708,0.29,-7.58,-0.67
15.728,0.57,-7.55,-0.7744444444444445
15.748,0.67,-7.48,-0.8788888888888889
15.768,1.27,-7.48,-0.9877777777777778
15.788,1.44,-7.42,-1.0944444444444446
15.808,1.69,-7.57,-1.2022222222222223
15.828,2.13,-7.38,-1.3111111111111111
15.848,2.75,-7.33,-1.4155555555555555
15.868,2.8,-7.25,-1.52
15.888,3.64,-7.13,-1.6277777777777778
15.908,4.14,-7.21,-1.731111111111111
15.928,4.76,-7.07,-1.8377777777777777
15.948,5.14,-6.91,-1.9377777777777778
15.968,5.82,-6.88,-2.0388888888888888
15.988,6.11,-6.76,-2.14
16.008,7.02,-6.33,-2.241111111111111
16.028,7.63,-6.21,-2.341111111111111
16.048,8.02,-6.33,-2.4344444444444444
16.068,8.63,-5.9,-2.5255555555555556
16.088,9.57,-5.4,-2.6166666666666667
16.108,10.01,-5.31,-2.7022222222222223
16.128,10.56,-5.01,-2.781111111111111
16.148,10.98,-4.67,-2.8644444444444446
16.168,11.73,-4.6,-2.9344444444444444
16.188,12.9,-3.32,-2.9544444444444444
16.208,12.82,-3.53,-3.0744444444444445
16.228,13.05,-3.01,-3.1255555555555556
16.248,13.67,-2.57,-3.1755555555555555
16.268,13.84,-2.09,-3.2133333333333334
16.288,14.26,-1.55,-3.241111111111111
16.308,14.36,-1.32,-3.2666666666666666
16.328,14.61,-1.48,-3.278888888888889
16.348,14.33,0.11,-3.296666666666667
16.368,14.43,0.14,-3.28
16.388,14.54,1.2,-3.2711111111111113
16.408,14.22,1.05,-3.256666666666667
16.428,14.28,2.0,-3.232222222222222
16.448,13.87,1.92,-3.2066666666666666
16.468,13.68,3.12,-3.1744444444444446
16.488,13.07,3.44,-3.141111111111111
16.508,12.93,3.65,-3.1
16.528,12.31,4.31,-3.05
16.548,11.92,4.81,-3.0
16.568,11.22,5.08,-2.9455555555555555
16.588,10.79,5.32,-2.8844444444444446
16.608,10.23,5.85,-2.8266666666666667
16.628,9.69,5.86,-2.7488888888888887
16.648,9.11,6.32,-2.683333333333333
16.668,8.54,6.48,-2.6066666666666665
16.688,7.89,6.72,-2.533333333333333
16.708,7.35,6.94,-2.4655555555555555
16.728,6.56,7.18,-2.3844444444444446
16.748,6.1,7.26,-2.2933333333333334
16.768,5.36,7.41,-2.212222222222222
16.788,4.91,7.39,-2.131111111111111
16.808,3.91,7.56,-2.048888888888889
16.828,3.51,7.61,-1.9633333333333334
16.848,2.77,7.69,-1.8755555555555556
16.868,2.29,7.76,-1.7922222222222222
16.888,1.83,7.68,-1.7055555555555555
16.908,1.53,7.77,-1.62
16.928,1.12,7.77,-1.5333333333333334
16.948,0.76,7.68,-1.4466666666666668
16.968,0.18,7.75,-1.3622222222222222
16.988,-0.04,7.68,-1.2755555555555556
17.008,-0.49,7.81,-1.191111111111111
17.028,-0.62,6.98,-1.1222222222222222
17.048,-1.4,7.46,-1.0266666666666666
17.068,-1.27,7.92,-0.9422222222222222
17.088,-1.4,7.23,-0.8522222222222222
17.108,-1.71,7.85,-0.77
17.128,-1.96,7.28,-0.6866666666666666
17.148,-2.09,7.63,-0.6044444444444445
17.168,-2.19,7.49,-0.52
17.188,-2.32,7.36,-0.4388888888888889
17.208,-2.5,7.38,-0.3566666666666667
17.228,-2.47,7.31,-0.27444444444444444
17.248,-2.56,7.42,-0.1922222222222222
17.268,-2.66,7.33,-0.11
17.288,-2.78,7.19,-0.027777777777777776
17.308,-2.65,7.48,0.052222222222222225
17.328,-2.55,7.26,0.13555555555555557
17.348,-2.58,7.44,0.21888888888888888
17.368,-2.66,7.31,0.3022222222222222
17.388,-2.51,7.22,0.38666666666666666
17.408,-2.03,7.47,0.47333333333333333
17.428,-2.14,7.38,0.5588888888888889
17.448,-2.06,7.4,0.6477777777777778
17.468,-1.62,7.4,0.7366666666666667
17.488,-1.27,7.45,0.8266666666666667
17.508,-1.33,7.43,0.9155555555555556
17.528,-1.15,7.49,1.0077777777777779
17.548,-0.76,7.53,1.0977777777777777
17.568,-0.34,7.49,1.1888888888888889
17.588,-0.07,7.56,1.281111111111111
17.608,0.25,7.56,1.3755555555555556
17.628,0.42,7.47,1.468888888888889
17.648,1.25,7.68,1.56
17.668,1.72,7.48,1.6566666666666667
17.688,2.14,7.57,1.7522222222222221
17.708,2.6,7.55,1.8455555555555556
17.728,3.32,7.41,1.9433333333333334
17.748,4.03,7.68,2.0344444444444445
17.768,4.62,7.43,2.1266666666666665
17.788,4.7,7.36,2.22
17.808,5.44,7.42,2.3133333333333335
17.828,6.44,7.01,2.4066666666666667
17.848,7.37,6.69,2.4955555555555557
17.868,7.59,6.75,2.581111111111111
17.888,8.3,6.48,2.668888888888889
17.908,9.0,6.32,2.7511111111111113
17.928,10.2,5.86,2.8655555555555554
17.948,10.15,5.81,2.898888888888889
17.968,10.93,5.45,2.9722222222222223
17.988,11.51,5.07,3.042222222222222
18.008,12.2,4.41,3.1
18.028,12.59,4.42,3.1566666666666667
18.048,13.11,3.75,3.207777777777778
18.068,13.58,3.37,3.247777777777778
18.088,13.94,2.9,3.2844444444444445
18.108,14.41,1.96,3.31
18.128,14.59,1.6,3.327777777777778
18.148,14.7,1.22,3.3444444444444446
18.168,14.75,0.34,3.352222222222222
18.188,14.81,0.05,3.351111111111111
18.208,14.77,-0.56,3.3533333333333335
18.228,14.7,-0.98,3.341111111111111
18.248,14.48,-0.06,3.341111111111111
18.268,14.27,1.11,3.341111111111111
18.288,14.35,-3.75,3.3255555555555554
18.308,13.8,-3.18,3.2855555555555553
18.328,13.05,-5.13,3.2488888888888887
18.348,12.93,-3.97,3.2
18.368,12.92,-3.04,3.1555555555555554
18.388,12.07,-4.24,3.12
18.408,11.44,-5.37,3.06
18.428,10.75,-6.11,3.0011111111111113
18.448,9.88,-5.7,2.9355555555555557
18.468,10.0,-5.75,2.8744444444444444
18.488,8.56,-6.39,2.798888888888889
18.508,8.04,-7.38,2.7333333333333334
18.528,7.25,-6.7,2.647777777777778
18.548,7.16,-8.16,2.5677777777777777
18.568,7.18,-6.23,2.4988888888888887
18.588,5.44,-7.62,2.4122222222222223
18.608,4.49,-7.88,2.34
18.628,3.73,-7.62,2.25
18.648,3.85,-7.94,2.1633333333333336
18.668,4.06,-7.38,2.081111111111111
18.688,3.05,-8.12,1.9955555555555555
18.708,1.63,-7.93,1.9133333333333333
18.728,0.79,-7.81,1.8244444444444445
18.748,0.56,-7.66,1.7377777777777779
18.768,0.74,-7.99,1.6488888888888888
18.788,0.23,-7.77,1.5644444444444445
18.808,-0.58,-7.73,1.4777777777777779
18.828,-0.7,-8.03,1.3911111111111112
18.848,-1.37,-7.56,1.3033333333333332
18.868,-1.91,-7.6,1.22
18.888,-1.48,-7.74,1.1377777777777778
18.908,-2.08,-7.63,1.0522222222222222
18.928,-2.08,-7.62,0.97
18.948,-2.25,-7.86,0.8855555555555555
18.968,-2.92,-7.32,0.8022222222222222
18.988,-3.09,-7.52,0.72
19.008,-3.03,-7.44,0.64
19.028,-3.47,-7.35,0.5611111111111111
19.048,-3.39,-7.31,0.5022222222222222
19.068,-3.43,-7.48,0.4033333333333333
19.088,-3.54,-7.35,0.32666666666666666
19.108,-3.73,-7.3,0.24
19.128,-3.78,-7.26,0.15777777777777777
19.148,-4.07,-7.19,0.07888888888888888
19.168,-3.89,-7.25,0.0
19.188,-3.74,-7.38,-0.08
19.208,-3.69,-7.31,-0.15777777777777777
19.228,-3.6,-7.42,-0.23444444444444446
19.248,-3.69,-7.38,-0.31222222222222223
19.268,-3.69,-7.23,-0.39
19.288,-3.56,-7.35,-0.4677777777777778
19.308,-3.22,-7.5,-0.5488888888888889
19.328,-3.06,-7.46,-0.6322222222222222
19.348,-3.15,-7.37,-0.7166666666666667
19.368,-2.93,-7.41,-0.8
19.388,-2.55,-7.49,-0.8877777777777778
19.408,-2.38,-7.38,-0.9788888888888889
19.428,-2.06,-7.38,-1.07
19.448,-1.79,-7.43,-1.1766666666666667
19.468,-1.45,-7.39,-1.29
19.488,-0.87,-7.6,-1.36
19.508,-0.26,-7.51,-1.4533333333333334
19.528,-0.12,-7.61,-1.5566666666666666
19.548,0.24,-7.42,-1.6566666666666667
19.568,1.04,-7.67,-1.758888888888889
19.588,1.67,-7.46,-1.8655555555555556
19.608,2.01,-7.64,-1.9722222222222223
19.628,2.5,-7.54,-2.077777777777778
19.648,3.11,-7.57,-2.1844444444444444
19.668,4.02,-7.33,-2.2844444444444445
19.688,4.49,-7.28,-2.3966666666666665
19.708,5.6,-7.13,-2.497777777777778
19.728,5.67,-7.09,-2.6
19.748,6.81,-7.0,-2.707777777777778
19.768,7.96,-6.55,-2.8055555555555554
19.788,8.42,-6.47,-2.9044444444444446
19.808,8.95,-6.38,-2.997777777777778
19.828,10.01,-5.97,-3.0877777777777777
19.848,10.83,-5.61,-3.1744444444444446
19.868,11.52,-5.24,-3.26
19.888,11.97,-5.06,-3.3433333333333333
19.908,12.61,-3.82,-3.3422222222222224
19.928,13.41,-4.35,-3.4955555555555557
19.948,14.14,-3.53,-3.5566666666666666
19.968,14.65,-3.32,-3.612222222222222
19.988,15.06,-2.83,-3.6533333333333333
20.008,15.21,-2.54,-3.6822222222222223
20.028,15.68,-1.31,-3.703333333333333
20.048,15.7,-1.43,-3.7144444444444447
20.068,15.93,-0.79,-3.718888888888889
20.088,15.89,0.17,-3.7177777777777776
20.108,15.71,0.5,-3.701111111111111
20.128,15.73,1.27,-3.687777777777778
20.148,15.39,1.94,-3.6622222222222223
20.168,15.17,2.41,-3.637777777777778
20.188,14.78,2.99,-3.602222222222222
20.208,14.44,3.55,-3.562222222222222
20.228,13.73,4.01,-3.5155555555555558
20.248,13.29,4.65,-3.4633333333333334
20.268,12.65,5.09,-3.4044444444444446
20.288,12.29,5.29,-3.3433333333333333
20.308,11.42,5.74,-3.28
20.328,10.92,6.06,-3.2111111111111112
20.348,10.16,6.31,-3.138888888888889
20.368,9.49,6.5,-3.0644444444444443
20.388,8.33,7.0,-2.9877777777777776
20.408,7.75,7.1,-2.922222222222222
20.428,6.71,7.32,-2.8366666666666664
20.448,6.11,7.61,-2.7444444444444445
20.468,5.12,7.67,-2.658888888888889
20.488,4.62,7.72,-2.5722222222222224
20.508,3.72,7.73,-2.49
20.528,3.16,7.77,-2.402222222222222
20.548,2.39,7.84,-2.3155555555555556
20.568,1.65,7.85,-2.23
20.588,0.35,7.32,-2.1466666666666665
20.608,0.44,7.59,-2.061111111111111
20.628,0.45,7.72,-1.9777777777777779
20.648,0.1,7.64,-1.8922222222222222
20.668,-0.97,7.39,-1.808888888888889
20.688,-1.74,7.3,-1.7277777777777779
20.708,-1.98,6.82,-1.6566666666666667
20.728,-2.17,8.19,-1.5677777777777777
20.748,-2.73,7.49,-1.488888888888889
20.768,-2.9,6.86,-1.4088888888888889
20.788,-3.62,7.2,-1.3311111111111111
20.808,-3.58,6.43,-1.2566666666666666
20.828,-3.74,6.84,-1.1788888888888889
20.848,-3.95,6.66,-1.1077777777777778
20.868,-4.55,6.28,-1.0322222222222222
20.888,-4.94,6.45,-0.9611111111111111
20.908,-4.97,6.13,-0.8977777777777778
20.928,-5.0,6.47,-0.8244444444444444
20.948,-5.13,6.28,-0.7566666666666667
20.968,-5.55,6.03,-0.6888888888888889
20.988,-5.87,5.8,-0.6222222222222222
21.008,-5.96,5.81,-0.56
21.028,-5.83,5.96,-0.49333333333333335
21.048,-5.84,6.03,-0.42777777777777776
21.068,-5.96,5.88,-0.36444444444444446
21.088,-6.12,5.91,-0.29777777777777775
21.108,-6.27,5.61,-0.23444444444444446
21.128,-6.36,5.71,-0.1711111111111111
21.148,-6.15,5.72,-0.11
21.168,-6.17,5.8,-0.07888888888888888
21.188,-6.23,5.62,0.014444444444444444
21.208,-6.25,5.66,0.043333333333333335
21.228,-6.14,5.7,0.13555555555555557
21.248,-6.16,5.79,0.16444444444444445
21.268,-6.18,5.68,0.25666666666666665
21.288,-6.14,5.79,0.31666666666666665
21.308,-5.93,5.9,0.3788888888888889
21.328,-5.78,5.99,0.44222222222222224
21.348,-5.9,5.79,0.5088888888888888
21.368,-5.95,5.81,0.5777777777777777
21.388,-5.5,6.01,0.6433333333333333
21.408,-5.25,6.25,0.7144444444444444
21.428,-5.14,6.05,0.7866666666666666
21.448,-5.07,6.19,0.86
21.468,-4.84,6.06,0.9
21.488,-4.74,6.14,0.98
21.508,-4.14,6.33,1.0611111111111111
21.528,-3.94,6.55,1.1455555555555557
21.548,-3.91,6.3,1.2322222222222223
21.568,-3.55,6.38,1.32
21.588,-2.79,6.85,1.4522222222222223
21.608,-2.47,6.74,1.498888888888889
21.628,-2.14,6.91,1.64
21.648,-1.64,6.95,1.6888888888888889
21.668,-1.01,7.12,1.8333333333333333
21.688,-0.76,7.07,1.8811111111111112
21.708,-0.03,7.18,2.03
21.728,0.44,7.24,2.078888888888889
21.748,1.34,7.44,2.2311111111111113
21.768,1.79,7.25,2.2822222222222224
21.788,2.6,7.37,2.4344444444444444
21.808,3.07,7.43,2.4844444444444442
21.828,4.17,7.64,2.641111111111111
21.848,5.1,7.01,2.6966666666666668
21.868,5.51,7.43,2.7944444444444443
21.888,6.12,7.39,2.8955555555555557
21.908,7.36,7.09,2.993333333333333
21.928,8.03,6.76,3.141111111111111
21.948,9.05,6.81,3.1944444444444446
21.968,9.96,6.41,3.312222222222222
21.988,10.83,6.23,3.3744444444444444
22.008,11.37,5.79,3.4611111111111112
22.028,12.3,5.67,3.5433333333333334
22.048,12.88,5.16,3.6222222222222222
22.068,13.91,4.63,3.6933333333333334
22.088,14.29,4.26,3.7511111111111113
22.108,16.01,3.01,3.8088888888888888
22.128,15.48,3.53,3.8444444444444446
22.148,16.0,2.29,3.882222222222222
22.168,16.35,2.1,3.908888888888889
22.188,16.46,1.5,3.9322222222222223
22.208,16.37,1.38,3.948888888888889
22.228,16.76,0.38,3.9655555555555555
22.248,16.51,-0.52,3.968888888888889
22.268,16.21,-1.48,3.9522222222222223
22.288,16.17,-2.28,3.9477777777777776
22.308,15.83,-2.13,3.922222222222222
22.328,15.76,-2.55,3.887777777777778
22.348,15.06,-3.65,3.86
22.368,14.55,-4.34,3.8222222222222224
22.388,13.78,-4.94,3.77
22.408,13.29,-5.24,3.7177777777777776
22.428,12.43,-5.56,3.6622222222222223
22.448,11.69,-6.2,3.6
22.468,10.72,-6.59,3.5322222222222224
22.488,10.36,-6.78,3.4633333333333334
22.508,9.38,-6.82,3.388888888888889
22.528,8.69,-7.15,3.3144444444444443
22.548,7.37,-7.48,3.2288888888888887
22.568,6.15,-7.72,3.121111111111111
22.588,5.82,-7.69,3.066666666666667
22.608,5.39,-7.68,2.9844444444444442
22.628,4.46,-7.68,2.9
22.648,3.55,-8.02,2.811111111111111
22.668,2.46,-7.7,2.7288888888888887
22.688,1.87,-8.05,2.6444444444444444
22.708,1.37,-8.72,2.561111111111111
22.728,2.29,-12.02,2.46
22.748,-0.21,-7.18,2.3666666666666667
22.768,-0.82,-7.85,2.301111111111111
22.788,-1.17,-7.35,2.22
22.808,-1.88,-7.56,2.1366666666666667
22.828,-2.06,-6.98,2.0555555555555554
22.848,-2.67,-7.49,1.9777777777777779
22.868,-3.46,-6.02,1.93
22.888,-3.62,-7.03,1.8244444444444445
22.908,-3.99,-6.43,1.7444444444444445
22.928,-4.6,-6.45,1.6722222222222223
22.948,-4.85,-6.05,1.6
22.968,-5.26,-6.12,1.5322222222222222
22.988,-5.49,-5.66,1.4622222222222223
23.008,-5.83,-5.87,1.4
23.028,-6.01,-5.41,1.3255555555555556
23.048,-6.16,-5.58,1.2633333333333334
23.068,-6.59,-5.01,1.1966666666666668
23.088,-6.86,-5.02,1.1377777777777778
23.108,-6.97,-4.9,1.0744444444444445
23.128,-7.25,-4.91,1.0166666666666666
23.148,-7.4,-4.53,0.96
23.168,-7.55,-4.66,0.9055555555555556
23.188,-7.58,-4.34,0.8522222222222222
23.208,-7.84,-4.31,0.8011111111111111
23.228,-7.8,-4.19,0.7488888888888889
23.248,-7.95,-4.18,0.7011111111111111
23.268,-8.05,-3.96,0.6511111111111111
23.288,-8.09,-3.98,0.6055555555555555
23.308,-8.12,-3.88,0.5566666666666666
23.328,-8.25,-3.79,0.51
23.348,-8.29,-3.71,0.46444444444444444
23.368,-8.41,-3.6,0.4211111111111111
23.388,-8.42,-3.53,0.38
23.408,-8.4,-3.65,0.33666666666666667
23.428,-8.47,-3.52,0.29444444444444445
23.448,-8.58,-3.37,0.2511111111111111
23.468,-8.57,-3.42,0.21
23.488,-8.6,-3.39,0.16777777777777778
23.508,-8.65,-3.44,0.1288888888888889
23.528,-8.6,-3.42,0.08555555555555555
23.548,-8.69,-3.38,0.044444444444444446
23.568,-8.71,-3.18,0.0044444444444444444
23.588,-8.61,-3.46,-0.03222222222222222
23.608,-8.61,-3.48,-0.07222222222222222
23.628,-8.62,-3.51,-0.11222222222222222
23.648,-8.49,-3.42,-0.15555555555555556
23.668,-8.6,-3.52,-0.19666666666666666
23.688,-8.63,-3.27,-0.24
23.708,-8.4,-3.55,-0.28444444444444444
23.728,-8.52,-3.24,-0.33
23.748,-8.31,-3.85,-0.38
23.768,-8.32,-3.49,-0.43444444444444447
23.788,-8.26,-3.54,-0.49
23.808,-8.11,-3.53,-0.5466666666666666
23.828,-8.04,-4.01,-0.6088888888888889
23.848,-7.97,-3.64,-0.6722222222222223
23.868,-7.98,-3.86,-0.7366666666666667
23.888,-7.83,-3.84,-0.8011111111111111
23.908,-7.73,-3.85,-0.8733333333333333
23.928,-7.49,-4.28,-0.9422222222222222
23.948,-7.25,-4.23,-1.02
23.968,-7.2,-4.37,-1.09
23.988,-6.94,-4.19,-1.17
24.008,-6.61,-4.61,-1.2444444444444445
24.028,-6.18,-4.98,-1.3233333333333333
24.048,-5.81,-5.14,-1.4066666666666667
24.068,-5.84,-5.01,-1.4844444444444445
24.088,-5.38,-5.38,-1.56
24.108,-4.96,-5.58,-1.6455555555555557
24.128,-4.6,-5.9,-1.7266666666666666
24.148,-4.19,-6.02,-1.8066666666666666
24.168,-3.27,-6.62,-1.8933333333333333
24.188,-2.98,-6.73,-1.9766666666666666
24.208,-2.7,-6.68,-2.0544444444444445
24.228,-2.28,-6.91,-2.137777777777778
24.248,-0.58,-7.65,-2.267777777777778
24.268,-1.14,-7.31,-2.298888888888889
24.288,-0.19,-7.4,-2.3944444444444444
24.308,0.11,-7.16,-2.488888888888889
24.328,1.33,-7.73,-2.582222222222222
24.348,1.69,-7.43,-2.6766666666666667
24.368,2.52,-7.74,-2.772222222222222
24.388,3.13,-7.72,-2.8644444444444446
24.408,4.37,-7.57,-2.96
24.428,5.06,-7.86,-3.048888888888889
24.448,6.18,-7.73,-3.1333333333333333
24.468,6.71,-7.79,-3.22
24.488,7.64,-7.59,-3.301111111111111
24.508,8.47,-7.56,-3.378888888888889
24.528,9.69,-7.04,-3.457777777777778
24.548,10.29,-7.02,-3.5277777777777777
24.568,11.31,-6.63,-3.5922222222222224
24.588,11.99,-6.37,-3.66
24.608,12.87,-5.89,-3.718888888888889
24.628,13.74,-4.36,-3.698888888888889
24.648,14.26,-5.05,-3.831111111111111
24.668,14.68,-4.52,-3.88
24.688,15.42,-3.79,-3.922222222222222
24.708,15.89,-3.18,-3.9544444444444444
24.728,16.22,-2.65,-3.977777777777778
24.748,16.61,-2.12,-4.001111111111111
24.768,16.78,-1.43,-4.018888888888889
24.788,16.91,-0.8,-4.027777777777778
24.808,16.85,0.02,-4.026666666666666
24.828,16.79,0.71,-4.018888888888889
24.848,16.81,1.48,-4.012222222222222
24.868,16.46,1.93,-3.99
24.888,15.85,3.0,-3.9611111111111112
24.908,15.65,3.52,-3.9244444444444446
24.928,14.83,4.08,-3.882222222222222
24.948,14.45,4.57,-3.8366666666666664
24.968,13.66,5.14,-3.7844444444444445
24.988,13.13,5.45,-3.7255555555555557
25.008,12.21,5.97,-3.67
25.028,11.59,6.25,-3.6155555555555554
25.048,10.64,6.48,-3.5211111111111113
25.068,10.02,6.93,-3.45
25.088,8.99,7.06,-3.3766666666666665
25.108,8.37,7.27,-3.296666666666667
25.128,7.34,7.46,-3.232222222222222
25.148,6.73,7.64,-3.1355555555555554
25.168,5.73,7.63,-3.042222222222222
25.188,5.09,7.69,-2.957777777777778
25.208,4.2,7.76,-2.8744444444444444
25.228,3.57,7.75,-2.7866666666666666
25.248,2.73,7.8,-2.7
25.268,2.13,7.71,-2.6155555555555554
25.288,1.36,7.64,-2.5322222222222224
25.308,0.74,7.62,-2.4455555555555555
25.328,-0.17,7.75,-2.3644444444444446
25.348,-0.01,6.96,-2.296666666666667
25.368,-2.32,6.82,-2.2055555555555557
25.388,-4.52,6.59,-2.1233333333333335
25.408,-2.77,6.83,-2.057777777777778
25.428,-2.68,7.48,-1.9855555555555555
25.448,-2.62,6.57,-1.9088888888888889
25.468,-3.22,6.84,-1.8344444444444445
25.488,-3.76,6.35,-1.7622222222222221
25.508,-4.75,6.35,-1.6922222222222223
25.528,-5.94,5.36,-1.6277777777777778
25.548,-5.8,4.96,-1.5711111111111111
25.568,-5.57,5.92,-1.5144444444444445
25.588,-5.41,5.29,-1.45
25.608,-6.0,5.46,-1.3911111111111112
25.628,-5.99,5.03,-1.3355555555555556
25.648,-6.39,5.13,-1.2766666666666666
25.668,-6.63,4.73,-1.221111111111111
25.688,-7.37,4.44,-1.17
25.708,-7.7,3.42,-1.1222222222222222
25.728,-7.67,4.0,-1.0844444444444445
25.748,-7.3,4.16,-1.041111111111111
25.768,-7.5,3.89,-0.9911111111111112
25.788,-7.72,4.07,-0.95
25.808,-8.15,3.53,-0.9055555555555556
25.828,-8.52,3.01,-0.8633333333333333
25.848,-8.65,2.96,-0.8255555555555556
25.868,-8.19,3.34,-0.8
25.888,-8.14,3.28,-0.7655555555555555
25.908,-8.25,3.37,-0.7266666666666667
25.928,-8.25,2.95,-0.69
25.948,-8.67,2.78,-0.6555555555555556
25.968,-8.79,2.05,-0.6233333333333333
25.988,-8.75,2.51,-0.6011111111111112
26.008,-8.69,2.65,-0.5744444444444444
26.028,-8.71,2.56,-0.5444444444444444
26.048,-8.89,2.03,-0.5188888888888888
26.068,-9.06,2.09,-0.49333333333333335
26.088,-8.92,2.18,-0.4677777777777778
26.108,-8.99,2.1,-0.44666666666666666
26.128,-9.18,1.97,-0.42444444444444446
26.148,-9.15,1.68,-0.4
26.168,-9.14,1.81,-0.3788888888888889
26.188,-9.16,1.63,-0.3477777777777778
26.208,-9.05,1.64,-0.31
26.228,-9.27,1.55,-0.2777777777777778
26.248,-9.2,1.31,-0.24888888888888888
26.268,-9.22,1.32,-0.22444444444444445
26.288,-9.23,1.51,-0.2
26.308,-9.07,1.48,-0.17444444444444446
26.328,-9.17,1.4,-0.15
26.348,-9.2,1.41,-0.1288888888888889
26.368,-9.2,1.24,-0.10555555555555556
26.388,-9.22,1.36,-0.08666666666666667
26.408,-9.25,1.48,-0.06555555555555556
26.428,-9.19,1.4,-0.044444444444444446
26.448,-9.28,1.47,-0.021111111111111112
26.468,-9.26,1.43,-0.0022222222222222222
26.488,-9.25,1.42,0.012222222222222223
26.508,-9.32,1.53,0.03
26.528,-9.35,1.55,0.044444444444444446
26.548,-9.28,1.53,0.058888888888888886
26.568,-9.3,1.62,0.07
26.588,-9.27,1.61,0.08666666666666667
26.608,-9.26,1.59,0.09777777777777778
26.628,-9.3,1.63,0.10888888888888888
26.648,-9.25,1.56,0.12222222222222222
26.668,-9.24,1.6,0.13333333333333333
26.688,-9.18,1.74,0.14666666666666667
26.708,-9.11,1.76,0.16111111111111112
26.728,-9.12,1.72,0.18
26.748,-9.11,1.7,0.19333333333333333
26.768,-9.16,1.76,0.2088888888888889
26.788,-9.14,1.86,0.22444444444444445
26.808,-9.09,1.94,0.24333333333333335
26.828,-9.08,1.93,0.2588888888888889
26.848,-9.11,1.94,0.28
26.868,-9.08,1.93,0.29888888888888887
26.888,-9.07,2.04,0.31777777777777777
26.908,-9.06,2.09,0.34
26.928,-9.07,2.14,0.35777777777777775
26.948,-9.03,2.22,0.3811111111111111
26.968,-8.98,2.28,0.4011111111111111
26.988,-8.96,2.36,0.4255555555555556
27.008,-8.88,2.41,0.44555555555555554
27.028,-8.83,2.48,0.47333333333333333
27.048,-8.78,2.55,0.4955555555555556
27.068,-8.68,2.67,0.5222222222222223
27.088,-8.62,2.75,0.5477777777777778
27.108,-8.6,2.87,0.5733333333333334
27.128,-8.48,2.89,0.6011111111111112
27.148,-8.46,3.03,0.63
27.168,-8.33,3.12,0.6588888888888889
27.188,-8.28,3.28,0.69
27.208,-8.19,3.36,0.7222222222222222
27.228,-8.17,3.44,0.7566666666666667
27.248,-8.1,3.55,0.79
27.268,-7.97,3.69,0.8255555555555556
27.288,-7.87,3.81,0.8622222222222222
27.308,-7.75,3.89,0.9055555555555556
27.328,-7.65,4.1,0.9444444444444444
27.348,-7.58,4.16,0.9877777777777778
27.368,-7.43,4.24,1.0344444444444445
27.388,-7.27,4.3,1.0833333333333333
27.408,-6.97,4.44,1.1355555555555557
27.428,-6.53,4.93,1.19
27.448,-6.31,4.79,1.25
27.468,-6.36,4.79,1.3144444444444445
27.488,-6.12,4.56,1.38
27.508,-5.6,5.41,1.45
27.528,-5.27,5.34,1.5277777777777777
27.548,-5.17,5.29,1.6022222222222222
27.568,-4.82,5.34,1.68
27.588,-4.17,5.85,1.758888888888889
27.608,-3.58,6.13,1.8477777777777777
27.628,-3.27,6.16,1.9355555555555555
27.648,-2.97,6.21,2.026666666666667
27.668,-2.17,6.56,2.1077777777777778
27.688,-1.37,6.74,2.2066666666666666
27.708,-0.5,6.95,2.3055555555555554
27.728,-0.22,6.86,2.402222222222222
27.748,0.2,7.37,2.497777777777778
27.768,0.96,7.02,2.597777777777778
27.788,1.95,7.58,2.6911111111111112
27.808,2.62,7.37,2.79
27.828,3.61,7.49,2.8866666666666667
27.848,4.14,7.38,2.982222222222222
27.868,5.19,7.57,3.0722222222222224
27.888,6.17,7.65,3.1655555555555557
27.908,7.2,7.66,3.2511111111111113
27.928,8.05,7.46,3.3377777777777777
27.948,9.07,7.25,3.4155555555555557
27.968,9.54,7.29,3.49
27.988,10.49,6.69,3.5722222222222224
28.008,11.11,6.6,3.6666666666666665
28.028,12.16,6.43,3.71
28.048,12.82,5.97,3.7744444444444443
28.068,13.82,5.09,3.831111111111111
28.088,14.48,5.12,3.888888888888889
28.108,15.06,4.15,3.9344444444444444
28.128,15.45,3.8,3.9833333333333334
28.148,16.73,2.51,4.024444444444445
28.168,16.47,2.74,4.041111111111111
28.188,16.88,1.51,4.066666666666666
28.208,17.13,1.09,4.08
28.228,16.99,0.17,4.085555555555556
28.248,17.16,-0.35,4.0777777777777775
28.268,16.98,-1.18,4.07
28.288,16.8,-1.45,4.06
28.308,16.61,-2.29,4.033333333333333
28.328,17.31,-2.36,4.01
28.348,16.08,-0.85,3.997777777777778
28.368,16.38,-4.43,3.977777777777778
28.388,14.22,-6.1,3.9233333333333333
28.408,13.31,-5.25,3.8566666666666665
28.428,13.59,-5.36,3.7911111111111113
28.448,13.1,-4.33,3.7355555555555555
28.468,12.04,-6.25,3.6755555555555555
28.488,10.86,-7.13,3.6044444444444443
28.508,9.46,-6.95,3.5255555555555556
28.528,9.46,-7.08,3.451111111111111
28.548,7.82,-7.62,3.3733333333333335
28.568,5.87,-7.76,3.232222222222222
28.588,5.68,-8.03,3.2066666666666666
28.608,5.09,-7.76,3.121111111111111
28.628,5.3,-7.98,3.03
28.648,4.79,-7.41,2.9455555555555555
28.668,2.33,-7.93,2.8644444444444446
28.688,1.8,-7.92,2.7755555555555556
28.708,0.97,-7.73,2.6866666666666665
28.728,1.12,-7.66,2.6066666666666665
28.748,-0.28,-5.05,2.5388888888888888
28.768,-1.01,-6.55,2.4644444444444447
28.788,-2.25,-7.5,2.3644444444444446
28.808,-2.16,-6.74,2.2822222222222224
28.828,-2.56,-6.95,2.212222222222222
28.848,-2.89,-6.75,2.1344444444444446
28.868,-3.86,-6.24,2.0855555555555556
28.888,-4.1,-6.35,1.9722222222222223
28.908,-4.61,-6.26,1.9033333333333333
28.928,-4.56,-6.02,1.8344444444444445
28.948,-5.33,-5.87,1.7644444444444445
28.968,-5.55,-5.3,1.6966666666666668
28.988,-5.83,-5.69,1.6311111111111112
29.008,-5.93,-5.09,1.5711111111111111
29.028,-6.41,-5.15,1.51
29.048,-6.37,-5.04,1.4522222222222223
29.068,-6.96,-4.66,1.3977777777777778
29.088,-7.11,-4.26,1.3422222222222222
29.108,-7.37,-4.32,1.2933333333333332
29.128,-7.33,-4.26,1.2433333333333334
29.148,-7.55,-4.19,1.1944444444444444
29.168,-7.66,-3.94,1.1477777777777778
29.188,-8.02,-3.46,1.1033333333333333
29.208,-8.13,-3.17,1.0644444444444445
29.228,-8.21,-3.28,1.0244444444444445
29.248,-8.22,-3.15,0.9855555555555555
29.268,-8.44,-3.06,0.9488888888888889
29.288,-8.46,-2.87,0.9122222222222223
29.308,-8.64,-2.71,0.8777777777777778
29.328,-8.72,-2.55,0.8422222222222222
29.348,-8.87,-2.49,0.8122222222222222
29.368,-8.88,-2.33,0.7811111111111111
29.388,-8.97,-2.22,0.7522222222222222
29.408,-9.0,-2.02,0.7233333333333334
29.428,-9.05,-1.94,0.6977777777777778
29.448,-9.08,-1.87,0.6722222222222223
29.468,-9.08,-1.6,0.6455555555555555
29.488,-9.12,-1.48,0.6233333333333333
29.508,-9.14,-1.42,0.6022222222222222
29.528,-9.12,-1.47,0.58
29.548,-9.18,-1.45,0.5622222222222222
29.568,-9.2,-1.34,0.5422222222222223
29.588,-9.28,-1.07,0.5211111111111111
29.608,-9.32,-0.95,0.5055555555555555
29.628,-9.33,-1.02,0.49
29.648,-9.36,-1.0,0.4766666666666667
29.668,-9.4,-0.82,0.46
29.688,-9.42,-0.71,0.44555555555555554
29.708,-9.46,-0.63,0.43222222222222223
29.728,-9.43,-0.62,0.4222222222222222
29.748,-9.45,-0.5,0.41
29.768,-9.49,-0.42,0.4011111111111111
29.788,-9.37,-0.45,0.39111111111111113
29.808,-9.46,-0.32,0.3811111111111111
29.828,-9.42,-0.41,0.37222222222222223
29.848,-9.37,-0.44,0.36333333333333334
29.868,-9.48,-0.09,0.3566666666666667
29.888,-9.37,-0.14,0.35
29.908,-9.39,-0.1,0.3433333333333333
29.928,-9.35,0.36,0.3388888888888889
29.948,-9.4,-0.14,0.33555555555555555
29.968,-9.33,-0.13,0.3288888888888889
29.988,-9.43,0.28,0.32666666666666666
30.008,-9.42,0.26,0.32
30.028,-9.34,0.47,0.31333333333333335
30.048,-9.44,1.03,0.3088888888888889
30.068,-9.41,0.59,0.3055555555555556
30.088,-9.6,0.22,0.29888888888888887
30.108,-9.39,0.35,0.2877777777777778
30.128,-9.55,0.72,0.2788888888888889
30.148,-9.44,0.45,0.27
30.168,-9.57,0.77,0.25666666666666665
30.188,-9.41,1.07,0.24444444444444444
30.208,-9.21,1.44,0.23444444444444446
30.228,-9.36,0.57,0.22666666666666666
30.248,-9.42,0.58,0.21
30.268,-9.37,1.42,0.19666666666666666
30.288,-9.12,1.29,0.18777777777777777
30.308,-9.31,1.02,0.17333333333333334
30.328,-9.42,1.35,0.1622222222222222
30.348,-9.46,1.32,0.14777777777777779
30.368,-9.31,1.29,0.14
30.388,-9.4,1.34,0.1288888888888889
30.408,-9.42,1.07,0.12
30.428,-9.41,1.32,0.10333333333333333
30.448,-9.46,1.48,0.09555555555555556
30.468,-9.5,1.38,0.08666666666666667
30.488,-9.36,1.03,0.07888888888888888
30.508,-9.35,1.22,0.06777777777777778
30.528,-9.4,1.45,0.06222222222222222
30.548,-9.32,1.33,0.058888888888888886
30.568,-9.39,1.26,0.058888888888888886
30.588,-9.28,1.09,0.05555555555555555
30.608,-9.36,1.32,0.05444444444444444
30.628,-9.21,1.42,0.052222222222222225
30.648,-9.37,1.2,0.052222222222222225
30.668,-9.35,1.13,0.04888888888888889
30.688,-9.32,1.64,0.042222222222222223
30.708,-9.38,1.32,0.03777777777777778
30.728,-9.29,1.59,0.03111111111111111
30.748,-9.37,1.5,0.027777777777777776
30.768,-9.39,1.04,0.024444444444444446
30.788,-9.37,1.42,0.015555555555555555
30.808,-9.41,1.46,0.014444444444444444
30.828,-9.33,1.67,0.0077777777777777776
30.848,-9.36,1.27,0.006666666666666667
30.868,-9.41,1.44,0.0
30.888,-9.4,1.4,-0.0011111111111111111
30.908,-9.43,1.5,-0.008888888888888889
30.928,-9.39,1.37,-0.01
30.948,-9.38,1.27,-0.014444444444444444
30.968,-9.34,1.34,-0.02
30.988,-9.29,1.49,-0.023333333333333334
31.008,-9.35,1.38,-0.02666666666666667
31.028,-9.3,1.2,-0.03
31.048,-9.31,1.27,-0.034444444444444444
31.068,-9.33,1.51,-0.03777777777777778
31.088,-9.33,1.29,-0.04
31.108,-9.37,1.37,-0.04
31.128,-9.37,1.22,-0.04666666666666667
31.148,-9.38,1.27,-0.05
31.168,-9.4,1.41,-0.052222222222222225
31.188,-9.45,1.28,-0.05333333333333334
31.208,-9.43,1.2,-0.058888888888888886
31.228,-9.4,1.26,-0.06222222222222222
31.248,-9.41,1.23,-0.06333333333333334
31.268,-9.4,1.38,-0.06333333333333334
31.288,-9.34,0.99,-0.06555555555555556
31.308,-9.39,1.19,-0.07
31.328,-9.37,1.24,-0.07222222222222222
31.348,-9.37,1.28,-0.07111111111111111
31.368,-9.37,1.12,-0.07444444444444444
31.388,-9.35,1.08,-0.07777777777777778
31.408,-9.38,1.1,-0.08
31.428,-9.38,1.13,-0.08333333333333333
31.448,-9.37,1.2,-0.08555555555555555
31.468,-9.37,1.01,-0.08777777777777777
31.488,-9.41,0.93,-0.09
31.508,-9.43,1.12,-0.09222222222222222
31.528,-9.39,0.97,-0.09555555555555556
31.548,-9.43,0.91,-0.09888888888888889
31.568,-9.45,0.97,-0.10555555555555556
31.588,-9.4,0.96,-0.10777777777777778
31.608,-9.39,1.03,-0.11
31.628,-9.46,0.85,-0.11
31.648,-9.43,0.82,-0.11777777777777777
31.668,-9.46,0.82,-0.11888888888888889
31.688,-9.44,0.89,-0.12555555555555556
31.708,-9.41,0.86,-0.12666666666666668
31.728,-9.41,0.81,-0.1322222222222222
31.748,-9.41,0.77,-0.13555555555555557
31.768,-9.4,0.83,-0.14
31.788,-9.45,0.74,-0.14333333333333334
31.808,-9.44,0.59,-0.15
31.828,-9.44,0.63,-0.15777777777777777
31.848,-9.42,0.68,-0.16
31.868,-9.42,0.68,-0.16444444444444445
31.888,-9.47,0.58,-0.1711111111111111
31.908,-9.44,0.51,-0.18
31.928,-9.5,0.47,-0.18666666666666668
31.948,-9.47,0.44,-0.19111111111111112
31.968,-9.44,0.46,-0.1988888888888889
31.988,-9.48,0.57,-0.20444444444444446
32.008,-9.45,0.35,-0.21
32.028,-9.45,0.34,-0.22
32.048,-9.49,0.3,-0.22666666666666666
32.068,-9.46,0.19,-0.2311111111111111
32.088,-9.43,0.24,-0.24
32.108,-9.44,0.18,-0.24888888888888888
32.128,-9.44,0.11,-0.25555555555555554
32.148,-9.46,0.0,-0.26555555555555554
32.168,-9.42,0.0,-0.27444444444444444
32.188,-9.46,-0.08,-0.2833333333333333
32.208,-9.46,-0.02,-0.29333333333333333
32.228,-9.44,-0.15,-0.3055555555555556
32.248,-9.43,-0.16,-0.31333333333333335
32.268,-9.46,-0.3,-0.3277777777777778
32.288,-9.44,-0.25,-0.3388888888888889
32.308,-9.44,-0.41,-0.35
32.328,-9.4,-0.48,-0.36444444444444446
32.348,-9.42,-0.56,-0.38
32.368,-9.39,-0.45,-0.3933333333333333
32.388,-9.41,-0.68,-0.4033333333333333
32.408,-9.35,-0.75,-0.41888888888888887
32.428,-9.42,-0.87,-0.43555555555555553
32.448,-9.35,-0.79,-0.45222222222222225
32.468,-9.35,-0.9,-0.4711111111111111
32.488,-9.33,-1.0,-0.48777777777777775
32.508,-9.28,-1.13,-0.5044444444444445
32.528,-9.29,-1.28,-0.5266666666666666
32.548,-9.24,-1.23,-0.5466666666666666
32.568,-9.21,-1.46,-0.5688888888888889
32.588,-9.15,-1.57,-0.5877777777777777
32.608,-9.15,-1.63,-0.6111111111111112
32.628,-9.08,-1.59,-0.6355555555555555
32.648,-9.06,-1.8,-0.6577777777777778
32.668,-9.01,-1.91,-0.6822222222222222
32.688,-8.94,-2.12,-0.7077777777777777
32.708,-8.93,-2.26,-0.7355555555555555
32.728,-8.84,-2.29,-0.7633333333333333
32.748,-8.82,-2.54,-0.7888888888888889
32.768,-8.68,-2.59,-0.8188888888888889
32.788,-8.75,-2.61,-0.85
32.808,-8.5,-2.88,-0.8788888888888889
32.828,-8.44,-3.1,-0.91
32.848,-8.31,-3.29,-0.9455555555555556
32.868,-8.19,-3.41,-0.98
32.888,-8.14,-3.41,-1.02
32.908,-8.07,-3.53,-1.0555555555555556
32.928,-7.82,-3.86,-1.0955555555555556
32.948,-7.7,-4.01,-1.1366666666666667
32.968,-7.52,-4.19,-1.18
32.988,-7.26,-4.39,-1.2255555555555555
33.008,-7.1,-4.57,-1.2755555555555556
33.028,-6.89,-4.74,-1.3222222222222222
33.048,-6.65,-4.98,-1.3744444444444444
33.068,-6.47,-5.01,-1.4277777777777778
33.088,-6.13,-5.33,-1.48
33.108,-5.91,-5.49,-1.5366666666666666
33.128,-5.47,-5.75,-1.5944444444444446
33.148,-5.23,-5.85,-1.6544444444444444
33.168,-4.88,-6.06,-1.7133333333333334
33.188,-4.54,-6.2,-1.778888888888889
33.208,-4.03,-6.53,-1.84
33.228,-3.62,-6.68,-1.9088888888888889
33.248,-3.12,-6.9,-1.9766666666666666
33.268,-2.77,-6.98,-2.0477777777777777
33.288,-2.18,-7.1,-2.118888888888889
33.308,-1.95,-7.13,-2.1955555555555555
33.328,-0.51,-7.6,-2.33
33.348,-0.42,-7.64,-2.3422222222222224
33.368,0.21,-7.68,-2.422222222222222
33.388,0.75,-7.67,-2.5055555555555555
33.408,1.97,-7.95,-2.582222222222222
33.428,2.19,-7.96,-2.6644444444444444
33.448,3.25,-7.93,-2.75
33.468,3.77,-8.11,-2.828888888888889
33.488,4.9,-7.89,-2.911111111111111
33.508,5.47,-8.02,-2.9877777777777776
33.528,6.51,-7.69,-3.0722222222222224
33.548,7.1,-7.84,-3.1544444444444446
33.568,8.09,-7.45,-3.2311111111111113
33.588,8.83,-7.36,-3.31
33.608,9.86,-7.14,-3.382222222222222
33.628,10.49,-6.75,-3.451111111111111
33.648,11.48,-6.49,-3.52
33.668,12.05,-6.03,-3.5855555555555556
33.688,12.87,-5.89,-3.6466666666666665
33.708,13.81,-4.05,-3.6344444444444446
33.728,14.29,-4.68,-3.756666666666667
33.748,14.71,-4.05,-3.801111111111111
33.768,15.34,-3.47,-3.838888888888889
33.788,15.76,-2.96,-3.8733333333333335
33.808,16.08,-2.36,-3.9033333333333333
33.828,16.37,-1.82,-3.9244444444444446
33.848,16.55,-0.99,-3.9366666666666665
33.868,16.64,-0.55,-3.9444444444444446
33.888,16.66,0.61,-3.94
33.908,16.4,1.0,-3.9366666666666665
33.928,16.29,1.81,-3.9233333333333333
33.948,15.96,2.16,-3.9033333333333333
33.968,15.47,3.11,-3.8744444444444444
33.988,15.1,3.49,-3.84
34.008,14.42,4.16,-3.796666666666667
34.028,14.06,4.63,-3.752222222222222
34.048,13.29,5.14,-3.7022222222222223
34.068,12.76,5.48,-3.6466666666666665
34.088,11.95,5.94,-3.5833333333333335
34.108,11.25,6.16,-3.53
34.128,10.24,6.5,-3.4466666666666668
34.148,9.72,6.85,-3.3722222222222222
34.168,8.67,6.93,-3.2911111111111113
34.188,8.16,7.31,-3.2288888888888887
34.208,7.07,7.43,-3.161111111111111
34.228,6.55,7.62,-3.051111111111111
34.248,5.57,7.58,-2.9644444444444447
34.268,5.01,7.8,-2.88
34.288,4.1,7.72,-2.79
34.308,3.56,7.75,-2.71
34.328,2.67,7.73,-2.6222222222222222
34.348,2.11,7.74,-2.54
34.368,1.23,7.65,-2.453333333333333
34.388,0.6,7.54,-2.3666666666666667
34.408,-0.22,7.49,-2.283333333333333
34.428,-1.72,7.42,-2.2
34.448,-2.5,6.9,-2.1266666666666665
34.468,-2.23,8.64,-2.0733333333333333
34.488,-1.89,6.81,-1.971111111111111
34.508,-2.39,8.04,-1.8933333333333333
34.528,-2.67,6.63,-1.8144444444444445
34.548,-3.7,7.18,-1.741111111111111
34.568,-4.6,6.13,-1.6677777777777778
34.588,-5.21,5.65,-1.5977777777777777
34.608,-5.08,6.14,-1.5344444444444445
34.628,-4.69,6.24,-1.471111111111111
34.648,-5.05,5.74,-1.4044444444444444
34.668,-5.24,5.79,-1.3377777777777777
34.688,-5.58,5.69,-1.2744444444444445
34.708,-5.95,5.56,-1.21
34.728,-6.65,4.61,-1.15
34.748,-7.02,4.51,-1.0944444444444446
34.768,-6.77,4.74,-1.048888888888889
34.788,-6.66,5.17,-0.9944444444444445
34.808,-6.92,4.7,-0.9411111111111111
34.828,-7.3,4.62,-0.8877777777777778
34.848,-7.65,3.99,-0.8355555555555556
34.868,-7.91,4.09,-0.7888888888888889
34.888,-7.73,4.05,-0.7444444444444445
34.908,-7.69,4.32,-0.7
34.928,-7.7,4.05,-0.6511111111111111
34.948,-7.79,4.18,-0.6077777777777778
34.968,-7.93,3.81,-0.5611111111111111
34.988,-8.16,3.7,-0.5177777777777778
35.008,-8.24,3.37,-0.47444444444444445
35.028,-8.25,3.57,-0.43666666666666665
35.048,-8.12,3.69,-0.4
35.068,-8.1,3.66,-0.36
35.088,-8.23,3.54,-0.3211111111111111
35.108,-8.4,3.34,-0.28
35.128,-8.46,3.19,-0.24555555555555555
35.148,-8.49,3.3,-0.21
35.168,-8.49,3.3,-0.17222222222222222
35.188,-8.46,3.39,-0.14
35.208,-8.47,3.4,-0.1
35.228,-8.47,3.38,-0.06111111111111111
35.248,-8.47,3.33,-0.025555555555555557
35.268,-8.56,3.29,0.01
35.288,-8.56,3.21,0.042222222222222223
35.308,-8.46,3.34,0.08
35.328,-8.44,3.47,0.11222222222222222
35.348,-8.38,3.41,0.14777777777777779
35.368,-8.39,3.43,0.18333333333333332
35.388,-8.41,3.37,0.21888888888888888
35.408,-8.43,3.35,0.25333333333333335
35.428,-8.35,3.45,0.29
35.448,-8.2,3.7,0.3244444444444444
35.468,-8.12,3.73,0.36
35.488,-8.11,3.74,0.3977777777777778
35.508,-8.14,3.76,0.4388888888888889
35.528,-8.09,3.74,0.47444444444444445
35.548,-7.99,3.93,0.5133333333333333
35.568,-7.88,4.02,0.5522222222222222
35.588,-7.79,4.16,0.5966666666666667
35.608,-7.81,4.05,0.6366666666666667
35.628,-7.7,4.74,0.68
35.648,-7.43,3.94,0.7266666666666667
35.668,-7.53,4.58,0.7688888888888888
35.688,-7.06,4.43,0.8177777777777778
35.708,-7.12,4.54,0.8688888888888889
35.728,-7.28,4.24,0.9233333333333333
35.748,-6.76,4.81,0.9755555555555555
35.768,-6.38,5.01,1.0333333333333334
35.788,-6.11,5.23,1.0911111111111111
35.808,-6.04,5.24,1.1588888888888889
35.828,-5.86,5.17,1.2255555555555555
35.848,-5.63,5.31,1.2922222222222222
35.868,-5.19,5.74,1.36
35.888,-4.9,5.58,1.4377777777777778
35.908,-4.5,5.93,1.511111111111111
35.928,-4.2,6.02,1.59
35.948,-3.76,6.07,1.6677777777777778
35.968,-3.23,6.45,1.748888888888889
35.988,-2.83,6.64,1.8344444444444445
36.008,-2.67,6.45,1.92
36.028,-1.96,7.03,2.002222222222222
36.048,-1.38,7.0,2.0866666666666664
36.068,-0.7,7.26,2.1733333333333333
36.088,-0.26,7.54,2.252222222222222
36.108,0.23,7.55,2.3366666666666664
36.128,1.08,7.48,2.4144444444444444
36.148,2.11,8.18,2.4955555555555557
36.168,2.52,7.54,2.58
36.188,2.82,7.52,2.66
36.208,3.38,7.87,2.74
36.228,4.79,7.55,2.8266666666666667
36.248,5.59,7.67,2.9033333333333333
36.268,6.39,7.71,2.986666666666667
36.288,7.16,7.48,3.0644444444444443
36.308,8.16,7.38,3.1466666666666665
36.328,8.73,7.4,3.218888888888889
36.348,9.72,6.9,3.298888888888889
36.368,10.25,6.7,3.37
36.388,11.35,6.54,3.4655555555555555
36.408,11.77,6.03,3.508888888888889
36.428,12.61,5.53,3.5733333333333333
36.448,13.6,5.07,3.632222222222222
36.468,14.04,4.55,3.68
36.488,14.47,4.08,3.73
36.508,14.93,3.56,3.7711111111111113
36.528,15.67,2.55,3.8177777777777777
36.548,15.94,1.98,3.832222222222222
36.568,16.08,1.83,3.8555555555555556
36.588,16.53,0.68,3.8733333333333335
36.608,16.39,0.42,3.8777777777777778
36.628,16.54,-0.66,3.8733333333333335
36.648,16.2,-0.76,3.8733333333333335
36.668,16.99,-1.66,3.8544444444444443
36.688,15.85,0.95,3.85
36.708,15.84,-2.72,3.8366666666666664
36.728,15.47,-4.28,3.821111111111111
36.748,13.82,-4.6,3.758888888888889
36.768,14.2,-5.34,3.7333333333333334
36.788,13.94,-3.69,3.652222222222222
36.808,13.18,-4.89,3.63
36.828,12.04,-6.04,3.5455555555555556
36.848,11.16,-6.49,3.511111111111111
36.868,10.32,-6.45,3.401111111111111
36.888,10.07,-6.42,3.37
36.908,8.7,-7.17,3.2533333333333334
36.928,7.51,-7.38,3.2066666666666666
36.948,6.72,-7.72,3.082222222222222
36.968,6.74,-8.0,3.057777777777778
36.988,6.24,-7.15,2.9277777777777776
37.008,5.35,-7.68,2.888888888888889
37.028,3.73,-8.23,2.758888888888889
37.048,2.88,-8.05,2.716666666666667
37.068,2.73,-7.5,2.5922222222222224
37.088,2.76,-7.81,2.5566666666666666
37.108,1.52,-7.39,2.41
37.128,0.53,-7.72,2.3777777777777778
37.148,-0.37,-7.2,2.247777777777778
37.168,-0.83,-7.71,2.2066666666666666
37.188,-1.04,-7.55,2.082222222222222
37.208,-1.72,-7.42,2.0444444444444443
37.228,-2.57,-7.09,1.9244444444444444
37.248,-2.96,-7.05,1.8833333333333333
37.268,-3.55,-6.3,1.8266666666666667
37.288,-3.5,-6.54,1.728888888888889
37.308,-4.18,-6.58,1.6155555555555556
37.328,-4.4,-6.3,1.5766666666666667
37.348,-4.65,-6.42,1.4666666666666666
37.368,-4.87,-6.18,1.431111111111111
37.388,-5.24,-5.9,1.3266666666666667
37.408,-5.58,-5.9,1.2544444444444445
37.428,-6.0,-5.67,1.1866666666666668
37.448,-6.22,-5.4,1.1211111111111112
37.468,-6.34,-5.47,1.0566666666666666
37.488,-6.3,-5.65,0.9933333333333333
37.508,-6.6,-5.47,0.93
37.528,-6.85,-5.01,0.87
37.548,-7.12,-4.8,0.8144444444444444
37.568,-7.26,-4.91,0.7577777777777778
37.588,-7.26,-4.82,0.7011111111111111
37.608,-7.45,-4.72,0.6477777777777778
37.628,-7.51,-4.55,0.5922222222222222
37.648,-7.64,-4.69,0.5388888888888889
37.668,-7.72,-4.4,0.48444444444444446
37.688,-7.95,-4.47,0.43
37.708,-7.91,-4.26,0.3811111111111111
37.728,-8.01,-4.48,0.33
37.748,-8.0,-4.24,0.2788888888888889
37.768,-8.08,-4.36,0.23
37.788,-8.03,-4.24,0.17888888888888888
37.808,-8.12,-4.29,0.1288888888888889
37.828,-8.1,-4.04,0.0811111111111111
37.848,-8.16,-4.14,0.034444444444444444
37.868,-8.0,-4.2,-0.012222222222222223
37.888,-7.99,-4.34,-0.06
37.908,-7.94,-4.27,-0.10888888888888888
37.928,-7.99,-4.32,-0.15777777777777777
37.948,-7.98,-4.28,-0.20444444444444446
37.968,-7.99,-4.33,-0.25
37.988,-7.91,-4.38,-0.3011111111111111
38.008,-7.89,-4.55,-0.35
38.028,-7.84,-4.49,-0.3988888888888889
38.048,-7.84,-4.56,-0.4488888888888889
38.068,-7.74,-4.58,-0.49777777777777776
38.088,-7.7,-4.67,-0.55
38.108,-7.57,-4.71,-0.6
38.128,-7.52,-4.8,-0.6533333333333333
38.148,-7.34,-4.91,-0.7044444444444444
38.168,-7.24,-5.03,-0.76
38.188,-7.01,-5.13,-0.8133333333333334
38.208,-6.99,-5.08,-0.8722222222222222
38.228,-6.7,-5.37,-0.9277777777777778
38.248,-6.32,-5.63,-0.99
38.268,-6.26,-5.66,-1.051111111111111
38.288,-6.2,-5.6,-1.1144444444444443
38.308,-5.72,-6.03,-1.18
38.328,-5.72,-5.94,-1.2444444444444445
38.348,-5.65,-5.92,-1.31
38.368,-5.2,-6.01,-1.3844444444444444
38.388,-4.65,-6.46,-1.4555555555555555
38.408,-4.37,-6.51,-1.531111111111111
38.428,-4.06,-6.69,-1.6055555555555556
38.448,-3.82,-6.41,-1.6833333333333333
38.468,-2.84,-7.27,-1.761111111111111
38.488,-2.5,-7.11,-1.8422222222222222
38.508,-2.36,-7.24,-1.9222222222222223
38.528,-1.66,-6.98,-2.0155555555555558
38.548,0.02,-8.63,-2.148888888888889
38.568,-0.6,-7.27,-2.1844444444444444
38.588,0.02,-7.6,-2.2777777777777777
38.608,0.5,-7.59,-2.368888888888889
38.628,1.28,-7.77,-2.4544444444444444
38.648,2.29,-8.01,-2.542222222222222
38.668,3.0,-8.08,-2.6277777777777778
38.688,3.21,-7.64,-2.707777777777778
38.708,4.61,-7.95,-2.79
38.728,5.2,-7.94,-2.871111111111111
38.748,5.83,-7.63,-2.951111111111111
38.768,6.88,-7.76,-3.026666666666667
38.788,7.81,-7.35,-3.1077777777777778
38.808,8.37,-7.34,-3.1844444444444444
38.828,9.46,-6.96,-3.2533333333333334
38.848,9.85,-6.98,-3.3255555555555554
38.868,10.76,-6.52,-3.3922222222222222
38.888,11.5,-6.22,-3.451111111111111
38.908,12.21,-5.7,-3.51
38.928,12.78,-5.49,-3.5566666666666666
38.948,13.85,-4.51,-3.57
38.968,13.9,-4.64,-3.6633333333333336
38.988,14.52,-3.74,-3.7044444444444444
39.008,14.96,-3.56,-3.7377777777777776
39.028,15.4,-2.67,-3.7644444444444445
39.048,15.75,-2.35,-3.787777777777778
39.068,16.08,-1.36,-3.7977777777777777
39.088,16.13,-0.99,-3.8088888888888888
39.108,16.31,-0.26,-3.8033333333333332
39.128,16.31,0.33,-3.8
39.148,16.15,1.02,-3.7866666666666666
39.168,15.95,1.76,-3.772222222222222
39.188,15.53,2.4,-3.7444444444444445
39.208,15.03,2.93,-3.7133333333333334
39.228,14.64,3.29,-3.6755555555555555
39.248,14.24,3.96,-3.63
39.268,13.61,4.26,-3.581111111111111
39.288,13.21,4.9,-3.53
39.308,12.54,5.21,-3.4755555555555557
39.328,12.09,5.65,-3.41
39.348,10.91,6.23,-3.3366666666666664
39.368,10.3,6.39,-3.2655555555555558
39.388,9.36,6.78,-3.1955555555555555
39.408,8.73,7.02,-3.12
39.428,7.79,7.19,-3.0644444444444443
39.448,7.17,7.36,-2.957777777777778
39.468,6.52,7.52,-2.8722222222222222
39.488,5.64,7.6,-2.792222222222222
39.508,4.78,7.61,-2.7055555555555557
39.528,4.25,7.84,-2.6166666666666667
39.548,3.42,7.78,-2.533333333333333
39.568,2.95,7.67,-2.4455555555555555
39.588,2.02,7.69,-2.36
39.608,1.46,7.68,-2.276666666666667
39.628,-0.22,7.76,-2.19
39.648,-1.2,6.77,-2.1133333333333333
39.668,-0.43,8.2,-2.03
39.688,-0.4,7.43,-1.951111111111111
39.708,-1.19,7.0,-1.8655555555555556
39.728,-1.33,7.16,-1.7877777777777777
39.748,-2.29,7.09,-1.708888888888889
39.768,-2.86,7.03,-1.63
39.788,-3.7,6.47,-1.56
39.808,-4.09,6.52,-1.4833333333333334
39.828,-3.8,6.9,-1.4122222222222223
39.848,-4.01,6.3,-1.3377777777777777
39.868,-4.22,6.66,-1.2666666666666666
39.888,-4.4,6.22,-1.1977777777777778
39.908,-4.81,6.44,-1.1244444444444444
39.928,-5.61,5.51,-1.06
39.948,-6.01,5.5,-1.0
39.968,-5.74,5.46,-0.9377777777777778
39.988,-5.69,5.94,-0.8755555555555555
40.008,-5.73,5.76,-0.8111111111111111
40.028,-6.16,5.62,-0.75
40.048,-6.5,5.18,-0.69
40.068,-6.79,5.26,-0.6344444444444445
40.088,-6.76,5.11,-0.5777777777777777
40.108,-6.8,5.22,-0.5222222222222223
40.128,-6.83,5.25,-0.4633333333333333
40.148,-6.87,5.09,-0.4066666666666667
40.168,-6.99,5.11,-0.35
40.188,-7.08,4.9,-0.29777777777777775
40.208,-7.18,4.79,-0.2411111111111111
40.228,-7.31,4.76,-0.19
40.248,-7.24,4.82,-0.14
40.268,-7.07,5.01,-0.08444444444444445
40.288,-7.13,5.01,-0.03111111111111111
40.308,-7.24,4.88,0.02
40.328,-7.39,4.73,0.07
40.348,-7.31,4.8,0.11888888888888889
40.368,-7.17,4.9,0.17
40.388,-7.07,5.1,0.2222222222222222
40.408,-7.0,5.11,0.27555555555555555
40.428,-7.03,5.02,0.3277777777777778
40.448,-7.03,5.07,0.38
40.468,-7.01,5.01,0.43222222222222223
40.488,-6.84,5.2,0.4866666666666667
40.508,-6.72,5.29,0.5411111111111111
40.528,-6.61,5.3,0.5977777777777777
40.548,-6.55,5.39,0.65
40.568,-6.42,5.49,0.71
40.588,-6.32,5.52,0.7666666666666667
40.608,-6.17,5.62,0.8255555555555556
40.628,-5.98,5.67,0.8822222222222222
40.648,-5.7,5.86,0.9433333333333334
40.668,-5.48,6.01,1.0044444444444445
40.688,-5.23,6.12,1.0677777777777777
40.708,-5.08,6.18,1.1311111111111112
40.728,-4.79,6.32,1.1966666666666668
40.748,-4.56,6.43,1.2622222222222221
40.768,-4.15,6.61,1.3333333333333333
40.788,-3.83,6.67,1.3988888888888888
40.808,-3.5,6.84,1.47
40.828,-3.21,6.88,1.54
40.848,-2.85,7.02,1.61
40.868,-2.51,7.12,1.6855555555555555
40.888,-1.96,7.3,1.76
40.908,-1.53,7.41,1.8377777777777777
40.928,-1.0,7.44,1.9144444444444444
40.948,-0.58,7.52,1.9944444444444445
40.968,0.05,7.62,2.07
40.988,0.46,7.66,2.1533333333333333
41.008,1.21,7.81,2.236666666666667
41.028,1.74,7.71,2.316666666666667
41.048,2.45,7.88,2.402222222222222
41.068,2.83,7.86,2.4844444444444442
41.088,3.78,7.73,2.568888888888889
41.108,4.67,7.63,2.65
41.128,5.26,7.17,2.738888888888889
41.148,5.89,7.67,2.8266666666666667
41.168,6.85,7.1,2.911111111111111
41.188,7.64,7.38,2.9944444444444445
41.208,8.17,6.98,3.08
41.228,9.28,6.95,3.1655555555555557
41.248,10.14,6.3,3.2422222222222223
41.268,10.91,6.24,3.3544444444444443
41.288,12.01,5.16,3.3966666666666665
41.308,12.99,4.56,3.4588888888888887
41.328,13.01,5.04,3.5244444444444443
41.348,13.39,4.67,3.591111111111111
41.368,14.09,3.6,3.658888888888889
41.388,15.34,2.6,3.7066666666666666
41.408,15.32,2.93,3.756666666666667
41.428,15.85,1.94,3.7977777777777777
41.448,16.08,0.61,3.83
41.468,16.28,1.03,3.851111111111111
41.488,16.47,0.49,3.8755555555555556
41.508,16.54,-0.61,3.87
41.528,16.44,-2.16,3.867777777777778
41.548,16.25,-1.99,3.85
41.568,16.71,-1.64,3.8333333333333335
41.588,15.71,0.61,3.831111111111111
41.608,15.25,-3.3,3.8088888888888888
41.628,15.22,-4.14,3.767777777777778
41.648,13.59,-4.81,3.716666666666667
41.668,13.09,-5.68,3.652222222222222
41.688,13.52,-4.76,3.5944444444444446
41.708,12.48,-4.54,3.542222222222222
41.728,11.72,-6.48,3.477777777777778
41.748,10.98,-6.41,3.4044444444444446
41.768,9.57,-6.63,3.321111111111111
41.788,9.14,-6.94,3.26
41.808,8.53,-7.24,3.18
41.828,7.31,-6.91,3.037777777777778
41.848,6.11,-7.94,3.0166666666666666
41.868,6.29,-7.6,2.93
41.888,5.61,-7.71,2.847777777777778
41.908,4.77,-7.62,2.7666666666666666
41.928,3.04,-8.07,2.6777777777777776
41.948,2.04,-7.95,2.5955555555555554
41.968,1.73,-7.32,2.511111111111111
41.988,1.73,-5.71,2.437777777777778
42.008,1.12,-7.28,2.338888888888889
42.028,0.0,-7.99,2.2511111111111113
42.048,-0.64,-7.53,2.168888888888889
42.068,-1.27,-7.41,2.09
42.088,-1.47,-7.25,2.0055555555555555
42.108,-2.05,-7.44,1.9266666666666667
42.128,-2.42,-7.21,1.86
42.148,-2.91,-7.46,1.8244444444444445
42.168,-3.74,-6.88,1.6933333333333334
42.188,-4.17,-6.61,1.6166666666666667
42.208,-4.52,-6.53,1.5433333333333332
42.228,-4.88,-6.38,1.4733333333333334
42.248,-5.02,-6.3,1.4044444444444444
42.268,-5.12,-6.16,1.33
42.288,-5.57,-5.99,1.26
42.308,-5.93,-5.59,1.1933333333333334
42.328,-6.25,-5.56,1.1233333333333333
42.348,-6.45,-5.32,1.0622222222222222
42.368,-6.55,-5.49,1.0
42.388,-6.55,-5.46,0.94
42.408,-6.95,-5.11,0.8788888888888889
42.428,-7.06,-5.05,0.8211111111111111
42.448,-7.29,-4.92,0.7655555555555555
42.468,-7.4,-4.65,0.71
42.488,-7.47,-4.79,0.6577777777777778
42.508,-7.43,-4.8,0.6311111111111111
42.528,-7.66,-4.63,0.55
42.548,-7.71,-4.49,0.5222222222222223
42.568,-7.84,-4.45,0.44333333333333336
42.588,-7.92,-4.28,0.4177777777777778
42.608,-7.99,-4.32,0.3433333333333333
42.628,-7.99,-4.26,0.31777777777777777
42.648,-8.06,-4.25,0.24444444444444444
42.668,-7.98,-4.33,0.22
42.688,-8.09,-4.22,0.14444444444444443
42.708,-8.13,-4.14,0.09666666666666666
42.728,-8.15,-4.14,0.04888888888888889
42.748,-8.13,-4.11,0.0
42.768,-8.1,-4.22,-0.044444444444444446
42.788,-8.02,-4.33,-0.09111111111111111
42.808,-8.04,-4.28,-0.14
42.828,-8.07,-4.2,-0.18333333333333332
42.848,-8.04,-4.22,-0.2088888888888889
42.868,-8.02,-4.3,-0.25555555555555554
42.888,-7.94,-4.41,-0.3022222222222222
42.908,-7.89,-4.47,-0.35
42.928,-7.84,-4.48,-0.3977777777777778
42.948,-7.84,-4.52,-0.4488888888888889
42.968,-7.74,-4.59,-0.49777777777777776
42.988,-7.69,-4.64,-0.5466666666666666
43.008,-7.58,-4.73,-0.5966666666666667
43.028,-7.42,-4.87,-0.6477777777777778
43.048,-7.23,-4.99,-0.73
43.068,-7.12,-5.1,-0.7577777777777778
43.088,-6.96,-5.17,-0.84
43.108,-6.86,-5.23,-0.8655555555555555
43.128,-6.61,-5.4,-0.9511111111111111
43.148,-6.46,-5.51,-0.9811111111111112
43.168,-6.2,-5.67,-1.0722222222222222
43.188,-6.06,-5.82,-1.1
43.208,-5.77,-5.96,-1.1633333333333333
43.228,-5.6,-6.06,-1.2266666666666666
43.248,-5.3,-6.08,-1.288888888888889
43.268,-5.06,-6.38,-1.3577777777777778
43.288,-4.69,-6.4,-1.4233333333333333
43.308,-4.47,-6.62,-1.491111111111111
43.328,-3.92,-6.82,-1.5655555555555556
43.348,-3.65,-6.86,-1.6366666666666667
43.368,-3.17,-6.98,-1.708888888888889
43.388,-2.83,-7.18,-1.7877777777777777
43.408,-2.37,-7.21,-1.86
43.428,-1.85,-7.37,-1.9377777777777778
43.448,-1.31,-7.42,-2.017777777777778
43.468,-0.24,-7.74,-2.16
43.488,-0.27,-7.65,-2.172222222222222
43.508,-0.1,-7.67,-2.2577777777777777
43.528,1.59,-7.85,-2.3422222222222224
43.548,2.44,-8.03,-2.433333333333333
43.568,1.57,-7.67,-2.5166666666666666
43.588,2.92,-7.85,-2.6077777777777778
43.608,4.61,-7.37,-2.7
43.628,4.5,-7.68,-2.796666666666667
43.648,5.79,-7.18,-2.891111111111111
43.668,6.65,-7.36,-2.99
43.688,7.08,-7.38,-3.0877777777777777
43.708,8.3,-7.02,-3.18
43.728,9.88,-6.41,-3.2777777777777777
43.748,9.33,-6.73,-3.3666666666666667
43.768,10.79,-6.15,-3.453333333333333
43.788,11.88,-6.43,-3.52
43.808,12.1,-5.05,-3.5966666666666667
43.828,13.08,-5.8,-3.64
43.848,14.03,-3.78,-3.6155555555555554
43.868,13.95,-5.32,-3.752222222222222
43.888,15.01,-2.83,-3.8022222222222224
43.908,15.57,-3.18,-3.8255555555555554
43.928,15.96,-2.92,-3.861111111111111
43.948,16.13,-1.89,-3.887777777777778
43.968,16.25,-1.58,-3.9
43.988,16.6,-0.45,-3.917777777777778
44.008,16.47,0.4,-3.9044444444444446
44.028,16.46,0.46,-3.9066666666666667
44.048,16.23,1.31,-3.8944444444444444
44.068,16.26,1.95,-3.878888888888889
44.088,15.61,2.64,-3.8544444444444443
44.108,15.31,3.26,-3.818888888888889
44.128,14.78,3.82,-3.7866666666666666
44.148,14.28,4.29,-3.74
44.168,13.8,4.64,-3.69
44.188,13.03,5.24,-3.6422222222222222
44.208,12.52,5.56,-3.571111111111111
44.228,11.73,5.97,-3.5122222222222224
44.248,11.26,6.31,-3.4355555555555557
44.268,10.28,6.58,-3.37
44.288,9.71,6.86,-3.2933333333333334
44.308,8.72,7.2,-3.212222222222222
44.328,7.72,7.24,-3.1466666666666665
44.348,7.18,7.38,-3.06
44.368,6.11,7.6,-2.9655555555555555
44.388,5.62,7.58,-2.88
44.408,4.59,7.68,-2.8044444444444445
44.428,4.05,7.82,-2.7144444444444447
44.448,3.19,7.72,-2.6266666666666665
44.468,2.62,7.76,-2.54
44.488,1.79,7.75,-2.4544444444444444
44.508,1.23,7.63,-2.37
44.528,0.69,7.62,-2.2844444444444445
44.548,-0.16,7.51,-2.201111111111111
44.568,-0.95,7.45,-2.117777777777778
44.588,-3.98,5.61,-2.04
44.608,-2.21,6.07,-1.9777777777777779
44.628,-1.45,6.38,-1.89
44.648,-2.19,7.55,-1.8122222222222222
44.668,-2.48,6.43,-1.7355555555555555
44.688,-3.27,6.94,-1.6655555555555555
44.708,-3.84,6.25,-1.5877777777777777
44.728,-5.3,5.84,-1.521111111111111
44.748,-5.25,5.73,-1.458888888888889
44.768,-4.95,6.36,-1.3922222222222222
44.788,-5.12,5.92,-1.3233333333333333
44.808,-5.12,6.09,-1.2566666666666666
44.828,-5.53,5.76,-1.191111111111111
44.848,-5.8,5.69,-1.1288888888888888
44.868,-6.57,5.26,-1.0655555555555556
44.888,-6.81,4.39,-1.008888888888889
44.908,-7.17,4.86,-0.9622222222222222
44.928,-6.63,4.89,-0.91
44.948,-6.76,5.34,-0.8555555555555555
44.968,-6.82,4.79,-0.8
44.988,-7.3,4.86,-0.7477777777777778
45.008,-7.6,4.09,-0.6944444444444444
45.028,-8.04,4.04,-0.65
45.048,-7.72,4.04,-0.6044444444444445
45.068,-7.64,4.62,-0.5577777777777778
45.088,-7.41,4.17,-0.51
45.108,-7.57,4.52,-0.46
45.128,-7.56,4.18,-0.4122222222222222
45.148,-8.04,4.14,-0.36666666666666664
45.168,-8.28,3.05,-0.31666666666666665
45.188,-8.17,3.87,-0.28555555555555556
45.208,-7.92,4.02,-0.24555555555555555
45.228,-7.88,4.14,-0.20222222222222222
45.248,-7.99,3.91,-0.15777777777777777
45.268,-8.27,3.53,-0.11444444444444445
45.288,-8.23,3.53,-0.07666666666666666
45.308,-8.18,3.76,-0.034444444444444444
45.328,-8.19,3.82,0.0044444444444444444
45.348,-8.17,3.77,0.04555555555555556
45.368,-8.23,3.85,0.08666666666666667
45.388,-8.14,3.84,0.12666666666666668
45.408,-8.06,4.02,0.16555555555555557
45.428,-8.06,3.97,0.21
45.448,-8.07,3.89,0.25
45.468,-8.12,3.77,0.29
45.488,-8.07,3.92,0.3277777777777778
45.508,-7.77,4.16,0.37
45.528,-7.76,4.34,0.41333333333333333
45.548,-7.8,4.14,0.45555555555555555
45.568,-7.82,4.07,0.49777777777777776
45.588,-7.73,4.25,0.54
45.608,-7.5,4.42,0.5833333333333334
45.628,-7.3,4.68,0.6288888888888889
45.648,-7.26,4.71,0.68
45.668,-7.21,4.63,0.7266666666666667
45.688,-7.23,4.68,0.7744444444444445
45.708,-7.0,4.87,0.82
45.728,-7.04,4.82,0.8711111111111111
45.748,-6.71,4.89,0.9222222222222223
45.768,-6.5,5.37,0.9711111111111111
45.788,-5.91,5.44,1.03
45.808,-5.69,5.78,1.0866666666666667
45.828,-5.41,5.77,1.15
45.848,-5.13,6.02,1.2155555555555555
45.868,-5.26,5.88,1.288888888888889
45.888,-5.05,5.56,1.3588888888888888
45.908,-4.89,5.85,1.4366666666666668
45.928,-4.57,5.53,1.521111111111111
45.948,-3.98,5.93,1.6111111111111112
45.968,-3.18,6.15,1.69
45.988,-2.26,6.55,1.798888888888889
46.008,-1.82,7.05,1.89
46.028,-2.44,6.77,1.981111111111111
46.048,-2.5,6.09,2.066666666666667
46.068,-0.54,7.2,2.147777777777778
46.088,-0.44,6.9,2.221111111111111
46.108,0.78,7.89,2.301111111111111
46.128,1.43,7.1,2.381111111111111
46.148,1.28,8.21,2.457777777777778
46.168,2.18,7.79,2.54
46.188,3.02,7.37,2.62
46.208,3.51,8.23,2.6966666666666668
46.228,4.52,6.91,2.787777777777778
46.248,5.09,7.61,2.8644444444444446
46.268,6.2,7.86,2.9444444444444446
46.288,6.79,8.0,3.028888888888889
46.308,7.99,7.1,3.1066666666666665
46.328,8.53,7.29,3.1822222222222223
46.348,9.62,7.16,3.2577777777777777
46.368,10.15,6.3,3.34
46.388,11.11,6.53,3.4077777777777776
46.408,11.62,6.25,3.468888888888889
46.428,12.12,5.42,3.53
46.448,13.07,5.23,3.591111111111111
46.468,13.76,5.12,3.637777777777778
46.488,13.83,4.0,3.69
46.508,14.94,3.73,3.732222222222222
46.528,15.41,3.39,3.767777777777778
46.548,15.74,1.93,3.796666666666667
46.568,16.03,2.15,3.8144444444444443
46.588,16.37,1.18,3.8333333333333335
46.608,18.02,2.07,3.8266666666666667
46.628,18.32,0.25,3.8577777777777778
46.648,14.46,-0.23,3.778888888888889
46.668,14.95,0.49,3.8
46.688,15.05,-0.07,3.79
46.708,15.43,-1.7,3.78
46.728,15.48,-4.69,3.758888888888889
46.748,13.72,-4.1,3.7111111111111112
46.768,14.29,-5.79,3.6633333333333336
46.788,14.03,-3.91,3.6
46.808,12.98,-5.11,3.56
46.828,12.71,-5.83,3.5055555555555555
46.848,11.64,-6.29,3.4411111111111112
46.868,10.73,-6.19,3.3666666666666667
46.888,10.81,-6.27,3.3044444444444445
46.908,8.64,-6.69,3.238888888888889
46.928,8.49,-7.0,3.1666666666666665
46.948,7.26,-7.22,3.081111111111111
46.968,6.0,-8.01,2.928888888888889
46.988,6.57,-7.37,2.918888888888889
47.008,5.58,-7.7,2.8333333333333335
47.028,3.68,-7.5,2.7533333333333334
47.048,3.59,-8.36,2.6666666666666665
47.068,2.88,-7.08,2.578888888888889
47.088,2.81,-7.97,2.5077777777777777
47.108,2.51,-7.83,2.42
47.128,0.94,-7.82,2.32
47.148,-0.04,-7.43,2.2344444444444442
47.168,-0.26,-7.89,2.147777777777778
47.188,-0.74,-7.41,2.062222222222222
47.208,-1.24,-7.54,1.9855555555555555
47.228,-1.67,-7.5,1.9
47.248,-2.52,-7.36,1.8222222222222222
47.268,-2.96,-7.04,1.74
47.288,-3.34,-7.64,1.701111111111111
47.308,-3.69,-6.46,1.6077777777777778
47.328,-4.1,-6.9,1.511111111111111
47.348,-4.11,-6.63,1.4377777777777778
47.368,-4.5,-6.5,1.3633333333333333
47.388,-4.63,-6.29,1.2933333333333332
47.408,-5.15,-6.37,1.22
47.428,-5.46,-5.83,1.15
47.448,-5.78,-5.99,1.08
47.468,-5.85,-5.96,1.0133333333333334
47.488,-6.03,-5.86,0.9477777777777778
47.508,-6.3,-5.73,0.88
47.528,-6.47,-5.68,0.8177777777777778
47.548,-6.78,-5.32,0.7544444444444445
47.568,-6.97,-5.37,0.6955555555555556
47.588,-7.04,-5.09,0.6322222222222222
47.608,-7.19,-5.18,0.5755555555555556
47.628,-7.04,-5.21,0.5155555555555555
47.648,-7.15,-5.3,0.45444444444444443
47.668,-7.28,-4.97,0.3988888888888889
47.688,-7.4,-5.05,0.34
47.708,-7.39,-4.9,0.2833333333333333
47.728,-7.38,-5.06,0.22666666666666666
47.748,-7.35,-5.03,0.1711111111111111
47.768,-7.49,-4.96,0.11333333333333333
47.788,-7.51,-4.81,0.057777777777777775
47.808,-7.52,-4.95,0.0022222222222222222
47.828,-7.45,-4.95,-0.051111111111111114
47.848,-7.46,-5.02,-0.10777777777777778
47.868,-7.45,-4.91,-0.16111111111111112
47.888,-7.51,-4.94,-0.21444444444444444
47.908,-7.38,-5.0,-0.2688888888888889
47.928,-7.34,-5.15,-0.3233333333333333
47.948,-7.26,-5.14,-0.3788888888888889
47.968,-7.26,-5.22,-0.4311111111111111
47.988,-7.12,-5.14,-0.49
48.008,-7.05,-5.4,-0.5466666666666666
48.028,-6.84,-5.43,-0.6044444444444445
48.048,-6.74,-5.6,-0.6644444444444444
48.068,-6.76,-5.5,-0.7222222222222222
48.088,-6.66,-5.36,-0.7833333333333333
48.108,-6.33,-6.19,-0.8422222222222222
48.128,-5.56,-6.56,-0.9166666666666666
48.148,-6.34,-5.19,-0.9877777777777778
48.168,-6.4,-5.31,-1.0533333333333332
48.188,-5.42,-6.22,-1.12
48.208,-5.07,-6.38,-1.2
48.228,-5.15,-6.33,-1.2722222222222221
48.248,-4.33,-6.65,-1.3555555555555556
48.268,-4.68,-6.54,-1.4344444444444444
48.288,-4.22,-6.48,-1.51
48.308,-3.86,-6.82,-1.5833333333333333
48.328,-2.22,-7.49,-1.6744444444444444
48.348,-2.67,-6.84,-1.7266666666666666
48.368,-2.32,-7.86,-1.801111111111111
48.388,-2.26,-7.48,-1.8822222222222222
48.408,-2.82,-6.58,-1.9122222222222223
48.428,-0.57,-7.19,-2.0877777777777777
48.448,-0.03,-7.59,-2.1044444444444443
48.468,0.36,-8.17,-2.1855555555555557
48.488,0.91,-7.83,-2.27
48.508,1.86,-8.07,-2.35
48.528,3.14,-7.83,-2.4355555555555557
48.548,2.85,-7.92,-2.5166666666666666
48.568,3.07,-7.79,-2.6
48.588,4.66,-8.2,-2.68
48.608,5.66,-7.82,-2.76
48.628,6.41,-7.59,-2.84
48.648,6.97,-7.41,-2.9133333333333336
48.668,7.4,-7.86,-2.993333333333333
48.688,8.06,-7.31,-3.07
48.708,9.12,-7.08,-3.1433333333333335
48.728,10.15,-6.39,-3.207777777777778
48.748,10.58,-6.56,-3.2744444444444443
48.768,11.28,-6.2,-3.3366666666666664
48.788,11.72,-5.83,-3.3944444444444444
48.808,12.56,-5.29,-3.451111111111111
48.828,13.11,-4.07,-3.4077777777777776
48.848,13.7,-4.41,-3.546666666666667
48.868,14.05,-4.02,-3.5877777777777777
48.888,14.69,-3.36,-3.6244444444444444
48.908,15.11,-2.74,-3.651111111111111
48.928,15.4,-2.07,-3.671111111111111
48.948,15.6,-1.56,-3.6844444444444444
48.968,15.81,-0.99,-3.6966666666666668
48.988,15.98,-0.52,-3.6944444444444446
49.008,15.97,0.47,-3.6977777777777776
49.028,15.64,1.0,-3.68
49.048,15.58,1.58,-3.67
49.068,15.37,1.92,-3.647777777777778
49.088,14.85,2.62,-3.617777777777778
49.108,14.53,3.1,-3.581111111111111
49.128,13.96,3.87,-3.54
49.148,13.58,4.3,-3.491111111111111
49.168,12.95,4.83,-3.44
49.188,12.5,5.12,-3.3933333333333335
49.208,11.85,5.55,-3.3222222222222224
49.228,11.26,5.81,-3.2555555555555555
49.248,10.56,6.15,-3.187777777777778
49.268,9.95,6.44,-3.1155555555555554
49.288,9.05,6.82,-3.0388888888888888
49.308,8.51,6.9,-2.9755555555555557
49.328,7.44,7.2,-2.898888888888889
49.348,6.61,7.36,-2.8
49.368,5.72,7.57,-2.718888888888889
49.388,5.12,7.61,-2.6355555555555554
49.408,4.34,7.64,-2.5477777777777777
49.428,3.82,7.75,-2.4633333333333334
49.448,2.98,7.75,-2.38
49.468,2.45,7.75,-2.29
49.488,1.69,7.76,-2.207777777777778
49.508,0.84,7.75,-2.1222222222222222
49.528,-0.39,7.07,-2.0344444444444445
49.548,-0.26,7.67,-1.9533333333333334
49.568,-0.24,7.57,-1.87
49.588,-0.59,7.81,-1.7877777777777777
49.608,-0.47,5.94,-1.72
49.628,-2.17,7.64,-1.63
49.648,-2.98,7.51,-1.5477777777777777
49.668,-2.94,6.66,-1.4677777777777778
49.688,-3.1,6.99,-1.3911111111111112
49.708,-3.2,6.91,-1.3144444444444445
49.728,-3.55,6.57,-1.24
49.748,-3.93,6.86,-1.1611111111111112
49.768,-4.16,6.58,-1.09
49.788,-4.45,6.57,-1.0177777777777777
49.808,-4.77,6.45,-0.9477777777777778
49.828,-5.02,6.29,-0.8777777777777778
49.848,-5.27,6.25,-0.8111111111111111
49.868,-5.25,6.05,-0.7422222222222222
49.888,-5.33,6.3,-0.6755555555555556
49.908,-5.51,5.97,-0.6077777777777778
49.928,-5.94,5.92,-0.5422222222222223
49.948,-6.03,5.73,-0.48
49.968,-6.1,5.75,-0.4166666666666667
49.988,-5.97,5.89,-0.35333333333333333
50.008,-5.96,5.93,-0.2866666666666667
50.028,-5.99,5.83,-0.2222222222222222
50.048,-6.18,5.86,-0.15888888888888889
50.068,-6.32,5.58,-0.09666666666666666
50.088,-6.37,5.57,-0.03333333333333333
50.108,-6.22,5.71,0.025555555555555557
50.128,-6.06,5.85,0.08555555555555555
50.148,-6.05,5.85,0.14888888888888888
50.168,-6.11,5.76,0.2088888888888889
50.188,-6.16,5.73,0.2677777777777778
50.208,-6.04,5.83,0.3288888888888889
50.228,-5.93,5.93,0.39
50.248,-5.81,6.0,0.45222222222222225
50.268,-5.71,6.01,0.5122222222222222
50.288,-5.58,6.13,0.5755555555555556
50.308,-5.43,6.15,0.6388888888888888
50.328,-5.3,6.28,0.7044444444444444
50.348,-5.23,6.27,0.77
50.368,-4.98,6.31,0.8344444444444444
50.388,-4.81,6.44,0.9022222222222223
50.408,-4.46,6.55,0.9711111111111111
50.428,-4.32,6.65,1.04
50.448,-3.91,6.47,1.11
50.468,-3.81,6.92,1.1788888888888889
50.488,-3.66,6.36,1.2533333333333334
50.508,-3.41,7.29,1.3277777777777777
50.528,-2.09,6.75,1.4077777777777778
50.548,-2.2,7.44,1.491111111111111
50.568,-1.82,6.98,1.5811111111111111
50.588,-1.59,7.1,1.6777777777777778
50.608,-1.27,7.47,1.77
50.628,-0.83,7.51,1.8666666666666667
50.648,-0.56,7.65,1.958888888888889
50.668,0.07,7.25,2.05
50.688,0.75,8.02,2.1277777777777778
50.708,2.16,7.88,2.2088888888888887
50.728,3.06,7.79,2.296666666666667
50.748,3.36,7.99,2.3733333333333335
50.768,3.82,7.99,2.4588888888888887
50.788,3.43,8.41,2.54
50.808,4.81,7.55,2.6222222222222222
50.828,5.56,8.1,2.701111111111111
50.848,6.31,7.41,2.7844444444444445
50.868,6.9,7.47,2.8633333333333333
50.888,7.76,7.4,2.94
50.908,8.61,6.92,3.02
50.928,9.5,6.62,3.088888888888889
50.948,10.28,6.56,3.171111111111111
50.968,11.08,5.91,3.23
50.988,11.67,5.61,3.2866666666666666
51.008,12.67,5.06,3.3422222222222224
51.028,12.97,4.81,3.391111111111111
51.048,13.51,4.22,3.44
51.068,13.67,4.1,3.486666666666667
51.088,14.42,3.52,3.5166666666666666
51.108,14.74,2.71,3.5533333333333332
51.128,14.94,2.52,3.5733333333333333
51.148,15.42,1.64,3.598888888888889
51.168,15.53,0.86,3.611111111111111
51.188,15.58,0.35,3.6155555555555554
51.208,15.5,-0.7,3.6166666666666667
51.228,15.38,-0.75,3.6055555555555556
51.248,15.25,0.08,3.6044444444444443
51.268,15.04,0.91,3.6
51.288,15.3,-4.16,3.59
51.308,14.45,-3.26,3.557777777777778
51.328,13.54,-4.43,3.5077777777777777
51.348,13.89,-3.52,3.457777777777778
51.368,13.36,-3.85,3.42
51.388,12.5,-5.25,3.3777777777777778
51.408,11.75,-5.82,3.3144444444444443
51.428,10.95,-6.16,3.2444444444444445
51.448,10.61,-5.92,3.1866666666666665
51.468,10.07,-6.01,3.117777777777778
51.488,8.27,-7.11,3.042222222222222
51.508,7.64,-7.12,2.94
51.528,7.39,-7.71,2.89
51.548,7.36,-7.22,2.81
51.568,6.65,-7.2,2.7355555555555555
51.588,5.5,-7.98,2.6255555555555556
51.608,4.17,-8.05,2.571111111111111
51.628,3.66,-7.77,2.48
51.648,3.73,-7.64,2.3966666666666665
51.668,3.3,-7.7,2.311111111111111
51.688,1.98,-7.85,2.2288888888888887
51.708,1.2,-8.23,2.1466666666666665
51.728,-0.34,-6.24,2.0544444444444445
51.748,-0.03,-7.54,1.9533333333333334
51.768,-0.21,-8.5,1.8822222222222222
51.788,-0.75,-7.49,1.8
51.808,-1.58,-7.78,1.7177777777777778
51.828,-1.69,-7.6,1.6333333333333333
51.848,-2.3,-7.52,1.55
51.868,-2.3,-7.4,1.4677777777777778
51.888,-3.01,-7.61,1.3988888888888888
51.908,-3.14,-7.22,1.3166666666666667
51.928,-3.36,-7.36,1.2322222222222223
51.948,-3.52,-7.01,1.1577777777777778
51.968,-4.4,-6.59,1.1277777777777778
51.988,-4.29,-6.85,0.9988888888888889
52.008,-4.74,-6.81,0.9266666666666666
52.028,-4.85,-6.56,0.8511111111111112
52.048,-4.93,-6.83,0.78
52.068,-5.0,-6.58,0.7055555555555556
52.088,-5.36,-6.57,0.6311111111111111
52.108,-5.59,-6.36,0.5588888888888889
52.128,-5.77,-6.27,0.49444444444444446
52.148,-5.74,-6.21,0.4211111111111111
52.168,-5.75,-6.33,0.35
52.188,-5.73,-6.24,0.2777777777777778
52.208,-5.86,-6.29,0.20444444444444446
52.228,-5.93,-6.17,0.13111111111111112
52.248,-6.03,-6.14,0.06333333333333334
52.268,-6.02,-6.18,-0.0077777777777777776
52.288,-5.93,-6.27,-0.07666666666666666
52.308,-5.94,-6.26,-0.1411111111111111
52.328,-5.86,-6.29,-0.2088888888888889
52.348,-5.81,-6.37,-0.2788888888888889
52.368,-5.76,-6.34,-0.34555555555555556
52.388,-5.75,-6.28,-0.41444444444444445
52.408,-5.6,-6.39,-0.4855555555555556
52.428,-5.46,-6.43,-0.5522222222222222
52.448,-5.19,-6.57,-0.6233333333333333
52.468,-4.99,-6.67,-0.6911111111111111
52.488,-4.94,-6.77,-0.7655555555555555
52.508,-4.74,-6.66,-0.8388888888888889
52.528,-4.37,-7.36,-0.9144444444444444
52.548,-4.95,-6.05,-0.9855555555555555
52.568,-4.34,-7.07,-1.058888888888889
52.588,-3.91,-6.91,-1.14
52.608,-4.24,-6.52,-1.1833333333333333
52.628,-2.14,-7.7,-1.32
52.648,-2.62,-7.28,-1.4077777777777778
52.668,-3.2,-6.67,-1.5033333333333334
52.688,-2.18,-7.22,-1.6044444444444443
52.708,-1.51,-7.05,-1.71
52.728,-0.26,-7.66,-1.8677777777777778
52.748,-0.47,-7.16,-1.9
52.768,0.1,-7.35,-2.0077777777777777
52.788,1.21,-7.55,-2.111111111111111
52.808,0.79,-7.19,-2.21
52.828,2.23,-7.71,-2.31
52.848,2.94,-7.92,-2.4033333333333333
52.868,2.4,-8.24,-2.486666666666667
52.888,3.53,-7.86,-2.57
52.908,4.96,-8.1,-2.652222222222222
52.928,5.36,-6.99,-2.73
52.948,6.39,-8.01,-2.811111111111111
52.968,6.73,-7.56,-2.888888888888889
52.988,6.97,-7.69,-2.9677777777777776
53.008,8.52,-6.95,-3.0055555555555555
53.028,9.8,-6.35,-3.11
53.048,10.09,-6.89,-3.1444444444444444
53.068,10.71,-6.23,-3.241111111111111
53.088,11.16,-6.45,-3.272222222222222
53.108,12.34,-5.37,-3.3566666666666665
53.128,12.85,-4.43,-3.35
53.148,13.24,-4.74,-3.46
53.168,13.65,-4.19,-3.4844444444444442
53.188,14.26,-3.68,-3.5444444444444443
53.208,14.49,-3.01,-3.56
53.228,15.06,-2.28,-3.6
53.248,15.34,-1.82,-3.611111111111111
53.268,15.55,-1.36,-3.628888888888889
53.288,15.74,-0.38,-3.637777777777778
53.308,14.61,-1.25,-3.6144444444444446
53.328,16.22,1.19,-3.6144444444444446
53.348,15.19,-0.16,-3.5966666666666667
53.368,15.28,2.47,-3.58
53.388,14.46,1.93,-3.5677777777777777
53.408,15.01,3.23,-3.5277777777777777
53.428,13.9,3.23,-3.5055555555555555
53.448,13.7,4.22,-3.47
53.468,12.84,4.41,-3.4255555555555555
53.488,12.76,5.11,-3.3422222222222224
53.508,11.79,5.31,-3.312222222222222
53.528,11.7,5.79,-3.252222222222222
53.548,10.74,5.8,-3.19
53.568,10.38,6.29,-3.1155555555555554
53.588,9.47,6.58,-3.01
53.608,9.0,6.68,-2.973333333333333
53.628,8.13,7.05,-2.8666666666666667
53.648,7.33,7.1,-2.8544444444444443
53.668,6.61,7.36,-2.6966666666666668
53.688,5.89,7.45,-2.6566666666666667
53.708,5.13,7.53,-2.5255555555555556
53.728,4.55,7.68,-2.4855555555555555
53.748,3.75,7.75,-2.4
53.768,3.25,7.74,-2.3144444444444443
53.788,2.49,7.84,-2.23
53.808,2.04,7.69,-2.1422222222222222
53.828,1.29,7.85,-2.06
53.848,0.01,7.7,-1.9722222222222223
53.868,-0.41,7.39,-1.89
53.888,-0.25,7.68,-1.8066666666666666
53.908,-0.5,7.78,-1.7222222222222223
53.928,-0.79,7.56,-1.64
53.948,-2.45,7.96,-1.568888888888889
53.968,-2.39,7.37,-1.4777777777777779
53.988,-2.65,6.87,-1.3977777777777778
54.008,-2.8,7.46,-1.3177777777777777
54.028,-3.04,7.04,-1.238888888888889
54.048,-3.25,7.08,-1.1611111111111112
54.068,-3.69,6.97,-1.0833333333333333
54.088,-3.75,6.72,-1.0077777777777779
54.108,-4.06,6.73,-0.9311111111111111
54.128,-4.42,6.6,-0.86
54.148,-4.77,6.4,-0.7833333333333333
54.168,-4.86,6.42,-0.7144444444444444
54.188,-4.75,6.47,-0.6444444444444445
54.208,-4.76,6.51,-0.5722222222222222
54.228,-5.1,6.29,-0.5044444444444445
54.248,-5.39,6.18,-0.43333333333333335
54.268,-5.56,6.11,-0.36666666666666664
54.288,-5.56,6.15,-0.29777777777777775
54.308,-5.41,6.32,-0.22777777777777777
54.328,-5.4,6.26,-0.16
54.348,-5.42,6.3,-0.09111111111111111
54.368,-5.45,6.28,-0.023333333333333334
54.388,-5.66,6.09,0.043333333333333335
54.408,-5.65,6.08,0.11
54.428,-5.42,6.26,0.17555555555555555
54.448,-5.26,6.44,0.24222222222222223
54.468,-5.12,6.4,0.3055555555555556
54.488,-5.18,6.32,0.3711111111111111
54.508,-5.09,6.42,0.44
54.528,-4.96,6.39,0.5055555555555555
54.548,-5.51,6.15,0.5733333333333334
54.568,-5.11,6.04,0.64
54.588,-4.08,6.42,0.71
54.608,-4.35,6.71,0.7888888888888889
54.628,-4.09,6.08,0.8677777777777778
54.648,-3.96,7.1,0.9544444444444444
54.668,-2.9,6.62,1.0422222222222222
54.688,-2.42,7.44,1.1366666666666667
54.708,-2.43,6.57,1.2377777777777779
54.728,-2.75,7.12,1.3388888888888888
54.748,-3.18,6.63,1.4377777777777778
54.768,-3.54,6.28,1.5344444444444445
54.788,-1.54,7.38,1.6288888888888888
54.808,-0.57,7.34,1.721111111111111
54.828,0.55,7.48,1.8155555555555556
54.848,-1.0,8.26,1.9
54.868,0.52,7.55,1.9844444444444445
54.888,1.74,7.87,2.061111111111111
54.908,2.18,8.59,2.14
54.928,2.72,7.64,2.2266666666666666
54.948,2.93,8.01,2.3088888888888888
54.968,3.2,8.33,2.387777777777778
54.988,4.38,7.57,2.47
55.008,4.92,7.41,2.5544444444444445
55.028,6.22,8.29,2.6333333333333333
55.048,6.62,7.45,2.7155555555555555
55.068,7.82,6.8,2.7933333333333334
55.088,8.28,7.07,2.8666666666666667
55.108,9.41,6.73,2.9455555555555555
55.128,9.69,6.13,3.0144444444444445
55.148,10.78,6.36,3.112222222222222
55.168,10.99,6.01,3.1466666666666665
55.188,11.54,5.35,3.21
55.208,12.15,5.32,3.27
55.228,12.63,4.81,3.33
55.248,12.81,4.13,3.38
55.268,13.79,4.21,3.4266666666666667
55.288,14.33,3.6,3.466666666666667
55.308,14.53,2.72,3.502222222222222
55.328,15.26,2.04,3.5233333333333334
55.348,15.37,1.4,3.55
55.368,15.35,0.79,3.5633333333333335
55.388,4.96,1.37,3.5355555555555553
55.408,20.35,-0.5,3.61
55.428,14.27,-0.76,3.51
55.448,15.08,0.87,3.5188888888888887
55.468,14.85,-5.63,3.51
55.488,13.23,-1.28,3.4722222222222223
55.508,14.12,-4.27,3.46
55.528,13.72,-3.57,3.411111111111111
55.548,13.46,-3.92,3.3777777777777778
55.568,13.76,-3.55,3.328888888888889
55.588,12.11,-6.52,3.2844444444444445
55.608,12.41,-4.79,3.2155555555555555
55.628,11.91,-5.85,3.1644444444444444
55.648,10.41,-4.92,3.097777777777778
55.668,10.51,-6.52,3.04
55.688,9.25,-6.01,2.971111111111111
55.708,8.25,-6.69,2.901111111111111
55.728,7.62,-7.09,2.8266666666666667
55.748,6.58,-7.47,2.738888888888889
55.768,5.81,-7.64,2.638888888888889
55.788,5.19,-7.83,2.59
55.808,4.63,-7.67,2.51
55.828,4.08,-7.89,2.422222222222222
55.848,3.81,-7.67,2.3355555555555556
55.868,2.46,-8.0,2.25
55.888,1.84,-7.53,2.1644444444444444
55.908,1.49,-7.87,2.078888888888889
55.928,1.31,-7.7,1.988888888888889
55.948,0.73,-7.76,1.9066666666666667
55.968,0.21,-8.01,1.82
55.988,-0.52,-7.17,1.738888888888889
56.008,-0.43,-10.23,1.6444444444444444
56.028,-0.87,-7.54,1.57
56.048,-1.77,-8.45,1.4822222222222223
56.068,-1.94,-7.46,1.4
56.088,-2.4,-7.7,1.3144444444444445
56.108,-2.68,-7.6,1.231111111111111
56.128,-2.89,-7.33,1.1511111111111112
56.148,-3.16,-7.32,1.07
56.168,-3.48,-7.41,1.0177777777777777
56.188,-3.79,-6.9,0.96
56.208,-3.85,-7.35,0.8344444444444444
56.228,-3.96,-7.18,0.7555555555555555
56.248,-4.24,-7.0,0.68
56.268,-4.66,-6.93,0.6022222222222222
56.288,-4.76,-6.84,0.5244444444444445
56.308,-4.83,-6.75,0.45
56.328,-4.89,-6.98,0.37222222222222223
56.348,-4.93,-6.8,0.29444444444444445
56.368,-5.09,-6.78,0.22
56.388,-5.11,-6.62,0.14333333333333334
56.408,-5.24,-6.7,0.07
56.428,-5.2,-6.7,-0.0044444444444444444
56.448,-5.07,-6.56,-0.07333333333333333
56.468,-4.54,-6.98,-0.15
56.488,-4.75,-6.92,-0.22444444444444445
56.508,-4.96,-6.22,-0.3
56.528,-4.23,-7.18,-0.37
56.548,-4.2,-6.88,-0.45
56.568,-4.44,-6.87,-0.5333333333333333
56.588,-4.84,-6.43,-0.6211111111111111
56.608,-4.0,-6.67,-0.7111111111111111
56.628,-3.97,-6.09,-0.8066666666666666
56.648,-3.56,-7.07,-0.9044444444444445
56.668,-3.25,-6.64,-1.0033333333333334
56.688,-2.6,-7.43,-1.1055555555555556
56.708,-2.51,-6.66,-1.2077777777777778
56.728,-1.75,-7.37,-1.31
56.748,-2.21,-7.05,-1.42
56.768,-1.84,-7.37,-1.52
56.788,-2.41,-7.06,-1.62
56.808,-1.88,-7.15,-1.708888888888889
56.828,0.41,-9.11,-1.8377777777777777
56.848,0.72,-8.25,-1.8688888888888888
56.868,0.73,-8.16,-1.96
56.888,2.92,-8.09,-2.0455555555555556
56.908,3.78,-6.83,-2.1266666666666665
56.928,2.19,-9.36,-2.2
56.948,3.2,-7.91,-2.287777777777778
56.968,2.69,-8.35,-2.37
56.988,5.45,-7.93,-2.4555555555555557
57.008,7.01,-7.05,-2.5344444444444445
57.028,6.56,-7.64,-2.608888888888889
57.048,6.47,-7.46,-2.6866666666666665
57.068,7.14,-7.62,-2.761111111111111
57.088,7.96,-6.92,-2.8444444444444446
57.108,8.93,-6.63,-2.9155555555555557
57.128,9.69,-6.21,-2.9833333333333334
57.148,9.61,-6.76,-3.0477777777777777
57.168,10.78,-5.87,-3.1155555555555554
57.188,11.33,-5.93,-3.1777777777777776
57.208,11.92,-4.65,-3.23
57.228,12.09,-4.74,-3.2177777777777776
57.248,13.12,-4.47,-3.318888888888889
57.268,13.6,-4.52,-3.3655555555555554
57.288,14.04,-3.1,-3.4077777777777776
57.308,14.54,-2.32,-3.437777777777778
57.328,14.96,-1.84,-3.453333333333333
57.348,14.94,-1.96,-3.468888888888889
57.368,15.1,-1.56,-3.4788888888888887
57.388,14.94,-0.72,-3.493333333333333
57.408,15.24,0.4,-3.493333333333333
57.428,14.94,1.03,-3.482222222222222
57.448,14.88,1.31,-3.4611111111111112
57.468,14.58,1.79,-3.4466666666666668
57.488,14.55,2.42,-3.4144444444444444
57.508,14.16,2.82,-3.3844444444444446
57.528,13.77,3.23,-3.3455555555555554
57.548,13.56,3.67,-3.3066666666666666
57.568,12.94,4.17,-3.2666666666666666
57.588,12.54,4.7,-3.2155555555555555
57.608,11.61,5.23,-3.18
57.628,11.0,5.67,-3.1033333333333335
57.648,9.92,6.26,-3.0444444444444443
57.668,9.36,6.47,-2.971111111111111
57.688,8.44,6.86,-2.898888888888889
57.708,8.06,7.0,-2.8444444444444446
57.728,7.52,6.96,-2.747777777777778
57.748,7.09,7.17,-2.667777777777778
57.768,6.56,7.33,-2.577777777777778
57.788,6.11,7.31,-2.5
57.808,5.41,7.52,-2.4166666666666665
57.828,4.82,7.52,-2.3344444444444443
57.848,3.89,7.65,-2.2511111111111113
57.868,3.18,7.74,-2.168888888888889
57.888,2.08,7.79,-2.081111111111111
57.908,0.88,7.66,-1.9944444444444445
57.928,0.96,7.83,-1.9122222222222223
57.948,0.94,7.85,-1.8277777777777777
57.968,0.56,7.79,-1.738888888888889
57.988,0.36,7.49,-1.6522222222222223
58.008,-0.09,7.79,-1.57
58.028,-0.34,7.65,-1.4833333333333334
58.048,-1.01,7.5,-1.4011111111111112
58.068,-2.21,7.29,-1.32
58.088,-2.72,6.69,-1.2444444444444445
58.108,-2.51,8.31,-1.1455555555555557
58.128,-2.26,8.15,-1.0822222222222222
58.148,-2.45,7.0,-0.9977777777777778
58.168,-3.07,7.68,-0.92
58.188,-3.52,6.82,-0.8366666666666667
58.208,-3.89,7.06,-0.7622222222222222
58.228,-3.74,6.84,-0.6866666666666666
58.248,-3.69,7.03,-0.61
58.268,-3.57,7.07,-0.5322222222222223
58.288,-4.05,6.84,-0.45444444444444443
58.308,-4.2,6.87,-0.38222222222222224
58.328,-4.09,6.8,-0.3055555555555556
58.348,-4.36,6.89,-0.2311111111111111
58.368,-4.34,6.74,-0.15777777777777777
58.388,-4.45,6.74,-0.0811111111111111
58.408,-4.4,6.84,-0.0077777777777777776
58.428,-4.18,6.87,0.06111111111111111
58.448,-4.31,6.93,0.13666666666666666
58.468,-4.39,6.8,0.2088888888888889
58.488,-4.48,6.69,0.28
58.508,-4.46,6.71,0.3522222222222222
58.528,-4.03,7.03,0.4255555555555556
58.548,-3.9,6.84,0.4988888888888889
58.568,-3.39,7.14,0.5722222222222222
58.588,-2.89,7.34,0.6466666666666666
58.608,-3.4,7.07,0.7222222222222222
58.628,-3.64,6.93,0.8011111111111111
58.648,-3.12,6.96,0.8844444444444445
58.668,-3.28,6.73,0.9733333333333334
58.688,-2.14,7.28,1.0633333333333332
58.708,-1.69,7.12,1.1588888888888889
58.728,-0.91,7.67,1.2555555555555555
58.748,-1.19,6.96,1.3633333333333333
58.768,-0.83,7.28,1.4666666666666666
58.788,-0.12,7.18,1.5755555555555556
58.808,-0.7,6.89,1.6866666666666668
58.828,-0.43,7.05,1.8022222222222222
58.848,1.21,6.91,1.92
58.868,1.91,7.14,2.0344444444444445
58.888,2.9,7.15,2.1433333333333335
58.908,3.75,7.64,2.2455555555555557
58.928,4.9,6.91,2.3466666666666667
58.948,4.85,7.36,2.4277777777777776
58.968,3.34,7.14,2.5077777777777777
58.988,5.26,8.32,2.5933333333333333
59.008,6.53,7.73,2.6733333333333333
59.028,7.15,7.88,2.752222222222222
59.048,7.98,6.76,2.832222222222222
59.068,8.82,6.83,2.9
59.088,9.67,6.75,2.973333333333333
59.108,10.0,5.96,3.0744444444444445
59.128,11.07,5.97,3.11
59.148,11.48,6.46,3.168888888888889
59.168,11.79,4.84,3.23
59.188,12.34,4.67,3.283333333333333
59.208,13.09,4.73,3.3344444444444443
59.228,13.44,4.03,3.381111111111111
59.248,14.38,3.19,3.417777777777778
59.268,14.53,2.99,3.45
59.288,14.81,1.54,3.48
59.308,14.84,1.88,3.497777777777778
59.328,15.24,0.88,3.5166666666666666
59.348,15.36,-0.01,3.52
59.368,15.78,-0.14,3.52
59.388,15.09,1.06,3.5277777777777777
59.408,15.22,0.28,3.5366666666666666
59.428,15.09,-2.05,3.53
59.448,14.19,-2.53,3.51
59.468,14.04,-4.58,3.482222222222222
59.488,13.68,-3.68,3.4355555555555557
59.508,13.93,-4.4,3.4
59.528,12.86,-2.89,3.3566666666666665
59.548,13.14,-5.0,3.3266666666666667
59.568,11.81,-5.96,3.27
59.588,10.8,-5.89,3.2088888888888887
59.608,10.41,-6.63,3.1422222222222222
59.628,10.04,-5.62,3.071111111111111
59.648,9.11,-7.12,3.0044444444444443
59.668,8.76,-6.62,2.933333333333333
59.688,7.98,-7.38,2.8566666666666665
59.708,7.23,-6.79,2.7744444444444443
59.728,6.56,-7.99,2.66
59.748,5.42,-7.48,2.6222222222222222
59.768,4.22,-7.93,2.542222222222222
59.788,4.4,-7.61,2.4544444444444444
59.808,4.05,-7.79,2.371111111111111
59.828,3.76,-7.57,2.287777777777778
59.848,2.28,-8.14,2.1955555555555555
59.868,1.28,-8.1,2.117777777777778
59.888,0.64,-8.01,2.03
59.908,0.49,-6.74,1.9555555555555555
59.928,-0.48,-6.82,1.8711111111111112
59.948,0.17,-6.85,1.7744444444444445
59.968,-0.96,-7.54,1.6888888888888889
59.988,-1.11,-7.77,1.6033333333333333
60.008,-2.18,-7.42,1.5222222222222221
