4.068,-8.81,-2.57,-0.6866666666666666
4.088,-8.75,-2.66,-0.7177777777777777
4.108,-8.69,-2.78,-0.7466666666666667
4.128,-8.6,-2.91,-0.78
4.148,-8.54,-3.03,-0.8122222222222222
4.168,-8.44,-3.16,-0.8477777777777777
4.188,-8.35,-3.31,-0.8833333333333333
4.208,-8.22,-3.43,-0.92
4.228,-8.14,-3.58,-0.96
4.248,-8.0,-3.73,-1.0
4.268,-7.92,-3.87,-1.041111111111111
4.288,-7.72,-4.04,-1.0833333333333333
4.308,-7.6,-4.16,-1.13
4.328,-7.38,-4.36,-1.1755555555555555
4.348,-7.24,-4.48,-1.2255555555555555
4.368,-7.02,-4.68,-1.2744444444444445
4.388,-6.85,-4.85,-1.3255555555555556
4.408,-6.56,-5.11,-1.3788888888888888
4.428,-6.34,-5.17,-1.4344444444444444
4.448,-6.02,-5.45,-1.4933333333333334
4.468,-5.78,-5.6,-1.55
4.488,-5.46,-5.78,-1.6133333333333333
4.508,-5.14,-5.93,-1.6744444444444444
4.528,-4.78,-6.16,-1.74
4.548,-4.44,-6.29,-1.8033333333333332
4.568,-3.93,-6.52,-1.8744444444444444
4.588,-3.63,-6.68,-1.9466666666666668
4.608,-3.12,-6.84,-2.0166666666666666
4.628,-2.76,-6.84,-2.0922222222222224
4.648,-2.27,-6.86,-2.22
4.668,-1.56,-7.25,-2.2355555555555555
4.688,-0.98,-7.36,-2.3133333333333335
4.708,-0.32,-7.79,-2.401111111111111
4.728,0.51,-7.96,-2.477777777777778
4.748,0.86,-7.84,-2.5566666666666666
4.768,1.95,-8.07,-2.64
4.788,2.55,-7.78,-2.7222222222222223
4.808,3.29,-7.98,-2.798888888888889
4.828,4.2,-7.87,-2.8855555555555554
4.848,5.14,-7.98,-2.9644444444444447
4.868,5.94,-7.81,-3.05
4.888,6.87,-7.8,-3.121111111111111
4.908,7.53,-7.52,-3.2044444444444444
4.928,8.5,-7.46,-3.2777777777777777
4.948,9.16,-7.11,-3.347777777777778
4.968,10.1,-6.9,-3.422222222222222
4.988,10.72,-6.78,-3.4722222222222223
5.008,11.91,-5.61,-3.502222222222222
5.028,12.35,-5.91,-3.61
5.048,13.18,-5.3,-3.667777777777778
5.068,13.69,-5.06,-3.7177777777777776
5.088,14.44,-4.43,-3.758888888888889
5.108,14.83,-4.02,-3.7977777777777777
5.128,15.38,-3.3,-3.827777777777778
5.148,15.72,-2.86,-3.8577777777777778
5.168,16.12,-2.19,-3.878888888888889
5.188,16.28,-1.6,-3.89
5.208,16.49,-0.81,-3.897777777777778
5.228,16.51,-0.34,-3.89
5.248,16.47,0.56,-3.8866666666666667
5.268,16.43,0.81,-3.8722222222222222
5.288,16.1,1.59,-3.851111111111111
5.308,15.86,2.29,-3.8244444444444445
5.328,15.4,3.0,-3.7866666666666666
5.348,15.12,3.28,-3.7511111111111113
5.368,14.48,4.04,-3.7044444444444444
5.388,14.03,4.44,-3.6566666666666667
5.408,13.31,5.0,-3.5955555555555554
5.428,12.73,5.37,-3.5388888888888888
5.448,11.86,5.86,-3.4755555555555557
5.468,11.29,6.2,-3.4055555555555554
5.488,10.34,6.52,-3.328888888888889
5.508,9.72,6.69,-3.2555555555555555
5.528,8.73,6.97,-3.178888888888889
5.548,8.19,7.25,-3.1266666666666665
5.568,7.17,7.47,-3.011111111111111
5.588,6.5,7.53,-2.931111111111111
5.608,5.58,7.76,-2.841111111111111
5.628,4.99,7.67,-2.7555555555555555
5.648,4.02,7.9,-2.671111111111111
5.668,3.43,7.71,-2.59
5.688,2.27,7.74,-2.5
5.708,1.71,7.74,-2.418888888888889
5.728,1.01,7.72,-2.332222222222222
5.748,0.41,7.54,-2.25
5.768,-0.29,7.49,-2.17
5.788,-0.65,7.38,-2.088888888888889
5.808,-1.36,7.28,-2.0055555555555555
5.828,-1.75,7.31,-1.9333333333333333
5.848,-1.96,7.35,-1.8444444444444446
5.868,-2.59,6.6,-1.7766666666666666
5.888,-3.18,6.93,-1.7022222222222223
5.908,-3.63,6.6,-1.63
5.928,-4.16,6.58,-1.5611111111111111
5.948,-4.19,6.33,-1.49
5.968,-4.68,6.31,-1.4211111111111112
5.988,-4.76,6.05,-1.3555555555555556
6.008,-5.19,5.99,-1.29
6.028,-5.36,5.86,-1.2266666666666666
6.048,-5.46,5.51,-1.1644444444444444
6.068,-6.22,5.45,-1.1088888888888888
6.088,-6.42,5.17,-1.048888888888889
6.108,-6.28,5.38,-0.9922222222222222
6.128,-6.44,5.11,-0.9377777777777778
6.148,-6.56,5.19,-0.8833333333333333
6.168,-6.72,4.95,-0.83
6.188,-7.01,4.92,-0.7744444444444445
6.208,-7.11,4.78,-0.7244444444444444
6.228,-7.3,4.69,-0.6755555555555556
6.248,-7.51,4.4,-0.6255555555555555
6.268,-7.64,4.33,-0.5755555555555556
6.288,-7.62,4.27,-0.5288888888888889
6.308,-7.54,4.34,-0.48
6.328,-7.59,4.38,-0.42777777777777776
6.348,-7.51,4.33,-0.3788888888888889
6.368,-7.65,4.16,-0.33111111111111113
6.388,-7.83,3.98,-0.2788888888888889
6.408,-7.79,3.9,-0.20666666666666667
6.428,-7.96,3.8,-0.19
6.448,-8.09,3.87,-0.14444444444444443
6.468,-8.05,3.88,-0.09666666666666666
6.488,-8.08,3.88,-0.04777777777777778
6.508,-8.01,3.93,0.0011111111111111111
6.528,-7.91,3.92,0.04666666666666667
6.548,-7.93,3.97,0.09555555555555556
6.568,-7.94,3.92,0.14333333333333334
6.588,-7.99,3.9,0.19444444444444445
6.608,-8.03,3.88,0.24666666666666667
6.628,-8.01,3.86,0.29444444444444445
6.648,-7.83,3.97,0.3477777777777778
6.668,-7.66,4.18,0.39666666666666667
6.688,-7.65,4.18,0.45111111111111113
6.708,-7.64,4.21,0.5055555555555555
6.728,-7.55,4.24,0.56
6.748,-7.45,4.33,0.6177777777777778
6.768,-7.3,4.4,0.6722222222222223
6.788,-7.22,4.47,0.73
6.808,-7.06,4.62,0.7911111111111111
6.828,-7.08,4.65,0.8522222222222222
6.848,-6.89,4.74,0.9133333333333333
6.868,-6.7,4.85,0.9777777777777777
6.888,-6.42,5.06,1.038888888888889
6.908,-6.29,5.18,1.1088888888888888
6.928,-6.0,5.29,1.1744444444444444
6.948,-5.79,5.45,1.2455555555555555
6.968,-5.43,5.63,1.3144444444444445
6.988,-5.16,5.77,1.3911111111111112
7.008,-4.69,5.95,1.461111111111111
7.028,-4.27,6.17,1.5377777777777777
7.048,-3.73,6.38,1.61
7.068,-3.3,6.55,1.6722222222222223
7.088,-2.46,6.86,1.7755555555555556
7.108,-1.88,6.98,1.86
7.128,-1.13,7.22,1.94
7.148,-0.69,7.29,2.022222222222222
7.168,0.15,7.42,2.108888888888889
7.188,0.75,7.47,2.19
7.208,1.77,7.77,2.2744444444444443
7.228,2.2,7.77,2.362222222222222
7.248,2.61,7.81,2.448888888888889
7.268,2.62,8.13,2.533333333333333
7.288,1.57,8.76,2.62
7.308,1.05,8.23,2.7088888888888887
7.328,1.38,7.4,2.796666666666667
7.348,1.77,7.64,2.8755555555555556
7.368,3.11,7.86,2.9555555555555557
7.388,4.17,7.81,3.04
7.408,6.43,8.25,3.1277777777777778
7.428,8.45,7.92,3.23
7.448,10.52,6.74,3.28
7.468,11.06,6.01,3.3544444444444443
7.488,12.43,5.58,3.4055555555555554
7.508,12.57,5.46,3.4677777777777776
7.528,13.56,4.88,3.53
7.548,13.24,5.15,3.577777777777778
7.568,13.37,5.15,3.637777777777778
7.588,13.73,5.01,3.6944444444444446
7.608,14.3,4.57,3.75
7.628,14.85,4.19,3.7977777777777777
7.648,15.71,3.03,3.8355555555555556
7.668,16.14,2.08,3.87
7.688,16.45,1.16,3.8855555555555554
7.708,7.85,0.24,3.7911111111111113
7.728,19.25,-4.11,3.7844444444444445
7.748,12.53,-2.43,3.818888888888889
7.768,16.34,0.12,3.787777777777778
7.788,15.53,-1.09,3.7944444444444443
7.808,16.11,-3.4,3.78
7.828,14.5,-2.23,3.7555555555555555
7.848,14.54,-2.71,3.7144444444444447
7.868,14.33,-3.72,3.6911111111111112
7.888,14.25,-4.54,3.632222222222222
7.908,13.19,-5.41,3.5833333333333335
7.928,12.43,-5.58,3.52
7.948,11.39,-6.01,3.46
7.968,11.17,-6.07,3.398888888888889
7.988,10.85,-6.43,3.331111111111111
8.008,10.04,-6.72,3.256666666666667
8.028,9.44,-6.81,3.1866666666666665
8.048,8.14,-7.18,3.108888888888889
8.068,7.29,-7.24,3.0322222222222224
8.088,6.42,-7.56,2.9544444444444444
8.108,5.49,-7.78,2.87
8.128,4.75,-7.59,2.747777777777778
8.148,3.7,-8.21,2.7
8.168,3.19,-7.82,2.6155555555555554
8.188,2.31,-7.82,2.531111111111111
8.208,1.91,-7.8,2.49
8.228,1.17,-7.87,2.36
8.248,0.69,-7.78,2.318888888888889
8.268,-0.06,-7.84,2.19
8.288,-0.52,-7.58,2.147777777777778
8.308,-1.39,-7.54,2.0277777777777777
8.328,-1.67,-7.49,1.9822222222222223
8.348,-2.2,-7.38,1.86
8.368,-2.47,-7.31,1.82
8.388,-3.16,-7.08,1.7055555555555555
8.408,-2.04,-6.61,1.6788888888888889
8.428,-2.1,-8.12,1.5266666666666666
8.448,-4.11,-6.16,1.5233333333333334
8.468,-4.61,-7.21,1.3877777777777778
8.488,-4.75,-6.27,1.3144444444444445
8.508,-5.5,-6.17,1.2455555555555555
8.528,-5.31,-5.82,1.18
8.548,-5.96,-6.02,1.1444444444444444
8.568,-5.72,-5.58,1.041111111111111
8.588,-6.22,-6.0,1.01
8.608,-6.64,-5.13,0.91
8.628,-7.06,-5.39,0.88
8.648,-6.96,-5.06,0.8133333333333334
8.668,-7.02,-5.47,0.7477777777777778
8.688,-6.96,-5.33,0.6455555555555555
8.708,-7.32,-5.23,0.6155555555555555
8.728,-7.51,-4.74,0.5511111111111111
8.748,-7.73,-4.55,0.48777777777777775
8.768,-7.54,-4.45,0.4222222222222222
8.788,-7.69,-4.42,0.3288888888888889
8.808,-7.71,-4.3,0.29777777777777775
8.828,-7.67,-4.5,0.2
8.848,-7.64,-4.39,0.1711111111111111
8.868,-7.52,-4.62,0.07444444444444444
8.888,-7.33,-4.69,0.04
8.908,-7.3,-4.81,-0.06
8.928,-7.28,-4.75,-0.09333333333333334
8.948,-7.34,-4.68,-0.16
8.968,-7.35,-4.65,-0.22666666666666666
8.988,-7.31,-4.84,-0.2922222222222222
9.008,-7.14,-4.88,-0.35777777777777775
9.028,-6.91,-5.16,-0.4266666666666667
9.048,-6.76,-5.2,-0.49333333333333335
9.068,-6.71,-5.34,-0.5611111111111111
9.088,-6.69,-5.35,-0.6322222222222222
9.108,-6.74,-5.3,-0.7
9.128,-6.77,-5.26,-0.7655555555555555
9.148,-6.9,-5.07,-0.8333333333333334
9.168,-6.96,-5.11,-0.8988888888888888
9.188,-6.82,-5.06,-0.9611111111111111
9.208,-6.64,-5.36,-1.0222222222222221
9.228,-6.11,-5.68,-1.0888888888888888
9.248,-5.67,-6.05,-1.16
9.268,-5.22,-6.27,-1.23
9.288,-5.01,-6.41,-1.298888888888889
9.308,-4.7,-6.43,-1.3711111111111112
9.328,-4.59,-6.5,-1.4477777777777778
9.348,-4.22,-6.51,-1.5266666666666666
9.368,-3.88,-6.68,-1.6044444444444443
9.388,-3.1,-6.89,-1.6822222222222223
9.408,-2.77,-6.94,-1.7833333333333334
9.428,-1.67,-7.38,-1.8522222222222222
9.448,-1.16,-7.62,-1.9211111111111112
9.468,-1.02,-7.53,-2.0
9.488,-0.95,-7.57,-2.0755555555555554
9.508,-0.41,-7.59,-2.1566666666666667
9.528,0.11,-7.74,-2.2344444444444442
9.548,1.23,-7.84,-2.318888888888889
9.568,1.98,-8.03,-2.402222222222222
9.588,2.89,-7.94,-2.4833333333333334
9.608,3.44,-8.41,-2.5644444444444443
9.628,4.17,-8.0,-2.6466666666666665
9.648,4.72,-7.95,-2.7266666666666666
9.668,5.38,-7.79,-2.8088888888888888
9.688,6.0,-7.89,-2.89
9.708,6.82,-7.64,-2.9677777777777776
9.728,7.53,-7.46,-3.04
9.748,8.61,-7.14,-3.1144444444444446
9.768,9.35,-6.9,-3.183333333333333
9.788,10.3,-6.56,-3.2533333333333334
9.808,10.89,-6.22,-3.3155555555555556
9.828,11.44,-6.28,-3.3577777777777778
9.848,12.21,-5.64,-3.4077777777777776
9.868,12.96,-5.12,-3.4844444444444442
9.888,13.46,-4.67,-3.537777777777778
9.908,14.14,-4.14,-3.5744444444444445
9.928,14.49,-3.65,-3.6133333333333333
9.948,15.1,-3.03,-3.6455555555555557
9.968,15.32,-2.54,-3.671111111111111
9.988,15.6,-1.93,-3.6866666666666665
10.008,15.75,-1.42,-3.701111111111111
10.028,15.78,-0.79,-3.71
10.048,15.83,-0.23,-3.71
10.068,15.74,0.33,-3.7055555555555557
10.088,15.66,0.94,-3.687777777777778
10.108,15.43,1.68,-3.6755555555555555
10.128,15.12,2.32,-3.6444444444444444
10.148,14.81,3.16,-3.617777777777778
10.168,14.38,3.31,-3.5744444444444445
10.188,13.92,4.08,-3.5322222222222224
10.208,13.43,4.32,-3.4811111111111113
10.228,12.85,5.0,-3.433333333333333
10.248,12.4,5.17,-3.3722222222222222
10.268,11.6,5.67,-3.3144444444444443
10.288,11.01,5.94,-3.2422222222222223
10.308,10.18,6.44,-3.1822222222222223
10.328,9.68,6.47,-3.1033333333333335
10.348,8.75,6.87,-3.0255555555555556
10.368,7.77,7.08,-2.9588888888888887
10.388,6.84,7.41,-2.87
10.408,6.25,7.41,-2.78
10.428,5.32,7.6,-2.6977777777777776
10.448,4.71,7.66,-2.612222222222222
10.468,3.9,7.75,-2.526666666666667
10.488,3.34,7.74,-2.4433333333333334
10.508,2.59,7.8,-2.358888888888889
10.528,1.87,7.76,-2.28
10.548,1.37,7.78,-2.19
10.568,0.87,7.67,-2.1044444444444443
10.588,0.19,7.7,-2.02
10.608,-0.24,7.56,-1.9388888888888889
10.628,-0.74,7.49,-1.8577777777777778
10.648,-1.08,7.37,-1.7733333333333334
10.668,-1.8,7.54,-1.6955555555555555
10.688,-2.15,7.56,-1.6166666666666667
10.708,-3.06,8.61,-1.531111111111111
10.728,-2.45,6.48,-1.4555555555555555
10.748,-3.18,7.12,-1.38
10.768,-3.31,6.76,-1.3033333333333332
10.788,-3.91,6.77,-1.23
10.808,-4.11,6.59,-1.1566666666666667
10.828,-4.42,6.62,-1.0877777777777777
10.848,-4.57,6.45,-1.0166666666666666
10.868,-4.77,6.4,-0.9488888888888889
10.888,-5.02,6.26,-0.8788888888888889
10.908,-5.23,6.18,-0.8111111111111111
10.928,-5.42,6.17,-0.7444444444444445
10.948,-5.68,6.01,-0.68
10.968,-5.77,6.01,-0.6144444444444445
10.988,-5.88,5.94,-0.5455555555555556
11.008,-5.84,5.97,-0.48
11.028,-5.76,6.09,-0.41333333333333333
11.048,-5.81,6.05,-0.35
11.068,-6.1,5.8,-0.28444444444444444
11.088,-6.34,5.79,-0.2222222222222222
11.108,-6.5,5.47,-0.16333333333333333
11.128,-6.63,5.41,-0.10555555555555556
11.148,-6.56,5.29,-0.04666666666666667
11.168,-6.45,5.61,0.011111111111111112
11.188,-6.07,5.7,0.07444444444444444
11.208,-6.07,5.99,0.13777777777777778
11.228,-6.0,5.74,0.20666666666666667
11.248,-6.08,5.86,0.27111111111111114
11.268,-5.96,5.73,0.34
11.288,-5.99,5.81,0.41
11.308,-5.93,5.71,0.4777777777777778
11.328,-5.75,5.83,0.5455555555555556
11.348,-5.6,5.9,0.6155555555555555
11.368,-5.5,5.97,0.6855555555555556
11.388,-5.23,6.07,0.76
11.408,-5.0,6.17,0.8333333333333334
11.428,-4.76,6.3,0.9077777777777778
11.448,-4.54,6.36,0.9822222222222222
11.468,-4.21,6.5,1.06
11.488,-3.99,6.56,1.14
11.508,-3.7,6.63,1.221111111111111
11.528,-3.46,6.77,1.3033333333333332
11.548,-2.96,6.95,1.3833333333333333
11.568,-2.64,6.96,1.468888888888889
11.588,-2.22,7.06,1.5544444444444445
11.608,-1.9,7.15,1.64
11.628,-1.39,7.23,1.7255555555555555
11.648,-0.97,7.41,1.8111111111111111
11.668,-0.31,7.43,1.9011111111111112
11.688,0.11,7.46,1.99
11.708,0.84,7.59,2.0766666666666667
11.728,1.39,7.6,2.168888888888889
11.748,2.23,7.69,2.258888888888889
11.768,2.69,7.66,2.348888888888889
11.788,3.44,7.65,2.438888888888889
11.808,3.98,7.56,2.53
11.828,5.01,7.79,2.6166666666666667
11.848,5.8,7.55,2.703333333333333
11.868,6.95,7.32,2.787777777777778
11.888,7.17,7.32,2.8655555555555554
11.908,7.84,7.45,2.9444444444444446
11.928,8.1,7.39,3.0255555555555556
11.948,8.66,7.19,3.1033333333333335
11.968,9.33,6.98,3.207777777777778
11.988,10.3,6.46,3.2511111111111113
12.008,11.17,6.1,3.3244444444444445
12.028,12.18,5.55,3.387777777777778
12.048,12.69,4.98,3.46
12.068,13.61,4.43,3.493333333333333
12.088,14.26,3.78,3.54
12.108,14.48,3.59,3.58
12.128,14.72,3.35,3.62
12.148,15.32,2.7,3.648888888888889
12.168,15.49,2.33,3.68
12.188,15.74,1.47,3.7022222222222223
12.208,15.96,0.85,3.7177777777777776
12.228,15.85,0.04,3.7255555555555557
12.248,15.99,-0.51,3.727777777777778
12.268,15.7,-1.41,3.716666666666667
12.288,15.43,-2.05,3.707777777777778
12.308,15.13,-2.44,3.69
12.328,14.84,-3.05,3.66
12.348,14.36,-3.6,3.6333333333333333
12.368,14.02,-4.13,3.6
12.388,13.31,-4.78,3.5588888888888888
12.408,12.88,-5.07,3.5122222222222224
12.428,12.05,-5.56,3.4566666666666666
12.448,11.48,-5.97,3.3955555555555557
12.468,10.91,-6.22,3.3333333333333335
12.488,10.03,-6.57,3.2655555555555558
12.508,9.45,-6.8,3.198888888888889
12.528,8.58,-7.09,3.1244444444444444
12.548,7.92,-7.22,3.048888888888889
12.568,7.01,-7.51,2.9722222222222223
12.588,6.36,-7.6,2.8922222222222222
12.608,5.39,-7.73,2.811111111111111
12.628,4.5,-7.62,2.7288888888888887
12.648,3.61,-8.47,2.5944444444444446
12.668,3.04,-7.88,2.5655555555555556
12.688,2.56,-7.91,2.482222222222222
12.708,1.7,-7.93,2.3955555555555557
12.728,1.31,-7.94,2.316666666666667
12.748,0.13,-7.46,2.2266666666666666
12.768,0.06,-7.42,2.1566666666666667
12.788,-0.89,-7.16,2.06
12.808,-1.19,-7.67,1.9744444444444444
12.828,-1.77,-7.38,1.89
12.848,-2.28,-7.56,1.8133333333333332
12.868,-2.49,-7.06,1.7355555555555555
12.888,-3.16,-7.16,1.6544444444444444
12.908,-3.15,-6.95,1.5777777777777777
12.928,-3.77,-7.07,1.5
12.948,-3.84,-6.72,1.4422222222222223
12.968,-5.09,-6.19,1.3944444444444444
12.988,-4.57,-6.45,1.2733333333333334
13.008,-5.01,-6.51,1.2022222222222223
13.028,-5.15,-6.26,1.1333333333333333
13.048,-5.51,-6.27,1.0644444444444445
13.068,-5.6,-6.04,0.9922222222222222
13.088,-5.89,-6.02,0.93
13.108,-6.02,-5.84,0.8622222222222222
13.128,-0.01,-0.01,-0.0011111111111111111
13.148,-0.01,-0.01,-0.0011111111111111111
13.168,-0.01,-0.01,-0.0011111111111111111
13.188,-0.01,-0.01,-0.0011111111111111111
13.208,-6.88,-5.44,0.5433333333333333
13.228,-6.92,-5.36,0.4822222222222222
13.248,-7.04,-5.33,0.4211111111111111
13.268,-7.13,-5.21,0.3611111111111111
13.288,-7.17,-5.25,0.3011111111111111
13.308,-7.2,-5.18,0.2411111111111111
13.328,-7.22,-5.17,0.18333333333333332
13.348,-7.25,-5.16,0.12444444444444444
13.368,-7.24,-5.19,0.06555555555555556
13.388,-7.24,-5.15,0.0044444444444444444
13.408,-7.24,-5.2,-0.051111111111111114
13.428,-7.22,-5.22,-0.10777777777777778
13.448,-7.17,-5.24,-0.16333333333333333
13.468,-7.15,-5.26,-0.22
13.488,-7.07,-5.32,-0.2777777777777778
13.508,-7.03,-5.34,-0.33555555555555555
13.528,-6.95,-5.4,-0.3933333333333333
13.548,-6.89,-5.42,-0.45111111111111113
13.568,-6.77,-5.49,-0.5111111111111111
13.588,-6.71,-5.57,-0.57
13.608,-6.55,-5.65,-0.6311111111111111
13.628,-6.46,-5.71,-0.69
13.648,-6.29,-5.82,-0.7533333333333333
13.668,-6.14,-5.89,-0.8166666666666667
13.688,-5.96,-5.99,-0.8788888888888889
13.708,-5.81,-6.08,-0.9433333333333334
13.728,-5.56,-6.23,-1.01
13.748,-5.36,-6.27,-1.0766666666666667
13.768,-5.06,-6.43,-1.1433333333333333
13.788,-4.87,-6.52,-1.2144444444444444
13.808,-4.51,-6.67,-1.2822222222222222
13.828,-4.27,-6.74,-1.3533333333333333
13.848,-3.83,-6.95,-1.4266666666666667
13.868,-3.56,-7.01,-1.5
13.888,-3.07,-7.12,-1.5766666666666667
13.908,-2.79,-7.22,-1.6544444444444444
13.928,-2.46,-7.16,-1.768888888888889
13.948,-1.99,-7.56,-1.801111111111111
13.968,-1.29,-7.54,-1.8855555555555557
13.988,-0.9,-7.65,-1.9633333333333334
14.008,-0.22,-7.72,-2.0455555555555556
14.028,0.15,-7.84,-2.1255555555555556
14.048,0.9,-7.85,-2.2111111111111112
14.068,1.39,-7.97,-2.2911111111111113
14.088,2.25,-8.1,-2.3733333333333335
14.108,2.6,-8.04,-2.4588888888888887
14.128,3.49,-8.17,-2.5344444444444445
14.148,4.04,-7.82,-2.6155555555555554
14.168,4.93,-7.87,-2.7
14.188,5.61,-7.73,-2.7777777777777777
14.208,6.76,-7.6,-2.8533333333333335
14.228,7.35,-7.35,-2.9322222222222223
14.248,8.29,-7.2,-3.0044444444444443
14.268,8.87,-6.99,-3.077777777777778
14.288,9.76,-6.65,-3.147777777777778
14.308,10.37,-6.46,-3.216666666666667
14.328,11.19,-6.0,-3.272222222222222
14.348,11.61,-6.1,-3.3244444444444445
14.368,12.41,-5.17,-3.338888888888889
14.388,13.01,-5.02,-3.437777777777778
14.408,13.61,-4.25,-3.4844444444444442
14.428,14.04,-4.08,-3.522222222222222
14.448,14.48,-3.19,-3.5544444444444445
14.468,14.89,-3.02,-3.5855555555555556
14.488,15.15,-2.11,-3.6044444444444443
14.508,15.4,-1.8,-3.6222222222222222
14.528,15.56,-0.95,-3.631111111111111
14.548,15.58,-0.59,-3.6344444444444446
14.568,15.64,0.22,-3.631111111111111
14.588,15.48,0.68,-3.6233333333333335
14.608,15.38,1.22,-3.601111111111111
14.628,15.19,1.75,-3.58
14.648,14.81,2.52,-3.5533333333333332
14.668,14.65,2.9,-3.5166666666666666
14.688,14.03,3.49,-3.48
14.708,13.64,4.05,-3.433333333333333
14.728,13.0,4.61,-3.3855555555555554
14.748,12.56,4.84,-3.3344444444444443
14.768,11.83,5.35,-3.2777777777777777
14.788,11.36,5.62,-3.2111111111111112
14.808,10.49,6.12,-3.1444444444444444
14.828,9.91,6.27,-3.0755555555555554
14.848,9.06,6.73,-2.9955555555555557
14.868,8.52,6.79,-2.931111111111111
14.888,7.63,7.1,-2.852222222222222
14.908,6.92,7.3,-2.76
14.928,6.18,7.45,-2.6755555555555555
14.948,5.62,7.52,-2.59
14.968,4.8,7.64,-2.5077777777777777
14.988,4.25,7.7,-2.4244444444444446
15.008,3.46,7.75,-2.34
15.028,2.9,7.79,-2.252222222222222
15.048,2.53,7.79,-2.1755555555555555
15.068,1.71,7.84,-2.082222222222222
15.088,0.87,7.69,-1.998888888888889
15.108,0.42,7.61,-1.9111111111111112
15.128,-0.05,7.75,-1.83
15.148,-0.45,7.6,-1.7477777777777779
15.168,-0.98,7.45,-1.6655555555555555
15.188,-1.26,7.3,-1.5811111111111111
15.208,-2.09,7.57,-1.5
15.228,-1.68,5.66,-1.4322222222222223
15.248,-2.53,6.88,-1.34
15.268,-2.75,7.19,-1.2544444444444445
15.288,-3.29,6.77,-1.1722222222222223
15.308,-3.6,6.91,-1.0911111111111111
15.328,-3.98,6.61,-1.0122222222222221
15.348,-4.19,6.73,-0.9333333333333333
15.368,-4.26,6.53,-0.8566666666666667
15.388,-4.41,6.65,-0.78
15.408,-4.42,6.51,-0.7011111111111111
15.428,-4.61,6.56,-0.6277777777777778
15.448,-5.01,6.24,-0.55
15.468,-5.16,6.26,-0.4766666666666667
15.488,-5.34,6.13,-0.4022222222222222
15.508,-5.33,6.17,-0.3277777777777778
15.528,-5.36,6.09,-0.2511111111111111
15.548,-5.42,6.07,-0.17444444444444446
15.568,-5.34,6.1,-0.09666666666666666
15.588,-5.36,6.13,-0.02
15.608,-5.31,6.17,0.057777777777777775
15.628,-5.3,6.18,0.13444444444444445
15.648,-5.23,6.2,0.21
15.668,-5.15,6.21,0.28444444444444444
15.688,-5.17,6.17,0.3611111111111111
15.708,-5.14,6.18,0.44
15.728,-4.99,6.24,0.5188888888888888
15.748,-4.85,6.33,0.5966666666666667
15.768,-4.67,6.4,0.6755555555555556
15.788,-4.54,6.45,0.7588888888888888
15.808,-4.24,6.55,0.8411111111111111
15.828,-3.97,6.6,0.9244444444444444
15.848,-3.6,6.75,1.0077777777777779
15.868,-3.32,6.82,1.09
15.888,-2.94,6.9,1.1777777777777778
15.908,-2.8,6.95,1.2655555555555555
15.928,-2.51,7.0,1.3511111111111112
15.948,-2.29,7.07,1.44
15.968,-1.85,7.14,1.531111111111111
15.988,-1.53,7.26,1.6211111111111112
16.008,-1.03,7.3,1.7144444444444444
16.028,-0.5,7.36,1.8055555555555556
16.048,0.31,7.42,1.9022222222222223
16.068,0.75,7.53,1.9944444444444445
16.088,1.45,7.53,2.0922222222222224
16.108,1.94,7.57,2.188888888888889
16.128,2.75,7.59,2.2866666666666666
16.148,3.22,7.5,2.38
16.168,3.59,7.76,2.4833333333333334
16.188,4.69,7.42,2.5744444444444445
16.208,5.68,7.34,2.667777777777778
16.228,6.25,7.22,2.763333333333333
16.248,7.48,7.08,2.8577777777777778
16.268,7.89,6.88,2.948888888888889
16.288,8.86,6.8,3.0588888888888888
16.308,9.58,6.49,3.121111111111111
16.328,10.34,6.2,3.207777777777778
16.348,10.89,5.98,3.2888888888888888
16.368,11.55,5.63,3.3755555555555556
16.388,12.32,5.05,3.431111111111111
16.408,13.62,4.69,3.4955555555555557
16.428,14.01,3.99,3.5544444444444445
16.448,14.49,3.96,3.5922222222222224
16.468,14.73,3.58,3.6355555555555554
16.488,15.01,3.28,3.6744444444444446
16.508,15.22,2.9,3.7111111111111112
16.528,15.63,2.22,3.7444444444444445
16.548,15.9,1.45,3.7666666666666666
16.568,16.07,0.42,3.778888888888889
16.588,16.12,-0.46,3.78
16.608,15.92,-1.19,3.7755555555555556
16.628,15.75,-1.8,3.763333333333333
16.648,15.56,-2.28,3.7444444444444445
16.668,15.32,-2.38,3.7266666666666666
16.688,14.99,-3.19,3.6944444444444446
16.708,14.57,-3.49,3.661111111111111
16.728,14.01,-4.21,3.6222222222222222
16.748,13.57,-4.72,3.58
16.768,12.8,-5.26,3.5277777777777777
16.788,12.2,-5.72,3.473333333333333
16.808,11.23,-6.14,3.41
16.828,10.66,-6.42,3.3455555555555554
16.848,9.79,-6.68,3.2744444444444443
16.868,9.23,-6.97,3.203333333333333
16.888,8.26,-7.15,3.128888888888889
16.908,7.65,-7.29,3.0533333333333332
16.928,6.71,-7.56,2.9722222222222223
16.948,6.02,-7.67,2.8933333333333335
16.968,5.07,-7.7,2.807777777777778
16.988,4.53,-7.66,2.683333333333333
17.008,3.53,-7.97,2.6455555555555557
17.028,2.93,-7.78,2.56
17.048,2.12,-7.97,2.4755555555555557
17.068,1.69,-7.8,2.3944444444444444
17.088,0.89,-7.89,2.3066666666666666
17.108,0.4,-7.65,2.221111111111111
17.128,-0.35,-7.75,2.14
17.148,-0.77,-7.49,2.0544444444444445
17.168,-1.61,-7.45,1.9722222222222223
17.188,-2.06,-7.32,1.8955555555555557
17.208,-2.59,-7.22,1.8122222222222222
17.228,-2.83,-7.08,1.7377777777777779
17.248,-3.42,-6.83,1.7066666666666668
17.268,-4.63,-8.47,1.5266666666666666
17.288,-4.4,-5.78,1.5666666666666667
17.308,-4.7,-6.89,1.4422222222222223
17.328,-4.6,-6.21,1.36
17.348,-5.07,-6.24,1.2922222222222222
17.368,-5.19,-5.86,1.22
17.388,-5.67,-6.02,1.1533333333333333
17.408,-5.8,-5.59,1.0877777777777777
17.428,-6.12,-5.86,1.0222222222222221
17.448,-6.27,-5.59,0.9544444444444444
17.468,-6.49,-5.5,0.8944444444444445
17.488,-6.67,-5.35,0.8311111111111111
17.508,-6.71,-5.34,0.77
17.528,-6.86,-5.2,0.7077777777777777
17.548,-7.01,-5.15,0.65
17.568,-7.12,-5.09,0.5877777777777777
17.588,-7.25,-5.01,0.5322222222222223
17.608,-7.32,-4.96,0.47333333333333333
17.628,-7.38,-4.9,0.41888888888888887
17.648,-7.48,-4.86,0.3622222222222222
17.668,-7.44,-4.79,0.30777777777777776
17.688,-7.53,-4.79,0.25
17.708,-7.55,-4.72,0.19777777777777777
17.728,-7.61,-4.77,0.14444444444444443
17.748,-7.61,-4.69,0.09
17.768,-7.65,-4.76,0.034444444444444444
17.788,-7.66,-4.71,-0.016666666666666666
17.808,-7.67,-4.77,-0.07111111111111111
17.828,-7.65,-4.74,-0.12333333333333334
17.848,-7.63,-4.83,-0.17555555555555555
17.868,-7.56,-4.84,-0.22777777777777777
17.888,-7.54,-4.88,-0.2811111111111111
17.908,-7.5,-4.89,-0.33111111111111113
17.928,-7.43,-4.95,-0.3877777777777778
17.948,-7.4,-4.99,-0.44
17.968,-7.3,-5.07,-0.49444444444444446
17.988,-7.2,-5.11,-0.55
18.008,-7.06,-5.22,-0.6077777777777778
18.028,-6.95,-5.27,-0.6644444444444444
18.048,-6.78,-5.38,-0.7222222222222222
18.068,-6.69,-5.46,-0.78
18.088,-6.5,-5.55,-0.84
18.108,-6.38,-5.69,-0.9011111111111111
18.128,-6.17,-5.81,-0.96
18.148,-5.99,-5.87,-1.0244444444444445
18.168,-5.65,-6.06,-1.0877777777777777
18.188,-5.44,-6.17,-1.1533333333333333
18.208,-5.16,-6.33,-1.221111111111111
18.228,-4.93,-6.43,-1.291111111111111
18.248,-4.55,-6.61,-1.3588888888888888
18.268,-4.3,-6.64,-1.4266666666666667
18.288,-3.88,-6.86,-1.5
18.308,-3.58,-6.98,-1.5711111111111111
18.328,-3.1,-7.14,-1.6466666666666667
18.348,-2.78,-7.18,-1.72
18.368,-2.48,-7.1,-1.8111111111111111
18.388,-1.02,-7.98,-1.9222222222222223
18.408,-1.3,-7.53,-1.95
18.428,-0.78,-7.62,-2.028888888888889
18.448,-0.09,-7.75,-2.112222222222222
18.468,0.3,-7.8,-2.192222222222222
18.488,1.06,-7.89,-2.2755555555555556
18.508,1.61,-7.92,-2.3566666666666665
18.528,2.36,-8.06,-2.44
18.548,3.09,-7.77,-2.5233333333333334
18.568,3.7,-7.94,-2.6033333333333335
18.588,4.44,-7.86,-2.6844444444444444
18.608,5.35,-7.89,-2.7622222222222224
18.628,5.89,-7.61,-2.8455555555555554
18.648,6.84,-7.62,-2.918888888888889
18.668,7.4,-7.38,-3.0
18.688,8.36,-7.21,-3.07
18.708,8.94,-7.03,-3.1422222222222222
18.728,9.84,-6.66,-3.212222222222222
18.748,10.41,-6.49,-3.278888888888889
18.768,11.3,-6.07,-3.3355555555555556
18.788,11.61,-6.15,-3.321111111111111
18.808,12.66,-5.24,-3.4544444444444444
18.828,13.08,-4.98,-3.5033333333333334
18.848,13.75,-4.39,-3.5444444444444443
18.868,14.18,-3.98,-3.581111111111111
18.888,14.65,-3.31,-3.612222222222222
18.908,15.04,-2.87,-3.64
18.928,15.37,-2.16,-3.66
18.948,15.53,-1.65,-3.671111111111111
18.968,15.75,-0.89,-3.68
18.988,15.79,-0.49,-3.68
19.008,15.83,0.28,-3.671111111111111
19.028,15.7,0.77,-3.661111111111111
19.048,15.51,1.57,-3.6422222222222222
19.068,15.43,1.7,-3.621111111111111
19.088,14.82,2.55,-3.588888888888889
19.108,14.55,2.96,-3.55
19.128,13.81,3.99,-3.5122222222222224
19.148,13.46,4.26,-3.46
19.168,12.77,4.83,-3.41
19.188,12.31,5.23,-3.3533333333333335
19.208,11.4,5.72,-3.29
19.228,10.8,5.85,-3.232222222222222
19.248,10.14,6.26,-3.1577777777777776
19.268,9.54,6.53,-3.0766666666666667
19.288,8.57,6.65,-2.997777777777778
19.308,8.09,7.03,-2.9255555555555555
19.328,7.23,7.13,-2.8444444444444446
19.348,6.7,7.18,-2.7377777777777776
19.368,5.62,7.34,-2.6544444444444446
19.388,5.1,7.55,-2.56
19.408,4.16,7.5,-2.4655555555555555
19.428,3.64,7.58,-2.3766666666666665
19.448,2.98,7.58,-2.2844444444444445
19.468,2.46,7.7,-2.19
19.488,1.65,7.54,-2.0944444444444446
19.508,1.07,7.45,-2.0
19.528,0.51,7.53,-1.9055555555555554
19.548,0.34,7.53,-1.8144444444444445
19.568,0.04,7.55,-1.72
19.588,-0.22,7.48,-1.63
19.608,-1.02,7.32,-1.541111111111111
19.628,-1.64,7.12,-1.4555555555555555
19.648,-2.77,7.35,-1.37
19.668,-2.16,6.91,-1.2766666666666666
19.688,-3.12,6.25,-1.1955555555555555
19.708,-3.35,7.27,-1.11
19.728,-3.29,6.7,-1.0277777777777777
19.748,-3.41,7.0,-0.94
19.768,-3.43,6.77,-0.8588888888888889
19.788,-3.71,6.84,-0.7766666666666666
19.808,-3.93,6.64,-0.6933333333333334
19.828,-4.27,6.62,-0.6122222222222222
19.848,-4.58,6.5,-0.5322222222222223
19.868,-4.62,6.49,-0.45555555555555555
19.888,-4.89,6.44,-0.37444444444444447
19.908,-4.89,6.44,-0.2966666666666667
19.928,-4.93,6.16,-0.21666666666666667
19.948,-4.99,6.57,-0.1411111111111111
19.968,-4.72,6.35,-0.06444444444444444
19.988,-4.68,6.61,0.013333333333333334
20.008,-4.58,6.53,0.09
20.028,-4.75,6.57,0.16666666666666666
20.048,-4.87,6.5,0.2411111111111111
20.068,-5.0,6.46,0.31333333333333335
20.088,-5.16,6.35,0.3888888888888889
20.108,-5.07,6.44,0.46111111111111114
20.128,-4.65,6.55,0.5388888888888889
20.148,-4.33,6.71,0.6155555555555555
20.168,-3.91,6.82,0.6911111111111111
20.188,-3.74,6.88,0.77
20.208,-3.41,6.96,0.8455555555555555
20.228,-3.27,7.01,0.9255555555555556
20.248,-2.98,7.07,1.0066666666666666
20.268,-2.83,7.08,1.0877777777777777
20.288,-2.69,7.13,1.1688888888888889
20.308,-2.54,7.16,1.251111111111111
20.328,-2.13,7.22,1.3344444444444445
20.348,-1.78,7.34,1.4188888888888889
20.368,-1.35,7.39,1.5066666666666666
20.388,-0.95,7.5,1.59
20.408,-0.22,7.49,1.6777777777777778
20.428,0.14,7.59,1.7677777777777777
20.448,0.51,7.6,1.8544444444444443
20.468,1.1,7.76,1.9455555555555555
20.488,1.55,7.7,2.0344444444444445
20.508,2.39,7.63,2.1277777777777778
20.528,2.91,7.69,2.218888888888889
20.548,3.65,7.83,2.307777777777778
20.568,3.57,7.78,2.4077777777777776
20.588,5.01,7.67,2.49
20.608,5.49,7.46,2.5722222222222224
20.628,6.49,7.28,2.66
20.648,7.49,7.03,2.7466666666666666
20.668,8.01,6.9,2.828888888888889
20.688,8.71,6.84,2.9366666666666665
20.708,9.22,6.54,2.9877777777777776
20.728,9.96,6.27,3.0677777777777777
20.748,10.46,6.07,3.141111111111111
20.768,10.97,5.86,3.2311111111111113
20.788,11.83,5.11,3.28
20.808,13.0,4.51,3.351111111111111
20.828,13.26,4.44,3.402222222222222
20.848,13.92,3.7,3.45
20.868,14.45,2.9,3.493333333333333
20.888,14.7,2.67,3.526666666666667
20.908,15.03,2.16,3.557777777777778
20.928,15.26,1.97,3.582222222222222
20.948,15.21,1.98,3.6066666666666665
20.968,15.34,1.79,3.6233333333333335
20.988,15.7,0.92,3.641111111111111
21.008,15.75,-0.3,3.64
21.028,15.65,-2.31,3.6455555555555557
21.048,15.05,-2.12,3.621111111111111
21.068,14.79,-3.28,3.5933333333333333
21.088,14.53,-3.18,3.5588888888888888
21.108,14.14,-3.74,3.528888888888889
21.128,13.91,-3.72,3.49
21.148,13.35,-4.39,3.4466666666666668
21.168,12.93,-4.56,3.408888888888889
21.188,12.29,-5.31,3.358888888888889
21.208,11.51,-5.81,3.296666666666667
21.228,10.52,-6.38,3.2344444444444442
21.248,9.77,-6.58,3.1644444444444444
21.268,8.95,-6.96,3.0966666666666667
21.288,8.55,-7.09,3.022222222222222
21.308,7.82,-7.24,2.942222222222222
21.328,7.28,-7.32,2.8644444444444446
21.348,6.39,-7.52,2.787777777777778
21.368,5.8,-7.63,2.7055555555555557
21.388,4.82,-7.7,2.62
21.408,4.27,-7.64,2.5
21.428,3.19,-7.98,2.4633333333333334
21.448,2.69,-7.85,2.3766666666666665
21.468,2.0,-7.97,2.2955555555555556
21.488,1.45,-7.91,2.207777777777778
21.508,0.86,-7.87,2.121111111111111
21.528,0.38,-7.77,2.04
21.548,-0.32,-7.73,1.9555555555555555
21.568,-0.73,-7.66,1.8733333333333333
21.588,-1.34,-7.59,1.791111111111111
21.608,-1.74,-7.33,1.7055555555555555
21.628,-2.44,-7.42,1.6288888888888888
21.648,-2.5,-7.31,1.5455555555555556
21.668,-3.07,-7.18,1.468888888888889
21.688,-3.19,-7.17,1.3911111111111112
21.708,-3.61,-7.38,1.3244444444444445
21.728,-3.59,-7.1,1.2944444444444445
21.748,-2.32,-10.38,1.2255555555555555
21.768,-4.56,-5.71,1.09
21.788,-5.33,-6.58,1.0144444444444445
21.808,-4.79,-6.29,0.9411111111111111
21.828,-5.56,-6.76,0.8711111111111111
21.848,-5.19,-6.05,0.8
21.868,-5.73,-6.58,0.73
21.888,-5.61,-5.93,0.66
21.908,-6.0,-6.35,0.59
21.928,-5.98,-5.87,0.5233333333333333
21.948,-6.18,-5.96,0.45444444444444443
21.968,-6.23,-5.8,0.3888888888888889
21.988,-6.33,-5.89,0.32222222222222224
22.008,-6.39,-5.78,0.25666666666666665
22.028,-6.5,-5.87,0.19444444444444445
22.048,-6.45,-5.77,0.1288888888888889
22.068,-6.53,-5.87,0.06333333333333334
22.088,-6.44,-5.75,-0.0022222222222222222
22.108,-6.49,-5.86,-0.06666666666666667
22.128,-6.45,-5.84,-0.13
22.148,-6.42,-5.92,-0.19333333333333333
22.168,-6.39,-5.89,-0.25666666666666665
22.188,-6.34,-5.96,-0.3211111111111111
22.208,-6.25,-5.97,-0.38333333333333336
22.228,-6.15,-6.05,-0.45
22.248,-6.04,-6.06,-0.5155555555555555
22.268,-5.91,-6.15,-0.58
22.288,-5.81,-6.2,-0.6477777777777778
22.308,-5.65,-6.31,-0.71
22.328,-5.53,-6.36,-0.78
22.348,-5.32,-6.45,-0.8477777777777777
22.368,-5.15,-6.48,-0.9177777777777778
22.388,-4.9,-6.62,-0.9855555555555555
22.408,-4.68,-6.7,-1.0566666666666666
22.428,-4.44,-6.83,-1.1322222222222222
22.448,-4.18,-6.9,-1.2
22.468,-3.82,-7.02,-1.2755555555555556
22.488,-3.57,-7.15,-1.3522222222222222
22.508,-3.17,-7.22,-1.4277777777777778
22.528,-2.83,-7.3,-1.5044444444444445
22.548,-2.56,-7.27,-1.6088888888888888
22.568,-1.41,-7.84,-1.6733333333333333
22.588,-1.5,-7.54,-1.7366666666666666
22.608,-1.11,-7.69,-1.82
22.628,-0.54,-7.73,-1.9
22.648,-0.06,-7.8,-1.9822222222222223
22.668,0.54,-7.88,-2.062222222222222
22.688,1.02,-7.9,-2.1466666666666665
22.708,1.69,-7.95,-2.23
22.728,2.21,-8.0,-2.31
22.748,3.18,-7.81,-2.3966666666666665
22.768,3.53,-8.06,-2.473333333333333
22.788,4.44,-7.79,-2.5555555555555554
22.808,4.87,-7.86,-2.638888888888889
22.828,5.82,-7.59,-2.7155555555555555
22.848,6.3,-7.66,-2.7911111111111113
22.868,7.2,-7.31,-2.8666666666666667
22.888,8.11,-7.17,-2.937777777777778
22.908,8.94,-6.9,-3.01
22.928,9.57,-6.64,-3.0755555555555554
22.948,10.33,-6.34,-3.1422222222222222
22.968,10.92,-6.02,-3.2
22.988,11.52,-5.96,-3.2
23.008,12.07,-5.14,-3.3155555555555556
23.028,12.85,-4.86,-3.3644444444444446
23.048,13.29,-4.3,-3.4033333333333333
23.068,13.87,-3.91,-3.4455555555555555
23.088,14.13,-3.26,-3.4588888888888887
23.108,14.67,-2.8,-3.502222222222222
23.128,14.79,-2.23,-3.51
23.148,15.09,-1.6,-3.5355555555555553
23.168,15.28,-1.13,-3.54
23.188,15.28,-0.48,-3.5477777777777777
23.208,15.4,0.04,-3.5455555555555556
23.228,15.38,0.58,-3.53
23.248,15.05,1.14,-3.513333333333333
23.268,14.82,2.16,-3.4966666666666666
23.288,14.67,2.29,-3.4655555555555555
23.308,14.34,2.96,-3.43
23.328,13.82,3.39,-3.391111111111111
23.348,13.3,4.06,-3.3444444444444446
23.368,13.02,4.39,-3.2911111111111113
23.388,12.31,4.81,-3.2377777777777776
23.408,11.7,5.09,-3.1744444444444446
23.428,10.86,5.68,-3.111111111111111
23.448,10.51,6.06,-3.0433333333333334
23.468,9.85,6.22,-2.9544444444444444
23.488,9.31,6.18,-2.8755555555555556
23.508,8.48,6.56,-2.801111111111111
23.528,7.82,6.72,-2.7355555555555555
23.548,6.84,7.21,-2.6233333333333335
23.568,6.31,7.1,-2.578888888888889
23.588,5.55,7.34,-2.4411111111111112
23.608,4.97,7.4,-2.3955555555555557
23.628,4.14,7.5,-2.2511111111111113
23.648,3.62,7.43,-2.2022222222222223
23.668,3.0,7.47,-2.06
23.688,2.71,7.52,-2.0122222222222224
23.708,2.0,7.6,-1.8655555555555556
23.728,1.75,7.47,-1.8177777777777777
23.748,1.09,7.43,-1.6744444444444444
23.768,0.75,7.55,-1.6255555555555556
23.788,0.19,7.48,-1.481111111111111
23.808,-0.08,7.5,-1.43
23.828,-0.76,7.38,-1.2922222222222222
23.848,-1.1,7.29,-1.2
23.868,-1.72,7.72,-1.1088888888888888
23.888,-1.7,7.43,-1.03
23.908,-2.27,8.11,-0.9288888888888889
23.928,-1.95,6.98,-0.8355555555555556
23.948,-2.59,7.43,-0.7888888888888889
23.968,-2.75,6.97,-0.6588888888888889
23.988,-3.46,7.02,-0.6144444444444445
24.008,-3.74,6.86,-0.53
24.028,-3.81,6.97,-0.4444444444444444
24.048,-3.69,6.84,-0.36
24.068,-3.29,7.09,-0.2788888888888889
24.088,-3.16,7.04,-0.19111111111111112
24.108,-3.16,7.12,-0.10888888888888888
24.128,-3.13,7.09,-0.023333333333333334
24.148,-3.3,7.12,0.09888888888888889
24.168,-3.39,7.04,0.14
24.188,-3.58,7.01,0.2644444444444444
24.208,-3.55,7.05,0.30666666666666664
24.228,-3.26,7.11,0.43
24.248,-3.07,7.18,0.47
24.268,-2.81,7.2,0.5988888888888889
24.288,-2.6,7.25,0.6411111111111111
24.308,-2.25,7.3,0.77
24.328,-2.07,7.32,0.8144444444444444
24.348,-1.99,7.31,0.9433333333333334
24.368,-1.87,7.34,0.99
24.388,-1.57,7.39,1.0744444444444445
24.408,-1.3,7.41,1.1644444444444444
24.428,-0.99,7.5,1.2544444444444445
24.448,-0.68,7.52,1.3444444444444446
24.468,-0.05,7.58,1.4333333333333333
24.488,0.4,7.61,1.528888888888889
24.508,1.16,7.65,1.6177777777777778
24.528,1.61,7.58,1.71
24.548,2.24,7.56,1.8
24.568,2.64,7.5,1.89
24.588,3.07,7.61,1.98
24.608,3.43,7.73,2.071111111111111
24.628,3.91,7.66,2.16
24.648,4.73,7.53,2.25
24.668,5.43,7.34,2.34
24.688,5.96,7.25,2.4322222222222223
24.708,7.02,6.98,2.5155555555555558
24.728,7.6,6.85,2.597777777777778
24.748,8.13,6.77,2.6844444444444444
24.768,8.6,6.68,2.778888888888889
24.788,9.11,6.44,2.881111111111111
24.808,10.01,6.03,2.92
24.828,10.9,5.48,2.9966666666666666
24.848,11.45,5.17,3.08
24.868,12.53,4.66,3.131111111111111
24.888,12.79,4.3,3.201111111111111
24.908,13.31,3.7,3.256666666666667
24.928,13.61,3.56,3.3088888888888888
24.948,14.23,2.83,3.36
24.968,14.76,2.29,3.4077777777777776
24.988,15.08,1.42,3.44
25.008,15.0,0.98,3.4755555555555557
25.028,14.91,0.66,3.4944444444444445
25.048,15.24,0.36,3.5122222222222224
25.068,15.45,-0.38,3.533333333333333
25.088,15.27,-0.87,3.5388888888888888
25.108,14.83,-1.78,3.5411111111111113
25.128,14.92,-2.33,3.54
25.148,14.7,-3.19,3.5244444444444443
25.168,14.37,-3.9,3.51
25.188,13.7,-4.22,3.482222222222222
25.208,13.31,-4.32,3.4455555555555555
25.228,13.36,-4.24,3.4133333333333336
25.248,13.08,-3.24,3.3744444444444444
25.268,13.11,-4.98,3.338888888888889
25.288,12.66,-5.24,3.29
25.308,10.74,-6.39,3.2344444444444442
25.328,9.29,-7.01,3.168888888888889
25.348,7.53,-7.5,3.091111111111111
25.368,7.15,-7.62,3.0188888888888887
25.388,6.82,-7.6,2.9366666666666665
25.408,6.58,-7.39,2.8577777777777778
25.428,6.08,-7.48,2.7755555555555556
25.448,5.73,-7.4,2.6955555555555555
25.468,5.12,-7.64,2.62
25.488,4.67,-7.74,2.5322222222222224
25.508,3.18,-8.73,2.398888888888889
25.528,2.62,-8.08,2.368888888888889
25.548,1.27,-7.93,2.2855555555555553
25.568,0.66,-7.71,2.198888888888889
25.588,0.18,-7.81,2.111111111111111
25.608,0.1,-7.75,2.031111111111111
25.628,-0.07,-7.89,1.9444444444444444
25.648,-0.41,-7.69,1.8588888888888888
25.668,-1.04,-7.68,1.7777777777777777
25.688,-1.48,-7.52,1.6955555555555555
25.708,-2.21,-7.45,1.6144444444444443
25.728,-2.65,-7.35,1.5344444444444445
25.748,-4.15,-7.99,1.461111111111111
25.768,-0.51,-8.71,1.3544444444444443
25.788,-4.1,-6.75,1.3533333333333333
25.808,-4.45,-7.34,1.2244444444444444
25.828,-4.14,-6.8,1.1444444444444444
25.848,-4.65,-7.06,1.068888888888889
25.868,-4.68,-6.33,0.9944444444444445
25.888,-5.08,-6.75,0.9211111111111111
25.908,-5.24,-6.15,0.85
25.928,-5.56,-6.43,0.7788888888888889
25.948,-5.63,-6.14,0.7066666666666667
25.968,-5.85,-6.25,0.6377777777777778
25.988,-5.8,-6.16,0.5677777777777778
26.008,-5.99,-6.22,0.49777777777777776
26.028,-6.02,-6.07,0.4311111111111111
26.048,-6.16,-6.14,0.36333333333333334
26.068,-6.22,-5.99,0.29555555555555557
26.088,-6.33,-6.03,0.23
26.108,-6.32,-5.94,0.16111111111111112
26.128,-6.35,-5.95,0.09555555555555556
26.148,-6.31,-5.95,0.028888888888888888
26.168,-6.29,-5.98,-0.035555555555555556
26.188,-6.22,-5.99,-0.10111111111111111
26.208,-6.17,-6.04,-0.16666666666666666
26.228,-6.08,-6.06,-0.2311111111111111
26.248,-6.07,-6.11,-0.29555555555555557
26.268,-6.01,-6.15,-0.35777777777777775
26.288,-5.96,-6.18,-0.4266666666666667
26.308,-5.86,-6.21,-0.4922222222222222
26.328,-5.77,-6.27,-0.56
26.348,-5.62,-6.35,-0.6233333333333333
26.368,-5.51,-6.42,-0.6922222222222222
26.388,-5.28,-6.51,-0.7633333333333333
26.408,-5.17,-6.59,-0.83
26.428,-5.0,-6.61,-0.9022222222222223
26.448,-4.74,-6.71,-0.9722222222222222
26.468,-4.55,-6.8,-1.0444444444444445
26.488,-4.22,-6.91,-1.12
26.508,-3.98,-6.99,-1.19
26.528,-3.6,-7.13,-1.2655555555555555
26.548,-3.31,-7.14,-1.34
26.568,-2.9,-7.28,-1.4166666666666667
26.588,-2.67,-7.26,-1.5
26.608,-1.48,-7.86,-1.6211111111111112
26.628,-1.84,-7.56,-1.6477777777777778
26.648,-1.26,-7.66,-1.73
26.668,-0.9,-7.72,-1.81
26.688,-0.27,-7.78,-1.89
26.708,0.3,-7.87,-1.9733333333333334
26.728,0.77,-7.97,-2.0566666666666666
26.748,1.73,-7.92,-2.1366666666666667
26.768,2.28,-8.01,-2.22
26.788,3.05,-7.86,-2.3044444444444445
26.808,3.48,-8.08,-2.3855555555555554
26.828,4.45,-7.85,-2.4677777777777776
26.848,4.95,-7.9,-2.5477777777777777
26.868,5.52,-7.65,-2.6244444444444444
26.888,6.33,-7.64,-2.7055555555555557
26.908,6.96,-7.42,-2.78
26.928,7.75,-7.27,-2.8544444444444443
26.948,8.33,-7.04,-2.9266666666666667
26.968,9.16,-6.82,-2.9944444444444445
26.988,9.73,-6.61,-3.06
27.008,10.53,-6.17,-3.1255555555555556
27.028,11.08,-5.96,-3.187777777777778
27.048,12.18,-4.57,-3.168888888888889
27.068,12.36,-5.12,-3.2977777777777777
27.088,13.02,-4.51,-3.3466666666666667
27.108,13.35,-4.22,-3.387777777777778
27.128,14.01,-3.6,-3.421111111111111
27.148,14.32,-3.19,-3.4522222222222223
27.168,14.72,-2.51,-3.4788888888888887
27.188,14.94,-2.07,-3.4988888888888887
27.208,15.17,-1.43,-3.5155555555555558
27.228,15.22,-0.99,-3.522222222222222
27.248,15.26,-0.34,-3.522222222222222
27.268,15.25,0.13,-3.52
27.288,15.13,0.89,-3.508888888888889
27.308,14.94,1.27,-3.488888888888889
27.328,14.81,2.16,-3.4722222222222223
27.348,14.37,2.52,-3.442222222222222
27.368,14.15,3.17,-3.4066666666666667
27.388,13.6,3.52,-3.3644444444444446
27.408,13.17,4.22,-3.3177777777777777
27.428,12.8,4.39,-3.27
27.448,12.28,4.94,-3.216666666666667
27.468,11.71,5.26,-3.1555555555555554
27.488,10.98,5.69,-3.0955555555555554
27.508,10.38,5.79,-3.031111111111111
27.528,9.57,6.23,-2.9588888888888887
27.548,9.08,6.51,-2.88
27.568,8.18,6.87,-2.807777777777778
27.588,7.44,7.02,-2.756666666666667
27.608,6.71,7.12,-2.637777777777778
27.628,6.22,7.2,-2.5522222222222224
27.648,5.44,7.36,-2.468888888888889
27.668,4.98,7.6,-2.382222222222222
27.688,3.87,7.59,-2.2933333333333334
27.708,3.26,7.55,-2.2022222222222223
27.728,2.35,7.46,-2.111111111111111
27.748,1.51,7.72,-2.028888888888889
27.768,1.33,7.57,-1.9255555555555555
27.788,1.05,7.63,-1.83
27.808,0.55,7.61,-1.7344444444444445
27.828,0.22,7.46,-1.64
27.848,-0.35,7.33,-1.5433333333333332
27.868,-0.66,7.27,-1.451111111111111
27.888,-1.1,7.24,-1.3566666666666667
27.908,-1.51,7.64,-1.2644444444444445
27.928,-1.27,5.87,-1.1711111111111112
27.948,-2.49,7.77,-1.0711111111111111
27.968,-2.47,5.89,-0.9833333333333333
27.988,-3.44,5.4,-0.8644444444444445
28.008,-3.9,5.03,-0.6455555555555555
28.028,-2.68,4.95,-0.45444444444444443
28.048,-3.14,6.86,-0.28888888888888886
28.068,-2.33,6.95,-0.19333333333333333
28.088,-2.42,7.02,-0.10777777777777778
28.108,-2.54,7.05,-0.014444444444444444
28.128,-2.82,6.91,0.07333333333333333
28.148,-3.05,7.05,0.16
28.168,-2.93,7.03,0.24888888888888888
28.188,-2.77,7.12,0.3377777777777778
28.208,-2.43,7.31,0.4222222222222222
28.228,-2.15,7.34,0.5111111111111111
28.248,-2.16,7.32,0.6
28.268,-2.26,7.39,0.6888888888888889
28.288,-2.52,7.23,0.7777777777777778
28.308,-2.51,7.27,0.8677777777777778
28.328,-2.62,7.25,0.9588888888888889
28.348,-2.66,7.21,1.05
28.368,-2.25,7.25,1.1444444444444444
28.388,-1.76,7.33,1.2377777777777779
28.408,-1.0,7.45,1.3288888888888888
28.428,-0.45,7.47,1.4233333333333333
28.448,0.29,7.54,1.5166666666666666
28.468,0.81,7.53,1.6122222222222222
28.488,1.49,7.45,1.7066666666666668
28.508,1.84,7.56,1.801111111111111
28.528,2.83,7.49,1.8977777777777778
28.548,3.24,7.57,1.99
28.568,3.6,7.6,2.09
28.588,4.21,8.08,2.1777777777777776
28.608,5.45,7.24,2.276666666666667
28.628,6.04,7.22,2.371111111111111
28.648,7.19,6.84,2.4555555555555557
28.668,7.2,6.78,2.55
28.688,7.91,6.6,2.6433333333333335
28.708,8.69,6.46,2.76
28.728,9.25,6.15,2.8144444444444443
28.748,9.58,6.17,2.9066666666666667
28.768,9.79,6.08,2.9922222222222223
28.788,10.07,5.99,3.0877777777777777
28.808,11.06,5.36,3.1733333333333333
28.828,12.25,4.49,3.258888888888889
28.848,13.73,3.65,3.3244444444444445
28.868,14.34,3.13,3.391111111111111
28.888,14.52,2.33,3.438888888888889
28.908,14.48,2.73,3.49
28.928,15.14,2.17,3.537777777777778
28.948,15.46,1.87,3.58
28.968,16.07,2.97,3.62
28.988,-0.34,0.07,3.5355555555555553
29.008,17.19,3.97,3.5855555555555556
29.028,13.85,-3.43,3.601111111111111
29.048,15.45,-0.95,3.578888888888889
29.068,14.8,-2.08,3.5944444444444446
29.088,14.39,-2.45,3.5755555555555554
29.108,13.84,-2.66,3.5644444444444443
29.128,14.39,-2.84,3.5322222222222224
29.148,14.21,-3.74,3.5055555555555555
29.168,14.4,-3.88,3.4566666666666666
29.188,13.48,-4.62,3.42
29.208,12.65,-5.2,3.3666666666666667
29.228,11.73,-5.75,3.312222222222222
29.248,10.72,-6.06,3.252222222222222
29.268,10.47,-6.33,3.187777777777778
29.288,9.56,-6.57,3.12
29.308,9.15,-6.64,3.0477777777777777
29.328,8.0,-6.92,2.9755555555555557
29.348,7.39,-7.19,2.9044444444444446
29.368,6.39,-7.35,2.8255555555555554
29.388,5.77,-7.6,2.7422222222222223
29.408,4.7,-7.71,2.658888888888889
29.428,3.99,-7.83,2.4955555555555557
29.448,2.87,-7.93,2.4922222222222223
29.468,2.38,-7.78,2.4055555555555554
29.488,1.86,-7.89,2.3177777777777777
29.508,1.71,-7.78,2.232222222222222
29.528,1.33,-7.84,2.1466666666666665
29.548,0.67,-7.75,2.06
29.568,-0.01,-7.59,1.9733333333333334
29.588,-0.64,-7.73,1.8966666666666667
29.608,-1.29,-7.56,1.8077777777777777
29.628,-1.72,-7.48,1.7255555555555555
29.648,-2.15,-7.4,1.6455555555555557
29.668,-2.53,-7.15,1.56
29.688,-2.98,-7.11,1.478888888888889
29.708,-3.25,-7.07,1.3977777777777778
29.728,-3.59,-6.97,1.318888888888889
29.748,-3.89,-7.01,1.241111111111111
29.768,-3.96,-6.8,1.1955555555555555
29.788,-6.88,-5.98,1.0766666666666667
29.808,-5.59,-4.7,1.0788888888888888
29.828,-4.45,-6.68,0.9366666666666666
29.848,-5.04,-6.4,0.8611111111111112
29.868,-5.51,-6.02,0.7922222222222223
29.888,-5.53,-5.97,0.72
29.908,-5.69,-6.41,0.65
29.928,-5.86,-5.92,0.58
29.948,-6.13,-6.2,0.51
29.968,-6.13,-6.02,0.44
29.988,-6.27,-6.01,0.37222222222222223
30.008,-6.42,-5.96,0.3055555555555556
30.028,-6.26,-5.96,0.2388888888888889
30.048,-6.38,-6.04,0.17222222222222222
30.068,-6.31,-5.84,0.10666666666666667
30.088,-6.31,-5.95,0.04
30.108,-6.19,-5.92,-0.025555555555555557
30.128,-6.07,-6.04,-0.09
30.148,-5.99,-6.02,-0.15888888888888889
30.168,-5.96,-6.04,-0.2222222222222222
30.188,-5.92,-6.05,-0.2877777777777778
30.208,-5.94,-6.08,-0.3511111111111111
30.228,-5.93,-6.07,-0.41888888888888887
30.248,-5.85,-6.16,-0.48444444444444446
30.268,-5.8,-6.24,-0.5522222222222222
30.288,-5.7,-6.32,-0.62
30.308,-5.59,-6.4,-0.6877777777777778
30.328,-5.39,-6.49,-0.7566666666666667
30.348,-5.27,-6.56,-0.8266666666666667
30.368,-5.12,-6.6,-0.8966666666666666
30.388,-4.96,-6.63,-0.97
30.408,-4.69,-6.79,-1.038888888888889
30.428,-4.44,-6.81,-1.1088888888888888
30.448,-4.03,-6.99,-1.18
30.468,-3.74,-7.0,-1.2566666666666666
30.488,-3.11,-7.2,-1.3288888888888888
30.508,-2.86,-7.16,-1.4066666666666667
30.528,-2.29,-7.29,-1.5133333333333334
30.548,-2.05,-7.52,-1.5633333333333332
30.568,-1.56,-7.61,-1.6366666666666667
30.588,-1.2,-7.69,-1.7166666666666666
30.608,-0.66,-7.74,-1.7977777777777777
30.628,-0.22,-7.83,-1.8777777777777778
30.648,0.39,-7.86,-1.958888888888889
30.668,0.89,-7.95,-2.0433333333333334
30.688,1.67,-7.94,-2.118888888888889
30.708,2.06,-7.99,-2.2055555555555557
30.728,2.74,-7.92,-2.2844444444444445
30.748,3.14,-8.06,-2.37
30.768,4.1,-7.91,-2.4477777777777776
30.788,4.66,-7.86,-2.53
30.808,5.41,-7.71,-2.61
30.828,6.09,-7.66,-2.687777777777778
30.848,6.83,-7.48,-2.7622222222222224
30.868,7.46,-7.32,-2.8366666666666664
30.888,8.21,-7.15,-2.9144444444444444
30.908,8.78,-6.85,-2.9788888888888887
30.928,9.6,-6.64,-3.0444444444444443
30.948,10.17,-6.26,-3.1133333333333333
30.968,11.06,-5.9,-3.17
30.988,11.5,-5.8,-3.2222222222222223
31.008,12.39,-5.01,-3.2244444444444444
31.028,12.75,-4.66,-3.327777777777778
31.048,13.53,-4.11,-3.3722222222222222
31.068,13.9,-3.65,-3.408888888888889
31.088,14.43,-3.09,-3.4366666666666665
31.108,14.67,-2.72,-3.466666666666667
31.128,14.98,-2.11,-3.486666666666667
31.148,15.12,-1.65,-3.5011111111111113
31.168,15.19,-1.1,-3.5044444444444443
31.188,15.18,-0.58,-3.5144444444444445
31.208,15.09,0.12,-3.5122222222222224
31.228,15.0,0.62,-3.5033333333333334
31.248,14.78,1.27,-3.486666666666667
31.268,14.63,2.05,-3.4677777777777776
31.288,14.32,2.48,-3.44
31.308,14.18,3.18,-3.4044444444444446
31.328,13.6,3.61,-3.36
31.348,13.48,3.95,-3.3144444444444443
31.368,13.06,4.35,-3.2733333333333334
31.388,12.44,4.9,-3.2155555555555555
31.408,12.05,5.05,-3.1566666666666667
31.428,11.16,5.68,-3.097777777777778
31.448,10.5,5.96,-3.04
31.468,9.74,6.27,-2.9588888888888887
31.488,9.04,6.45,-2.882222222222222
31.508,8.08,6.5,-2.8088888888888888
31.528,7.22,7.15,-2.752222222222222
31.548,6.87,7.51,-2.648888888888889
31.568,5.97,7.39,-2.561111111111111
31.588,5.27,7.42,-2.4744444444444444
31.608,4.38,7.37,-2.388888888888889
31.628,4.0,7.66,-2.301111111111111
31.648,3.37,7.7,-2.21
31.668,2.83,7.68,-2.12
31.688,2.12,7.72,-2.03
31.708,1.77,7.54,-1.9388888888888889
31.728,1.06,7.44,-1.8488888888888888
31.748,0.79,7.79,-1.75
31.768,0.41,7.58,-1.6533333333333333
31.788,0.05,7.48,-1.5611111111111111
31.808,-0.32,7.44,-1.4677777777777778
31.828,-0.72,7.38,-1.3755555555555556
31.848,-1.06,7.4,-1.2855555555555556
31.868,-1.6,7.62,-1.19
31.888,-1.79,7.37,-1.1022222222222222
31.908,-2.24,7.85,-1.0
31.928,-2.29,7.08,-0.9188888888888889
31.948,-2.82,7.25,-0.8288888888888889
31.968,-2.97,6.98,-0.7377777777777778
31.988,-3.22,7.09,-0.6488888888888888
32.008,-3.25,7.0,-0.5622222222222222
32.028,-3.61,6.98,-0.4766666666666667
32.048,-3.69,6.85,-0.38555555555555554
32.068,-3.67,6.9,-0.29888888888888887
32.088,-3.76,6.87,-0.21222222222222223
32.108,-3.76,6.86,-0.12555555555555556
32.128,-3.78,6.91,-0.03888888888888889
32.148,-3.69,6.95,0.04777777777777778
32.168,-3.6,7.01,0.1322222222222222
32.188,-3.53,7.01,0.21555555555555556
32.208,-3.42,7.05,0.3011111111111111
32.228,-3.28,7.07,0.3844444444444444
32.248,-3.19,7.07,0.47
32.268,-3.07,7.08,0.5522222222222222
32.288,-3.0,7.15,0.64
32.308,-2.79,7.17,0.7255555555555555
32.328,-2.7,7.17,0.81
32.348,-2.4,7.12,0.8966666666666666
32.368,-2.21,7.34,0.9855555555555555
32.388,-1.87,7.35,1.0711111111111111
32.408,-1.77,7.41,1.1611111111111112
32.428,-1.39,7.41,1.25
32.448,-1.1,7.5,1.3388888888888888
32.468,-0.51,7.59,1.43
32.488,-0.1,7.59,1.5222222222222221
32.508,0.51,7.69,1.6122222222222222
32.528,1.02,7.64,1.7055555555555555
32.548,1.65,7.66,1.7955555555555556
32.568,2.03,7.66,1.8877777777777778
32.588,2.62,7.66,1.98
32.608,3.04,7.63,2.07
32.628,3.79,7.75,2.1622222222222223
32.648,4.45,7.18,2.261111111111111
32.668,4.93,7.48,2.34
32.688,5.35,7.36,2.433333333333333
32.708,6.46,7.28,2.5211111111111113
32.728,7.01,6.99,2.6077777777777778
32.748,7.79,6.88,2.698888888888889
32.768,8.55,6.68,2.81
32.788,9.04,6.33,2.861111111111111
32.808,9.55,6.26,2.94
32.828,10.26,6.02,3.0211111111111113
32.848,10.84,5.84,3.1
32.868,11.87,5.04,3.1777777777777776
32.888,11.78,4.93,3.2488888888888887
32.908,12.89,4.31,3.3044444444444445
32.928,13.58,3.59,3.3644444444444446
32.948,14.14,3.16,3.4166666666666665
32.968,14.5,2.65,3.4644444444444447
32.988,15.06,1.81,3.5077777777777777
33.008,15.09,1.31,3.5388888888888888
33.028,15.31,0.91,3.571111111111111
33.048,14.66,1.24,3.5933333333333333
33.068,15.72,0.5,3.61
33.088,15.72,-0.6,3.617777777777778
33.108,15.46,-1.05,3.6277777777777778
33.128,15.41,-1.82,3.6144444444444446
33.148,14.75,-2.45,3.6077777777777778
33.168,14.72,-2.18,3.5877777777777777
33.188,14.99,-3.07,3.5644444444444443
33.208,14.54,-3.48,3.531111111111111
33.228,13.26,-4.72,3.491111111111111
33.248,12.58,-4.61,3.44
33.268,11.9,-5.66,3.381111111111111
33.288,11.48,-5.75,3.32
33.308,11.0,-6.22,3.26
33.328,10.13,-6.48,3.1944444444444446
33.348,9.19,-6.66,3.1255555555555556
33.368,8.68,-6.83,3.0555555555555554
33.388,7.84,-7.29,2.9855555555555555
33.408,7.2,-7.42,2.9033333333333333
33.428,6.11,-7.6,2.8177777777777777
33.448,5.39,-7.7,2.74
33.468,4.58,-7.59,2.6444444444444444
33.488,3.9,-8.27,2.5522222222222224
33.508,3.41,-7.82,2.4922222222222223
33.528,2.88,-7.95,2.4133333333333336
33.548,2.05,-7.85,2.3266666666666667
33.568,1.49,-7.77,2.247777777777778
33.588,0.7,-7.81,2.16
33.608,0.18,-7.97,2.078888888888889
33.628,-1.48,-4.88,1.9977777777777779
33.648,-1.94,-6.86,1.9111111111111112
33.668,-1.0,-8.05,1.8277777777777777
33.688,-1.86,-7.27,1.74
33.708,-2.41,-7.36,1.6633333333333333
33.728,-2.64,-7.28,1.5811111111111111
33.748,-3.11,-7.21,1.5
33.768,-3.55,-7.1,1.4255555555555555
33.788,-3.88,-7.01,1.35
33.808,-4.04,-6.92,1.288888888888889
33.828,-5.13,-6.36,1.2322222222222223
33.848,-4.55,-6.7,1.12
33.868,-4.85,-6.43,1.048888888888889
33.888,-5.12,-6.55,0.9755555555555555
33.908,-5.28,-6.3,0.9055555555555556
33.928,-5.58,-6.23,0.8344444444444444
33.948,-5.73,-6.11,0.7655555555555555
33.968,-5.86,-6.1,0.6988888888888889
33.988,-6.01,-5.93,0.63
34.008,-6.1,-5.99,0.5644444444444444
34.028,-6.2,-5.87,0.4988888888888889
34.048,-6.36,-5.86,0.43
34.068,-6.46,-5.77,0.36777777777777776
34.088,-6.55,-5.73,0.3011111111111111
34.108,-6.62,-5.67,0.23777777777777778
34.128,-6.65,-5.67,0.17333333333333334
34.148,-6.68,-5.63,0.11
34.168,-6.65,-5.65,0.04666666666666667
34.188,-6.68,-5.67,-0.01888888888888889
34.208,-6.67,-5.64,-0.07777777777777778
34.228,-6.63,-5.71,-0.14222222222222222
34.248,-6.59,-5.73,-0.2011111111111111
34.268,-6.5,-5.77,-0.2633333333333333
34.288,-6.47,-5.79,-0.3277777777777778
34.308,-6.38,-5.89,-0.39
34.328,-6.3,-5.88,-0.4533333333333333
34.348,-6.17,-5.99,-0.5188888888888888
34.368,-6.03,-6.01,-0.5811111111111111
34.388,-5.9,-6.1,-0.6455555555555555
34.408,-5.77,-6.15,-0.7133333333333334
34.428,-5.58,-6.25,-0.78
34.448,-5.44,-6.33,-0.85
34.468,-5.18,-6.44,-0.9155555555555556
34.488,-5.01,-6.5,-0.9855555555555555
34.508,-4.74,-6.6,-1.0544444444444445
34.528,-4.56,-6.73,-1.1277777777777778
34.548,-4.22,-6.81,-1.201111111111111
34.568,-4.0,-6.93,-1.2733333333333334
34.588,-3.6,-7.03,-1.3455555555555556
34.608,-3.4,-7.12,-1.42
34.628,-2.96,-7.15,-1.4977777777777779
34.648,-2.77,-7.22,-1.6077777777777778
34.668,-2.17,-7.3,-1.6555555555555554
34.688,-1.72,-7.5,-1.731111111111111
34.708,-1.13,-7.59,-1.808888888888889
34.728,-0.75,-7.72,-1.8877777777777778
34.748,-0.08,-7.75,-1.9677777777777778
34.768,0.3,-7.81,-2.05
34.788,1.03,-7.89,-2.131111111111111
34.808,1.51,-7.96,-2.2177777777777776
34.828,2.29,-7.97,-2.3
34.848,2.78,-8.03,-2.38
34.868,3.53,-8.12,-2.4633333333333334
34.888,4.18,-7.81,-2.5411111111111113
34.908,5.01,-7.86,-2.621111111111111
34.928,5.6,-7.64,-2.7
34.948,6.41,-7.63,-2.78
34.968,7.01,-7.4,-2.8544444444444443
34.988,7.88,-7.25,-2.928888888888889
35.008,8.48,-7.04,-3.0
35.028,9.36,-6.76,-3.07
35.048,9.92,-6.53,-3.13
35.068,10.77,-6.17,-3.1977777777777776
35.088,11.27,-5.89,-3.2511111111111113
35.108,12.09,-4.71,-3.23
35.128,12.52,-5.05,-3.36
35.148,13.15,-4.49,-3.4066666666666667
35.168,13.6,-4.12,-3.4444444444444446
35.188,14.1,-3.49,-3.48
35.208,14.68,-2.98,-3.51
35.228,14.79,-2.12,-3.531111111111111
35.248,15.11,-1.76,-3.5477777777777777
35.268,15.29,-1.01,-3.56
35.288,15.52,-0.55,-3.5588888888888888
35.308,15.55,-0.03,-3.56
35.328,15.28,0.6,-3.5477777777777777
35.348,15.06,1.22,-3.533333333333333
35.368,15.02,1.66,-3.5144444444444445
35.388,14.55,2.49,-3.49
35.408,14.54,2.94,-3.453333333333333
35.428,13.75,3.53,-3.4144444444444444
35.448,13.42,3.91,-3.37
35.468,12.74,4.38,-3.32
35.488,12.48,4.93,-3.2666666666666666
35.508,11.89,5.25,-3.2088888888888887
35.528,11.39,5.48,-3.1444444444444444
35.548,10.48,5.86,-3.0766666666666667
35.568,9.88,6.01,-3.0
35.588,9.18,6.5,-2.9233333333333333
35.608,8.53,6.65,-2.8377777777777777
35.628,7.56,6.93,-2.7744444444444443
35.648,7.09,6.98,-2.671111111111111
35.668,6.12,7.21,-2.5766666666666667
35.688,5.64,7.37,-2.4844444444444442
35.708,4.9,7.4,-2.3944444444444444
35.728,4.41,7.47,-2.3
35.748,3.68,7.56,-2.21
35.768,3.13,7.53,-2.1144444444444446
35.788,2.47,7.52,-2.0166666666666666
35.808,2.05,7.67,-1.9222222222222223
35.828,1.58,7.65,-1.83
35.848,1.22,7.56,-1.7377777777777779
35.868,0.38,7.67,-1.6388888888888888
35.888,0.21,7.57,-1.5455555555555556
35.908,-0.09,7.56,-1.4522222222222223
35.928,-0.27,7.6,-1.3588888888888888
35.948,-0.77,7.45,-1.2677777777777777
35.968,-1.36,7.36,-1.1777777777777778
35.988,-2.36,7.53,-1.0922222222222222
36.008,-1.94,6.67,-0.9922222222222222
36.028,-2.79,6.7,-0.9122222222222223
36.048,-3.14,7.2,-0.8255555555555556
36.068,-3.21,6.9,-0.7411111111111112
36.088,-3.06,7.03,-0.6522222222222223
36.108,-2.89,7.07,-0.5688888888888889
36.128,-2.98,7.15,-0.4811111111111111
36.148,-3.03,7.05,-0.39444444444444443
36.168,-3.28,7.0,-0.3111111111111111
36.188,-3.56,6.94,-0.22444444444444445
36.208,-3.66,6.94,-0.14
36.228,-3.88,6.9,-0.057777777777777775
36.248,-3.93,6.95,0.03
36.268,-3.82,6.99,0.11
36.288,-3.77,7.01,0.1922222222222222
36.308,-3.53,7.07,0.27555555555555555
36.328,-3.34,7.1,0.35777777777777775
36.348,-3.17,7.15,0.44
36.368,-3.16,7.11,0.5244444444444445
36.388,-3.02,7.13,0.6088888888888889
36.408,-2.88,7.15,0.6944444444444444
36.428,-2.82,7.2,0.7755555555555556
36.448,-2.69,7.21,0.8633333333333333
36.468,-2.39,7.27,0.95
36.488,-2.1,7.34,1.0366666666666666
36.508,-1.69,7.45,1.1211111111111112
36.528,-1.46,7.47,1.21
36.548,-0.94,7.52,1.2977777777777777
36.568,-0.58,7.58,1.3877777777777778
36.588,-0.02,7.6,1.4755555555555555
36.608,0.17,7.65,1.5655555555555556
36.628,0.74,7.63,1.6555555555555554
36.648,1.09,7.64,1.748888888888889
36.668,1.7,7.64,1.8377777777777777
36.688,2.19,7.61,1.93
36.708,2.99,7.73,2.0255555555555556
36.728,3.31,7.59,2.118888888888889
36.748,3.57,8.11,2.2144444444444447
36.768,4.52,7.44,2.3
36.788,5.7,7.25,2.3922222222222222
36.808,6.0,7.29,2.4844444444444442
36.828,6.68,7.05,2.57
36.848,7.6,6.73,2.66
36.868,8.26,6.68,2.76
36.888,8.8,6.38,2.8222222222222224
36.908,9.36,6.28,2.9
36.928,10.11,6.06,2.9755555555555557
36.948,10.64,5.89,3.057777777777778
36.968,11.21,5.49,3.1266666666666665
36.988,12.74,4.84,3.1977777777777776
37.008,12.79,4.66,3.26
37.028,13.25,3.82,3.32
37.048,13.58,3.64,3.3744444444444444
37.068,14.4,2.84,3.422222222222222
37.088,14.6,2.45,3.4633333333333334
37.108,14.75,1.96,3.5044444444444443
37.128,15.09,1.45,3.5433333333333334
37.148,15.2,0.68,3.571111111111111
37.168,15.35,0.29,3.5955555555555554
37.188,15.52,-0.46,3.617777777777778
37.208,15.57,-0.6,3.6222222222222222
37.228,15.06,-1.91,3.6277777777777778
37.248,14.95,-2.56,3.6155555555555554
37.268,14.56,-2.59,3.597777777777778
37.288,14.76,-3.38,3.5833333333333335
37.308,14.68,-3.91,3.55
37.328,13.8,-4.24,3.517777777777778
37.348,13.6,-4.63,3.482222222222222
37.368,12.52,-4.87,3.438888888888889
37.388,12.25,-5.35,3.387777777777778
37.408,11.52,-5.9,3.3333333333333335
37.428,11.04,-6.43,3.2688888888888887
37.448,9.77,-6.74,3.2
37.468,8.81,-7.03,3.1622222222222223
37.488,7.65,-7.26,3.0544444444444445
37.508,7.25,-7.32,3.017777777777778
37.528,6.66,-7.51,2.9
37.548,6.33,-7.65,2.86
37.568,5.4,-7.7,2.7333333333333334
37.588,4.38,-7.52,2.632222222222222
37.608,3.47,-8.43,2.5433333333333334
37.628,2.87,-7.82,2.4855555555555555
37.648,2.28,-8.01,2.401111111111111
37.668,1.5,-7.81,2.3155555555555556
37.688,0.97,-7.88,2.23
37.708,0.39,-7.96,2.151111111111111
37.728,0.63,-8.41,2.0755555555555554
37.748,-1.59,-6.87,1.988888888888889
37.768,-0.9,-7.05,1.8988888888888888
37.788,-1.63,-7.32,1.8155555555555556
37.808,-2.0,-7.2,1.7366666666666666
37.828,-2.75,-7.23,1.6555555555555554
37.848,-3.02,-7.02,1.6155555555555556
37.868,-3.36,-7.12,1.5
37.888,-3.72,-6.86,1.461111111111111
37.908,-3.88,-6.97,1.3644444444444443
37.928,-4.09,-6.76,1.318888888888889
37.948,-4.45,-6.65,1.2344444444444445
37.968,-4.95,-6.39,1.1266666666666667
37.988,-5.23,-6.38,1.0922222222222222
38.008,-5.51,-6.17,0.9855555555555555
38.028,-5.65,-6.18,0.95
38.048,-5.87,-6.02,0.8477777777777777
38.068,-5.99,-5.98,0.8144444444444444
38.088,-6.14,-5.85,0.7144444444444444
38.108,-6.3,-5.81,0.68
38.128,-6.44,-5.71,0.5833333333333334
38.148,-6.52,-5.62,0.55
38.168,-6.64,-5.58,0.4533333333333333
38.188,-6.72,-5.53,0.42444444444444446
38.208,-6.78,-5.5,0.33
38.228,-6.85,-5.46,0.26666666666666666
38.248,-6.88,-5.45,0.20666666666666667
38.268,-6.89,-5.42,0.14444444444444443
38.288,-6.9,-5.39,0.08444444444444445
38.308,-6.93,-5.39,0.023333333333333334
38.328,-6.96,-5.42,-0.0044444444444444444
38.348,-6.95,-5.39,-0.09444444444444444
38.368,-6.94,-5.47,-0.12333333333333334
38.388,-6.9,-5.47,-0.21444444444444444
38.408,-6.86,-5.55,-0.24333333333333335
38.428,-6.82,-5.54,-0.3333333333333333
38.448,-6.77,-5.61,-0.36444444444444446
38.468,-6.69,-5.63,-0.42333333333333334
38.488,-6.59,-5.7,-0.4855555555555556
38.508,-6.5,-5.76,-0.5455555555555556
38.528,-6.35,-5.85,-0.6077777777777778
38.548,-6.23,-5.88,-0.67
38.568,-6.01,-5.99,-0.7666666666666667
38.588,-5.86,-6.07,-0.8
38.608,-5.6,-6.16,-0.8977777777777778
38.628,-5.47,-6.26,-0.93
38.648,-5.21,-6.37,-1.031111111111111
38.668,-5.03,-6.46,-1.0666666666666667
38.688,-4.71,-6.56,-1.1733333333333333
38.708,-4.48,-6.68,-1.2077777777777778
38.728,-4.15,-6.8,-1.3133333333333332
38.748,-3.87,-6.88,-1.3511111111111112
38.768,-3.5,-7.04,-1.4633333333333334
38.788,-3.17,-7.14,-1.5
38.808,-2.84,-7.14,-1.58
38.828,-2.55,-7.16,-1.6977777777777778
38.848,-1.93,-7.42,-1.728888888888889
38.868,-1.48,-7.56,-1.85
38.888,-0.91,-7.64,-1.89
38.908,-0.45,-7.72,-1.97
38.928,0.15,-7.84,-2.05
38.948,0.63,-7.85,-2.132222222222222
38.968,1.4,-7.89,-2.216666666666667
38.988,1.84,-7.84,-2.2955555555555556
39.008,2.67,-7.83,-2.38
39.028,3.06,-7.53,-2.4633333333333334
39.048,4.01,-7.76,-2.54
39.068,4.87,-7.85,-2.6233333333333335
39.088,5.81,-7.58,-2.7
39.108,6.36,-7.64,-2.781111111111111
39.128,7.26,-7.34,-2.861111111111111
39.148,7.89,-7.32,-2.93
39.168,8.72,-6.95,-3.0044444444444443
39.188,9.41,-6.82,-3.078888888888889
39.208,10.28,-6.45,-3.1755555555555555
39.228,10.83,-6.2,-3.2088888888888887
39.248,11.54,-6.34,-3.267777777777778
39.268,12.38,-4.65,-3.2455555555555557
39.288,12.78,-5.0,-3.3777777777777778
39.308,13.23,-4.48,-3.4266666666666667
39.328,13.89,-4.09,-3.47
39.348,14.24,-3.51,-3.5033333333333334
39.368,14.61,-3.02,-3.531111111111111
39.388,14.81,-2.53,-3.5588888888888888
39.408,15.2,-1.83,-3.58
39.428,15.39,-1.31,-3.59
39.448,15.46,-0.69,-3.5922222222222224
39.468,15.44,-0.14,-3.6
39.488,15.5,0.61,-3.5866666666666664
39.508,15.41,1.08,-3.568888888888889
39.528,15.01,2.01,-3.5555555555555554
39.548,14.84,2.24,-3.5255555555555556
39.568,14.52,2.84,-3.4922222222222223
39.588,14.06,3.28,-3.448888888888889
39.608,13.54,3.92,-3.4033333333333333
39.628,13.23,4.08,-3.352222222222222
39.648,12.54,4.56,-3.2933333333333334
39.668,11.98,4.85,-3.2377777777777776
39.688,11.27,5.55,-3.1744444444444446
39.708,10.7,5.8,-3.11
39.728,10.01,6.1,-3.02
39.748,9.25,6.28,-2.94
39.768,8.45,6.53,-2.8644444444444446
39.788,7.99,6.85,-2.7888888888888888
39.808,7.28,7.0,-2.6966666666666668
39.828,6.69,7.21,-2.6066666666666665
39.848,6.06,7.14,-2.506666666666667
39.868,5.5,7.23,-2.4144444444444444
39.888,4.49,7.38,-2.3266666666666667
39.908,3.62,7.46,-2.2355555555555555
39.928,2.45,7.81,-2.14
39.948,2.09,7.82,-2.0477777777777777
39.968,1.87,7.65,-1.95
39.988,1.82,7.6,-1.86
40.008,1.06,7.62,-1.7655555555555555
40.028,0.87,7.52,-1.6744444444444444
40.048,0.06,7.58,-1.5822222222222222
40.068,-0.63,7.45,-1.488888888888889
40.088,-1.23,7.32,-1.4011111111111112
40.108,-1.74,7.31,-1.31
40.128,-2.35,7.61,-1.2177777777777778
40.148,-2.27,7.31,-1.1266666666666667
40.168,-3.26,8.11,-1.031111111111111
40.188,-2.22,6.95,-0.9444444444444444
40.208,-2.48,7.32,-0.8566666666666667
40.228,-2.49,7.14,-0.7666666666666667
40.248,-2.64,7.12,-0.68
40.268,-2.79,7.15,-0.5911111111111111
40.288,-3.15,7.0,-0.5033333333333333
40.308,-3.4,7.04,-0.4166666666666667
40.328,-3.42,6.98,-0.33
40.348,-3.52,6.95,-0.24444444444444444
40.368,-3.7,6.94,-0.15888888888888889
40.388,-3.74,6.91,-0.07111111111111111
40.408,-3.82,6.95,0.008888888888888889
40.428,-3.87,6.95,0.09333333333333334
40.448,-3.92,6.92,0.17666666666666667
40.468,-3.86,6.95,0.2588888888888889
40.488,-3.68,6.96,0.34444444444444444
40.508,-3.58,7.0,0.4266666666666667
40.528,-3.35,7.04,0.5111111111111111
40.548,-3.13,7.09,0.5966666666666667
40.568,-2.81,7.15,0.6822222222222222
40.588,-2.6,7.19,0.77
40.608,-2.28,7.24,0.8555555555555555
40.628,-2.01,7.32,0.9433333333333334
40.648,-1.82,7.36,1.03
40.668,-1.75,7.29,1.1188888888888888
40.688,-1.37,7.44,1.2055555555555555
40.708,-1.01,7.51,1.298888888888889
40.728,-0.42,7.55,1.3888888888888888
40.748,-0.1,7.56,1.4766666666666666
40.768,0.42,7.62,1.57
40.788,0.81,7.61,1.6611111111111112
40.808,1.47,7.67,1.7544444444444445
40.828,1.93,7.72,1.8433333333333333
40.848,2.79,7.55,1.9377777777777778
40.868,3.25,7.71,2.028888888888889
40.888,3.83,7.81,2.1222222222222222
40.908,4.71,7.17,2.223333333333333
40.928,5.13,7.36,2.3044444444444445
40.948,5.29,7.4,2.3955555555555557
40.968,6.12,7.33,2.486666666666667
40.988,6.71,7.06,2.578888888888889
41.008,7.57,6.9,2.667777777777778
41.028,8.11,6.75,2.7544444444444443
41.048,9.06,6.45,2.8544444444444443
41.068,9.88,6.29,2.92
41.088,10.47,5.91,3.0
41.108,11.03,5.24,3.0833333333333335
41.128,11.74,5.18,3.148888888888889
41.148,12.4,4.79,3.2133333333333334
41.168,13.11,4.42,3.2844444444444445
41.188,13.46,3.83,3.3444444444444446
41.208,13.81,3.39,3.398888888888889
41.228,14.17,3.01,3.457777777777778
41.248,15.01,2.25,3.5077777777777777
41.268,15.33,1.41,3.548888888888889
41.288,15.22,0.71,3.577777777777778
41.308,15.42,0.0,3.612222222222222
41.328,15.64,-0.26,3.628888888888889
41.348,15.67,-0.67,3.6444444444444444
41.368,15.64,-1.02,3.6577777777777776
41.388,15.62,-1.57,3.6622222222222223
41.408,15.29,-2.35,3.6622222222222223
41.428,15.13,-2.78,3.65
41.448,14.57,-3.78,3.6355555555555554
41.468,14.09,-4.23,3.6166666666666667
41.488,13.62,-4.94,3.5833333333333335
41.508,12.95,-5.23,3.542222222222222
41.528,12.28,-5.76,3.5
41.548,11.68,-5.92,3.4444444444444446
41.568,11.09,-6.25,3.398888888888889
41.588,10.64,-6.4,3.341111111111111
41.608,9.9,-6.68,3.281111111111111
41.628,9.41,-6.95,3.21
41.648,8.15,-7.25,3.14
41.668,7.41,-7.3,3.062222222222222
41.688,6.19,-7.63,2.9855555555555555
41.708,5.67,-7.73,2.91
41.728,4.91,-7.72,2.8088888888888888
41.748,3.88,-8.15,2.71
41.768,3.05,-7.68,2.66
41.788,2.47,-7.76,2.578888888888889
41.808,1.95,-7.77,2.49
41.828,1.54,-7.92,2.408888888888889
41.848,0.81,-7.8,2.3222222222222224
41.868,0.14,-7.78,2.2377777777777776
41.888,-0.7,-7.61,2.1555555555555554
41.908,-1.2,-7.38,2.0722222222222224
41.928,-1.87,-7.37,1.9922222222222221
41.948,-2.23,-7.2,1.91
41.968,-2.73,-7.17,1.8277777777777777
41.988,-3.02,-6.98,1.7555555555555555
42.008,-3.55,-6.79,1.6777777777777778
42.028,-3.68,-6.75,1.6022222222222222
42.048,-4.12,-6.49,1.5477777777777777
42.068,-4.59,-6.39,1.4622222222222223
42.088,-5.27,-5.71,-0.0011111111111111111
42.108,-4.63,-5.79,1.3077777777777777
42.128,-5.41,-5.01,1.3222222222222222
42.148,-6.0,-6.34,1.1777777777777778
42.168,-5.73,-5.52,1.1077777777777778
42.188,-6.38,-5.82,1.0466666666666666
42.208,-6.39,-5.19,0.9788888888888889
42.228,-6.6,-5.56,0.9166666666666666
42.248,-6.71,-5.09,0.8566666666666667
42.268,-6.97,-5.17,0.7977777777777778
42.288,-7.06,-4.96,0.7366666666666667
42.308,-7.17,-4.94,0.6788888888888889
42.328,-7.26,-4.82,0.6211111111111111
42.348,-7.31,-4.81,0.5655555555555556
42.368,-7.4,-4.74,0.51
42.388,-7.47,-4.71,0.4533333333333333
42.408,-7.55,-4.63,0.3988888888888889
42.428,-7.63,-4.61,0.3466666666666667
42.448,-7.72,-4.57,0.2922222222222222
42.468,-7.75,-4.52,0.2388888888888889
42.488,-7.82,-4.59,0.18777777777777777
42.508,-7.78,-4.49,0.13444444444444445
42.528,-7.85,-4.57,0.08444444444444445
42.548,-7.8,-4.47,0.028888888888888888
42.568,-7.87,-4.59,-0.02
42.588,-7.79,-4.47,-0.07111111111111111
42.608,-7.81,-4.62,-0.12
42.628,-7.74,-4.53,-0.1711111111111111
42.648,-7.76,-4.66,-0.2222222222222222
42.668,-7.7,-4.61,-0.2722222222222222
42.688,-7.66,-4.72,-0.32222222222222224
42.708,-7.62,-4.7,-0.37444444444444447
42.728,-7.55,-4.83,-0.42444444444444446
42.748,-7.44,-4.81,-0.4777777777777778
42.768,-7.39,-4.94,-0.5311111111111111
42.788,-7.27,-4.98,-0.5855555555555556
42.808,-7.14,-5.13,-0.6422222222222222
42.828,-7.05,-5.15,-0.6988888888888889
42.848,-6.88,-5.3,-0.7566666666666667
42.868,-6.72,-5.35,-0.8122222222222222
42.888,-6.53,-5.49,-0.8711111111111111
42.908,-6.38,-5.54,-0.9322222222222222
42.928,-6.08,-5.77,-0.9911111111111112
42.948,-5.91,-5.85,-1.0544444444444445
42.968,-5.64,-5.98,-1.1188888888888888
42.988,-5.45,-6.11,-1.181111111111111
43.008,-5.14,-6.27,-1.2477777777777779
43.028,-4.9,-6.37,-1.3111111111111111
43.048,-4.58,-6.52,-1.3811111111111112
43.068,-4.29,-6.65,-1.45
43.088,-3.88,-6.81,-1.5222222222222221
43.108,-3.59,-6.88,-1.5966666666666667
43.128,-3.1,-7.04,-1.6711111111111112
43.148,-2.74,-7.17,-1.7444444444444445
43.168,-2.38,-7.04,-1.8411111111111111
43.188,-1.82,-7.46,-1.9266666666666667
43.208,-1.05,-7.58,-1.9722222222222223
43.228,-0.61,-7.61,-2.0566666666666666
43.248,0.07,-7.73,-2.1344444444444446
43.268,0.45,-7.77,-2.2155555555555555
43.288,1.25,-7.86,-2.2955555555555556
43.308,1.75,-7.86,-2.378888888888889
43.328,2.55,-7.91,-2.4588888888888887
43.348,3.25,-7.66,-2.5444444444444443
43.368,4.07,-8.07,-2.621111111111111
43.388,4.63,-7.86,-2.7055555555555557
43.408,5.56,-7.85,-2.7855555555555553
43.428,6.07,-7.66,-2.861111111111111
43.448,7.04,-7.53,-2.9433333333333334
43.468,7.6,-7.33,-3.02
43.488,8.58,-7.14,-3.091111111111111
43.508,9.18,-6.93,-3.167777777777778
43.528,10.13,-6.63,-3.232222222222222
43.548,10.62,-6.29,-3.298888888888889
43.568,11.53,-6.28,-3.3544444444444443
43.588,12.47,-4.45,-3.3344444444444443
43.608,12.95,-5.22,-3.4744444444444444
43.628,13.32,-4.68,-3.52
43.648,13.7,-4.49,-3.562222222222222
43.668,14.28,-3.86,-3.602222222222222
43.688,14.78,-3.27,-3.6344444444444446
43.708,15.07,-2.55,-3.661111111111111
43.728,15.6,-1.93,-3.67
43.748,15.62,-1.15,-3.688888888888889
43.768,15.72,-0.73,-3.6855555555555557
43.788,15.82,-0.15,-3.6866666666666665
43.808,15.76,0.32,-3.678888888888889
43.828,15.8,0.74,-3.6633333333333336
43.848,15.51,1.44,-3.6422222222222222
43.868,15.05,2.33,-3.617777777777778
43.888,14.54,3.14,-3.578888888888889
43.908,14.21,3.61,-3.54
43.928,13.57,3.98,-3.4877777777777776
43.948,13.06,4.25,-3.44
43.968,12.51,4.8,-3.3833333333333333
43.988,12.09,5.14,-3.3233333333333333
44.008,11.28,5.63,-3.256666666666667
44.028,10.65,6.01,-3.19
44.048,9.8,6.32,-3.1055555555555556
44.068,9.1,6.41,-3.0244444444444443
44.088,8.65,6.61,-2.9433333333333334
44.108,7.72,6.95,-2.8766666666666665
44.128,7.1,7.03,-2.78
44.148,6.29,7.22,-2.68
44.168,5.78,7.34,-2.59
44.188,5.09,7.56,-2.4988888888888887
44.208,4.52,7.62,-2.408888888888889
44.228,3.42,7.6,-2.3177777777777777
44.248,2.69,7.63,-2.2288888888888887
44.268,2.1,7.64,-2.14
44.288,1.82,7.74,-2.05
44.308,1.17,7.81,-1.9622222222222223
44.328,0.74,7.58,-1.8677777777777778
44.348,0.29,7.61,-1.7755555555555556
44.368,-0.27,7.49,-1.6833333333333333
44.388,-0.62,7.36,-1.5988888888888888
44.408,-1.64,7.47,-1.511111111111111
44.428,-2.04,7.78,-1.4244444444444444
44.448,-1.43,7.13,-1.3511111111111112
44.468,-3.13,7.63,-1.2533333333333334
44.488,-2.64,7.08,-1.1722222222222223
44.508,-2.95,6.96,-1.0855555555555556
44.528,-2.92,7.07,-1.0077777777777779
44.548,-3.41,6.9,-0.9255555555555556
44.568,-3.69,6.93,-0.8466666666666667
44.588,-3.72,6.82,-0.7677777777777778
44.608,-4.04,6.92,-0.69
44.628,-4.16,6.75,-0.6111111111111112
44.648,-4.4,6.78,-0.5355555555555556
44.668,-4.47,6.73,-0.45666666666666667
44.688,-4.46,6.71,-0.3844444444444444
44.708,-4.58,6.67,-0.30666666666666664
44.728,-4.6,6.63,-0.2311111111111111
44.748,-4.73,6.56,-0.15666666666666668
44.768,-4.79,6.57,-0.0811111111111111
44.788,-4.87,6.53,-0.008888888888888889
44.808,-4.81,6.61,0.06444444444444444
44.828,-4.66,6.65,0.13666666666666666
44.848,-4.61,6.71,0.21
44.868,-4.58,6.71,0.28444444444444444
44.888,-4.54,6.73,0.3566666666666667
44.908,-4.46,6.74,0.43
44.928,-4.34,6.79,0.5044444444444445
44.948,-4.11,6.88,0.58
44.968,-3.99,6.91,0.6522222222222223
44.988,-3.79,6.95,0.7277777777777777
45.008,-3.74,6.96,0.8055555555555556
45.028,-3.43,7.04,0.8811111111111111
45.048,-3.14,7.12,0.9566666666666667
45.068,-2.8,7.22,1.0366666666666666
45.088,-2.58,7.22,1.1177777777777778
45.108,-2.26,7.33,1.1944444444444444
45.128,-1.95,7.39,1.278888888888889
45.148,-1.57,7.48,1.3611111111111112
45.168,-1.29,7.48,1.4455555555555555
45.188,-0.84,7.57,1.5322222222222222
45.208,-0.46,7.57,1.6155555555555556
45.228,0.11,7.64,1.7044444444444444
45.248,0.53,7.75,1.788888888888889
45.268,1.21,7.78,1.8777777777777778
45.288,1.64,7.71,1.9633333333333334
45.308,2.29,7.67,2.0533333333333332
45.328,2.73,7.82,2.14
45.348,3.51,7.71,2.23
45.368,4.0,8.05,2.3266666666666667
45.388,4.95,7.69,2.4055555555555554
45.408,5.48,7.5,2.491111111111111
45.428,6.31,7.35,2.5744444444444445
45.448,6.67,7.32,2.66
45.468,7.51,7.21,2.7422222222222223
45.488,7.97,6.85,2.827777777777778
45.508,8.86,6.78,2.9277777777777776
45.528,9.49,6.48,2.9844444444444442
45.548,10.33,6.03,3.061111111111111
45.568,10.96,5.76,3.138888888888889
45.588,11.59,5.13,3.2022222222222223
45.608,12.29,4.44,3.258888888888889
45.628,12.93,4.33,3.316666666666667
45.648,13.38,4.14,3.3744444444444444
45.668,13.94,3.66,3.418888888888889
45.688,14.32,3.2,3.4677777777777776
45.708,14.48,2.88,3.511111111111111
45.728,14.79,2.45,3.55
45.748,15.34,0.99,3.5877777777777777
45.768,15.58,0.42,3.6055555555555556
45.788,15.58,-0.44,3.6166666666666667
45.808,15.7,-0.8,3.621111111111111
45.828,15.5,-1.43,3.6244444444444444
45.848,15.43,-2.1,3.6233333333333335
45.868,15.16,-2.42,3.611111111111111
45.888,14.81,-3.08,3.598888888888889
45.908,14.4,-3.35,3.5733333333333333
45.928,14.03,-3.76,3.5444444444444443
45.948,13.63,-4.24,3.51
45.968,13.35,-4.62,3.47
45.988,12.43,-5.18,3.4277777777777776
46.008,11.93,-5.57,3.371111111111111
46.028,11.05,-5.67,3.312222222222222
46.048,10.34,-6.74,3.2533333333333334
46.068,9.09,-6.87,3.1822222222222223
46.088,8.35,-7.23,3.108888888888889
46.108,7.52,-7.33,3.0355555555555553
46.128,7.16,-7.38,2.9588888888888887
46.148,6.59,-7.54,2.878888888888889
46.168,6.1,-7.62,2.798888888888889
46.188,5.19,-7.75,2.7144444444444447
46.208,4.44,-7.54,2.608888888888889
46.228,3.34,-7.99,2.533333333333333
46.248,2.74,-7.87,2.4644444444444447
46.268,1.91,-7.99,2.38
46.288,1.48,-7.75,2.2977777777777777
46.308,0.85,-7.87,2.2111111111111112
46.328,0.51,-7.68,2.1244444444444444
46.348,-0.12,-7.74,2.0433333333333334
46.368,-0.48,-7.63,1.96
46.388,-1.23,-7.58,1.8822222222222222
46.408,-1.68,-7.32,1.8
46.428,-2.33,-7.26,1.7166666666666666
46.448,-2.72,-7.19,1.6388888888888888
46.468,-3.19,-7.1,1.558888888888889
46.488,-3.43,-6.99,1.4833333333333334
46.508,-3.76,-6.98,1.41
46.528,-4.03,-6.84,1.3522222222222222
46.548,-4.44,-6.68,1.2622222222222221
46.568,-4.68,-6.61,1.1777777777777778
46.588,-5.06,-6.71,1.1088888888888888
46.608,-4.73,-6.15,1.0555555555555556
46.628,-3.42,-9.19,0.98
46.648,-4.94,-5.79,0.8888888888888888
46.668,-6.27,-6.1,0.8255555555555556
46.688,-5.71,-5.92,0.7577777777777778
46.708,-6.15,-6.07,0.6911111111111111
46.728,-6.12,-5.56,0.6266666666666667
46.748,-6.51,-5.72,0.5622222222222222
46.768,-6.44,-5.57,0.4955555555555556
46.788,-6.73,-5.8,0.43222222222222223
46.808,-6.59,-5.41,0.3688888888888889
46.828,-6.83,-5.72,0.3055555555555556
46.848,-6.71,-5.38,0.24222222222222223
46.868,-6.87,-5.62,0.18222222222222223
46.888,-6.8,-5.35,0.12
46.908,-6.92,-5.56,0.058888888888888886
46.928,-6.84,-5.41,-0.0022222222222222222
46.948,-6.92,-5.57,-0.06222222222222222
46.968,-6.86,-5.46,-0.12333333333333334
46.988,-6.85,-5.59,-0.1811111111111111
47.008,-6.76,-5.54,-0.24222222222222223
47.028,-6.74,-5.68,-0.29888888888888887
47.048,-6.64,-5.63,-0.36333333333333334
47.068,-6.59,-5.73,-0.4255555555555556
47.088,-6.52,-5.71,-0.48444444444444446
47.108,-6.38,-5.85,-0.55
47.128,-6.29,-5.86,-0.6122222222222222
47.148,-6.09,-6.0,-0.6777777777777778
47.168,-5.96,-6.04,-0.7422222222222222
47.188,-5.74,-6.15,-0.8077777777777778
47.208,-5.58,-6.22,-0.8722222222222222
47.228,-5.38,-6.31,-0.94
47.248,-5.17,-6.4,-1.0055555555555555
47.268,-4.9,-6.54,-1.0766666666666667
47.288,-4.7,-6.62,-1.1466666666666667
47.308,-4.37,-6.72,-1.2166666666666666
47.328,-4.14,-6.85,-1.29
47.348,-3.77,-6.95,-1.3644444444444443
47.368,-3.52,-7.07,-1.4377777777777778
47.388,-3.09,-7.2,-1.5155555555555555
47.408,-2.78,-7.25,-1.5911111111111111
47.428,-2.46,-7.11,-1.7122222222222223
47.448,-1.99,-7.51,-1.74
47.468,-1.3,-7.62,-1.8233333333333333
47.488,-0.89,-7.67,-1.9011111111111112
47.508,-0.16,-7.79,-1.9866666666666666
47.528,0.12,-7.78,-2.0644444444444443
47.548,0.86,-7.85,-2.148888888888889
47.568,1.35,-7.87,-2.227777777777778
47.588,2.16,-8.06,-2.3133333333333335
47.608,2.67,-7.91,-2.391111111111111
47.628,3.25,-8.0,-2.477777777777778
47.648,3.98,-7.92,-2.5566666666666666
47.668,5.07,-7.79,-2.6344444444444446
47.688,5.6,-7.6,-2.7133333333333334
47.708,6.63,-7.5,-2.792222222222222
47.728,7.33,-7.38,-2.87
47.748,8.21,-7.19,-2.9455555555555555
47.768,8.63,-7.02,-3.0166666666666666
47.788,9.58,-6.76,-3.082222222222222
47.808,9.99,-6.56,-3.15
47.828,11.05,-6.13,-3.2133333333333334
47.848,11.21,-6.26,-3.2577777777777777
47.868,12.07,-5.22,-3.2933333333333334
47.888,12.69,-5.01,-3.381111111111111
47.908,13.48,-4.4,-3.4255555555555555
47.928,13.79,-4.06,-3.4655555555555555
47.948,14.16,-3.4,-3.497777777777778
47.968,14.54,-3.07,-3.5255555555555556
47.988,14.94,-2.39,-3.551111111111111
48.008,15.27,-2.1,-3.568888888888889
48.028,15.4,-1.27,-3.578888888888889
48.048,15.4,-0.87,-3.58
48.068,15.54,0.01,-3.578888888888889
48.088,15.4,0.42,-3.568888888888889
48.108,15.22,1.25,-3.5444444444444443
48.128,14.85,1.99,-3.5277777777777777
48.148,14.62,2.37,-3.4955555555555557
48.168,14.54,2.73,-3.453333333333333
48.188,14.05,3.12,-3.4133333333333336
48.208,13.58,3.61,-3.3666666666666667
48.228,13.04,4.17,-3.31
48.248,12.53,4.49,-3.2555555555555555
48.268,11.8,5.06,-3.19
48.288,11.26,5.4,-3.117777777777778
48.308,10.36,5.79,-3.0388888888888888
48.328,9.87,5.94,-2.9566666666666666
48.348,9.13,6.29,-2.87
48.368,8.58,6.39,-2.781111111111111
48.388,7.79,6.72,-2.6977777777777776
48.408,7.16,6.82,-2.6222222222222222
48.428,6.37,7.03,-2.5044444444444443
48.448,5.68,7.11,-2.4055555555555554
48.468,4.92,7.3,-2.31
48.488,4.49,7.3,-2.2088888888888887
48.508,3.78,7.4,-2.112222222222222
48.528,3.27,7.41,-2.013333333333333
48.548,2.43,7.52,-1.9155555555555555
48.568,2.0,7.55,-1.8166666666666667
48.588,1.54,7.43,-1.7166666666666666
48.608,0.94,7.58,-1.6133333333333333
48.628,0.46,7.47,-1.5155555555555555
48.648,0.09,7.5,-1.4144444444444444
48.668,-0.18,7.49,-1.32
48.688,-0.35,7.4,-1.2166666666666666
48.708,-0.82,7.28,-1.1222222222222222
48.728,-1.17,7.31,-1.0255555555555556
48.748,-1.64,7.65,-0.9277777777777778
48.768,-1.63,5.87,-0.8377777777777777
48.788,-2.55,7.69,-0.7344444444444445
48.808,-1.92,7.01,-0.6388888888888888
48.828,-2.48,7.15,-0.5422222222222223
48.848,-2.56,7.08,-0.45222222222222225
48.868,-2.74,7.12,-0.35777777777777775
48.888,-2.75,7.07,-0.2644444444444444
48.908,-2.77,7.11,-0.17222222222222222
48.928,-2.87,7.11,-0.07666666666666666
48.948,-2.71,7.21,0.012222222222222223
48.968,-2.57,7.24,0.10333333333333333
48.988,-2.59,7.24,0.19555555555555557
49.008,-2.54,7.25,0.28555555555555556
49.028,-2.45,7.26,0.3788888888888889
49.048,-2.28,7.28,0.4688888888888889
49.068,-2.19,7.3,0.56
49.088,-2.13,7.28,0.6511111111111111
49.108,-1.86,7.27,0.7477777777777778
49.128,-1.66,7.34,0.84
49.148,-1.36,7.34,0.9355555555555556
49.168,-1.14,7.41,1.028888888888889
49.188,-0.76,7.41,1.1222222222222222
49.208,-0.5,7.45,1.22
49.228,0.03,7.5,1.3166666666666667
49.248,0.29,7.51,1.4155555555555555
49.268,0.83,7.53,1.5122222222222221
49.288,1.21,7.59,1.6111111111111112
49.308,1.84,7.56,1.7077777777777778
49.328,2.28,7.5,1.8022222222222222
49.348,2.92,7.46,1.9022222222222223
49.368,3.31,7.44,2.0
49.388,4.22,7.15,2.111111111111111
49.408,4.38,7.5,2.198888888888889
49.428,5.16,7.23,2.2977777777777777
49.448,5.87,7.09,2.397777777777778
49.468,6.66,6.92,2.49
49.488,7.18,6.82,2.5866666666666664
49.508,7.98,6.54,2.6933333333333334
49.528,8.7,6.28,2.77
49.548,9.4,6.06,2.858888888888889
49.568,10.05,5.75,2.95
49.588,10.62,5.51,3.0355555555555553
49.608,11.33,4.95,3.1133333333333333
49.628,12.5,4.37,3.188888888888889
49.648,12.76,4.25,3.252222222222222
49.668,13.12,4.05,3.3155555555555556
49.688,13.81,3.37,3.38
49.708,14.13,3.1,3.437777777777778
49.728,14.62,2.59,3.49
49.748,15.19,1.76,3.5411111111111113
49.768,15.4,0.99,3.5755555555555554
49.788,15.6,-0.03,3.6044444444444443
49.808,15.57,-0.48,3.617777777777778
49.828,15.5,-0.82,3.631111111111111
49.848,15.39,-0.8,3.637777777777778
49.868,15.5,-1.56,3.64
49.888,15.38,-1.83,3.6333333333333333
49.908,14.93,-2.83,3.6233333333333335
49.928,14.65,-3.27,3.6033333333333335
49.948,14.04,-4.01,3.5766666666666667
49.968,13.84,-4.21,3.54
49.988,13.54,-4.15,3.4922222222222223
50.008,12.74,-5.34,3.45
50.028,12.09,-5.46,3.39
50.048,10.96,-6.22,3.328888888888889
50.068,10.4,-6.38,3.267777777777778
50.088,9.65,-6.78,3.1944444444444446
50.108,9.13,-6.91,3.1222222222222222
50.128,8.36,-7.17,3.05
50.148,7.72,-7.22,2.973333333333333
50.168,6.77,-7.49,2.8966666666666665
50.188,6.11,-7.58,2.8144444444444443
50.208,5.11,-7.67,2.73
50.228,4.51,-7.52,2.598888888888889
50.248,3.6,-7.94,2.566666666666667
50.268,3.06,-7.75,2.4844444444444442
50.288,2.28,-7.9,2.4
50.308,1.86,-7.76,2.312222222222222
50.328,1.14,-7.85,2.23
50.348,0.65,-7.77,2.1455555555555557
50.368,-0.04,-7.65,2.06
50.388,-0.59,-7.66,1.978888888888889
50.408,-1.25,-7.54,1.8977777777777778
50.428,-1.64,-7.45,1.8177777777777777
50.448,-2.2,-7.33,1.731111111111111
50.468,-2.68,-7.21,1.6577777777777778
50.488,-3.15,-7.09,1.5733333333333333
50.508,-3.42,-6.99,1.4977777777777779
50.528,-3.79,-6.95,1.4233333333333333
50.548,-3.65,-7.41,1.3833333333333333
50.568,-6.88,-5.83,1.2833333333333334
50.588,-4.94,-7.71,1.2433333333333334
50.608,-4.63,-6.84,1.1266666666666667
50.628,-5.53,-6.12,1.0522222222222222
50.648,-5.61,-5.93,0.9855555555555555
50.668,-5.65,-6.4,0.9155555555555556
50.688,-5.82,-5.92,0.8466666666666667
50.708,-6.11,-6.13,0.78
50.728,-6.15,-5.8,0.7111111111111111
50.748,-6.45,-5.93,0.6488888888888888
50.768,-6.46,-5.62,0.5844444444444444
50.788,-6.66,-5.75,0.5188888888888888
50.808,-6.7,-5.44,0.45666666666666667
50.828,-6.83,-5.61,0.39222222222222225
50.848,-6.81,-5.41,0.33111111111111113
50.868,-6.88,-5.52,0.27
50.888,-6.88,-5.35,0.20777777777777778
50.908,-6.94,-5.48,0.14666666666666667
50.928,-6.91,-5.32,0.08333333333333333
50.948,-6.98,-5.44,0.025555555555555557
50.968,-6.94,-5.36,-0.034444444444444444
50.988,-6.96,-5.46,-0.09333333333333334
51.008,-6.91,-5.4,-0.1511111111111111
51.028,-6.88,-5.51,-0.21222222222222223
51.048,-6.82,-5.47,-0.2722222222222222
51.068,-6.81,-5.58,-0.3333333333333333
51.088,-6.72,-5.57,-0.39666666666666667
51.108,-6.67,-5.64,-0.4533333333333333
51.128,-6.57,-5.66,-0.5155555555555555
51.148,-6.48,-5.72,-0.5766666666666667
51.168,-6.33,-5.82,-0.6411111111111111
51.188,-6.22,-5.89,-0.7044444444444444
51.208,-6.03,-5.99,-0.7688888888888888
51.228,-5.9,-6.07,-0.83
51.248,-5.67,-6.18,-0.8966666666666666
51.268,-5.54,-6.26,-0.96
51.288,-5.25,-6.35,-1.031111111111111
51.308,-5.07,-6.44,-1.0988888888888888
51.328,-4.79,-6.57,-1.1711111111111112
51.348,-4.51,-6.68,-1.241111111111111
51.368,-4.16,-6.81,-1.3144444444444445
51.388,-3.92,-6.92,-1.3866666666666667
51.408,-3.31,-7.08,-1.461111111111111
51.428,-3.07,-7.14,-1.5366666666666666
51.448,-2.65,-7.22,-1.6144444444444443
51.468,-2.45,-7.15,-1.731111111111111
51.488,-1.7,-7.51,-1.7655555555555555
51.508,-1.22,-7.61,-1.8477777777777777
51.528,-0.65,-7.68,-1.9277777777777778
51.548,-0.2,-7.74,-2.01
51.568,0.35,-7.82,-2.09
51.588,0.85,-7.9,-2.1744444444444446
51.608,1.59,-7.82,-2.2555555555555555
51.628,2.12,-8.09,-2.34
51.648,2.91,-7.92,-2.42
51.668,3.3,-8.21,-2.5
51.688,4.32,-7.79,-2.58
51.708,4.84,-7.89,-2.66
51.728,5.76,-7.62,-2.741111111111111
51.748,6.35,-7.64,-2.818888888888889
51.768,7.25,-7.32,-2.8933333333333335
51.788,7.86,-7.32,-2.968888888888889
51.808,8.71,-7.0,-3.0411111111111113
51.828,9.35,-6.82,-3.108888888888889
51.848,10.22,-6.46,-3.18
51.868,10.77,-6.16,-3.2355555555555555
51.888,11.3,-6.25,-3.263333333333333
51.908,12.37,-5.17,-3.341111111111111
51.928,12.81,-5.01,-3.4033333333333333
51.948,13.27,-4.5,-3.45
51.968,13.83,-3.96,-3.4877777777777776
51.988,14.25,-3.57,-3.5255555555555556
52.008,14.66,-2.92,-3.5522222222222224
52.028,14.88,-2.49,-3.5755555555555554
52.048,15.25,-1.81,-3.5944444444444446
52.068,15.34,-1.28,-3.6
52.088,15.49,-0.56,-3.6077777777777778
52.108,15.56,-0.17,-3.6044444444444443
52.128,15.41,0.71,-3.5922222222222224
52.148,15.54,0.82,-3.5766666666666667
52.168,15.14,1.92,-3.557777777777778
52.188,15.04,1.98,-3.53
52.208,14.76,2.91,-3.497777777777778
52.228,14.13,3.33,-3.4766666666666666
52.248,13.83,4.06,-3.41
52.268,13.32,4.09,-3.3866666666666667
52.288,12.49,4.79,-3.31
52.308,12.03,5.04,-3.2511111111111113
52.328,11.24,5.74,-3.188888888888889
52.348,10.59,6.08,-3.1133333333333333
52.368,9.74,6.41,-3.031111111111111
52.388,9.1,6.38,-2.953333333333333
52.408,8.42,6.66,-2.867777777777778
52.428,7.77,6.9,-2.8
52.448,6.86,7.27,-2.703333333333333
52.468,6.2,7.14,-2.602222222222222
52.488,5.38,7.37,-2.511111111111111
52.508,4.82,7.39,-2.417777777777778
52.528,4.12,7.55,-2.3222222222222224
52.548,3.5,7.51,-2.2255555555555557
52.568,2.56,7.58,-2.13
52.588,2.15,7.46,-2.03
52.608,1.75,7.5,-1.9344444444444444
52.628,1.16,7.58,-1.8311111111111111
52.648,0.89,7.49,-1.7344444444444445
52.668,0.52,7.51,-1.6355555555555557
52.688,0.04,7.48,-1.54
52.708,-0.1,7.37,-1.49
52.728,-0.65,7.3,-1.3533333333333333
52.748,-1.03,7.36,-1.3066666666666666
52.768,-1.95,7.39,-1.1633333333333333
52.788,-2.26,7.44,-1.1177777777777778
52.808,-2.36,5.9,-0.9988888888888889
52.828,-4.1,8.4,-0.93
52.848,-3.2,6.93,-0.8033333333333333
52.868,-3.56,7.06,-0.76
52.888,-3.46,6.9,-0.6277777777777778
52.908,-3.43,6.96,-0.5844444444444444
52.928,-3.43,6.93,-0.45444444444444443
52.948,-3.44,6.99,-0.36444444444444446
52.968,-3.63,6.86,-0.27666666666666667
52.988,-3.63,6.93,-0.19
53.008,-3.71,6.81,-0.1
53.028,-3.79,6.88,-0.013333333333333334
53.048,-3.79,6.89,0.06888888888888889
53.068,-3.82,6.83,0.15333333333333332
53.088,-3.62,6.95,0.24
53.108,-3.55,6.96,0.32555555555555554
53.128,-3.45,6.98,0.3711111111111111
53.148,-3.36,7.02,0.4955555555555556
53.168,-3.3,7.05,0.54
53.188,-3.19,7.06,0.6266666666666667
53.208,-3.13,7.08,0.7122222222222222
53.228,-2.96,7.1,0.8
53.248,-2.69,7.13,0.8844444444444445
53.268,-2.42,7.2,0.9755555555555555
53.288,-1.97,7.3,1.1077777777777778
53.308,-1.72,7.33,1.1511111111111112
53.328,-1.17,7.39,1.2866666666666666
53.348,-0.88,7.46,1.3322222222222222
53.368,-0.24,7.54,1.47
53.388,0.1,7.58,1.5155555555555555
53.408,0.61,7.6,1.6511111111111112
53.428,0.96,7.65,1.698888888888889
53.448,1.54,7.58,1.8388888888888888
53.468,1.98,7.63,1.8822222222222222
53.488,2.7,7.71,2.022222222222222
53.508,3.14,7.71,2.0677777777777777
53.528,3.39,7.8,2.21
53.548,4.25,7.62,2.2644444444444445
53.568,5.18,7.35,2.3944444444444444
53.588,5.81,7.39,2.4833333333333334
53.608,6.49,7.09,2.53
53.628,7.06,7.07,2.661111111111111
53.648,7.9,6.75,2.71
53.668,8.51,6.68,2.8055555555555554
53.688,9.38,6.38,2.8766666666666665
53.708,9.98,6.14,2.9588888888888887
53.728,10.7,5.7,3.04
53.748,11.44,5.21,3.118888888888889
53.768,12.33,4.5,3.1777777777777776
53.788,12.54,4.92,3.2355555555555555
53.808,13.07,4.33,3.3022222222222224
53.828,13.69,3.62,3.361111111111111
53.848,14.26,3.12,3.41
53.868,14.71,2.5,3.46
53.888,15.15,1.69,3.4966666666666666
53.908,15.02,1.52,3.526666666666667
53.928,15.29,1.0,3.5677777777777777
53.948,15.54,0.45,3.578888888888889
53.968,15.54,-0.04,3.602222222222222
53.988,15.45,-0.56,3.608888888888889
54.008,15.43,-1.63,3.6166666666666667
54.028,15.19,-2.08,3.6155555555555554
54.048,14.95,-2.52,3.598888888888889
54.068,14.86,-2.97,3.59
54.088,14.57,-3.57,3.5722222222222224
54.108,14.22,-4.0,3.55
54.128,13.48,-4.56,3.51
54.148,12.73,-4.88,3.4811111111111113
54.168,12.24,-5.29,3.43
54.188,12.21,-5.47,3.3755555555555556
54.208,11.22,-6.26,3.32
54.228,10.4,-6.62,3.2511111111111113
54.248,8.82,-7.25,3.1855555555555557
54.268,8.09,-7.06,3.111111111111111
54.288,7.52,-7.48,3.04
54.308,7.09,-7.38,2.96
54.328,6.2,-7.62,2.881111111111111
54.348,5.57,-7.6,2.7977777777777777
54.368,4.49,-7.54,2.716666666666667
54.388,3.61,-8.12,2.598888888888889
54.408,2.9,-7.89,2.55
54.428,2.39,-7.89,2.466666666666667
54.448,1.58,-7.84,2.3833333333333333
54.468,1.08,-7.74,2.2977777777777777
54.488,0.56,-7.78,2.2155555555555555
54.508,0.12,-7.71,2.13
54.528,-0.41,-7.65,2.0455555555555556
54.548,-0.89,-7.61,1.9633333333333334
54.568,-1.67,-7.42,1.84
54.588,-2.05,-7.24,1.8
54.608,-2.63,-7.2,1.7177777777777778
54.628,-2.94,-7.16,1.64
54.648,-3.41,-7.07,1.5611111111111111
54.668,-3.64,-6.91,1.4822222222222223
54.688,-4.02,-6.87,1.4177777777777778
54.708,-4.65,-6.26,1.3611111111111112
54.728,-4.63,-6.66,1.2577777777777779
54.748,-4.87,-6.66,1.1833333333333333
54.768,-6.9,-3.41,1.1188888888888888
54.788,-4.54,-7.39,0.9533333333333334
54.808,-5.51,-6.38,0.9766666666666667
54.828,-6.04,-6.12,0.9033333333333333
54.848,-5.99,-5.56,0.8311111111111111
54.868,-6.24,-6.38,0.7688888888888888
54.888,-6.2,-5.63,0.7
54.908,-6.53,-5.96,0.6366666666666667
54.928,-6.45,-5.52,0.5711111111111111
54.948,-6.67,-5.8,0.5077777777777778
54.968,-6.64,-5.39,0.4444444444444444
54.988,-6.88,-5.65,0.3811111111111111
55.008,-6.81,-5.35,0.31666666666666665
55.028,-6.95,-5.52,0.2577777777777778
55.048,-6.86,-5.31,0.19555555555555557
55.068,-6.94,-5.49,0.13666666666666666
55.088,-6.88,-5.29,0.07333333333333333
55.108,-6.95,-5.45,0.012222222222222223
55.128,-6.9,-5.33,-0.044444444444444446
55.148,-7.0,-5.5,-0.10444444444444445
55.168,-6.9,-5.38,-0.16555555555555557
55.188,-6.92,-5.53,-0.2222222222222222
55.208,-6.82,-5.48,-0.28444444444444444
55.228,-6.8,-5.59,-0.3411111111111111
55.248,-6.69,-5.58,-0.4022222222222222
55.268,-6.61,-5.67,-0.4666666666666667
55.288,-6.5,-5.7,-0.5255555555555556
55.308,-6.37,-5.84,-0.5888888888888889
55.328,-6.16,-5.86,-0.6511111111111111
55.348,-6.07,-5.98,-0.7133333333333334
55.368,-5.82,-6.06,-0.78
55.388,-5.7,-6.16,-0.8455555555555555
55.408,-5.43,-6.25,-0.91
55.428,-5.32,-6.32,-0.9744444444444444
55.448,-5.0,-6.46,-1.0444444444444445
55.468,-4.78,-6.57,-1.1144444444444443
55.488,-4.47,-6.68,-1.1844444444444444
55.508,-4.24,-6.77,-1.2555555555555555
55.528,-3.88,-6.94,-1.33
55.548,-3.59,-7.01,-1.4022222222222223
55.568,-3.16,-7.17,-1.4733333333333334
55.588,-2.88,-7.2,-1.5522222222222222
55.608,-2.56,-7.12,-1.6388888888888888
55.628,-1.93,-7.84,-1.76
55.648,-1.37,-7.53,-1.781111111111111
55.668,-0.99,-7.66,-1.8633333333333333
55.688,-0.35,-7.69,-1.941111111111111
55.708,0.08,-7.79,-2.0244444444444443
55.728,0.74,-7.81,-2.1044444444444443
55.748,1.27,-7.94,-2.1844444444444444
55.768,1.68,-7.72,-2.2688888888888887
55.788,2.45,-7.82,-2.352222222222222
55.808,3.02,-7.84,-2.433333333333333
55.828,3.97,-7.93,-2.5155555555555558
55.848,4.69,-7.85,-2.5933333333333333
55.868,5.42,-7.77,-2.6766666666666667
55.888,6.2,-7.7,-2.7544444444444443
55.908,6.81,-7.51,-2.8344444444444443
55.928,7.68,-7.37,-2.9066666666666667
55.948,8.25,-7.08,-2.986666666666667
55.968,9.18,-6.87,-3.0533333333333332
55.988,9.76,-6.61,-3.121111111111111
56.008,10.61,-6.29,-3.1855555555555557
56.028,11.22,-6.1,-3.2455555555555557
56.048,12.28,-5.01,-3.227777777777778
56.068,12.45,-5.21,-3.361111111111111
56.088,13.17,-4.62,-3.41
56.108,13.51,-4.34,-3.453333333333333
56.128,14.13,-3.65,-3.493333333333333
56.148,14.39,-3.31,-3.531111111111111
56.168,14.83,-2.6,-3.5533333333333332
56.188,15.08,-2.17,-3.571111111111111
56.208,15.35,-1.48,-3.5877777777777777
56.228,15.37,-0.96,-3.6
56.248,15.41,-0.46,-3.6
56.268,15.56,0.35,-3.597777777777778
56.288,15.52,0.71,-3.5866666666666664
56.308,15.18,1.68,-3.5655555555555556
56.328,15.05,1.7,-3.5455555555555556
56.348,14.69,2.54,-3.5255555555555556
56.368,14.35,3.2,-3.4855555555555555
56.388,13.85,3.73,-3.4433333333333334
56.408,13.33,4.15,-3.401111111111111
56.428,12.65,4.59,-3.348888888888889
56.448,12.17,4.98,-3.2911111111111113
56.468,11.55,5.57,-3.2344444444444442
56.488,10.93,5.86,-3.181111111111111
56.508,10.26,6.12,-3.0955555555555554
56.528,9.21,6.39,-3.026666666666667
56.548,8.73,6.81,-2.9544444444444444
56.568,7.84,7.12,-2.88
56.588,7.26,7.24,-2.818888888888889
56.608,6.4,7.34,-2.7022222222222223
56.628,5.82,7.4,-2.617777777777778
56.648,4.97,7.61,-2.5344444444444445
56.668,4.44,7.58,-2.442222222222222
56.688,3.95,7.6,-2.3533333333333335
56.708,3.24,7.61,-2.2622222222222224
56.728,2.83,7.84,-2.1744444444444446
56.748,2.02,7.66,-2.078888888888889
56.768,1.58,7.44,-1.988888888888889
56.788,0.76,7.61,-1.8988888888888888
56.808,0.51,7.53,-1.8
56.828,-0.07,7.5,-1.7066666666666668
56.848,-0.42,7.41,-1.6122222222222222
56.868,-0.88,7.4,-1.5222222222222221
56.888,-1.3,7.38,-1.4288888888888889
56.908,-1.54,7.52,-1.3377777777777777
56.928,-1.87,7.32,-1.25
56.948,-3.03,7.85,-1.1455555555555557
56.968,-2.65,6.77,-1.0633333333333332
56.988,-3.14,7.13,-0.9755555555555555
57.008,-3.07,6.94,-0.8866666666666667
57.028,-3.57,6.89,-0.7966666666666666
57.048,-3.65,6.72,-0.7088888888888889
57.068,-3.87,6.74,-0.6188888888888889
57.088,-3.97,6.75,-0.5344444444444445
57.108,-4.14,6.64,-0.4488888888888889
57.128,-4.33,6.62,-0.35888888888888887
57.148,-4.19,6.33,-0.2733333333333333
57.168,-4.47,6.52,-0.17888888888888888
57.188,-4.56,6.28,-0.07666666666666666
57.208,-4.34,6.42,0.022222222222222223
57.228,-4.26,6.77,0.11222222222222222
57.248,-4.06,6.74,0.19666666666666666
57.268,-3.84,6.71,0.28
57.288,-3.93,6.82,0.36333333333333334
57.308,-3.68,6.93,0.4477777777777778
57.328,-3.53,6.84,0.5311111111111111
57.348,-3.41,6.98,0.6155555555555555
57.368,-3.16,6.95,0.7022222222222222
57.388,-2.92,7.03,0.7888888888888889
57.408,-2.73,7.09,0.8744444444444445
57.428,-2.47,7.16,0.96
57.448,-2.24,7.2,1.051111111111111
57.468,-1.86,7.27,1.14
57.488,-1.66,7.32,1.23
57.508,-1.4,7.39,1.3177777777777777
57.528,-1.16,7.44,1.41
57.548,-0.75,7.46,1.5
57.568,-0.45,7.49,1.5955555555555556
57.588,-0.01,7.56,1.6855555555555555
57.608,0.28,7.6,1.7777777777777777
57.628,0.83,7.76,1.8733333333333333
57.648,1.71,7.47,1.961111111111111
57.668,2.24,7.84,2.0588888888888888
57.688,2.87,7.63,2.1544444444444446
57.708,3.71,7.58,2.2488888888888887
57.728,3.86,7.89,2.34
57.748,5.36,7.56,2.43
57.768,5.78,7.25,2.5211111111111113
57.788,6.72,7.31,2.6077777777777778
57.808,7.21,6.95,2.698888888888889
57.828,8.0,6.75,2.7866666666666666
57.848,8.33,6.61,2.9
57.868,9.5,6.33,2.9611111111111112
57.888,10.12,6.09,3.04
57.908,10.75,5.95,3.1244444444444444
57.928,11.36,5.52,3.2088888888888887
57.948,12.13,4.95,3.283333333333333
57.968,12.49,4.5,3.347777777777778
57.988,13.54,3.48,3.42
58.008,14.04,3.49,3.4611111111111112
58.028,14.53,2.68,3.517777777777778
58.048,15.32,1.89,3.5655555555555556
58.068,15.32,1.52,3.5877777777777777
58.088,15.49,1.17,3.62
58.108,15.89,0.68,3.65
58.128,15.85,0.45,3.6655555555555557
58.148,16.01,0.31,3.683333333333333
58.168,15.99,-0.08,3.6944444444444446
58.188,15.84,-0.76,3.7144444444444447
58.208,15.7,-1.83,3.712222222222222
58.228,15.32,-2.88,3.698888888888889
58.248,14.65,-3.28,3.687777777777778
58.268,14.33,-4.15,3.658888888888889
58.288,14.32,-4.12,3.618888888888889
58.308,13.33,-4.62,3.578888888888889
58.328,12.65,-5.28,3.528888888888889
58.348,11.61,-5.95,3.4755555555555557
58.368,11.23,-5.96,3.4166666666666665
58.388,10.43,-6.65,3.351111111111111
58.408,9.79,-6.76,3.28
58.428,8.88,-7.07,3.212222222222222
58.448,8.21,-7.21,3.1333333333333333
58.468,7.34,-7.49,3.06
58.488,6.74,-7.54,2.98
58.508,5.87,-7.71,2.897777777777778
58.528,5.24,-7.72,2.81
58.548,4.33,-7.76,2.7
58.568,3.67,-7.92,2.6422222222222222
58.588,2.79,-7.82,2.566666666666667
58.608,2.34,-7.86,2.4766666666666666
58.628,1.53,-7.75,2.3955555555555557
58.648,1.03,-7.82,2.31
58.668,0.18,-7.68,2.2288888888888887
58.688,-0.25,-7.55,2.147777777777778
58.708,-1.03,-7.49,2.062222222222222
58.728,-1.48,-7.51,1.98
58.748,-2.09,-7.31,1.8966666666666667
58.768,-2.51,-7.23,1.8177777777777777
58.788,-3.03,-7.07,1.74
58.808,-3.37,-6.95,1.66
58.828,-3.7,-6.89,1.59
58.848,-4.0,-6.78,1.5355555555555556
58.868,-4.42,-6.6,1.4366666666666668
58.888,-4.7,-6.5,1.3588888888888888
58.908,-4.06,-6.29,1.291111111111111
58.928,-3.72,-10.69,1.11
58.948,-4.67,-5.57,1.16
58.968,-5.79,-6.54,1.08
58.988,-5.76,-5.75,1.01
59.008,-6.11,-5.74,0.9533333333333334
59.028,-6.2,-5.26,0.8822222222222222
59.048,-6.43,-5.72,0.8233333333333334
59.068,-6.54,-5.28,0.7566666666666667
59.088,-6.82,-5.39,0.6977777777777778
59.108,-6.92,-5.24,0.6344444444444445
59.128,-7.14,-5.34,0.5788888888888889
59.148,-7.16,-4.93,0.5166666666666667
59.168,-7.36,-5.09,0.46111111111111114
59.188,-7.35,-4.85,0.4011111111111111
59.208,-7.44,-5.0,0.34444444444444444
59.228,-7.41,-4.8,0.2877777777777778
59.248,-7.5,-4.93,0.23222222222222222
59.268,-7.46,-4.78,0.17444444444444446
59.288,-7.54,-4.89,0.12
59.308,-7.51,-4.79,0.06333333333333334
59.328,-7.56,-4.88,0.01
59.348,-7.53,-4.84,-0.043333333333333335
59.368,-7.51,-4.89,-0.09888888888888889
59.388,-7.45,-4.93,-0.15333333333333332
59.408,-7.4,-4.95,-0.20777777777777778
59.428,-7.34,-4.98,-0.26222222222222225
59.448,-7.3,-5.01,-0.31666666666666665
59.468,-7.23,-5.05,-0.37222222222222223
59.488,-7.17,-5.08,-0.42777777777777776
59.508,-7.08,-5.18,-0.4866666666666667
59.528,-6.98,-5.23,-0.54
59.548,-6.88,-5.33,-0.6
59.568,-6.8,-5.39,-0.6555555555555556
59.588,-6.66,-5.53,-0.7144444444444444
59.608,-6.53,-5.58,-0.7744444444444445
59.628,-6.42,-5.66,-0.8355555555555556
59.648,-6.21,-5.78,-0.8966666666666666
59.668,-6.04,-5.9,-0.9588888888888889
59.688,-5.84,-5.98,-1.0233333333333334
59.708,-5.59,-6.14,-1.0888888888888888
59.728,-5.36,-6.19,-1.1544444444444444
59.748,-5.04,-6.39,-1.2222222222222223
59.768,-4.77,-6.46,-1.29
59.788,-4.39,-6.63,-1.36
59.808,-4.1,-6.7,-1.431111111111111
59.828,-3.67,-6.9,-1.5022222222222221
59.848,-3.33,-6.99,-1.5755555555555556
59.868,-2.91,-7.12,-1.6511111111111112
59.888,-2.65,-7.13,-1.73
59.908,-1.26,-7.78,-1.8588888888888888
59.928,-1.72,-7.45,-1.8777777777777778
59.948,-1.05,-7.61,-1.96
59.968,-0.64,-7.59,-2.04
59.988,0.09,-7.78,-2.12
60.008,0.53,-7.82,-2.2044444444444444
