3.984,-0.01,-0.01,-0.0011111111111111111
4.004,-0.01,-0.01,-0.0011111111111111111
4.024,-0.01,-0.01,-0.0011111111111111111
4.044,-0.01,-0.01,-0.0011111111111111111
4.064,-0.01,-0.01,-0.0011111111111111111
4.084,-0.01,-0.01,-0.0011111111111111111
4.104,-0.01,-0.01,-0.0011111111111111111
4.124,-0.01,-0.01,-0.0011111111111111111
4.144,-0.01,-0.01,-0.0011111111111111111
4.164,-0.01,-0.01,-0.0011111111111111111
4.184,-0.01,-0.01,-0.0011111111111111111
4.204,-0.01,-0.01,-0.0011111111111111111
4.224,-0.01,-0.01,-0.0011111111111111111
4.244,-0.01,-0.01,-0.0011111111111111111
4.264,-0.01,-0.01,-0.0011111111111111111
4.284,-0.01,-0.01,-0.0011111111111111111
4.304,-0.01,-0.01,-0.0011111111111111111
4.324,-0.01,-0.01,-0.0011111111111111111
4.344,-0.01,-0.01,-0.0011111111111111111
4.364,-0.01,-0.01,-0.0011111111111111111
4.384,-0.01,-0.01,-0.0011111111111111111
4.404,-0.01,-0.01,-0.0011111111111111111
4.424,-0.01,-0.01,-0.0011111111111111111
4.444,-0.01,-0.01,-0.0011111111111111111
4.464,-0.01,-0.01,-0.0011111111111111111
4.484,-0.01,-0.01,-0.0011111111111111111
4.504,-0.01,-0.01,-0.0011111111111111111
4.524,-0.01,-0.01,-0.0011111111111111111
4.544,-0.01,-0.01,-0.0011111111111111111
4.564,-0.01,-0.01,-0.0011111111111111111
4.584,-0.01,-0.01,-0.0011111111111111111
4.604,-0.01,-0.01,-0.0011111111111111111
4.624,-0.01,-0.01,-0.0011111111111111111
4.644,-0.01,-0.01,-0.0011111111111111111
4.664,-0.01,-0.01,-0.0011111111111111111
4.684,-0.01,-0.01,-0.0011111111111111111
4.704,-0.01,-0.01,-0.0011111111111111111
4.724,-0.01,-0.01,-0.0011111111111111111
4.744,-0.01,-0.01,-0.0011111111111111111
4.764,-0.01,-0.01,-0.0011111111111111111
4.784,-0.01,-0.01,-0.0011111111111111111
4.804,-0.01,-0.01,-0.0011111111111111111
4.824,-0.01,-0.01,-0.0011111111111111111
4.844,-0.01,-0.01,-0.0011111111111111111
4.864,-0.01,-0.01,-0.0011111111111111111
4.884,-9.12,2.45,0.06444444444444444
4.904,-9.12,2.45,0.06666666666666667
4.924,-9.1,2.47,0.06888888888888889
4.944,-9.1,2.46,0.07
4.964,-9.1,2.5,0.06888888888888889
4.984,-9.08,2.5,0.07
5.004,-9.12,2.51,0.07
5.024,-9.08,2.55,0.07111111111111111
5.044,-9.11,2.55,0.07222222222222222
5.064,-9.08,2.56,0.07222222222222222
5.084,-9.1,2.56,0.07222222222222222
5.104,-0.01,-0.01,-0.0011111111111111111
5.124,-0.01,-0.01,-0.0011111111111111111
5.144,-0.01,-0.01,-0.0011111111111111111
5.164,-0.01,-0.01,-0.0011111111111111111
5.184,-9.09,2.67,0.07777777777777778
5.204,-9.06,2.69,0.07666666666666666
5.224,-9.06,2.69,0.08
5.244,-9.04,2.68,0.07888888888888888
5.264,-9.04,2.73,0.08
5.284,-9.04,2.75,0.08222222222222222
5.304,-9.03,2.75,0.08222222222222222
5.324,-9.04,2.79,0.08222222222222222
5.344,-9.01,2.78,0.08555555555555555
5.364,-9.04,2.82,0.08333333333333333
5.384,-9.01,2.8,0.08333333333333333
5.404,-9.0,2.83,0.08555555555555555
5.424,-9.02,2.86,0.08777777777777777
5.444,-8.99,2.85,0.08888888888888889
5.464,-8.98,2.86,0.08666666666666667
5.484,-8.97,2.91,0.09
5.504,-8.98,2.91,0.08888888888888889
5.524,-8.98,2.94,0.09
5.544,-8.96,2.96,0.09
5.564,-8.95,2.99,0.09333333333333334
5.584,-8.94,3.01,0.09444444444444444
5.604,-8.96,3.02,0.09333333333333334
5.624,-8.95,3.02,0.09777777777777778
5.644,-8.93,3.07,0.09444444444444444
5.664,-8.96,3.07,0.09888888888888889
5.684,-8.9,3.06,0.1
5.704,-8.91,3.12,0.1
5.724,-8.9,3.12,0.10222222222222223
5.744,-8.91,3.12,0.09888888888888889
5.764,-8.88,3.17,0.10333333333333333
5.784,-8.87,3.17,0.10333333333333333
5.804,-8.9,3.19,0.10555555555555556
5.824,-8.89,3.19,0.10444444444444445
5.844,-8.83,3.23,0.10888888888888888
5.864,-8.86,3.27,0.10888888888888888
5.884,-8.85,3.28,0.10777777777777778
5.904,-8.83,3.29,0.11
5.924,-8.83,3.32,0.11222222222222222
5.944,-8.82,3.32,0.1111111111111111
5.964,-8.81,3.36,0.1111111111111111
5.984,-8.8,3.4,0.11444444444444445
6.004,-8.79,3.41,0.11555555555555555
6.024,-8.81,3.43,0.11777777777777777
6.044,-8.78,3.44,0.12
6.064,-8.77,3.47,0.12
6.084,-8.74,3.49,0.12
6.104,-8.73,3.51,0.12111111111111111
6.124,-8.74,3.56,0.12444444444444444
6.144,-8.73,3.56,0.12333333333333334
6.164,-8.72,3.59,0.12666666666666668
6.184,-8.73,3.63,0.1288888888888889
6.204,-8.7,3.64,0.1288888888888889
6.224,-8.69,3.66,0.1288888888888889
6.244,-8.67,3.71,0.13
6.264,-8.67,3.72,0.13111111111111112
6.284,-8.63,3.75,0.1322222222222222
6.304,-8.64,3.76,0.13333333333333333
6.324,-8.63,3.79,0.13555555555555557
6.344,-8.61,3.81,0.13666666666666666
6.364,-8.62,3.85,0.1388888888888889
6.384,-8.58,3.87,0.1388888888888889
6.404,-8.56,3.92,0.14
6.424,-8.58,3.91,0.1411111111111111
6.444,-8.52,3.93,0.14222222222222222
6.464,-8.55,3.98,0.14444444444444443
6.484,-8.52,3.99,0.14555555555555555
6.504,-8.53,4.01,0.14777777777777779
6.524,-8.51,4.07,0.15
6.544,-8.5,4.07,0.14888888888888888
6.564,-8.48,4.1,0.1511111111111111
6.584,-8.45,4.13,0.15444444444444444
6.604,-8.43,4.2,0.15333333333333332
6.624,-8.42,4.18,0.15666666666666668
6.644,-8.4,4.23,0.15888888888888889
6.664,-8.39,4.24,0.15666666666666668
6.684,-8.38,4.29,0.16111111111111112
6.704,-8.38,4.31,0.1622222222222222
6.724,-8.38,4.36,0.16444444444444445
6.744,-8.34,4.38,0.16666666666666666
6.764,-8.31,4.39,0.16777777777777778
6.784,-8.33,4.44,0.17
6.804,-8.3,4.47,0.17
6.824,-8.28,4.48,0.1711111111111111
6.844,-8.24,4.54,0.17333333333333334
6.864,-8.23,4.55,0.17666666666666667
6.884,-8.22,4.61,0.17777777777777778
6.904,-8.21,4.63,0.17888888888888888
6.924,-8.15,4.66,0.18
6.944,-8.14,4.67,0.18222222222222223
6.964,-8.14,4.7,0.18333333333333332
6.984,-8.11,4.73,0.18666666666666668
7.004,-8.08,4.78,0.18888888888888888
7.024,-8.08,4.85,0.19
7.044,-8.06,4.85,0.19333333333333333
7.064,-8.06,4.88,0.19444444444444445
7.084,-7.99,4.89,0.19555555555555557
7.104,-7.98,4.93,0.19666666666666666
7.124,-7.94,5.01,0.2
7.144,-7.92,5.02,0.2
7.164,-7.91,5.09,0.20333333333333334
7.184,-7.9,5.05,0.20444444444444446
7.204,-7.87,5.15,0.20777777777777778
7.224,-7.84,5.15,0.21
7.244,-7.83,5.2,0.2111111111111111
7.264,-7.79,5.24,0.21444444444444444
7.284,-7.76,5.28,0.21222222222222223
7.304,-7.75,5.31,0.21666666666666667
7.324,-7.68,5.34,0.21666666666666667
7.344,-7.69,5.37,0.22111111111111112
7.364,-7.64,5.41,0.22555555555555556
7.384,-7.64,5.48,0.22666666666666666
7.404,-7.58,5.48,0.22777777777777777
7.424,-7.57,5.55,0.2288888888888889
7.444,-7.56,5.55,0.23222222222222222
7.464,-7.54,5.6,0.23555555555555555
7.484,-7.51,5.65,0.23666666666666666
7.504,-7.47,5.7,0.24
7.524,-7.41,5.73,0.24222222222222223
7.544,-7.4,5.77,0.24333333333333335
7.564,-7.34,5.8,0.24666666666666667
7.584,-7.32,5.84,0.24888888888888888
7.604,-7.31,5.91,0.25
7.624,-7.29,5.91,0.25333333333333335
7.644,-7.25,5.98,0.2544444444444444
7.664,-7.2,6.03,0.25666666666666665
7.684,-7.15,6.03,0.26
7.704,-7.13,6.08,0.2633333333333333
7.724,-7.09,6.13,0.26555555555555554
7.744,-7.03,6.16,0.26666666666666666
7.764,-7.05,6.2,0.27111111111111114
7.784,-6.99,6.24,0.2722222222222222
7.804,-6.96,6.29,0.27444444444444444
7.824,-6.92,6.34,0.2777777777777778
7.844,-6.83,6.36,0.28
7.864,-6.8,6.42,0.2833333333333333
7.884,-6.78,6.46,0.28555555555555556
7.904,-6.74,6.5,0.2877777777777778
7.924,-6.73,6.55,0.2911111111111111
7.944,-6.7,6.6,0.2922222222222222
7.964,-6.57,6.62,0.29555555555555557
7.984,-6.57,6.65,0.29888888888888887
8.004,-6.5,6.72,0.3011111111111111
8.024,-6.49,6.77,0.30444444444444446
8.044,-6.4,6.82,0.30666666666666664
8.064,-6.36,6.83,0.3088888888888889
8.084,-6.32,6.92,0.31
8.104,-6.31,6.95,0.31555555555555553
8.124,-6.22,7.0,0.3188888888888889
8.144,-6.18,7.02,0.3211111111111111
8.164,-6.13,7.08,0.3244444444444444
8.184,-6.06,7.1,0.3277777777777778
8.204,-6.15,7.38,0.31444444444444447
8.224,-5.93,7.03,0.33111111111111113
8.244,-5.94,7.32,0.33555555555555555
8.264,-5.89,7.27,0.34
8.284,-5.81,7.38,0.3411111111111111
8.304,-5.74,7.31,0.34555555555555556
8.324,-5.76,7.49,0.3488888888888889
8.344,-5.65,7.49,0.3511111111111111
8.364,-5.6,7.46,0.35444444444444445
8.384,-5.49,7.62,0.3566666666666667
8.404,-5.48,7.64,0.35888888888888887
8.424,-5.39,7.61,0.36333333333333334
8.444,-5.36,7.68,0.3655555555555556
8.464,-5.3,7.71,0.37
8.484,-5.22,7.8,0.37444444444444447
8.504,-5.14,7.78,0.37666666666666665
8.524,-5.07,7.86,0.38
8.544,-5.04,7.9,0.38333333333333336
8.564,-4.91,7.92,0.38666666666666666
8.584,-4.9,7.98,0.39
8.604,-4.8,8.03,0.3933333333333333
8.624,-4.76,8.07,0.3977777777777778
8.644,-4.65,8.07,0.4011111111111111
8.664,-4.62,8.17,0.40444444444444444
8.684,-4.56,8.15,0.4066666666666667
8.704,-4.42,8.22,0.41
8.724,-4.37,8.28,0.41333333333333333
8.744,-4.33,8.3,0.41555555555555557
8.764,-4.23,8.34,0.42
8.784,-4.17,8.44,0.42444444444444446
8.804,-4.12,8.45,0.4266666666666667
8.824,-3.98,8.48,0.43
8.844,-3.95,8.53,0.43444444444444447
8.864,-3.84,8.59,0.43666666666666665
8.884,-3.79,8.55,0.44
8.904,-3.63,8.62,0.44555555555555554
8.924,-3.6,8.72,0.44666666666666666
8.944,-3.5,8.73,0.45111111111111113
8.964,-3.4,8.69,0.45444444444444443
8.984,-3.26,8.73,0.45666666666666667
9.004,-3.2,8.85,0.46111111111111114
9.024,-3.11,8.9,0.46555555555555556
9.044,-3.03,8.89,0.47
9.064,-2.94,8.92,0.47333333333333333
9.084,-2.86,8.96,0.47555555555555556
9.104,-2.73,9.01,0.4811111111111111
9.124,-2.65,9.0,0.48333333333333334
9.144,-2.57,9.08,0.4866666666666667
9.164,-2.47,9.09,0.49
9.184,-2.33,9.12,0.4955555555555556
9.204,-2.27,9.12,0.49666666666666665
9.224,-2.13,9.13,0.5
9.244,-2.07,9.18,0.5044444444444445
9.264,-1.94,9.24,0.5088888888888888
9.284,-1.86,9.26,0.51
9.304,-1.72,9.25,0.5133333333333333
9.324,-1.65,9.31,0.5188888888888888
9.344,-1.52,9.31,0.5233333333333333
9.364,-1.43,9.33,0.5277777777777778
9.384,-1.36,9.47,0.53
9.404,-1.21,9.25,0.5344444444444445
9.424,-1.03,9.46,0.5366666666666666
9.444,-0.98,9.35,0.5411111111111111
9.464,-0.85,9.47,0.5433333333333333
9.484,-0.8,9.4,0.5477777777777778
9.504,-0.62,9.47,0.55
9.524,-0.53,9.46,0.5533333333333333
9.544,-0.41,9.41,0.56
9.564,-0.35,9.53,0.5611111111111111
9.584,-0.16,9.51,0.5644444444444444
9.604,-0.03,9.5,0.57
9.624,0.08,9.51,0.5744444444444444
9.644,0.12,9.54,0.5755555555555556
9.664,0.23,9.52,0.58
9.684,0.34,9.51,0.5833333333333334
9.704,0.53,9.54,0.5877777777777777
9.724,0.63,9.52,0.59
9.744,0.77,9.51,0.5944444444444444
9.764,0.84,9.53,0.5955555555555555
9.784,1.03,9.49,0.6
9.804,1.12,9.51,0.6033333333333334
9.824,1.27,9.51,0.6077777777777778
9.844,1.34,9.48,0.61
9.864,1.48,9.46,0.6133333333333333
9.884,1.61,9.45,0.6188888888888889
9.904,1.79,9.45,0.62
9.924,1.87,9.42,0.6244444444444445
9.944,2.08,9.39,0.6266666666666667
9.964,2.18,9.38,0.63
9.984,2.34,9.36,0.6333333333333333
10.004,2.42,9.32,0.6388888888888888
10.024,2.59,9.32,0.64
10.044,2.7,9.28,0.6411111111111111
10.064,2.85,9.25,0.6477777777777778
10.084,2.98,9.18,0.65
10.104,3.11,9.2,0.65
10.124,3.22,9.16,0.6533333333333333
10.144,3.38,9.11,0.6566666666666666
10.164,3.46,9.07,0.6611111111111111
10.184,3.59,9.01,0.6655555555555556
10.204,3.72,8.98,0.6677777777777778
10.224,3.91,8.94,0.67
10.244,4.0,8.87,0.6711111111111111
10.264,4.19,8.81,0.6755555555555556
10.284,4.24,8.78,0.6777777777777778
10.304,4.39,8.7,0.68
10.324,4.5,8.68,0.6822222222222222
10.344,4.66,8.62,0.6866666666666666
10.364,4.76,8.55,0.6888888888888889
10.384,4.91,8.47,0.6911111111111111
10.404,5.0,8.43,0.6922222222222222
10.424,5.15,8.35,0.6944444444444444
10.444,5.25,8.3,0.6988888888888889
10.464,5.36,8.21,0.7
10.484,5.49,8.16,0.7033333333333334
10.504,5.64,8.08,0.7011111111111111
10.524,5.73,7.96,0.7044444444444444
10.544,5.85,7.89,0.7077777777777777
10.564,5.96,7.87,0.7111111111111111
10.584,6.12,7.72,0.7111111111111111
10.604,6.22,7.71,0.7155555555555555
10.624,6.39,7.68,0.7166666666666667
10.644,6.47,7.47,0.72
10.664,6.61,7.41,0.7188888888888889
10.684,6.67,7.3,0.7211111111111111
10.704,6.8,7.18,0.7255555555555555
10.724,6.85,7.12,0.7255555555555555
10.744,7.06,7.04,0.7288888888888889
10.764,7.14,6.95,0.73
10.784,7.29,7.08,0.73
10.804,7.41,6.51,0.7333333333333333
10.824,7.39,6.5,0.7344444444444445
10.844,7.53,6.62,0.7344444444444445
10.864,7.68,6.23,0.7377777777777778
10.884,7.73,6.39,0.7366666666666667
10.904,7.87,6.1,0.7388888888888889
10.924,8.02,6.05,0.7411111111111112
10.944,8.05,5.88,0.7433333333333333
10.964,8.18,5.79,0.7433333333333333
10.984,8.29,5.66,0.7444444444444445
11.004,8.24,5.7,0.7444444444444445
11.024,8.44,5.46,0.7477777777777778
11.044,8.52,5.23,0.7488888888888889
11.064,8.57,5.21,0.7488888888888889
11.084,8.68,4.93,0.7511111111111111
11.104,8.83,4.92,0.7511111111111111
11.124,8.75,4.76,0.75
11.144,8.96,4.64,0.7522222222222222
11.164,8.93,4.48,0.75
11.184,9.03,4.36,0.7533333333333333
11.204,9.11,4.31,0.7544444444444445
11.224,9.17,4.13,0.7533333333333333
11.244,9.23,3.87,0.7555555555555555
11.264,9.33,3.78,0.7544444444444445
11.284,9.35,3.66,0.7588888888888888
11.304,9.42,3.53,0.7555555555555555
11.324,9.44,3.38,0.7566666666666667
11.344,9.55,3.28,0.7577777777777778
11.364,9.58,3.07,0.7566666666666667
11.384,9.54,2.97,0.76
11.404,9.63,2.82,0.7588888888888888
11.424,9.75,2.67,0.7588888888888888
11.444,9.73,2.52,0.7577777777777778
11.464,9.82,2.35,0.7566666666666667
11.484,9.83,2.24,0.7577777777777778
11.504,9.79,2.03,0.7566666666666667
11.524,9.86,1.96,0.7577777777777778
11.544,9.88,1.75,0.7555555555555555
11.564,9.88,1.61,0.7555555555555555
11.584,9.91,1.46,0.7566666666666667
11.604,9.91,1.32,0.7577777777777778
11.624,9.96,1.16,0.7566666666666667
11.644,9.92,1.03,0.7522222222222222
11.664,10.0,0.84,0.7533333333333333
11.684,9.98,0.72,0.7522222222222222
11.704,10.0,0.56,0.75
11.724,9.98,0.41,0.75
11.744,10.03,0.32,0.75
11.764,10.03,0.07,0.7522222222222222
11.784,10.02,0.05,0.75
11.804,10.02,-0.19,0.7488888888888889
11.824,10.06,-0.32,0.75
11.844,10.05,-0.51,0.7444444444444445
11.864,10.03,-0.62,0.7444444444444445
11.884,9.98,-0.8,0.7433333333333333
11.904,9.96,-0.92,0.7422222222222222
11.924,9.89,-1.17,0.7433333333333333
11.944,9.87,-1.26,0.7455555555555555
11.964,9.96,-1.43,0.74
11.984,9.83,-1.48,0.7366666666666667
12.004,9.9,-1.81,0.7344444444444445
12.024,9.79,-1.86,0.7333333333333333
12.044,9.79,-2.02,0.7311111111111112
12.064,9.79,-2.18,0.7322222222222222
12.084,9.67,-2.28,0.7311111111111112
12.104,9.67,-2.47,0.73
12.124,9.56,-2.6,0.73
12.144,9.61,-2.67,0.7277777777777777
12.164,9.53,-2.86,0.7277777777777777
12.184,9.48,-2.95,0.7244444444444444
12.204,9.42,-3.16,0.7244444444444444
12.224,9.33,-3.22,0.7222222222222222
12.244,9.29,-3.39,0.72
12.264,9.25,-3.53,0.7155555555555555
12.284,9.16,-3.64,0.7133333333333334
12.304,9.16,-3.83,0.7111111111111111
12.324,9.05,-3.93,0.71
12.344,9.06,-4.1,0.71
12.364,8.94,-4.2,0.7055555555555556
12.384,8.87,-4.33,0.7033333333333334
12.404,8.81,-4.44,0.7
12.424,8.75,-4.58,0.7011111111111111
12.444,8.68,-4.72,0.6966666666666667
12.464,8.6,-4.74,0.6966666666666667
12.484,8.53,-4.93,0.6922222222222222
12.504,8.42,-5.03,0.6911111111111111
12.524,8.34,-5.16,0.69
12.544,8.27,-5.26,0.6877777777777778
12.564,8.19,-5.38,0.6833333333333333
12.584,8.12,-5.52,0.6811111111111111
12.604,8.0,-5.6,0.6788888888888889
12.624,7.96,-5.71,0.6744444444444444
12.644,7.86,-5.87,0.6744444444444444
12.664,7.77,-5.9,0.67
12.684,7.67,-6.04,0.67
12.704,7.58,-6.17,0.6655555555555556
12.724,7.49,-6.31,0.6611111111111111
12.744,7.41,-6.32,0.66
12.764,7.28,-6.43,0.6544444444444445
12.784,7.2,-6.55,0.6533333333333333
12.804,7.1,-6.68,0.65
12.824,7.05,-6.7,0.6455555555555555
12.844,6.88,-6.88,0.6433333333333333
12.864,6.77,-6.9,0.6411111111111111
12.884,6.68,-6.99,0.6377777777777778
12.904,6.58,-7.16,0.6333333333333333
12.924,6.48,-7.26,0.63
12.944,6.39,-7.24,0.6266666666666667
12.964,6.29,-7.33,0.6255555555555555
12.984,6.2,-7.49,0.6188888888888889
13.004,6.05,-7.6,0.6177777777777778
13.024,5.99,-7.54,0.6133333333333333
13.044,5.87,-7.6,0.61
13.064,5.78,-7.79,0.6055555555555555
13.084,5.67,-7.89,0.6033333333333334
13.104,5.57,-7.8,0.5988888888888889
13.124,5.43,-7.91,0.5955555555555555
13.144,5.36,-8.06,0.5911111111111111
13.164,5.25,-8.13,0.5877777777777777
13.184,5.17,-8.08,0.5822222222222222
13.204,5.03,-8.15,0.58
13.224,4.94,-8.29,0.5744444444444444
13.244,4.82,-8.36,0.5711111111111111
13.264,4.74,-8.32,0.5677777777777778
13.284,4.62,-8.4,0.5611111111111111
13.304,4.53,-8.47,0.5588888888888889
13.324,4.42,-8.54,0.5544444444444444
13.344,4.32,-8.56,0.55
13.364,4.22,-8.61,0.5466666666666666
13.384,4.12,-8.64,0.54
13.404,4.01,-8.7,0.5355555555555556
13.424,3.91,-8.74,0.5333333333333333
13.444,3.78,-8.78,0.5266666666666666
13.464,3.69,-8.83,0.5244444444444445
13.484,3.59,-8.86,0.5188888888888888
13.504,3.49,-8.9,0.5133333333333333
13.524,3.37,-8.93,0.5055555555555555
13.544,3.31,-8.99,0.5044444444444445
13.564,3.19,-9.02,0.4988888888888889
13.584,3.08,-9.02,0.4955555555555556
13.604,3.01,-9.07,0.49
13.624,2.9,-9.1,0.4855555555555556
13.644,2.8,-9.14,0.48
13.664,2.73,-9.15,0.47444444444444445
13.684,2.62,-9.17,0.4722222222222222
13.704,2.52,-9.2,0.46555555555555556
13.724,2.43,-9.22,0.46
13.744,2.34,-9.24,0.45666666666666667
13.764,2.24,-9.26,0.45111111111111113
13.784,2.15,-9.28,0.44555555555555554
13.804,2.02,-9.31,0.44
13.824,1.93,-9.3,0.43555555555555553
13.844,1.84,-9.36,0.43
13.864,1.75,-9.34,0.4222222222222222
13.884,1.68,-9.36,0.42
13.904,1.61,-9.36,0.41444444444444445
13.924,1.5,-9.39,0.41
13.944,1.44,-9.41,0.4022222222222222
13.964,1.34,-9.41,0.3988888888888889
13.984,1.25,-9.42,0.39222222222222225
14.004,1.2,-9.43,0.3877777777777778
14.024,1.1,-9.43,0.38222222222222224
14.044,1.02,-9.45,0.37666666666666665
14.064,0.95,-9.48,0.3711111111111111
14.084,0.84,-9.46,0.36666666666666664
14.104,0.79,-9.47,0.3611111111111111
14.124,0.71,-9.48,0.3566666666666667
14.144,0.65,-9.47,0.35
14.164,0.56,-9.49,0.34555555555555556
14.184,0.51,-9.5,0.34
14.204,0.43,-9.5,0.3333333333333333
14.224,0.36,-9.49,0.3288888888888889
14.244,0.24,-9.51,0.3233333333333333
14.264,0.19,-9.51,0.3188888888888889
14.284,0.13,-9.49,0.31222222222222223
14.304,0.09,-9.5,0.30777777777777776
14.324,0.05,-9.49,0.3011111111111111
14.344,0.03,-9.46,0.2966666666666667
14.364,-0.02,-9.53,0.2911111111111111
14.384,-0.06,-9.44,0.28555555555555556
14.404,-0.19,-9.5,0.2788888888888889
14.424,-0.22,-9.45,0.2733333333333333
14.444,-0.29,-9.48,0.26666666666666666
14.464,-0.31,-9.49,0.2611111111111111
14.484,-0.39,-9.44,0.25666666666666665
14.504,-0.47,-9.51,0.25
14.524,-0.53,-9.47,0.24444444444444444
14.544,-0.56,-9.52,0.24
14.564,-0.61,-9.51,0.23333333333333334
14.584,-0.65,-9.47,0.22777777777777777
14.604,-0.73,-9.48,0.22333333333333333
14.624,-0.75,-9.45,0.21666666666666667
14.644,-0.8,-9.47,0.2111111111111111
14.664,-0.82,-9.48,0.20555555555555555
14.684,-0.9,-9.46,0.1988888888888889
14.704,-0.91,-9.45,0.19555555555555557
14.724,-0.96,-9.44,0.18555555555555556
14.744,-1.0,-9.45,0.18333333333333332
14.764,-1.05,-9.39,0.17666666666666667
14.784,-1.09,-9.41,0.17
14.804,-1.12,-9.43,0.16555555555555557
14.824,-1.14,-9.4,0.15888888888888889
14.844,-1.17,-9.43,0.15222222222222223
14.864,-1.23,-9.44,0.15
14.884,-1.24,-9.43,0.14
14.904,-1.28,-9.4,0.13777777777777778
14.924,-1.3,-9.39,0.13
14.944,-1.3,-9.37,0.12333333333333334
14.964,-1.35,-9.41,0.11888888888888889
14.984,-1.37,-9.39,0.11444444444444445
15.004,-1.4,-9.41,0.10888888888888888
15.024,-1.44,-9.39,0.10222222222222223
15.044,-1.44,-9.38,0.09444444444444444
15.064,-1.44,-9.37,0.09111111111111111
15.084,-1.48,-9.37,0.08555555555555555
15.104,-1.5,-9.4,0.07888888888888888
15.124,-1.51,-9.4,0.07333333333333333
15.144,-1.54,-9.39,0.06777777777777778
15.164,-1.52,-9.36,0.06
15.184,-1.53,-9.35,0.05555555555555555
15.204,-1.55,-9.37,0.05
15.224,-1.57,-9.39,0.044444444444444446
15.244,-1.57,-9.37,0.04
15.264,-1.58,-9.37,0.03333333333333333
15.284,-1.57,-9.35,0.02666666666666667
15.304,-1.59,-9.35,0.021111111111111112
15.324,-1.57,-9.38,0.014444444444444444
15.344,-1.59,-9.38,0.01
15.364,-1.59,-9.37,0.0022222222222222222
15.384,-1.59,-9.37,-0.0022222222222222222
15.404,-1.6,-9.37,-0.005555555555555556
15.424,-1.57,-9.38,-0.01
15.444,-1.58,-9.38,-0.01888888888888889
15.464,-1.58,-9.41,-0.022222222222222223
15.484,-1.59,-9.38,-0.027777777777777776
15.504,-1.58,-9.36,-0.03
15.524,-1.56,-9.38,-0.035555555555555556
15.544,-1.55,-9.43,-0.04
15.564,-1.54,-9.4,-0.04666666666666667
15.584,-1.55,-9.41,-0.05
15.604,-1.52,-9.37,-0.05444444444444444
15.624,-1.5,-9.39,-0.06
15.644,-1.48,-9.42,-0.06222222222222222
15.664,-1.49,-9.42,-0.06777777777777778
15.684,-1.48,-9.39,-0.07222222222222222
15.704,-1.44,-9.43,-0.07777777777777778
15.724,-1.45,-9.4,-0.0811111111111111
15.744,-1.43,-9.42,-0.08777777777777777
15.764,-1.38,-9.45,-0.09111111111111111
15.784,-1.37,-9.49,-0.09777777777777778
15.804,-1.35,-9.4,-0.1
15.824,-1.35,-9.42,-0.10555555555555556
15.844,-1.31,-9.42,-0.11
15.864,-1.29,-9.46,-0.11444444444444445
15.884,-1.27,-9.44,-0.11777777777777777
15.904,-1.2,-9.45,-0.12222222222222222
15.924,-1.22,-9.41,-0.1288888888888889
15.944,-1.17,-9.43,-0.1322222222222222
15.964,-1.16,-9.48,-0.13666666666666666
15.984,-1.11,-9.48,-0.14
16.004,-1.1,-9.47,-0.14555555555555555
16.024,-1.05,-9.42,-0.15
16.044,-1.03,-9.5,-0.15555555555555556
16.064,-0.99,-9.51,-0.16
16.084,-0.96,-9.47,-0.16333333333333333
16.104,-0.92,-9.47,-0.16777777777777778
16.124,-0.91,-9.47,-0.17222222222222222
16.144,-0.85,-9.49,-0.17555555555555555
16.164,-0.83,-9.48,-0.18
16.184,-0.75,-9.49,-0.18555555555555556
16.204,-0.74,-9.47,-0.19
16.224,-0.68,-9.5,-0.19333333333333333
16.244,-0.65,-9.53,-0.2
16.264,-0.59,-9.49,-0.20222222222222222
16.284,-0.56,-9.5,-0.20777777777777778
16.304,-0.5,-9.51,-0.2111111111111111
16.324,-0.49,-9.54,-0.21666666666666667
16.344,-0.43,-9.5,-0.21888888888888888
16.364,-0.4,-9.53,-0.22333333333333333
16.384,-0.32,-9.53,-0.23
16.404,-0.28,-9.52,-0.23333333333333334
16.424,-0.23,-9.5,-0.23666666666666666
16.444,-0.18,-9.52,-0.24
16.464,-0.12,-9.53,-0.24666666666666667
16.484,-0.07,-9.53,-0.2511111111111111
16.504,0.0,-9.53,-0.25555555555555554
16.524,0.04,-9.52,-0.2588888888888889
16.544,0.08,-9.53,-0.2633333333333333
16.564,0.1,-9.54,-0.2688888888888889
16.584,0.13,-9.53,-0.27111111111111114
16.604,0.18,-9.53,-0.27666666666666667
16.624,0.24,-9.55,-0.2811111111111111
16.644,0.28,-9.54,-0.28444444444444444
16.664,0.38,-9.52,-0.2866666666666667
16.684,0.46,-9.51,-0.29
16.704,0.53,-9.52,-0.2966666666666667
16.724,0.61,-9.5,-0.3
16.744,0.67,-9.52,-0.30444444444444446
16.764,0.7,-9.49,-0.31
16.784,0.79,-9.49,-0.31333333333333335
16.804,0.85,-9.5,-0.31666666666666665
16.824,0.93,-9.48,-0.32
16.844,1.0,-9.49,-0.3244444444444444
16.864,1.08,-9.48,-0.3277777777777778
16.884,1.13,-9.46,-0.33111111111111113
16.904,1.22,-9.46,-0.33666666666666667
16.924,1.25,-9.48,-0.34
16.944,1.35,-9.44,-0.34444444444444444
16.964,1.42,-9.46,-0.34555555555555556
16.984,1.48,-9.38,-0.3511111111111111
17.004,1.53,-9.45,-0.35444444444444445
17.024,1.65,-9.41,-0.3566666666666667
17.044,1.71,-9.39,-0.36
17.064,1.79,-9.41,-0.36666666666666664
17.084,1.88,-9.36,-0.36666666666666664
17.104,1.95,-9.35,-0.3711111111111111
17.124,2.02,-9.33,-0.37555555555555553
17.144,2.1,-9.36,-0.38
17.164,2.17,-9.25,-0.38333333333333336
17.184,2.25,-9.26,-0.38666666666666666
17.204,2.31,-9.29,-0.39
17.224,2.41,-9.2,-0.39444444444444443
17.244,2.47,-9.22,-0.39666666666666667
17.264,2.58,-9.17,-0.4
17.284,2.62,-9.23,-0.40555555555555556
17.304,2.73,-9.17,-0.4066666666666667
17.324,2.81,-9.12,-0.41
17.344,2.87,-9.12,-0.41333333333333333
17.364,2.98,-9.09,-0.4177777777777778
17.384,3.04,-9.09,-0.4177777777777778
17.404,3.13,-9.01,-0.4222222222222222
17.424,3.24,-9.05,-0.42444444444444446
17.444,3.32,-8.99,-0.42777777777777776
17.464,3.42,-8.96,-0.4288888888888889
17.484,3.46,-8.91,-0.43333333333333335
17.504,3.58,-8.9,-0.43555555555555553
17.524,3.62,-8.86,-0.44
17.544,3.72,-8.83,-0.44555555555555554
17.564,3.76,-8.84,-0.4444444444444444
17.584,3.91,-8.78,-0.4477777777777778
17.604,3.98,-8.73,-0.45
17.624,4.08,-8.68,-0.45222222222222225
17.644,4.15,-8.67,-0.45666666666666667
17.664,4.3,-8.62,-0.45666666666666667
17.684,4.34,-8.58,-0.46
17.704,4.44,-8.49,-0.46111111111111114
17.724,4.52,-8.5,-0.4666666666666667
17.744,4.62,-8.45,-0.4666666666666667
17.764,4.7,-8.4,-0.47
17.784,4.81,-8.32,-0.4722222222222222
17.804,4.9,-8.3,-0.47333333333333333
17.824,4.98,-8.23,-0.4777777777777778
17.844,5.07,-8.21,-0.47888888888888886
17.864,5.16,-8.12,-0.4811111111111111
17.884,5.23,-8.07,-0.48333333333333334
17.904,5.3,-8.04,-0.4855555555555556
17.924,5.39,-8.01,-0.48444444444444446
17.944,5.48,-7.91,-0.49
17.964,5.55,-7.89,-0.49
17.984,5.65,-7.84,-0.4911111111111111
18.004,5.74,-7.78,-0.49444444444444446
18.024,5.85,-7.7,-0.4955555555555556
18.044,5.91,-7.66,-0.49777777777777776
18.064,5.99,-7.58,-0.4988888888888889
18.084,6.04,-7.56,-0.5011111111111111
18.104,6.18,-7.45,-0.5
18.124,6.24,-7.42,-0.5011111111111111
18.144,6.33,-7.38,-0.5044444444444445
18.164,6.4,-7.3,-0.5055555555555555
18.184,6.47,-7.18,-0.5055555555555555
18.204,6.54,-7.15,-0.5055555555555555
18.224,6.63,-7.08,-0.5077777777777778
18.244,6.69,-7.01,-0.5088888888888888
18.264,6.8,-6.93,-0.51
18.284,6.84,-6.87,-0.51
18.304,6.94,-6.77,-0.51
18.324,7.01,-6.72,-0.5144444444444445
18.344,7.08,-6.64,-0.5133333333333333
18.364,7.17,-6.6,-0.5133333333333333
18.384,7.25,-6.5,-0.5144444444444445
18.404,7.29,-6.45,-0.5133333333333333
18.424,7.37,-6.35,-0.5155555555555555
18.444,7.44,-6.29,-0.5166666666666667
18.464,7.52,-6.2,-0.5144444444444445
18.484,7.59,-6.11,-0.5144444444444445
18.504,7.65,-6.02,-0.5155555555555555
18.524,7.71,-5.95,-0.5188888888888888
18.544,7.77,-5.81,-0.51
18.564,7.84,-5.84,-0.5155555555555555
18.584,7.91,-5.69,-0.5177777777777778
18.604,7.98,-5.67,-0.5155555555555555
18.624,8.05,-5.5,-0.5166666666666667
18.644,8.1,-5.38,-0.5166666666666667
18.664,8.22,-5.33,-0.5144444444444445
18.684,8.23,-5.24,-0.5133333333333333
18.704,8.29,-5.21,-0.5155555555555555
18.724,8.35,-5.06,-0.5133333333333333
18.744,8.42,-5.04,-0.5111111111111111
18.764,8.47,-4.89,-0.5111111111111111
18.784,8.53,-4.82,-0.51
18.804,8.58,-4.74,-0.51
18.824,8.62,-4.69,-0.51
18.844,8.68,-4.55,-0.51
18.864,8.72,-4.48,-0.5077777777777778
18.884,8.76,-4.38,-0.5055555555555555
18.904,8.8,-4.3,-0.5055555555555555
18.924,8.88,-4.2,-0.5044444444444445
18.944,8.91,-4.13,-0.5011111111111111
18.964,8.97,-4.04,-0.5022222222222222
18.984,9.01,-3.9,-0.5011111111111111
19.004,9.04,-3.84,-0.5022222222222222
19.024,9.09,-3.71,-0.4988888888888889
19.044,9.12,-3.65,-0.49666666666666665
19.064,9.17,-3.53,-0.49444444444444446
19.084,9.18,-3.42,-0.49333333333333335
19.104,9.24,-3.35,-0.4922222222222222
19.124,9.25,-3.25,-0.49
19.144,9.3,-3.19,-0.49
19.164,9.34,-3.07,-0.4888888888888889
19.184,9.36,-3.02,-0.4855555555555556
19.204,9.39,-2.89,-0.4822222222222222
19.224,9.42,-2.82,-0.4822222222222222
19.244,9.45,-2.69,-0.48
19.264,9.46,-2.64,-0.47888888888888886
19.284,9.52,-2.52,-0.4777777777777778
19.304,9.52,-2.44,-0.4766666666666667
19.324,9.56,-2.36,-0.4722222222222222
19.344,9.59,-2.24,-0.4711111111111111
19.364,9.61,-2.13,-0.4688888888888889
19.384,9.63,-2.07,-0.46555555555555556
19.404,9.65,-1.99,-0.4633333333333333
19.424,9.66,-1.89,-0.4622222222222222
19.444,9.68,-1.79,-0.46
19.464,9.68,-1.71,-0.45666666666666667
19.484,9.7,-1.61,-0.45444444444444443
19.504,9.71,-1.55,-0.45111111111111113
19.524,9.76,-1.42,-0.4488888888888889
19.544,9.74,-1.35,-0.4488888888888889
19.564,9.78,-1.24,-0.4444444444444444
19.584,9.76,-1.19,-0.44222222222222224
19.604,9.79,-1.05,-0.44
19.624,9.82,-0.95,-0.43777777777777777
19.644,9.81,-0.85,-0.43666666666666665
19.664,9.81,-0.74,-0.43333333333333335
19.684,9.83,-0.68,-0.43
19.704,9.82,-0.62,-0.4266666666666667
19.724,9.83,-0.55,-0.42444444444444446
19.744,9.85,-0.47,-0.42
19.764,9.85,-0.36,-0.41888888888888887
19.784,9.84,-0.26,-0.41444444444444445
19.804,9.85,-0.2,-0.41333333333333333
19.824,9.82,-0.11,-0.4111111111111111
19.844,9.86,-0.02,-0.4088888888888889
19.864,9.85,0.04,-0.4033333333333333
19.884,9.83,0.12,-0.4011111111111111
19.904,9.85,0.19,-0.3988888888888889
19.924,9.84,0.3,-0.39666666666666667
19.944,9.82,0.37,-0.3933333333333333
19.964,9.82,0.44,-0.39
19.984,9.85,0.52,-0.3877777777777778
20.004,9.84,0.58,-0.38333333333333336
20.024,9.81,0.66,-0.3811111111111111
20.044,9.82,0.76,-0.37777777777777777
20.064,9.8,0.83,-0.37666666666666665
20.084,9.82,0.89,-0.3711111111111111
20.104,9.81,1.0,-0.37
20.124,9.79,1.08,-0.3655555555555556
20.144,9.78,1.16,-0.3611111111111111
20.164,9.75,1.21,-0.35777777777777775
20.184,9.76,1.25,-0.3566666666666667
20.204,9.72,1.35,-0.3511111111111111
20.224,9.74,1.4,-0.35
20.244,9.71,1.5,-0.3466666666666667
20.264,9.72,1.57,-0.3433333333333333
20.284,9.69,1.63,-0.34
20.304,9.67,1.71,-0.3377777777777778
20.324,9.66,1.79,-0.3322222222222222
20.344,9.66,1.85,-0.3288888888888889
20.364,9.64,1.89,-0.32555555555555554
20.384,9.64,1.94,-0.3233333333333333
20.404,9.63,2.0,-0.32
20.424,9.61,2.08,-0.31777777777777777
20.444,9.58,2.16,-0.31222222222222223
20.464,9.58,2.18,-0.31
20.484,9.57,2.27,-0.3055555555555556
20.504,9.57,2.31,-0.30444444444444446
20.524,9.54,2.4,-0.3
20.544,9.52,2.44,-0.29777777777777775
20.564,9.49,2.5,-0.29333333333333333
20.584,9.47,2.54,-0.29
20.604,9.47,2.65,-0.28888888888888886
20.624,9.44,2.7,-0.2833333333333333
20.644,9.43,2.76,-0.28
20.664,9.41,2.78,-0.27666666666666667
20.684,9.34,2.89,-0.2722222222222222
20.704,9.43,2.83,-0.2722222222222222
20.724,9.35,2.84,-0.2644444444444444
20.744,9.35,3.1,-0.2633333333333333
20.764,9.34,3.03,-0.2588888888888889
20.784,9.33,3.14,-0.2588888888888889
20.804,9.23,3.14,-0.25222222222222224
20.824,9.29,3.19,-0.2511111111111111
20.844,9.23,3.23,-0.24555555555555555
20.864,9.25,3.34,-0.24444444444444444
20.884,9.24,3.35,-0.24
20.904,9.23,3.42,-0.23666666666666666
20.924,9.18,3.41,-0.23
20.944,9.2,3.5,-0.2288888888888889
20.964,9.12,3.54,-0.22555555555555556
20.984,9.13,3.55,-0.22
21.004,9.12,3.64,-0.21888888888888888
21.024,9.14,3.57,-0.21555555555555556
21.044,9.09,3.84,-0.21333333333333335
21.064,9.06,3.54,-0.2088888888888889
21.084,9.01,3.69,-0.20666666666666667
21.104,9.03,3.83,-0.2
21.124,9.05,3.81,-0.19777777777777777
21.144,8.98,3.87,-0.19444444444444445
21.164,8.99,3.94,-0.19
21.184,8.96,3.96,-0.19
21.204,8.91,3.95,-0.18222222222222223
21.224,8.94,3.97,-0.1811111111111111
21.244,8.92,4.03,-0.17555555555555555
21.264,8.91,4.09,-0.17333333333333334
21.284,8.88,4.06,-0.17
21.304,8.86,4.17,-0.16666666666666666
21.324,8.83,4.15,-0.16
21.344,8.86,4.18,-0.16
21.364,8.84,4.21,-0.15444444444444444
21.384,8.83,4.23,-0.1511111111111111
21.404,8.82,4.23,-0.14888888888888888
21.424,8.83,4.32,-0.14777777777777779
21.444,8.77,4.33,-0.1411111111111111
21.464,8.78,4.37,-0.14
21.484,8.74,4.39,-0.13555555555555557
21.504,8.75,4.37,-0.1322222222222222
21.524,8.72,4.44,-0.12777777777777777
21.544,8.72,4.45,-0.12555555555555556
21.564,8.68,4.5,-0.12111111111111111
21.584,8.69,4.48,-0.11888888888888889
21.604,8.66,4.51,-0.1111111111111111
21.624,8.67,4.54,-0.11
21.644,8.65,4.57,-0.10555555555555556
21.664,8.63,4.57,-0.10222222222222223
21.684,8.65,4.58,-0.1
21.704,8.63,4.59,-0.09444444444444444
21.724,8.63,4.61,-0.09
21.744,8.63,4.65,-0.09
21.764,8.62,4.66,-0.08444444444444445
21.784,8.6,4.67,-0.08
21.804,8.59,4.68,-0.07666666666666666
21.824,8.57,4.67,-0.07333333333333333
21.844,8.57,4.68,-0.07111111111111111
21.864,8.57,4.71,-0.06666666666666667
21.884,8.56,4.74,-0.06333333333333334
21.904,8.56,4.73,-0.058888888888888886
21.924,8.54,4.77,-0.05555555555555555
21.944,8.55,4.74,-0.05333333333333334
21.964,8.54,4.76,-0.04777777777777778
21.984,8.54,4.78,-0.04555555555555556
22.004,8.54,4.77,-0.042222222222222223
22.024,8.53,4.8,-0.03777777777777778
22.044,8.52,4.79,-0.03333333333333333
22.064,8.53,4.81,-0.03
22.084,8.52,4.81,-0.02666666666666667
22.104,8.52,4.81,-0.022222222222222223
22.124,8.49,4.8,-0.02
22.144,8.49,4.81,-0.015555555555555555
22.164,8.51,4.82,-0.014444444444444444
22.184,8.51,4.8,-0.01
22.204,8.51,4.83,-0.005555555555555556
22.224,8.52,4.82,0.0
22.244,8.51,4.82,0.0022222222222222222
22.264,8.49,4.84,0.0022222222222222222
22.284,8.52,4.81,0.005555555555555556
22.304,8.51,4.82,0.0077777777777777776
22.324,8.5,4.84,0.011111111111111112
22.344,8.51,4.82,0.015555555555555555
22.364,8.52,4.81,0.016666666666666666
22.384,8.54,4.81,0.02
22.404,8.52,4.8,0.024444444444444446
22.424,8.52,4.8,0.025555555555555557
22.444,8.51,4.8,0.028888888888888888
22.464,8.51,4.8,0.03
22.484,8.54,4.79,0.034444444444444444
22.504,8.55,4.79,0.03777777777777778
22.524,8.55,4.76,0.04
22.544,8.54,4.77,0.04555555555555556
22.564,8.57,4.76,0.04666666666666667
22.584,8.56,4.75,0.04666666666666667
22.604,8.57,4.75,0.051111111111111114
22.624,8.55,4.72,0.051111111111111114
22.644,8.57,4.73,0.05555555555555555
22.664,8.58,4.73,0.057777777777777775
22.684,8.57,4.71,0.06
22.704,8.61,4.71,0.06444444444444444
22.724,8.58,4.68,0.06777777777777778
22.744,8.59,4.68,0.06888888888888889
22.764,8.61,4.66,0.07
22.784,8.6,4.63,0.07555555555555556
22.804,8.62,4.66,0.07666666666666666
22.824,8.62,4.61,0.08
22.844,8.63,4.6,0.0811111111111111
22.864,8.66,4.58,0.08333333333333333
22.884,8.66,4.58,0.09
22.904,8.66,4.56,0.08888888888888889
22.924,8.68,4.54,0.09
22.944,8.67,4.54,0.09444444444444444
22.964,8.67,4.52,0.09777777777777778
22.984,8.68,4.5,0.1
23.004,8.7,4.48,0.10111111111111111
23.024,8.72,4.47,0.10222222222222223
23.044,8.73,4.42,0.10666666666666667
23.064,8.75,4.42,0.10888888888888888
23.084,8.74,4.4,0.11
23.104,8.76,4.36,0.11222222222222222
23.124,8.79,4.34,0.11333333333333333
23.144,8.78,4.31,0.11666666666666667
23.164,8.79,4.33,0.11888888888888889
23.184,8.82,4.31,0.12333333333333334
23.204,8.81,4.27,0.12444444444444444
23.224,8.85,4.26,0.12666666666666668
23.244,8.86,4.21,0.1288888888888889
23.264,8.86,4.2,0.13111111111111112
23.284,8.86,4.19,0.13444444444444445
23.304,8.86,4.15,0.13666666666666666
23.324,8.87,4.13,0.13666666666666666
23.344,8.91,4.1,0.14
23.364,8.92,4.08,0.14
23.384,8.94,4.05,0.14333333333333334
23.404,8.94,4.02,0.14666666666666667
23.424,8.94,3.99,0.14888888888888888
23.444,8.96,3.97,0.15
23.464,8.98,3.97,0.1511111111111111
23.484,8.99,3.92,0.15333333333333332
23.504,9.01,3.88,0.15555555555555556
23.524,9.01,3.84,0.15888888888888889
23.544,9.04,3.82,0.16
23.564,9.05,3.81,0.16111111111111112
23.584,9.07,3.74,0.16444444444444445
23.604,9.07,3.73,0.16666666666666666
23.624,9.08,3.68,0.16777777777777778
23.644,9.09,3.67,0.17
23.664,9.12,3.63,0.1711111111111111
23.684,9.13,3.61,0.17333333333333334
23.704,9.13,3.58,0.17666666666666667
23.724,9.14,3.54,0.17666666666666667
23.744,9.17,3.49,0.17777777777777778
23.764,9.17,3.49,0.18
23.784,9.17,3.42,0.18333333333333332
23.804,9.19,3.39,0.18444444444444444
23.824,9.23,3.34,0.18666666666666668
23.844,9.21,3.34,0.18888888888888888
23.864,9.24,3.3,0.19111111111111112
23.884,9.26,3.27,0.1922222222222222
23.904,9.28,3.23,0.19333333333333333
23.924,9.29,3.19,0.19777777777777777
23.944,9.29,3.13,0.19666666666666666
23.964,9.33,3.12,0.2
23.984,9.34,3.06,0.2
24.004,9.34,3.03,0.20333333333333334
24.024,9.35,2.99,0.20444444444444446
24.044,9.36,2.97,0.20555555555555555
24.064,9.36,2.9,0.20666666666666667
24.084,9.39,2.87,0.2088888888888889
24.104,9.38,2.83,0.21
24.124,9.44,2.79,0.21
24.144,9.44,2.75,0.2111111111111111
24.164,9.45,2.73,0.21444444444444444
24.184,9.45,2.66,0.21777777777777776
24.204,9.47,2.66,0.21666666666666667
24.224,9.46,2.57,0.21777777777777776
24.244,9.48,2.56,0.22
24.264,9.49,2.5,0.22111111111111112
24.284,9.51,2.46,0.2222222222222222
24.304,9.51,2.41,0.22333333333333333
24.324,9.52,2.38,0.22555555555555556
24.344,9.55,2.34,0.22555555555555556
24.364,9.54,2.28,0.23
24.384,9.56,2.22,0.2288888888888889
24.404,9.55,2.21,0.2311111111111111
24.424,9.6,2.15,0.23
24.444,9.6,2.08,0.2311111111111111
24.464,9.61,2.05,0.23333333333333334
24.484,9.61,2.02,0.23444444444444446
24.504,9.61,1.95,0.23666666666666666
24.524,9.62,1.89,0.23777777777777778
24.544,9.65,1.85,0.2388888888888889
24.564,9.64,1.82,0.24
24.584,9.65,1.74,0.24222222222222223
24.604,9.67,1.71,0.24222222222222223
24.624,9.69,1.65,0.2411111111111111
24.644,9.68,1.61,0.24444444444444444
24.664,9.69,1.54,0.24444444444444444
24.684,9.7,1.51,0.24555555555555555
24.704,9.69,1.46,0.24666666666666667
24.724,9.73,1.43,0.24888888888888888
24.744,9.72,1.37,0.24888888888888888
24.764,9.74,1.31,0.24888888888888888
24.784,9.74,1.26,0.25
24.804,9.75,1.21,0.2511111111111111
24.824,9.74,1.16,0.25222222222222224
24.844,9.75,1.1,0.2511111111111111
24.864,9.76,1.07,0.25555555555555554
24.884,9.75,1.0,0.25222222222222224
24.904,9.77,0.96,0.25555555555555554
24.924,9.78,0.91,0.25666666666666665
24.944,9.79,0.85,0.2577777777777778
24.964,9.78,0.83,0.2577777777777778
24.984,9.8,0.74,0.2588888888888889
25.004,9.78,0.73,0.2577777777777778
25.024,9.78,0.65,0.2588888888888889
25.044,9.8,0.6,0.2611111111111111
25.064,9.79,0.52,0.26
25.084,9.83,0.49,0.2588888888888889
25.104,9.77,0.45,0.2611111111111111
25.124,9.81,0.32,0.2611111111111111
25.144,9.82,0.28,0.26222222222222225
25.164,9.79,0.31,0.2644444444444444
25.184,9.85,0.2,0.26555555555555554
25.204,9.78,0.22,0.2633333333333333
25.224,9.79,0.12,0.26555555555555554
25.244,9.81,0.03,0.2644444444444444
25.264,9.79,0.02,0.26666666666666666
25.284,9.83,-0.04,0.26555555555555554
25.304,9.82,-0.12,0.26666666666666666
25.324,9.81,-0.13,0.2677777777777778
25.344,9.81,-0.23,0.26666666666666666
25.364,9.77,-0.22,0.2644444444444444
25.384,9.79,-0.32,0.26666666666666666
25.404,9.79,-0.38,0.2688888888888889
25.424,9.8,-0.45,0.2677777777777778
25.444,9.81,-0.49,0.27
25.464,9.78,-0.57,0.26666666666666666
25.484,9.79,-0.59,0.2688888888888889
25.504,9.79,-0.64,0.2677777777777778
25.524,9.75,-0.66,0.2688888888888889
25.544,9.76,-0.72,0.2688888888888889
25.564,9.75,-0.76,0.26666666666666666
25.584,9.77,-0.84,0.2677777777777778
25.604,9.76,-0.88,0.2677777777777778
25.624,9.75,-0.97,0.2677777777777778
25.644,9.73,-0.99,0.2688888888888889
25.664,9.72,-1.08,0.26666666666666666
25.684,9.72,-1.09,0.27
25.704,9.73,-1.17,0.2688888888888889
25.724,9.72,-1.23,0.2677777777777778
25.744,9.71,-1.3,0.2677777777777778
25.764,9.68,-1.31,0.26666666666666666
25.784,9.68,-1.39,0.27
25.804,9.66,-1.43,0.2677777777777778
25.824,9.66,-1.51,0.2677777777777778
25.844,9.64,-1.53,0.26666666666666666
25.864,9.65,-1.6,0.26555555555555554
25.884,9.64,-1.65,0.2644444444444444
25.904,9.62,-1.71,0.26666666666666666
25.924,9.6,-1.79,0.26555555555555554
25.944,9.61,-1.82,0.26555555555555554
25.964,9.59,-1.83,0.26555555555555554
25.984,9.59,-1.91,0.2633333333333333
26.004,9.56,-1.95,0.2633333333333333
26.024,9.55,-2.05,0.26222222222222225
26.044,9.52,-2.07,0.2633333333333333
26.064,9.51,-2.12,0.2611111111111111
26.084,9.52,-2.16,0.26
26.104,9.46,-2.18,0.2611111111111111
26.124,9.54,-2.26,0.2611111111111111
26.144,9.46,-2.26,0.2588888888888889
26.164,9.53,-2.41,0.26
26.184,9.44,-2.41,0.2577777777777778
26.204,9.45,-2.51,0.25666666666666665
26.224,9.43,-2.56,0.25666666666666665
26.244,9.4,-2.55,0.25666666666666665
26.264,9.42,-2.61,0.25555555555555554
26.284,9.36,-2.66,0.25555555555555554
26.304,9.34,-2.73,0.2544444444444444
26.324,9.33,-2.77,0.25555555555555554
26.344,9.36,-2.79,0.2544444444444444
26.364,9.34,-2.91,0.25222222222222224
26.384,9.29,-2.93,0.25
26.404,9.26,-3.0,0.2511111111111111
26.424,9.24,-3.01,0.25
26.444,9.24,-3.05,0.25
26.464,9.23,-3.11,0.25
26.484,9.2,-3.19,0.2477777777777778
26.504,9.2,-3.2,0.2477777777777778
26.524,9.16,-3.3,0.24444444444444444
26.544,9.13,-3.27,0.24333333333333335
26.564,9.13,-3.36,0.24333333333333335
26.584,9.09,-3.4,0.24
26.604,9.1,-3.46,0.24
26.624,9.06,-3.48,0.24
26.644,9.04,-3.57,0.24
26.664,9.03,-3.63,0.23777777777777778
26.684,9.0,-3.63,0.23555555555555555
26.704,9.02,-3.65,0.23555555555555555
26.724,8.99,-3.71,0.23333333333333334
26.744,8.97,-3.77,0.23222222222222222
26.764,8.94,-3.83,0.2311111111111111
26.784,8.92,-3.86,0.23
26.804,8.89,-3.89,0.2288888888888889
26.824,8.89,-3.92,0.22555555555555556
26.844,8.86,-3.96,0.22333333333333333
26.864,8.84,-4.0,0.22333333333333333
26.884,8.81,-4.07,0.2222222222222222
26.904,8.8,-4.08,0.22
26.924,8.77,-4.14,0.22
26.944,8.75,-4.17,0.21888888888888888
26.964,8.75,-4.22,0.21777777777777776
26.984,8.69,-4.23,0.21444444444444444
27.004,8.69,-4.31,0.21333333333333335
27.024,8.66,-4.32,0.21222222222222223
27.044,8.64,-4.37,0.21
27.064,8.62,-4.42,0.21
27.084,8.59,-4.44,0.20666666666666667
27.104,8.58,-4.49,0.20666666666666667
27.124,8.55,-4.55,0.20555555555555555
27.144,8.55,-4.54,0.2011111111111111
27.164,8.52,-4.56,0.2011111111111111
27.184,8.52,-4.62,0.2
27.204,8.49,-4.64,0.2
27.224,8.46,-4.69,0.19666666666666666
27.244,8.45,-4.73,0.19444444444444445
27.264,8.43,-4.76,0.19
27.284,8.41,-4.79,0.19
27.304,8.38,-4.84,0.19
27.324,8.34,-4.86,0.18888888888888888
27.344,8.34,-4.89,0.18555555555555556
27.364,8.3,-4.93,0.18333333333333332
27.384,8.31,-4.96,0.18
27.404,8.27,-4.98,0.17888888888888888
27.424,8.28,-5.01,0.17777777777777778
27.444,8.24,-5.07,0.17555555555555555
27.464,8.22,-5.06,0.17333333333333334
27.484,8.18,-5.11,0.1711111111111111
27.504,8.17,-5.16,0.17
27.524,8.17,-5.18,0.1688888888888889
27.544,8.13,-5.2,0.16666666666666666
27.564,8.1,-5.24,0.16444444444444445
27.584,8.09,-5.26,0.16
27.604,8.09,-5.29,0.16
27.624,8.07,-5.32,0.15888888888888889
27.644,8.04,-5.35,0.15444444444444444
27.664,8.02,-5.38,0.15555555555555556
27.684,8.01,-5.39,0.15222222222222223
27.704,7.99,-5.41,0.14888888888888888
27.724,7.97,-5.43,0.14777777777777779
27.744,7.94,-5.46,0.14666666666666667
27.764,7.92,-5.48,0.14333333333333334
27.784,7.92,-5.5,0.14
27.804,7.91,-5.53,0.1388888888888889
27.824,7.88,-5.57,0.13555555555555557
27.844,7.86,-5.58,0.13333333333333333
27.864,7.86,-5.6,0.13111111111111112
27.884,7.83,-5.63,0.13
27.904,7.81,-5.62,0.12666666666666668
27.924,7.81,-5.65,0.12444444444444444
27.944,7.8,-5.68,0.12444444444444444
27.964,7.77,-5.69,0.12111111111111111
27.984,7.75,-5.71,0.11777777777777777
28.004,7.75,-5.75,0.11777777777777777
28.024,7.72,-5.77,0.11222222222222222
28.044,7.71,-5.8,0.11222222222222222
28.064,7.68,-5.79,0.10888888888888888
28.084,7.67,-5.81,0.10888888888888888
28.104,7.68,-5.84,0.10333333333333333
28.124,7.65,-5.85,0.10333333333333333
28.144,7.64,-5.87,0.1
28.164,7.64,-5.9,0.09666666666666666
28.184,7.6,-5.89,0.09555555555555556
28.204,7.59,-5.9,0.09222222222222222
28.224,7.58,-5.92,0.08888888888888889
28.244,7.57,-5.95,0.08888888888888889
28.264,7.55,-5.95,0.08555555555555555
28.284,7.54,-5.96,0.08333333333333333
28.304,7.54,-5.97,0.08
28.324,7.53,-5.99,0.07888888888888888
28.344,7.52,-5.99,0.07555555555555556
28.364,7.52,-6.03,0.07333333333333333
28.384,7.52,-6.03,0.07111111111111111
28.404,7.49,-6.05,0.07
28.424,7.48,-6.05,0.06555555555555556
28.444,7.47,-6.08,0.06333333333333334
28.464,7.47,-6.07,0.06
28.484,7.47,-6.08,0.06
28.504,7.45,-6.08,0.056666666666666664
28.524,7.45,-6.1,0.05555555555555555
28.544,7.45,-6.07,0.051111111111111114
28.564,7.41,-6.11,0.04888888888888889
28.584,7.41,-6.12,0.04888888888888889
28.604,7.41,-6.14,0.042222222222222223
28.624,7.41,-6.13,0.04
28.644,7.41,-6.11,0.03888888888888889
28.664,7.39,-6.16,0.04
28.684,7.4,-6.15,0.03666666666666667
28.704,7.4,-6.14,0.03111111111111111
28.724,7.39,-6.17,0.03
28.744,7.37,-6.17,0.027777777777777776
28.764,7.38,-6.18,0.024444444444444446
28.784,7.39,-6.15,0.021111111111111112
28.804,7.38,-6.17,0.02
28.824,7.38,-6.19,0.017777777777777778
28.844,7.39,-6.18,0.013333333333333334
28.864,7.36,-6.16,0.011111111111111112
28.884,7.37,-6.19,0.011111111111111112
28.904,7.37,-6.19,0.0077777777777777776
28.924,7.36,-6.21,0.006666666666666667
28.944,7.38,-6.19,0.0033333333333333335
28.964,7.36,-6.17,0.0
28.984,7.36,-6.2,-0.0022222222222222222
29.004,7.36,-6.22,-0.0033333333333333335
29.024,7.37,-6.2,-0.005555555555555556
29.044,7.37,-6.2,-0.005555555555555556
29.064,7.38,-6.21,-0.01
29.084,7.39,-6.22,-0.01
29.104,7.37,-6.2,-0.01
29.124,7.36,-6.2,-0.013333333333333334
29.144,7.38,-6.2,-0.011111111111111112
29.164,7.36,-6.2,-0.015555555555555555
29.184,7.39,-6.2,-0.017777777777777778
29.204,7.39,-6.18,-0.017777777777777778
29.224,7.38,-6.17,-0.02
29.244,7.41,-6.2,-0.021111111111111112
29.264,7.39,-6.19,-0.025555555555555557
29.284,7.39,-6.18,-0.022222222222222223
29.304,7.39,-6.16,-0.024444444444444446
29.324,7.39,-6.16,-0.025555555555555557
29.344,7.41,-6.17,-0.027777777777777776
29.364,7.4,-6.16,-0.03
29.384,7.42,-6.15,-0.03111111111111111
29.404,7.41,-6.16,-0.03
29.424,7.42,-6.12,-0.03333333333333333
29.444,7.42,-6.14,-0.03333333333333333
29.464,7.43,-6.12,-0.035555555555555556
29.484,7.42,-6.11,-0.03666666666666667
29.504,7.44,-6.12,-0.03888888888888889
29.524,7.43,-6.13,-0.04
29.544,7.45,-6.1,-0.04111111111111111
29.564,7.46,-6.12,-0.042222222222222223
29.584,7.46,-6.09,-0.042222222222222223
29.604,7.48,-6.09,-0.042222222222222223
29.624,7.48,-6.08,-0.044444444444444446
29.644,7.46,-6.1,-0.04666666666666667
29.664,7.49,-6.08,-0.04888888888888889
29.684,7.5,-6.05,-0.04555555555555556
29.704,7.51,-6.06,-0.04777777777777778
29.724,7.49,-6.08,-0.04888888888888889
29.744,7.51,-6.05,-0.051111111111111114
29.764,7.5,-6.04,-0.051111111111111114
29.784,7.53,-6.04,-0.051111111111111114
29.804,7.53,-6.03,-0.05444444444444444
29.824,7.53,-6.03,-0.05333333333333334
29.844,7.56,-6.0,-0.05444444444444444
29.864,7.57,-6.0,-0.057777777777777775
29.884,7.57,-6.01,-0.056666666666666664
29.904,7.56,-5.97,-0.058888888888888886
29.924,7.57,-5.98,-0.06
29.944,7.56,-5.96,-0.06111111111111111
29.964,7.57,-5.93,-0.06111111111111111
29.984,7.61,-5.93,-0.06333333333333334
30.004,7.59,-5.92,-0.06222222222222222
30.024,7.61,-5.91,-0.06555555555555556
30.044,7.62,-5.91,-0.06666666666666667
30.064,7.65,-5.9,-0.06666666666666667
30.084,7.66,-5.88,-0.06777777777777778
30.104,7.66,-5.89,-0.06888888888888889
30.124,7.64,-5.84,-0.06777777777777778
30.144,7.68,-5.83,-0.07
30.164,7.69,-5.83,-0.07
30.184,7.7,-5.82,-0.07333333333333333
30.204,7.71,-5.84,-0.07
30.224,7.71,-5.81,-0.07444444444444444
30.244,7.72,-5.78,-0.07555555555555556
30.264,7.73,-5.78,-0.07777777777777778
30.284,7.73,-5.75,-0.07555555555555556
30.304,7.76,-5.77,-0.07777777777777778
30.324,7.75,-5.75,-0.07777777777777778
30.344,7.76,-5.72,-0.07777777777777778
30.364,7.78,-5.7,-0.08
30.384,7.79,-5.68,-0.08
30.404,7.8,-5.67,-0.08333333333333333
30.424,7.82,-5.67,-0.08333333333333333
30.444,7.84,-5.66,-0.08444444444444445
30.464,7.84,-5.64,-0.08555555555555555
30.484,7.84,-5.65,-0.08666666666666667
30.504,7.85,-5.6,-0.08777777777777777
30.524,7.86,-5.62,-0.08555555555555555
30.544,7.87,-5.58,-0.08666666666666667
30.564,7.92,-5.57,-0.08888888888888889
30.584,7.9,-5.57,-0.09
30.604,7.9,-5.53,-0.09
30.624,7.92,-5.53,-0.09111111111111111
30.644,7.94,-5.5,-0.09222222222222222
30.664,7.95,-5.48,-0.09111111111111111
30.684,7.94,-5.47,-0.09333333333333334
30.704,7.97,-5.47,-0.09222222222222222
30.724,7.97,-5.45,-0.09555555555555556
30.744,8.0,-5.42,-0.09555555555555556
30.764,8.0,-5.45,-0.09444444444444444
30.784,8.0,-5.39,-0.09666666666666666
30.804,8.02,-5.4,-0.09666666666666666
30.824,8.05,-5.36,-0.09777777777777778
30.844,8.04,-5.36,-0.09777777777777778
30.864,8.06,-5.34,-0.09666666666666666
30.884,8.05,-5.32,-0.1
30.904,8.09,-5.32,-0.1
30.924,8.09,-5.29,-0.1
30.944,8.12,-5.27,-0.1
30.964,8.13,-5.27,-0.10111111111111111
30.984,8.12,-5.23,-0.1
31.004,8.14,-5.22,-0.10111111111111111
31.024,8.15,-5.21,-0.10111111111111111
31.044,8.16,-5.19,-0.10222222222222223
31.064,8.18,-5.19,-0.10333333333333333
31.084,8.19,-5.14,-0.10555555555555556
31.104,8.2,-5.13,-0.10555555555555556
31.124,8.21,-5.11,-0.10444444444444445
31.144,8.21,-5.07,-0.10555555555555556
31.164,8.24,-5.07,-0.10555555555555556
31.184,8.25,-5.06,-0.10555555555555556
31.204,8.28,-5.05,-0.10666666666666667
31.224,8.27,-5.01,-0.10444444444444445
31.244,8.28,-5.01,-0.10666666666666667
31.264,8.29,-4.99,-0.10777777777777778
31.284,8.3,-4.96,-0.10555555555555556
31.304,8.31,-4.95,-0.10777777777777778
31.324,8.33,-4.94,-0.10888888888888888
31.344,8.34,-4.89,-0.10777777777777778
31.364,8.34,-4.91,-0.10888888888888888
31.384,8.37,-4.88,-0.10888888888888888
31.404,8.37,-4.85,-0.10666666666666667
31.424,8.39,-4.82,-0.11
31.444,8.4,-4.81,-0.10555555555555556
31.464,8.41,-4.81,-0.11
31.484,8.44,-4.79,-0.10888888888888888
31.504,8.44,-4.77,-0.10888888888888888
31.524,8.47,-4.71,-0.11
31.544,8.48,-4.73,-0.10888888888888888
31.564,8.47,-4.71,-0.10777777777777778
31.584,8.49,-4.68,-0.10888888888888888
31.604,8.49,-4.67,-0.11
31.624,8.5,-4.64,-0.11
31.644,8.53,-4.63,-0.11
31.664,8.53,-4.61,-0.11
31.684,8.54,-4.58,-0.10888888888888888
31.704,8.55,-4.55,-0.11
31.724,8.55,-4.53,-0.11
31.744,8.57,-4.52,-0.11
31.764,8.57,-4.5,-0.1111111111111111
31.784,8.6,-4.49,-0.11
31.804,8.58,-4.44,-0.10888888888888888
31.824,8.6,-4.45,-0.11
31.844,8.62,-4.44,-0.10777777777777778
31.864,8.63,-4.42,-0.10777777777777778
31.884,8.64,-4.4,-0.10888888888888888
31.904,8.66,-4.36,-0.10888888888888888
31.924,8.67,-4.37,-0.10888888888888888
31.944,8.68,-4.33,-0.11
31.964,8.7,-4.33,-0.10888888888888888
31.984,8.69,-4.31,-0.10888888888888888
32.004,8.69,-4.28,-0.10777777777777778
32.024,8.71,-4.24,-0.10777777777777778
32.044,8.72,-4.24,-0.10777777777777778
32.064,8.74,-4.21,-0.10777777777777778
32.084,8.74,-4.19,-0.10555555555555556
32.104,8.76,-4.18,-0.10666666666666667
32.124,8.76,-4.15,-0.10555555555555556
32.144,8.79,-4.14,-0.10666666666666667
32.164,8.78,-4.14,-0.10555555555555556
32.184,8.81,-4.1,-0.10555555555555556
32.204,8.79,-4.08,-0.10444444444444445
32.224,8.82,-4.07,-0.10555555555555556
32.244,8.81,-4.05,-0.10333333333333333
32.264,8.83,-4.01,-0.10333333333333333
32.284,8.85,-4.0,-0.10222222222222223
32.304,8.86,-3.97,-0.10333333333333333
32.324,8.86,-3.94,-0.10444444444444445
32.344,8.87,-3.94,-0.10444444444444445
32.364,8.88,-3.9,-0.10333333333333333
32.384,8.87,-3.9,-0.10333333333333333
32.404,8.89,-3.89,-0.1
32.424,8.9,-3.88,-0.1
32.444,8.91,-3.84,-0.1
32.464,8.94,-3.83,-0.1
32.484,8.91,-3.8,-0.09888888888888889
32.504,8.94,-3.79,-0.09888888888888889
32.524,8.96,-3.77,-0.09777777777777778
32.544,8.95,-3.75,-0.09777777777777778
32.564,8.97,-3.73,-0.09555555555555556
32.584,8.96,-3.74,-0.09777777777777778
32.604,8.99,-3.7,-0.09777777777777778
32.624,8.99,-3.67,-0.09555555555555556
32.644,9.0,-3.65,-0.09444444444444444
32.664,9.0,-3.66,-0.09333333333333334
32.684,9.01,-3.63,-0.09444444444444444
32.704,9.0,-3.58,-0.09222222222222222
32.724,9.02,-3.58,-0.09
32.744,9.03,-3.58,-0.09111111111111111
32.764,9.04,-3.58,-0.09
32.784,9.06,-3.53,-0.09
32.804,9.05,-3.51,-0.09111111111111111
32.824,9.06,-3.52,-0.09
32.844,9.07,-3.5,-0.08666666666666667
32.864,9.06,-3.48,-0.08555555555555555
32.884,9.08,-3.46,-0.08444444444444445
32.904,9.09,-3.44,-0.08444444444444445
32.924,9.09,-3.44,-0.08333333333333333
32.944,9.09,-3.43,-0.08333333333333333
32.964,9.11,-3.39,-0.08333333333333333
32.984,9.13,-3.39,-0.0811111111111111
33.004,9.1,-3.36,-0.0811111111111111
33.024,9.12,-3.34,-0.0811111111111111
33.044,9.12,-3.34,-0.08
33.064,9.13,-3.31,-0.08
33.084,9.15,-3.29,-0.07888888888888888
33.104,9.15,-3.3,-0.07888888888888888
33.124,9.16,-3.3,-0.07666666666666666
33.144,9.15,-3.26,-0.07777777777777778
33.164,9.17,-3.26,-0.07333333333333333
33.184,9.16,-3.22,-0.07444444444444444
33.204,9.17,-3.22,-0.07444444444444444
33.224,9.15,-3.21,-0.07111111111111111
33.244,9.16,-3.18,-0.07222222222222222
33.264,9.18,-3.18,-0.07222222222222222
33.284,9.19,-3.15,-0.07
33.304,9.19,-3.15,-0.07111111111111111
33.324,9.21,-3.14,-0.07
33.344,9.22,-3.13,-0.06888888888888889
33.364,9.21,-3.09,-0.06777777777777778
33.384,9.22,-3.08,-0.06555555555555556
33.404,9.21,-3.07,-0.06444444444444444
33.424,9.22,-3.08,-0.06111111111111111
33.444,9.22,-3.06,-0.06222222222222222
33.464,9.23,-3.04,-0.06
33.484,9.23,-3.04,-0.06111111111111111
33.504,9.23,-3.02,-0.06
33.524,9.25,-3.02,-0.058888888888888886
33.544,9.24,-2.98,-0.057777777777777775
33.564,9.24,-2.99,-0.057777777777777775
33.584,9.26,-2.96,-0.05555555555555555
33.604,9.25,-2.98,-0.05333333333333334
33.624,9.27,-2.96,-0.05333333333333334
33.644,9.27,-2.96,-0.052222222222222225
33.664,9.26,-2.92,-0.05
33.684,9.27,-2.93,-0.052222222222222225
33.704,9.28,-2.93,-0.051111111111111114
33.724,9.29,-2.92,-0.05
33.744,9.29,-2.9,-0.04888888888888889
33.764,9.29,-2.89,-0.04555555555555556
33.784,9.29,-2.89,-0.04555555555555556
33.804,9.3,-2.9,-0.04666666666666667
33.824,9.28,-2.86,-0.042222222222222223
33.844,9.3,-2.87,-0.043333333333333335
33.864,9.3,-2.86,-0.04
33.884,9.29,-2.85,-0.04111111111111111
33.904,9.32,-2.84,-0.04
33.924,9.32,-2.82,-0.03888888888888889
33.944,9.3,-2.8,-0.03777777777777778
33.964,9.3,-2.83,-0.035555555555555556
33.984,9.33,-2.83,-0.034444444444444444
34.004,9.31,-2.81,-0.03333333333333333
34.024,9.32,-2.8,-0.034444444444444444
34.044,9.33,-2.77,-0.03333333333333333
34.064,9.33,-2.79,-0.03
34.084,9.33,-2.75,-0.028888888888888888
34.104,9.32,-2.75,-0.027777777777777776
34.124,9.33,-2.76,-0.02666666666666667
34.144,9.35,-2.75,-0.02666666666666667
34.164,9.33,-2.76,-0.02666666666666667
34.184,9.3,-2.73,-0.023333333333333334
34.204,9.33,-2.74,-0.023333333333333334
34.224,9.32,-2.73,-0.023333333333333334
34.244,9.33,-2.71,-0.021111111111111112
34.264,9.34,-2.71,-0.02
34.284,9.35,-2.71,-0.01888888888888889
34.304,9.35,-2.72,-0.015555555555555555
34.324,9.33,-2.73,-0.016666666666666666
34.344,9.36,-2.71,-0.015555555555555555
34.364,9.37,-2.7,-0.014444444444444444
34.384,9.34,-2.71,-0.012222222222222223
34.404,9.34,-2.72,-0.013333333333333334
34.424,9.33,-2.7,-0.011111111111111112
34.444,9.34,-2.7,-0.01
34.464,9.35,-2.69,-0.008888888888888889
34.484,9.33,-2.68,-0.0077777777777777776
34.504,9.35,-2.69,-0.005555555555555556
34.524,9.32,-2.69,-0.005555555555555556
34.544,9.35,-2.69,-0.005555555555555556
34.564,9.36,-2.67,-0.0022222222222222222
34.584,9.35,-2.69,-0.0033333333333333335
34.604,9.36,-2.69,0.0
34.624,9.35,-2.68,0.0
34.644,9.35,-2.7,0.0
34.664,9.34,-2.67,0.0
34.684,9.36,-2.68,0.0033333333333333335
34.704,9.35,-2.69,0.0022222222222222222
34.724,9.36,-2.68,0.0033333333333333335
34.744,9.35,-2.67,0.0033333333333333335
34.764,9.35,-2.68,0.0011111111111111111
34.784,9.36,-2.69,0.005555555555555556
34.804,9.35,-2.68,0.005555555555555556
34.824,9.35,-2.69,0.005555555555555556
34.844,9.36,-2.66,0.005555555555555556
34.864,9.34,-2.68,0.006666666666666667
34.884,9.35,-2.69,0.006666666666666667
34.904,9.36,-2.69,0.006666666666666667
34.924,9.35,-2.69,0.005555555555555556
34.944,9.34,-2.69,0.0077777777777777776
34.964,9.35,-2.69,0.006666666666666667
34.984,9.36,-2.68,0.008888888888888889
35.004,9.34,-2.7,0.0077777777777777776
35.024,9.35,-2.69,0.008888888888888889
35.044,9.34,-2.7,0.01
35.064,9.35,-2.71,0.008888888888888889
35.084,9.33,-2.7,0.01
35.104,9.34,-2.71,0.008888888888888889
35.124,9.35,-2.7,0.01
35.144,9.36,-2.69,0.012222222222222223
35.164,9.34,-2.72,0.011111111111111112
35.184,9.35,-2.71,0.011111111111111112
35.204,9.33,-2.7,0.012222222222222223
35.224,9.34,-2.71,0.011111111111111112
35.244,9.33,-2.73,0.011111111111111112
35.264,9.34,-2.73,0.01
35.284,9.35,-2.73,0.012222222222222223
35.304,9.34,-2.73,0.013333333333333334
35.324,9.35,-2.73,0.013333333333333334
35.344,9.33,-2.71,0.013333333333333334
35.364,9.34,-2.73,0.013333333333333334
35.384,9.32,-2.73,0.013333333333333334
35.404,9.35,-2.74,0.014444444444444444
35.424,9.35,-2.71,0.014444444444444444
35.444,9.33,-2.73,0.013333333333333334
35.464,9.32,-2.75,0.012222222222222223
35.484,9.34,-2.73,0.014444444444444444
35.504,9.33,-2.73,0.014444444444444444
35.524,9.32,-2.75,0.014444444444444444
35.544,9.32,-2.73,0.016666666666666666
35.564,9.32,-2.76,0.016666666666666666
35.584,9.33,-2.75,0.016666666666666666
35.604,9.33,-2.76,0.015555555555555555
35.624,9.3,-2.76,0.014444444444444444
35.644,9.31,-2.75,0.017777777777777778
35.664,9.33,-2.77,0.015555555555555555
35.684,9.31,-2.79,0.014444444444444444
35.704,9.31,-2.77,0.013333333333333334
35.724,9.32,-2.79,0.015555555555555555
35.744,9.31,-2.76,0.016666666666666666
35.764,9.31,-2.77,0.016666666666666666
35.784,9.31,-2.77,0.015555555555555555
35.804,9.34,-2.78,0.017777777777777778
35.824,9.32,-2.81,0.01888888888888889
35.844,9.31,-2.81,0.016666666666666666
35.864,9.29,-2.79,0.015555555555555555
35.884,9.3,-2.82,0.01888888888888889
35.904,9.31,-2.83,0.016666666666666666
35.924,9.3,-2.82,0.01888888888888889
35.944,9.32,-2.83,0.016666666666666666
35.964,9.31,-2.84,0.016666666666666666
35.984,9.3,-2.83,0.016666666666666666
36.004,9.31,-2.85,0.017777777777777778
36.024,9.31,-2.83,0.017777777777777778
36.044,9.3,-2.85,0.01888888888888889
36.064,9.3,-2.83,0.017777777777777778
36.084,9.31,-2.84,0.017777777777777778
36.104,9.3,-2.85,0.016666666666666666
36.124,9.3,-2.83,0.016666666666666666
36.144,9.28,-2.87,0.02
36.164,9.31,-2.85,0.02
36.184,9.27,-2.85,0.01888888888888889
36.204,9.28,-2.86,0.017777777777777778
36.224,9.3,-2.88,0.01888888888888889
36.244,9.3,-2.88,0.017777777777777778
36.264,9.27,-2.89,0.015555555555555555
36.284,9.28,-2.89,0.01888888888888889
36.304,9.29,-2.87,0.017777777777777778
36.324,9.28,-2.9,0.016666666666666666
36.344,9.27,-2.88,0.016666666666666666
36.364,9.28,-2.89,0.017777777777777778
36.384,9.26,-2.88,0.015555555555555555
36.404,9.28,-2.89,0.015555555555555555
36.424,9.29,-2.88,0.01888888888888889
36.444,9.26,-2.91,0.016666666666666666
36.464,9.29,-2.91,0.014444444444444444
36.484,9.26,-2.91,0.016666666666666666
36.504,9.27,-2.92,0.016666666666666666
36.524,9.26,-2.91,0.016666666666666666
36.544,9.27,-2.9,0.016666666666666666
36.564,9.25,-2.92,0.016666666666666666
36.584,9.28,-2.91,0.016666666666666666
36.604,9.26,-2.92,0.015555555555555555
36.624,9.26,-2.93,0.016666666666666666
36.644,9.27,-2.94,0.017777777777777778
36.664,9.25,-2.95,0.016666666666666666
36.684,9.27,-2.95,0.017777777777777778
36.704,9.27,-2.95,0.015555555555555555
36.724,9.25,-2.95,0.016666666666666666
36.744,9.26,-2.95,0.014444444444444444
36.764,9.28,-2.96,0.015555555555555555
36.784,9.25,-2.96,0.016666666666666666
36.804,9.27,-2.96,0.015555555555555555
36.824,9.26,-2.96,0.014444444444444444
36.844,9.27,-2.98,0.016666666666666666
36.864,9.27,-2.98,0.016666666666666666
36.884,9.25,-2.96,0.016666666666666666
36.904,9.26,-2.98,0.017777777777777778
36.924,9.25,-2.98,0.013333333333333334
36.944,9.25,-2.97,0.016666666666666666
36.964,9.24,-2.98,0.016666666666666666
36.984,9.24,-2.98,0.015555555555555555
37.004,9.25,-2.97,0.016666666666666666
37.024,9.25,-2.99,0.014444444444444444
37.044,9.25,-2.98,0.012222222222222223
37.064,9.26,-3.01,0.015555555555555555
37.084,9.23,-3.02,0.013333333333333334
37.104,9.23,-3.03,0.012222222222222223
37.124,9.25,-3.01,0.014444444444444444
37.144,9.23,-3.01,0.013333333333333334
37.164,9.24,-3.02,0.014444444444444444
37.184,9.23,-3.03,0.015555555555555555
37.204,9.23,-3.01,0.015555555555555555
37.224,9.22,-3.03,0.012222222222222223
37.244,9.21,-3.03,0.014444444444444444
37.264,9.22,-3.03,0.013333333333333334
37.284,9.24,-3.04,0.015555555555555555
37.304,9.22,-3.04,0.014444444444444444
37.324,9.22,-3.04,0.012222222222222223
37.344,9.23,-3.05,0.013333333333333334
37.364,9.24,-3.06,0.012222222222222223
37.384,9.22,-3.05,0.014444444444444444
37.404,9.23,-3.07,0.011111111111111112
37.424,9.23,-3.05,0.013333333333333334
37.444,9.22,-3.04,0.011111111111111112
37.464,9.23,-3.05,0.011111111111111112
37.484,9.22,-3.05,0.013333333333333334
37.504,9.23,-3.08,0.012222222222222223
37.524,9.22,-3.06,0.01
37.544,9.23,-3.07,0.01
37.564,9.23,-3.07,0.011111111111111112
37.584,9.21,-3.11,0.013333333333333334
37.604,9.22,-3.07,0.013333333333333334
37.624,9.22,-3.09,0.012222222222222223
37.644,9.22,-3.08,0.011111111111111112
37.664,9.2,-3.06,0.011111111111111112
37.684,9.22,-3.07,0.01
37.704,9.2,-3.07,0.01
37.724,9.23,-3.07,0.01
37.744,9.19,-3.09,0.01
37.764,9.21,-3.09,0.008888888888888889
37.784,9.21,-3.08,0.01
37.804,9.21,-3.1,0.01
37.824,9.23,-3.1,0.008888888888888889
37.844,9.21,-3.09,0.01
37.864,9.21,-3.1,0.01
37.884,9.2,-3.11,0.01
37.904,9.21,-3.1,0.011111111111111112
37.924,9.2,-3.12,0.011111111111111112
37.944,9.2,-3.11,0.01
37.964,9.2,-3.1,0.008888888888888889
37.984,9.22,-3.1,0.008888888888888889
38.004,9.19,-3.11,0.0077777777777777776
38.024,9.21,-3.13,0.008888888888888889
38.044,9.2,-3.11,0.006666666666666667
38.064,9.19,-3.09,0.008888888888888889
38.084,9.2,-3.11,0.0077777777777777776
38.104,9.17,-3.12,0.008888888888888889
38.124,9.19,-3.14,0.0077777777777777776
38.144,9.2,-3.13,0.006666666666666667
38.164,9.19,-3.12,0.006666666666666667
38.184,9.17,-3.12,0.006666666666666667
38.204,9.21,-3.1,0.005555555555555556
38.224,9.19,-3.11,0.0077777777777777776
38.244,9.18,-3.13,0.005555555555555556
38.264,9.21,-3.14,0.006666666666666667
38.284,9.21,-3.13,0.005555555555555556
38.304,9.17,-3.12,0.005555555555555556
38.324,9.18,-3.12,0.0077777777777777776
38.344,9.19,-3.13,0.005555555555555556
38.364,9.2,-3.15,0.006666666666666667
38.384,9.18,-3.14,0.006666666666666667
38.404,9.17,-3.13,0.0044444444444444444
38.424,9.2,-3.13,0.005555555555555556
38.444,9.17,-3.12,0.0044444444444444444
38.464,9.22,-3.12,0.0033333333333333335
38.484,9.19,-3.15,0.0033333333333333335
38.504,9.19,-3.16,0.0022222222222222222
38.524,9.19,-3.15,0.0033333333333333335
38.544,9.19,-3.15,0.0044444444444444444
38.564,9.19,-3.16,0.0033333333333333335
38.584,9.18,-3.16,0.0044444444444444444
38.604,9.2,-3.15,0.0022222222222222222
38.624,9.18,-3.14,0.0011111111111111111
38.644,9.19,-3.14,0.0011111111111111111
38.664,9.2,-3.16,0.0011111111111111111
38.684,9.19,-3.15,0.0022222222222222222
38.704,9.17,-3.14,0.0022222222222222222
38.724,9.18,-3.15,0.0011111111111111111
38.744,9.18,-3.14,0.0
38.764,9.17,-3.17,0.0
38.784,9.18,-3.16,0.0
38.804,9.19,-3.14,0.0
38.824,9.18,-3.16,0.0
38.844,9.19,-3.16,0.0011111111111111111
38.864,9.19,-3.17,0.0
38.884,9.19,-3.16,0.0
38.904,9.19,-3.16,0.0
38.924,9.2,-3.17,0.0
38.944,9.2,-3.16,-0.0011111111111111111
38.964,9.2,-3.18,0.0
38.984,9.19,-3.17,0.0
39.004,9.18,-3.14,0.0
39.024,9.17,-3.16,0.0
39.044,9.2,-3.16,0.0
39.064,9.17,-3.15,0.0
39.084,9.19,-3.15,0.0
39.104,9.19,-3.16,0.0
39.124,9.18,-3.16,0.0
39.144,9.19,-3.15,0.0
39.164,9.18,-3.16,0.0
39.184,9.19,-3.16,0.0011111111111111111
39.204,9.19,-3.17,0.0
39.224,9.2,-3.15,0.0
39.244,9.19,-3.13,0.0
39.264,9.18,-3.15,0.0
39.284,9.2,-3.17,-0.0022222222222222222
39.304,9.18,-3.16,0.0
39.324,9.19,-3.15,0.0
39.344,9.17,-3.16,0.0
39.364,9.18,-3.16,0.0
39.384,9.2,-3.17,0.0
39.404,9.19,-3.16,0.0
39.424,9.17,-3.17,0.0
39.444,9.19,-3.16,0.0
39.464,9.19,-3.16,0.0
39.484,9.16,-3.16,0.0011111111111111111
39.504,9.18,-3.14,0.0
39.524,9.19,-3.16,-0.0011111111111111111
39.544,9.2,-3.15,0.0
39.564,9.18,-3.15,0.0
39.584,9.18,-3.15,0.0
39.604,9.19,-3.15,0.0
39.624,9.18,-3.16,0.0011111111111111111
39.644,9.19,-3.14,0.0
39.664,9.2,-3.13,0.0
39.684,9.18,-3.16,0.0
39.704,9.18,-3.15,0.0
39.724,9.19,-3.16,0.0
39.744,9.17,-3.17,0.0
39.764,9.18,-3.15,0.0
39.784,9.18,-3.15,-0.0011111111111111111
39.804,9.19,-3.16,0.0
39.824,9.18,-3.17,0.0
39.844,9.16,-3.17,0.0
39.864,9.19,-3.14,0.0
39.884,9.18,-3.13,0.0
39.904,9.17,-3.14,0.0011111111111111111
39.924,9.18,-3.14,0.0
39.944,9.2,-3.14,0.0
39.964,9.18,-3.14,0.0
39.984,9.17,-3.16,0.0011111111111111111
40.004,9.18,-3.17,0.0
40.024,9.21,-3.15,0.0011111111111111111
40.044,9.17,-3.15,0.0
40.064,9.17,-3.15,0.0
40.084,9.19,-3.16,0.0
40.104,9.2,-3.15,0.0
40.124,9.18,-3.16,0.0
40.144,9.18,-3.17,0.0
40.164,9.19,-3.15,0.0
40.184,9.21,-3.17,0.0
40.204,9.17,-3.15,0.0
40.224,9.2,-3.12,0.0
40.244,9.2,-3.17,0.0
40.264,9.2,-3.16,0.0
40.284,9.18,-3.16,0.0
40.304,9.18,-3.17,0.0
40.324,9.2,-3.18,0.0
40.344,9.2,-3.15,0.0
40.364,9.19,-3.16,0.0
40.384,9.17,-3.17,0.0
40.404,9.19,-3.13,0.0
40.424,9.18,-3.15,0.0
40.444,9.17,-3.15,0.0
40.464,9.19,-3.15,0.0
40.484,9.18,-3.14,0.0
40.504,9.19,-3.16,0.0
40.524,9.18,-3.15,0.0
40.544,9.19,-3.16,0.0011111111111111111
40.564,9.19,-3.15,0.0
40.584,9.18,-3.15,0.0
40.604,9.18,-3.14,0.0
40.624,9.18,-3.17,0.0
40.644,9.18,-3.18,0.0
40.664,9.2,-3.13,0.0
40.684,9.17,-3.15,0.0
40.704,9.19,-3.17,0.0
40.724,9.18,-3.15,0.0
40.744,9.21,-3.16,0.0
40.764,9.21,-3.17,0.0
40.784,9.19,-3.17,0.0
40.804,9.19,-3.13,0.0
40.824,9.2,-3.14,0.0
40.844,9.18,-3.15,0.0
40.864,9.19,-3.16,0.0
40.884,9.2,-3.13,0.0
40.904,9.18,-3.15,0.0
40.924,9.18,-3.17,0.0
40.944,9.19,-3.14,0.0
40.964,9.19,-3.17,0.0011111111111111111
40.984,9.17,-3.16,0.0
41.004,9.16,-3.16,0.0
41.024,9.2,-3.14,0.0
41.044,9.2,-3.15,0.0
41.064,9.17,-3.14,0.0
41.084,9.19,-3.15,0.0
41.104,9.18,-3.15,0.0
41.124,9.2,-3.16,0.0
41.144,9.18,-3.17,-0.0011111111111111111
41.164,9.18,-3.15,0.0
41.184,9.19,-3.14,0.0
41.204,9.21,-3.17,0.0
41.224,9.18,-3.15,0.0
41.244,9.19,-3.18,0.0011111111111111111
41.264,9.19,-3.15,-0.0011111111111111111
41.284,9.2,-3.17,0.0
41.304,9.2,-3.16,0.0011111111111111111
41.324,9.19,-3.16,0.0
41.344,9.17,-3.18,0.0
41.364,9.18,-3.14,0.0
41.384,9.2,-3.16,0.0
41.404,9.19,-3.15,0.0
41.424,9.17,-3.16,0.0
41.444,9.18,-3.17,0.0
41.464,9.21,-3.15,0.0
41.484,9.19,-3.15,0.0
41.504,9.19,-3.15,0.0
41.524,9.18,-3.15,0.0
41.544,9.19,-3.16,0.0
41.564,9.18,-3.14,0.0
41.584,9.18,-3.16,0.0
41.604,9.18,-3.15,0.0
41.624,9.18,-3.15,0.0
41.644,9.18,-3.16,0.0
41.664,9.2,-3.18,0.0
41.684,9.18,-3.16,0.0
41.704,9.19,-3.15,0.0011111111111111111
41.724,9.18,-3.15,0.0
41.744,9.17,-3.16,0.0
41.764,9.17,-3.16,0.0
41.784,9.19,-3.15,0.0
41.804,9.19,-3.14,0.0011111111111111111
41.824,9.17,-3.17,0.0011111111111111111
41.844,9.18,-3.14,0.0
41.864,9.2,-3.14,0.0011111111111111111
41.884,9.18,-3.15,0.0011111111111111111
41.904,9.19,-3.16,0.0
41.924,9.19,-3.15,0.0
41.944,9.18,-3.15,0.0
41.964,9.19,-3.16,0.0011111111111111111
41.984,9.18,-3.14,0.0
42.004,9.19,-3.15,0.0
42.024,9.2,-3.15,0.0
42.044,9.18,-3.13,0.0
42.064,9.18,-3.17,0.0
42.084,9.18,-3.14,0.0
42.104,9.19,-3.16,0.0
42.124,9.17,-3.16,0.0
42.144,9.19,-3.15,0.0
42.164,9.19,-3.15,0.0
42.184,9.18,-3.16,-0.0011111111111111111
42.204,9.19,-3.17,0.0
42.224,9.19,-3.16,0.0
42.244,9.18,-3.16,0.0
42.264,9.17,-3.13,0.0
42.284,9.19,-3.17,0.0
42.304,9.18,-3.16,0.0
42.324,9.18,-3.18,0.0
42.344,9.19,-3.14,0.0011111111111111111
42.364,9.19,-3.15,0.0
42.384,9.2,-3.16,0.0
42.404,9.18,-3.16,0.0
42.424,9.18,-3.16,0.0
42.444,9.17,-3.16,0.0
42.464,9.18,-3.16,0.0
42.484,9.19,-3.17,0.0
42.504,9.19,-3.15,0.0011111111111111111
42.524,9.19,-3.15,0.0
42.544,9.2,-3.13,0.0
42.564,9.18,-3.14,0.0
42.584,9.18,-3.14,0.0
42.604,9.2,-3.15,0.0
42.624,9.19,-3.16,0.0
42.644,9.17,-3.17,0.0
42.664,9.19,-3.15,0.0
42.684,9.2,-3.14,0.0
42.704,9.2,-3.16,0.0
42.724,9.19,-3.14,0.0
42.744,9.19,-3.14,0.0
42.764,9.15,-3.14,0.0
42.784,9.18,-3.17,0.0
42.804,9.2,-3.17,0.0
42.824,9.19,-3.15,0.0
42.844,9.18,-3.12,-0.0011111111111111111
42.864,9.17,-3.17,-0.0011111111111111111
42.884,9.17,-3.14,0.0
42.904,9.19,-3.16,0.0
42.924,9.2,-3.14,0.0
42.944,9.19,-3.16,0.0
42.964,9.19,-3.18,0.0
42.984,9.21,-3.16,0.0
43.004,9.19,-3.16,0.0
43.024,9.19,-3.16,0.0
43.044,9.22,-3.16,0.0
43.064,9.18,-3.15,0.0
43.084,9.19,-3.17,0.0
43.104,9.16,-3.17,0.0
43.124,9.2,-3.16,0.0
43.144,9.19,-3.16,0.0
43.164,9.2,-3.15,0.0
43.184,9.19,-3.16,0.0
43.204,9.21,-3.17,0.0
43.224,9.18,-3.18,0.0
43.244,9.18,-3.16,0.0
43.264,9.19,-3.16,0.0
43.284,9.21,-3.15,0.0
43.304,9.19,-3.16,0.0
43.324,9.19,-3.14,0.0
43.344,9.19,-3.15,0.0
43.364,9.18,-3.17,0.0
43.384,9.17,-3.16,0.0
43.404,9.18,-3.14,0.0
43.424,9.18,-3.15,0.0
43.444,9.18,-3.15,0.0
43.464,9.19,-3.17,0.0
43.484,9.17,-3.14,0.0
43.504,9.19,-3.17,0.0
43.524,9.19,-3.15,-0.0011111111111111111
43.544,9.19,-3.17,0.0
43.564,9.17,-3.16,0.0
43.584,9.18,-3.16,0.0
43.604,9.2,-3.16,0.0
43.624,9.19,-3.16,0.0
43.644,9.18,-3.15,0.0
43.664,9.19,-3.16,0.0
43.684,9.2,-3.15,0.0
43.704,9.19,-3.14,0.0
43.724,9.19,-3.14,0.0
43.744,9.19,-3.17,0.0
43.764,9.19,-3.17,0.0011111111111111111
43.784,9.21,-3.16,0.0
43.804,9.18,-3.15,0.0011111111111111111
43.824,9.18,-3.15,0.0
43.844,9.16,-3.15,0.0
43.864,9.18,-3.16,0.0
43.884,9.18,-3.15,0.0
43.904,9.18,-3.15,0.0
43.924,9.18,-3.15,0.0
43.944,9.18,-3.15,0.0
43.964,9.19,-3.16,0.0011111111111111111
43.984,9.2,-3.15,0.0011111111111111111
44.004,9.19,-3.16,0.0
44.024,9.2,-3.16,0.0
44.044,9.19,-3.17,0.0
44.064,9.18,-3.15,0.0
44.084,9.18,-3.15,0.0011111111111111111
44.104,9.19,-3.15,0.0011111111111111111
44.124,9.18,-3.16,0.0
44.144,9.19,-3.17,0.0
44.164,9.18,-3.15,0.0
44.184,9.18,-3.15,0.0
44.204,9.19,-3.14,0.0
44.224,9.18,-3.17,0.0
44.244,9.2,-3.19,0.0
44.264,9.17,-3.16,0.0
44.284,9.18,-3.15,0.0
44.304,9.17,-3.17,0.0
44.324,9.19,-3.14,0.0
44.344,9.18,-3.15,0.0
44.364,9.19,-3.16,0.0
44.384,9.2,-3.15,0.0
44.404,9.19,-3.17,0.0
44.424,9.2,-3.15,0.0011111111111111111
44.444,9.18,-3.16,0.0011111111111111111
44.464,9.17,-3.14,0.0
44.484,9.19,-3.15,0.0
44.504,9.19,-3.14,0.0
44.524,9.18,-3.14,0.0
44.544,9.17,-3.17,0.0
44.564,9.19,-3.16,0.0
44.584,9.17,-3.14,0.0
44.604,9.19,-3.17,0.0
44.624,9.2,-3.17,0.0
44.644,9.2,-3.17,0.0
44.664,9.18,-3.14,0.0011111111111111111
44.684,9.16,-3.14,0.0
44.704,9.19,-3.15,0.0
44.724,9.18,-3.15,0.0
44.744,9.18,-3.15,0.0
44.764,9.18,-3.15,0.0
44.784,9.2,-3.15,-0.0011111111111111111
44.804,9.18,-3.15,0.0
44.824,9.19,-3.15,0.0
44.844,9.18,-3.14,0.0
44.864,9.19,-3.15,0.0
44.884,9.19,-3.15,0.0
44.904,9.19,-3.16,-0.0011111111111111111
44.924,9.2,-3.13,0.0
44.944,9.19,-3.16,0.0
44.964,9.21,-3.15,0.0
44.984,9.19,-3.16,0.0
45.004,9.19,-3.15,0.0
45.024,9.18,-3.14,0.0
45.044,9.2,-3.16,0.0
45.064,9.17,-3.15,0.0
45.084,9.2,-3.16,0.0011111111111111111
45.104,9.19,-3.17,0.0011111111111111111
45.124,9.19,-3.16,0.0
45.144,9.17,-3.15,0.0
45.164,9.18,-3.17,0.0011111111111111111
45.184,9.18,-3.17,0.0
45.204,9.2,-3.16,0.0
45.224,9.2,-3.15,-0.0011111111111111111
45.244,9.18,-3.16,0.0
45.264,9.17,-3.16,0.0
45.284,9.18,-3.16,0.0
45.304,9.19,-3.16,0.0
45.324,9.18,-3.14,0.0
45.344,9.17,-3.15,0.0
45.364,9.18,-3.16,0.0
45.384,9.19,-3.18,0.0
45.404,9.19,-3.14,0.0
45.424,9.19,-3.14,0.0011111111111111111
45.444,9.18,-3.16,0.0
45.464,9.18,-3.16,0.0
45.484,9.19,-3.16,0.0
45.504,9.18,-3.17,0.0011111111111111111
45.524,9.2,-3.15,0.0011111111111111111
45.544,9.17,-3.16,0.0
45.564,9.19,-3.15,0.0
45.584,9.17,-3.14,0.0
45.604,9.2,-3.15,0.0011111111111111111
45.624,9.19,-3.15,0.0
45.644,9.17,-3.16,0.0
45.664,9.19,-3.17,0.0
45.684,9.19,-3.15,0.0
45.704,9.19,-3.13,0.0
45.724,9.18,-3.16,0.0
45.744,9.18,-3.16,0.0
45.764,9.18,-3.13,0.0
45.784,9.19,-3.16,0.0
45.804,9.17,-3.13,0.0011111111111111111
45.824,9.19,-3.18,0.0
45.844,9.18,-3.17,0.0
45.864,9.2,-3.15,0.0
45.884,9.18,-3.15,0.0
45.904,9.19,-3.17,0.0
45.924,9.19,-3.15,0.0
45.944,9.17,-3.18,0.0
45.964,9.17,-3.16,0.0011111111111111111
45.984,9.21,-3.16,0.0
46.004,9.19,-3.16,0.0
46.024,9.18,-3.16,0.0
46.044,9.17,-3.14,0.0
46.064,9.17,-3.16,0.0011111111111111111
46.084,9.18,-3.14,0.0
46.104,9.17,-3.17,0.0
46.124,9.19,-3.15,0.0
46.144,9.18,-3.17,0.0
46.164,9.19,-3.18,0.0
46.184,9.19,-3.13,0.0
46.204,9.19,-3.17,0.0
46.224,9.18,-3.16,0.0
46.244,9.21,-3.17,0.0
46.264,9.17,-3.15,0.0
46.284,9.19,-3.16,0.0
46.304,9.17,-3.17,0.0
46.324,9.17,-3.17,0.0
46.344,9.18,-3.15,0.0
46.364,9.19,-3.16,0.0
46.384,9.19,-3.18,-0.0011111111111111111
46.404,9.18,-3.16,0.0
46.424,9.2,-3.17,0.0
46.444,9.19,-3.15,0.0
46.464,9.2,-3.15,0.0
46.484,9.18,-3.16,0.0
46.504,9.18,-3.15,0.0
46.524,9.2,-3.14,0.0
46.544,9.19,-3.15,0.0
46.564,9.18,-3.15,0.0
46.584,9.19,-3.17,0.0
46.604,9.2,-3.15,0.0
46.624,9.18,-3.17,0.0
46.644,9.19,-3.15,0.0
46.664,9.19,-3.17,0.0
46.684,9.17,-3.17,0.0
46.704,9.18,-3.14,0.0
46.724,9.19,-3.15,0.0
46.744,9.18,-3.14,0.0
46.764,9.19,-3.14,0.0
46.784,9.18,-3.18,0.0
46.804,9.17,-3.15,0.0
46.824,9.19,-3.17,0.0
46.844,9.19,-3.15,0.0022222222222222222
46.864,9.2,-3.17,0.0
46.884,9.18,-3.19,0.0
46.904,9.19,-3.15,0.0
46.924,9.17,-3.15,0.0
46.944,9.2,-3.16,0.0
46.964,9.18,-3.17,0.0
46.984,9.2,-3.15,0.0
47.004,9.19,-3.13,0.0
47.024,9.18,-3.17,0.0
47.044,9.19,-3.16,0.0
47.064,9.19,-3.16,0.0
47.084,9.18,-3.16,0.0
47.104,9.2,-3.15,0.0
47.124,9.2,-3.16,0.0
47.144,9.2,-3.15,0.0
47.164,9.19,-3.14,0.0
47.184,9.19,-3.15,0.0
47.204,9.17,-3.15,0.0
47.224,9.17,-3.16,0.0
47.244,9.19,-3.15,0.0011111111111111111
47.264,9.2,-3.17,0.0
47.284,9.18,-3.14,0.0
47.304,9.19,-3.15,0.0
47.324,9.17,-3.16,0.0
47.344,9.2,-3.15,0.0011111111111111111
47.364,9.2,-3.15,0.0
47.384,9.2,-3.13,0.0
47.404,9.18,-3.15,0.0
47.424,9.19,-3.15,-0.0011111111111111111
47.444,9.19,-3.13,0.0
47.464,9.2,-3.15,-0.0011111111111111111
47.484,9.19,-3.15,0.0
47.504,9.19,-3.14,0.0
47.524,9.19,-3.16,0.0
47.544,9.2,-3.16,0.0
47.564,9.17,-3.15,0.0
47.584,9.19,-3.16,0.0
47.604,9.19,-3.15,0.0
47.624,9.19,-3.14,0.0
47.644,9.19,-3.15,0.0
47.664,9.18,-3.16,0.0022222222222222222
47.684,9.17,-3.17,0.0
47.704,9.18,-3.17,0.0
47.724,9.19,-3.16,0.0
47.744,9.18,-3.15,0.0
47.764,9.19,-3.16,0.0
47.784,9.2,-3.16,0.0
47.804,9.19,-3.17,0.0
47.824,9.18,-3.14,0.0011111111111111111
47.844,9.19,-3.14,0.0011111111111111111
47.864,9.18,-3.17,0.0
47.884,9.18,-3.15,0.0
47.904,9.18,-3.15,0.0
47.924,9.2,-3.15,0.0
47.944,9.21,-3.17,0.0
47.964,9.21,-3.16,0.0
47.984,9.19,-3.17,0.0
48.004,9.18,-3.14,0.0011111111111111111
48.024,9.19,-3.15,0.0011111111111111111
48.044,9.19,-3.16,0.0
48.064,9.18,-3.14,0.0
48.084,9.19,-3.16,0.0
48.104,9.18,-3.17,0.0
48.124,9.19,-3.15,0.0
48.144,9.18,-3.15,0.0
48.164,9.2,-3.14,0.0
48.184,9.19,-3.16,0.0
48.204,9.17,-3.16,0.0
48.224,9.19,-3.15,0.0
48.244,9.16,-3.15,0.0
48.264,9.19,-3.16,0.0
48.284,9.19,-3.17,0.0
48.304,9.19,-3.14,0.0
48.324,9.19,-3.16,0.0011111111111111111
48.344,9.18,-3.16,0.0
48.364,9.17,-3.14,0.0
48.384,9.19,-3.16,0.0
48.404,9.19,-3.17,0.0
48.424,9.19,-3.15,0.0
48.444,9.19,-3.15,0.0
48.464,9.19,-3.16,0.0
48.484,9.19,-3.17,0.0
48.504,9.2,-3.15,0.0
48.524,9.2,-3.16,0.0
48.544,9.2,-3.13,0.0
48.564,9.17,-3.15,0.0
48.584,9.18,-3.16,0.0
48.604,9.2,-3.17,0.0011111111111111111
48.624,9.19,-3.17,0.0
48.644,9.2,-3.17,-0.0011111111111111111
48.664,9.18,-3.17,0.0
48.684,9.18,-3.14,0.0
48.704,9.16,-3.15,0.0
48.724,9.18,-3.16,0.0
48.744,9.18,-3.15,0.0
48.764,9.19,-3.14,0.0
48.784,9.19,-3.16,0.0
48.804,9.18,-3.16,0.0
48.824,9.18,-3.16,0.0
48.844,9.18,-3.15,0.0
48.864,9.2,-3.15,0.0
48.884,9.19,-3.17,0.0
48.904,9.18,-3.13,0.0
48.924,9.17,-3.16,0.0
48.944,9.19,-3.16,0.0
48.964,9.19,-3.15,0.0
48.984,9.2,-3.14,0.0
49.004,9.19,-3.16,0.0
49.024,9.18,-3.15,0.0
49.044,9.2,-3.17,0.0
49.064,9.2,-3.16,0.0
49.084,9.18,-3.15,0.0011111111111111111
49.104,9.18,-3.16,0.0
49.124,9.2,-3.15,0.0
49.144,9.18,-3.17,0.0
49.164,9.18,-3.16,0.0
49.184,9.21,-3.16,0.0
49.204,9.19,-3.15,0.0
49.224,9.17,-3.17,0.0
49.244,9.18,-3.17,0.0
49.264,9.18,-3.16,0.0
49.284,9.19,-3.17,0.0
49.304,9.18,-3.15,0.0
49.324,9.2,-3.16,0.0
49.344,9.19,-3.16,0.0
49.364,9.18,-3.16,0.0
49.384,9.19,-3.17,0.0
49.404,9.18,-3.15,0.0
49.424,9.19,-3.15,0.0
49.444,9.19,-3.15,0.0
49.464,9.2,-3.17,0.0
49.484,9.19,-3.15,0.0
49.504,9.19,-3.16,0.0
49.524,9.18,-3.16,0.0
49.544,9.18,-3.16,0.0
49.564,9.19,-3.13,0.0
49.584,9.21,-3.16,0.0011111111111111111
49.604,9.18,-3.16,0.0022222222222222222
49.624,9.21,-3.15,0.0
49.644,9.18,-3.17,0.0
49.664,9.19,-3.16,0.0
49.684,9.18,-3.16,0.0
49.704,9.17,-3.17,0.0
49.724,9.17,-3.16,0.0
49.744,9.19,-3.15,0.0011111111111111111
49.764,9.2,-3.15,0.0
49.784,9.17,-3.17,0.0
49.804,9.18,-3.16,0.0
49.824,9.2,-3.13,0.0
49.844,9.19,-3.15,0.0
49.864,9.18,-3.14,0.0
49.884,9.18,-3.15,0.0
49.904,9.19,-3.16,0.0
49.924,9.19,-3.16,0.0
49.944,9.2,-3.16,0.0
49.964,9.19,-3.16,0.0
49.984,9.18,-3.15,0.0
50.004,9.2,-3.15,0.0
50.024,9.19,-3.17,0.0
50.044,9.18,-3.14,0.0
50.064,9.19,-3.17,0.0
50.084,9.19,-3.14,0.0011111111111111111
50.104,9.18,-3.16,0.0
50.124,9.18,-3.15,0.0
50.144,9.17,-3.16,0.0
50.164,9.17,-3.14,0.0
50.184,9.2,-3.15,0.0
50.204,9.18,-3.16,0.0
50.224,9.18,-3.17,0.0011111111111111111
50.244,9.18,-3.16,0.0
50.264,9.18,-3.17,0.0011111111111111111
50.284,9.19,-3.15,0.0
50.304,9.18,-3.17,0.0
50.324,9.2,-3.16,0.0
50.344,9.19,-3.17,-0.0011111111111111111
50.364,9.18,-3.16,0.0
50.384,9.19,-3.16,0.0
50.404,9.18,-3.15,0.0
50.424,9.19,-3.18,0.0
50.444,9.18,-3.16,0.0
50.464,9.17,-3.16,0.0
50.484,9.18,-3.16,0.0
50.504,9.19,-3.16,0.0
50.524,9.18,-3.17,0.0
50.544,9.2,-3.15,0.0
50.564,9.17,-3.15,0.0
50.584,9.18,-3.16,0.0
50.604,9.2,-3.15,0.0
50.624,9.19,-3.16,0.0
50.644,9.2,-3.16,0.0
50.664,9.18,-3.15,0.0011111111111111111
50.684,9.18,-3.14,0.0
50.704,9.19,-3.16,0.0
50.724,9.18,-3.15,0.0
50.744,9.2,-3.16,0.0
50.764,9.2,-3.18,0.0
50.784,9.2,-3.15,0.0
50.804,9.2,-3.16,0.0011111111111111111
50.824,9.19,-3.14,-0.0011111111111111111
50.844,9.19,-3.15,0.0
50.864,9.19,-3.14,0.0
50.884,9.2,-3.16,0.0
50.904,9.18,-3.13,0.0
50.924,9.19,-3.15,0.0
50.944,9.2,-3.16,0.0
50.964,9.2,-3.16,0.0
50.984,9.2,-3.16,0.0
51.004,9.2,-3.16,0.0
51.024,9.18,-3.14,0.0011111111111111111
51.044,9.19,-3.17,0.0
51.064,9.2,-3.16,0.0
51.084,9.2,-3.14,0.0
51.104,9.2,-3.15,0.0
51.124,9.19,-3.15,0.0
51.144,9.18,-3.18,0.0
51.164,9.19,-3.17,0.0
51.184,9.18,-3.14,0.0
51.204,9.19,-3.16,0.0011111111111111111
51.224,9.17,-3.14,0.0
51.244,9.18,-3.15,0.0011111111111111111
51.264,9.18,-3.16,0.0
51.284,9.2,-3.16,0.0011111111111111111
51.304,9.18,-3.16,0.0
51.324,9.18,-3.15,0.0
51.344,9.2,-3.15,0.0
51.364,9.18,-3.16,0.0
51.384,9.17,-3.16,0.0
51.404,9.18,-3.17,0.0
51.424,9.18,-3.16,0.0
51.444,9.18,-3.15,0.0
51.464,9.18,-3.16,0.0
51.484,9.18,-3.14,0.0
51.504,9.19,-3.17,0.0
51.524,9.19,-3.16,0.0
51.544,9.21,-3.15,0.0
51.564,9.2,-3.13,0.0
51.584,9.17,-3.17,0.0
51.604,9.18,-3.16,0.0
51.624,9.19,-3.15,0.0
51.644,9.2,-3.15,0.0
51.664,9.19,-3.16,0.0
51.684,9.17,-3.16,0.0
51.704,9.17,-3.17,0.0
51.724,9.19,-3.15,0.0
51.744,9.16,-3.15,0.0
51.764,9.18,-3.17,0.0
51.784,9.18,-3.15,0.0011111111111111111
51.804,9.19,-3.16,0.0
51.824,9.19,-3.17,0.0
51.844,9.17,-3.15,0.0
51.864,9.2,-3.15,0.0
51.884,9.19,-3.16,0.0
51.904,9.19,-3.16,0.0
51.924,9.19,-3.15,0.0
51.944,9.16,-3.16,0.0
51.964,9.19,-3.15,0.0011111111111111111
51.984,9.17,-3.16,0.0
52.004,9.19,-3.15,0.0011111111111111111
52.024,9.2,-3.17,0.0011111111111111111
52.044,9.19,-3.15,0.0
52.064,9.19,-3.16,0.0
52.084,9.2,-3.17,0.0
52.104,9.18,-3.15,0.0
52.124,9.16,-3.17,0.0011111111111111111
52.144,9.2,-3.15,0.0
52.164,9.19,-3.17,0.0
52.184,9.2,-3.17,0.0
52.204,9.2,-3.16,0.0
52.224,9.19,-3.14,0.0
52.244,9.16,-3.16,0.0
52.264,9.21,-3.16,0.0
52.284,9.19,-3.16,-0.0011111111111111111
52.304,9.17,-3.17,0.0
52.324,9.2,-3.16,0.0
52.344,9.18,-3.18,0.0
52.364,9.18,-3.16,0.0
52.384,9.17,-3.15,0.0
52.404,9.19,-3.17,0.0
52.424,9.18,-3.13,0.0
52.444,9.19,-3.17,0.0
52.464,9.2,-3.14,0.0
52.484,9.19,-3.15,0.0
52.504,9.18,-3.17,0.0
52.524,9.18,-3.16,0.0
52.544,9.2,-3.17,0.0
52.564,9.21,-3.15,-0.0011111111111111111
52.584,9.18,-3.17,0.0
52.604,9.18,-3.12,0.0
52.624,9.19,-3.17,0.0011111111111111111
52.644,9.19,-3.15,0.0
52.664,9.2,-3.15,0.0
52.684,9.19,-3.16,0.0
52.704,9.18,-3.16,0.0
52.724,9.18,-3.17,0.0
52.744,9.18,-3.15,0.0
52.764,9.2,-3.15,0.0
52.784,9.19,-3.16,-0.0011111111111111111
52.804,9.2,-3.17,0.0
52.824,9.17,-3.18,0.0
52.844,9.19,-3.13,0.0
52.864,9.18,-3.16,0.0
52.884,9.19,-3.16,0.0
52.904,9.19,-3.14,0.0
52.924,9.19,-3.16,0.0
52.944,9.18,-3.14,0.0
52.964,9.2,-3.15,0.0
52.984,9.19,-3.17,0.0
53.004,9.18,-3.15,0.0
53.024,9.21,-3.14,0.0
53.044,9.17,-3.16,0.0011111111111111111
53.064,9.19,-3.16,0.0
53.084,9.19,-3.15,0.0
53.104,9.17,-3.16,0.0
53.124,9.2,-3.16,0.0
53.144,9.19,-3.13,0.0
53.164,9.2,-3.15,0.0011111111111111111
53.184,9.19,-3.15,0.0
53.204,9.18,-3.17,0.0
53.224,9.16,-3.15,0.0
53.244,9.18,-3.17,0.0
53.264,9.19,-3.14,0.0
53.284,9.18,-3.17,0.0011111111111111111
53.304,9.18,-3.15,0.0
53.324,9.18,-3.15,0.0
53.344,9.18,-3.13,0.0
53.364,9.18,-3.14,0.0011111111111111111
53.384,9.17,-3.16,0.0
53.404,9.21,-3.16,0.0
53.424,9.18,-3.14,0.0
53.444,9.2,-3.16,0.0
53.464,9.19,-3.16,0.0
53.484,9.19,-3.17,0.0
53.504,9.19,-3.15,0.0
53.524,9.19,-3.15,0.0
53.544,9.17,-3.16,0.0
53.564,9.18,-3.15,0.0
53.584,9.16,-3.16,0.0
53.604,9.18,-3.16,0.0011111111111111111
53.624,9.18,-3.15,0.0
53.644,9.17,-3.17,0.0
53.664,9.19,-3.17,0.0
53.684,9.19,-3.15,0.0
53.704,9.17,-3.14,0.0
53.724,9.17,-3.19,0.0
53.744,9.19,-3.15,0.0
53.764,9.21,-3.16,0.0
53.784,9.19,-3.15,0.0
53.804,9.19,-3.17,0.0
53.824,9.2,-3.17,0.0
53.844,9.19,-3.15,0.0
53.864,9.19,-3.16,0.0
53.884,9.18,-3.18,0.0
53.904,9.17,-3.16,0.0
53.924,9.2,-3.17,0.0
53.944,9.19,-3.15,0.0
53.964,9.18,-3.18,0.0
53.984,9.17,-3.16,-0.0011111111111111111
54.004,9.2,-3.16,0.0
54.024,9.19,-3.16,0.0
54.044,9.19,-3.14,0.0
54.064,9.18,-3.15,0.0
54.084,9.19,-3.17,0.0
54.104,9.18,-3.17,0.0
54.124,9.18,-3.12,0.0
54.144,9.18,-3.16,0.0011111111111111111
54.164,9.17,-3.16,0.0
54.184,9.2,-3.16,-0.0011111111111111111
54.204,9.2,-3.17,0.0
54.224,9.2,-3.14,0.0
54.244,9.18,-3.16,0.0
54.264,9.18,-3.16,0.0
54.284,9.19,-3.15,0.0
54.304,9.16,-3.17,0.0
54.324,9.19,-3.16,0.0
54.344,9.19,-3.15,0.0
54.364,9.18,-3.15,0.0
54.384,9.2,-3.13,0.0
54.404,9.18,-3.14,0.0
54.424,9.18,-3.15,0.0
54.444,9.19,-3.16,-0.0011111111111111111
54.464,9.17,-3.14,0.0
54.484,9.21,-3.17,0.0
54.504,9.19,-3.14,0.0
54.524,9.19,-3.16,0.0
54.544,9.2,-3.17,0.0
54.564,9.18,-3.15,0.0011111111111111111
54.584,9.18,-3.16,0.0
54.604,9.18,-3.14,0.0
54.624,9.21,-3.17,0.0
54.644,9.19,-3.15,0.0
54.664,9.18,-3.15,0.0
54.684,9.18,-3.17,-0.0011111111111111111
54.704,9.18,-3.15,0.0
54.724,9.19,-3.17,0.0
54.744,9.19,-3.16,0.0011111111111111111
54.764,9.17,-3.17,0.0
54.784,9.18,-3.14,0.0
54.804,9.18,-3.15,0.0
54.824,9.2,-3.15,0.0
54.844,9.19,-3.17,0.0
54.864,9.16,-3.16,0.0
54.884,9.18,-3.19,0.0011111111111111111
54.904,9.19,-3.16,0.0
54.924,9.19,-3.16,0.0
54.944,9.19,-3.17,0.0
54.964,9.18,-3.14,0.0
54.984,9.18,-3.14,0.0
55.004,9.18,-3.15,0.0
55.024,9.19,-3.17,0.0
55.044,9.19,-3.16,0.0
55.064,9.19,-3.16,0.0
55.084,9.18,-3.18,0.0
55.104,9.21,-3.15,0.0
55.124,9.19,-3.15,0.0
55.144,9.19,-3.17,0.0
55.164,9.19,-3.15,0.0
55.184,9.18,-3.18,0.0
55.204,9.19,-3.16,0.0
55.224,9.19,-3.16,0.0
55.244,9.16,-3.14,0.0
55.264,9.2,-3.16,0.0
55.284,9.19,-3.15,0.0
55.304,9.18,-3.17,0.0
55.324,9.17,-3.14,0.0
55.344,9.19,-3.16,0.0
55.364,9.19,-3.15,0.0
55.384,9.19,-3.14,0.0
55.404,9.2,-3.16,0.0
55.424,9.2,-3.15,0.0
55.444,9.18,-3.15,0.0
55.464,9.2,-3.14,0.0
55.484,9.19,-3.16,0.0
55.504,9.2,-3.14,0.0
55.524,9.17,-3.13,0.0011111111111111111
55.544,9.19,-3.16,0.0
55.564,9.2,-3.15,0.0
55.584,9.18,-3.13,0.0
55.604,9.18,-3.14,0.0
55.624,9.19,-3.15,0.0
55.644,9.18,-3.15,0.0
55.664,9.19,-3.18,0.0
55.684,9.2,-3.15,0.0
55.704,9.19,-3.16,0.0
55.724,9.19,-3.16,0.0
55.744,9.17,-3.15,0.0011111111111111111
55.764,9.19,-3.16,0.0
55.784,9.2,-3.15,0.0
55.804,9.19,-3.17,0.0
55.824,9.18,-3.17,0.0
55.844,9.19,-3.15,0.0
55.864,9.21,-3.15,0.0
55.884,9.19,-3.14,0.0
55.904,9.2,-3.18,0.0
55.924,9.19,-3.14,-0.0011111111111111111
55.944,9.21,-3.16,0.0
55.964,9.17,-3.16,0.0
55.984,9.17,-3.16,0.0
56.004,9.19,-3.15,0.0
56.024,9.19,-3.15,0.0
56.044,9.19,-3.13,0.0
56.064,9.2,-3.15,0.0
56.084,9.18,-3.16,0.0
56.104,9.19,-3.16,0.0
56.124,9.19,-3.18,0.0
56.144,9.16,-3.15,0.0
56.164,9.19,-3.15,0.0011111111111111111
56.184,9.18,-3.14,0.0
56.204,9.17,-3.15,0.0
56.224,9.19,-3.16,0.0
56.244,9.2,-3.16,0.0
56.264,9.2,-3.12,0.0
56.284,9.19,-3.15,0.0
56.304,9.2,-3.15,0.0
56.324,9.2,-3.16,0.0
56.344,9.17,-3.16,0.0
56.364,9.18,-3.15,0.0011111111111111111
56.384,9.2,-3.16,0.0
56.404,9.17,-3.16,0.0
56.424,9.19,-3.16,0.0
56.444,9.2,-3.16,0.0
56.464,9.19,-3.15,-0.0011111111111111111
56.484,9.2,-3.15,0.0
56.504,9.18,-3.13,0.0
56.524,9.19,-3.14,0.0
56.544,9.19,-3.14,0.0
56.564,9.2,-3.15,0.0
56.584,9.19,-3.14,0.0
56.604,9.19,-3.17,0.0
56.624,9.19,-3.15,0.0
56.644,9.19,-3.18,0.0
56.664,9.19,-3.16,0.0
56.684,9.19,-3.14,0.0
56.704,9.18,-3.14,0.0
56.724,9.17,-3.15,0.0
56.744,9.18,-3.15,0.0
56.764,9.19,-3.14,0.0011111111111111111
56.784,9.19,-3.13,0.0
56.804,9.19,-3.16,0.0
56.824,9.19,-3.15,0.0
56.844,9.18,-3.17,0.0
56.864,9.21,-3.15,0.0
56.884,9.19,-3.13,0.0
56.904,9.2,-3.17,0.0
56.924,9.19,-3.15,0.0
56.944,9.17,-3.15,0.0
56.964,9.19,-3.16,0.0
56.984,9.19,-3.16,0.0
57.004,9.19,-3.17,-0.0011111111111111111
57.024,9.2,-3.15,0.0
57.044,9.18,-3.15,0.0
57.064,9.17,-3.14,0.0
57.084,9.21,-3.15,0.0
57.104,9.19,-3.13,0.0
57.124,9.2,-3.14,0.0
57.144,9.17,-3.17,0.0
57.164,9.17,-3.15,0.0
57.184,9.18,-3.15,0.0
57.204,9.2,-3.16,0.0
57.224,9.17,-3.17,0.0
57.244,9.2,-3.17,0.0
57.264,9.18,-3.15,0.0
57.284,9.16,-3.16,0.0
57.304,9.19,-3.14,0.0
57.324,9.19,-3.16,-0.0011111111111111111
57.344,9.19,-3.15,0.0
57.364,9.17,-3.14,0.0
57.384,9.16,-3.15,0.0
57.404,9.19,-3.15,0.0
57.424,9.19,-3.16,0.0
57.444,9.19,-3.17,0.0
57.464,9.18,-3.16,0.0
57.484,9.2,-3.15,0.0
57.504,9.19,-3.13,0.0
57.524,9.19,-3.15,0.0
57.544,9.19,-3.16,0.0
57.564,9.19,-3.16,0.0
57.584,9.18,-3.16,0.0
57.604,9.18,-3.15,0.0011111111111111111
57.624,9.21,-3.16,0.0
57.644,9.18,-3.18,-0.0011111111111111111
57.664,9.2,-3.15,0.0
57.684,9.2,-3.14,0.0
57.704,9.2,-3.17,0.0
57.724,9.18,-3.15,0.0
57.744,9.2,-3.17,0.0
57.764,9.17,-3.14,0.0
57.784,9.2,-3.14,0.0
57.804,9.18,-3.16,0.0
57.824,9.18,-3.17,0.0
57.844,9.17,-3.16,0.0
57.864,9.17,-3.14,0.0
57.884,9.19,-3.16,0.0
57.904,9.2,-3.15,0.0
57.924,9.2,-3.14,0.0
57.944,9.15,-3.18,0.0
57.964,9.17,-3.14,0.0
57.984,9.2,-3.15,0.0
58.004,9.19,-3.15,0.0
58.024,9.18,-3.14,0.0
58.044,9.18,-3.17,0.0
58.064,9.19,-3.16,0.0011111111111111111
58.084,9.18,-3.16,-0.0011111111111111111
58.104,9.19,-3.14,0.0
58.124,9.2,-3.15,-0.0022222222222222222
58.144,9.19,-3.18,0.0
58.164,9.19,-3.16,0.0
58.184,9.17,-3.14,0.0
58.204,9.2,-3.17,0.0
58.224,9.18,-3.15,0.0
58.244,9.17,-3.15,0.0
58.264,9.19,-3.15,0.0
58.284,9.18,-3.13,0.0
58.304,9.18,-3.17,0.0
58.324,9.18,-3.16,0.0
58.344,9.18,-3.16,0.0
58.364,9.21,-3.16,0.0
58.384,9.2,-3.16,0.0
58.404,9.18,-3.17,0.0
58.424,9.19,-3.17,0.0
58.444,9.19,-3.15,0.0
58.464,9.18,-3.14,0.0
58.484,9.19,-3.16,0.0
58.504,9.18,-3.17,0.0
58.524,9.2,-3.16,0.0011111111111111111
58.544,9.19,-3.18,0.0
58.564,9.19,-3.16,0.0
58.584,9.18,-3.15,0.0
58.604,9.19,-3.14,0.0
58.624,9.2,-3.15,0.0011111111111111111
58.644,9.18,-3.16,0.0
58.664,9.19,-3.17,0.0
58.684,9.19,-3.15,0.0
58.704,9.17,-3.16,0.0
58.724,9.19,-3.15,0.0
58.744,9.19,-3.13,0.0
58.764,9.18,-3.14,0.0
58.784,9.19,-3.15,0.0
58.804,9.18,-3.16,0.0
58.824,9.2,-3.16,0.0
58.844,9.19,-3.15,0.0
58.864,9.19,-3.16,0.0
58.884,9.17,-3.14,0.0011111111111111111
58.904,9.18,-3.19,0.0
58.924,9.2,-3.14,0.0
58.944,9.19,-3.14,0.0
58.964,9.2,-3.13,0.0
58.984,9.18,-3.14,0.0
59.004,9.18,-3.14,0.0
59.024,9.16,-3.16,0.0
59.044,9.19,-3.17,0.0
59.064,9.19,-3.18,0.0
59.084,9.19,-3.12,0.0
59.104,9.18,-3.14,-0.0011111111111111111
59.124,9.19,-3.15,0.0
59.144,9.19,-3.15,0.0
59.164,9.18,-3.15,0.0
59.184,9.19,-3.14,0.0
59.204,9.18,-3.16,0.0
59.224,9.16,-3.16,0.0
59.244,9.18,-3.16,0.0011111111111111111
59.264,9.19,-3.14,0.0
59.284,9.21,-3.16,0.0
59.304,9.19,-3.16,0.0011111111111111111
59.324,9.19,-3.18,0.0
59.344,9.18,-3.14,0.0
59.364,9.19,-3.13,0.0
59.384,9.2,-3.16,0.0
59.404,9.18,-3.16,0.0
59.424,9.18,-3.17,0.0
59.444,9.19,-3.17,0.0
59.464,9.18,-3.14,0.0
59.484,9.18,-3.14,0.0
59.504,9.18,-3.16,0.0
59.524,9.2,-3.14,0.0
59.544,9.19,-3.15,0.0
59.564,9.19,-3.15,0.0011111111111111111
59.584,9.18,-3.16,0.0
59.604,9.18,-3.16,0.0
59.624,9.18,-3.15,-0.0011111111111111111
59.644,9.18,-3.13,0.0
59.664,9.19,-3.16,0.0
59.684,9.2,-3.15,0.0
59.704,9.19,-3.18,0.0
59.724,9.19,-3.13,0.0
59.744,9.21,-3.15,0.0
59.764,9.18,-3.15,0.0
59.784,9.18,-3.17,0.0
59.804,9.21,-3.17,0.0
59.824,9.19,-3.14,0.0
59.844,9.2,-3.15,0.0
59.864,9.19,-3.16,0.0
59.884,9.19,-3.17,0.0
59.904,9.2,-3.15,0.0011111111111111111
59.924,9.21,-3.13,0.0
59.944,9.19,-3.16,0.0
59.964,9.18,-3.18,0.0
59.984,9.18,-3.16,0.0
60.004,9.2,-3.14,0.0
