3.968,18.1,-3.16,4.492222222222222
3.988,17.63,-3.78,4.458888888888889
4.008,17.02,-4.43,4.415555555555556
4.028,16.42,-4.44,4.362222222222222
4.048,15.09,-5.64,4.311111111111111
4.068,14.16,-6.27,4.252222222222223
4.088,13.09,-6.66,4.177777777777778
4.108,12.58,-6.72,4.107777777777778
4.128,11.26,-7.09,4.032222222222222
4.148,10.25,-7.38,3.951111111111111
4.168,8.89,-7.68,3.868888888888889
4.188,8.21,-7.57,3.783333333333333
4.208,7.24,-7.74,3.7
4.228,6.23,-7.75,3.6077777777777778
4.248,4.8,-7.77,3.5233333333333334
4.268,4.16,-7.7,3.433333333333333
4.288,3.19,-7.63,3.3444444444444446
4.308,2.41,-7.4,3.261111111111111
4.328,1.14,-7.24,3.172222222222222
4.348,0.48,-7.04,3.0866666666666664
4.368,-0.23,-6.92,3.0044444444444443
4.388,-0.78,-6.74,2.9266666666666667
4.408,-1.78,-6.36,2.847777777777778
4.428,-2.34,-6.11,2.7711111111111113
4.448,-2.99,-5.84,2.698888888888889
4.468,-3.39,-5.59,2.628888888888889
4.488,-4.02,-5.25,2.5655555555555556
4.508,-4.49,-4.94,2.5
4.528,-5.03,-4.48,2.44
4.548,-5.27,-4.33,2.3844444444444446
4.568,-5.72,-3.95,2.3333333333333335
4.588,-5.95,-3.6,2.27
4.608,-6.43,-3.16,2.24
4.628,-6.56,-2.99,2.1944444444444446
4.648,-6.92,-2.66,2.1622222222222223
4.668,-7.09,-2.35,2.1277777777777778
4.688,-7.25,-1.88,2.091111111111111
4.708,-7.26,-1.92,2.0722222222222224
4.728,-7.64,-1.04,2.05
4.748,-7.19,-1.29,2.031111111111111
4.768,-7.43,-0.63,2.0211111111111113
4.788,-7.77,-0.24,2.008888888888889
4.808,-7.55,-0.18,2.0
4.828,-7.65,0.56,1.9855555555555555
4.848,-7.63,0.65,1.9944444444444445
4.868,-7.52,0.79,1.9955555555555555
4.888,-7.59,1.34,2.006666666666667
4.908,-7.38,1.57,2.013333333333333
4.928,-7.32,2.06,2.03
4.948,-7.22,2.32,2.042222222222222
4.968,-7.02,2.54,2.0722222222222224
4.988,-6.92,2.92,2.098888888888889
5.008,-6.54,3.24,2.1244444444444444
5.028,-6.26,3.77,2.158888888888889
5.048,-5.87,3.92,2.1933333333333334
5.068,-5.66,4.22,2.2333333333333334
5.088,-5.17,4.61,2.27
5.108,-4.86,4.97,2.3233333333333333
5.128,-4.38,5.25,2.3733333333333335
5.148,-4.03,5.51,2.43
5.168,-3.45,5.77,2.486666666666667
5.188,-2.99,6.07,2.5444444444444443
5.208,-2.27,6.36,2.61
5.228,-1.81,6.61,2.6766666666666667
5.248,-1.07,6.84,2.7455555555555557
5.268,-0.54,7.0,2.8144444444444443
5.288,0.33,7.23,2.8922222222222222
5.308,1.01,7.41,2.966666666666667
5.328,1.92,7.57,3.046666666666667
5.348,2.54,7.6,3.1266666666666665
5.368,3.55,7.77,3.2088888888888887
5.388,4.3,7.82,3.2911111111111113
5.408,5.46,7.82,3.371111111111111
5.428,6.24,7.87,3.457777777777778
5.448,7.4,7.73,3.542222222222222
5.468,8.18,7.64,3.6244444444444444
5.488,9.36,7.47,3.7055555555555557
5.508,10.13,7.21,3.783333333333333
5.528,11.36,6.97,3.8644444444444446
5.548,12.1,6.68,3.937777777777778
5.568,13.3,6.2,4.0088888888888885
5.588,13.98,5.94,4.076666666666667
5.608,15.02,5.36,4.134444444444444
5.628,15.52,4.91,4.204444444444444
5.648,16.42,4.37,4.24
5.668,16.93,3.82,4.292222222222223
5.688,17.54,3.11,4.326666666666667
5.708,17.87,2.55,4.36
5.728,18.25,1.72,4.383333333333334
5.748,18.38,1.18,4.395555555555555
5.768,18.48,0.32,4.414444444444444
5.788,18.45,-0.21,4.412222222222222
5.808,18.21,-0.9,4.392222222222222
5.828,18.0,-2.15,4.3933333333333335
5.848,17.7,-2.78,4.365555555555556
5.868,17.46,-3.48,4.333333333333333
5.888,16.88,-3.6,4.3
5.908,16.33,-4.16,4.253333333333333
5.928,15.4,-5.08,4.202222222222222
5.948,14.58,-5.49,4.141111111111111
5.968,13.93,-5.95,4.08
5.988,13.08,-6.14,4.011111111111111
6.008,11.87,-6.76,3.94
6.028,10.65,-7.26,3.861111111111111
6.048,9.45,-7.41,3.7855555555555553
6.068,8.88,-7.35,3.7
6.088,7.52,-7.68,3.62
6.108,6.62,-7.67,3.53
6.128,5.55,-7.79,3.4411111111111112
6.148,4.71,-7.64,3.358888888888889
6.168,3.82,-7.8,3.27
6.188,2.93,-7.63,3.18
6.208,1.8,-7.28,3.0933333333333333
6.228,1.2,-7.57,3.008888888888889
6.248,0.28,-7.19,2.9233333333333333
6.268,-0.25,-7.03,2.84
6.288,-1.26,-6.86,2.7577777777777777
6.308,-1.74,-6.5,2.678888888888889
6.328,-2.35,-6.4,2.6033333333333335
6.348,-2.86,-6.23,2.5255555555555556
6.368,-3.39,-5.88,2.453333333333333
6.388,-4.04,-5.58,2.3855555555555554
6.408,-4.34,-5.36,2.32
6.428,-4.84,-5.09,2.252222222222222
6.448,-5.12,-4.85,2.1933333333333334
6.468,-5.7,-4.38,2.1344444444444446
6.488,-5.96,-4.16,2.1055555555555556
6.508,-6.26,-3.95,2.026666666666667
6.528,-6.52,-3.68,2.0
6.548,-6.92,-3.29,1.93
6.568,-7.25,-2.95,1.8822222222222222
6.588,-7.34,-2.72,1.85
6.608,-7.57,-2.49,1.8122222222222222
6.628,-7.69,-2.21,1.78
6.648,-7.83,-1.82,1.751111111111111
6.668,-7.94,-1.61,1.71
6.688,-8.06,-1.31,1.7
6.708,-8.14,-1.12,1.6766666666666667
6.728,-8.2,-0.72,1.6588888888888889
6.748,-8.36,-0.49,1.6444444444444444
6.768,-8.25,-0.34,1.6311111111111112
6.788,-8.27,-0.06,1.63
6.808,-8.28,0.13,1.62
6.828,-8.26,0.49,1.6188888888888888
6.848,-8.24,0.74,1.62
6.868,-8.06,1.03,1.6088888888888888
6.888,-8.19,1.25,1.6233333333333333
6.908,-8.12,1.54,1.6388888888888888
6.928,-8.04,1.78,1.6511111111111112
6.948,-7.93,2.13,1.6688888888888889
6.968,-7.78,2.32,1.6777777777777778
6.988,-7.64,2.52,1.71
7.008,-7.57,2.84,1.7222222222222223
7.028,-7.3,3.14,1.7633333333333334
7.048,-7.04,3.48,1.778888888888889
7.068,-6.9,3.78,1.8166666666666667
7.088,-6.59,4.02,1.8433333333333333
7.108,-6.21,4.3,1.9066666666666667
7.128,-6.02,4.57,1.9266666666666667
7.148,-5.66,4.78,1.9933333333333334
7.168,-5.34,5.05,2.0166666666666666
7.188,-4.88,5.36,2.066666666666667
7.208,-4.51,5.57,2.1466666666666665
7.228,-4.0,5.87,2.1744444444444446
7.248,-3.65,6.02,2.2311111111111113
7.268,-3.04,6.32,2.2944444444444443
7.288,-2.64,6.52,2.3566666666666665
7.308,-1.96,6.81,2.4244444444444446
7.328,-1.49,6.89,2.493333333333333
7.348,-0.73,7.15,2.5633333333333335
7.368,-0.16,7.27,2.641111111111111
7.388,0.66,7.47,2.716666666666667
7.408,1.26,7.58,2.792222222222222
7.428,2.18,7.69,2.8766666666666665
7.448,2.81,7.77,2.9555555555555557
7.468,3.83,7.83,3.0411111111111113
7.488,4.54,7.79,3.1222222222222222
7.508,5.6,7.83,3.247777777777778
7.528,6.37,7.75,3.287777777777778
7.548,7.49,7.67,3.371111111111111
7.568,8.23,7.51,3.4555555555555557
7.588,9.39,7.29,3.54
7.608,10.12,7.17,3.6155555555555554
7.628,11.26,6.78,3.69
7.648,11.97,6.58,3.7666666666666666
7.668,13.0,6.11,3.84
7.688,13.69,5.81,3.9055555555555554
7.708,14.6,5.25,3.9655555555555555
7.728,15.15,4.79,4.027777777777778
7.748,15.94,4.15,4.078888888888889
7.768,16.4,3.75,4.127777777777778
7.788,16.91,2.98,4.168888888888889
7.808,17.24,2.4,4.203333333333333
7.828,17.63,1.63,4.225555555555555
7.848,17.79,1.04,4.246666666666667
7.868,17.91,0.22,4.252222222222223
7.888,17.92,-0.34,4.2588888888888885
7.908,17.75,-0.94,4.238888888888889
7.928,17.72,-2.2,4.25
7.948,17.33,-3.04,4.225555555555555
7.968,16.7,-3.56,4.193333333333333
7.988,16.63,-3.29,4.154444444444445
8.008,15.96,-3.7,4.111111111111111
8.028,14.96,-4.85,4.067777777777778
8.048,14.04,-5.79,4.014444444444444
8.068,13.09,-5.93,3.9522222222222223
8.088,12.49,-6.24,3.89
8.108,11.35,-6.88,3.82
8.128,10.37,-6.95,3.747777777777778
8.148,9.43,-7.33,3.67
8.168,8.78,-7.37,3.59
8.188,7.52,-7.57,3.5077777777777777
8.208,6.67,-7.69,3.422222222222222
8.228,5.51,-7.77,3.3377777777777777
8.248,4.89,-7.72,3.25
8.268,3.99,-7.76,3.1644444444444444
8.288,3.07,-7.76,3.077777777777778
8.308,2.02,-7.61,2.99
8.328,1.49,-7.64,2.9044444444444446
8.348,0.66,-7.37,2.8155555555555556
8.368,0.03,-7.33,2.7311111111111113
8.388,-0.89,-7.09,2.65
8.408,-1.42,-6.85,2.5677777777777777
8.428,-1.99,-6.76,2.486666666666667
8.448,-2.48,-6.55,2.408888888888889
8.468,-3.25,-6.23,2.33
8.488,-3.64,-6.11,2.26
8.508,-4.16,-5.8,2.1866666666666665
8.528,-4.53,-5.66,2.117777777777778
8.548,-5.07,-5.35,2.05
8.568,-5.4,-5.06,1.988888888888889
8.588,-5.82,-4.81,1.9255555555555555
8.608,-6.07,-4.69,1.87
8.628,-6.49,-4.34,1.8111111111111111
8.648,-6.71,-4.12,1.7577777777777779
8.668,-7.0,-3.83,1.7077777777777778
8.688,-7.19,-3.62,1.6555555555555554
8.708,-7.45,-3.41,1.61
8.728,-7.6,-3.2,1.5677777777777777
8.748,-7.8,-2.93,1.521111111111111
8.768,-8.14,-2.75,1.47
8.788,-8.04,-2.48,1.45
8.808,-8.15,-2.29,1.4177777777777778
8.828,-8.29,-2.03,1.3833333333333333
8.848,-8.34,-1.84,1.3555555555555556
8.868,-8.44,-1.59,1.3277777777777777
8.888,-8.47,-1.46,1.3022222222222222
8.908,-8.64,-1.22,1.28
8.928,-8.77,-1.07,1.258888888888889
8.948,-8.78,-0.74,1.2477777777777779
8.968,-8.82,-0.6,1.2322222222222223
8.988,-8.89,-0.42,1.22
9.008,-8.83,-0.23,1.211111111111111
9.028,-8.88,0.0,1.2066666666666668
9.048,-8.87,0.25,1.198888888888889
9.068,-8.88,0.46,1.19
9.088,-8.82,0.61,1.1977777777777778
9.108,-8.79,0.91,1.198888888888889
9.128,-8.78,1.04,1.2066666666666668
9.148,-8.71,1.34,1.208888888888889
9.168,-8.68,1.39,1.2144444444444444
9.188,-8.55,1.65,1.2233333333333334
9.208,-8.51,1.84,1.2322222222222223
9.228,-8.39,2.11,1.248888888888889
9.248,-8.27,2.26,1.2644444444444445
9.268,-8.21,2.5,1.2822222222222222
9.288,-8.11,2.63,1.3055555555555556
9.308,-7.98,2.94,1.3277777777777777
9.328,-7.88,3.07,1.3511111111111112
9.348,-7.7,3.32,1.3811111111111112
9.368,-7.6,3.49,1.4088888888888889
9.388,-7.38,3.71,1.44
9.408,-7.24,3.95,1.4766666666666666
9.428,-7.0,4.11,1.511111111111111
9.448,-6.68,4.34,1.55
9.468,-6.48,4.6,1.59
9.488,-6.26,4.81,1.6366666666666667
9.508,-5.91,5.03,1.6844444444444444
9.528,-5.68,5.22,1.73
9.548,-5.24,5.46,1.7822222222222222
9.568,-4.98,5.67,1.8344444444444445
9.588,-4.47,5.89,1.89
9.608,-4.17,6.14,1.951111111111111
9.628,-3.65,6.31,2.01
9.648,-3.27,6.49,2.0733333333333333
9.668,-2.64,6.72,2.138888888888889
9.688,-2.28,6.84,2.203333333333333
9.708,-1.57,7.02,2.2744444444444443
9.728,-1.2,7.3,2.3455555555555554
9.748,-0.38,7.39,2.42
9.768,0.07,7.53,2.4922222222222223
9.788,0.86,7.62,2.571111111111111
9.808,1.45,7.75,2.652222222222222
9.828,2.38,7.83,2.7255555555555557
9.848,2.99,7.8,2.8088888888888888
9.868,3.89,7.94,2.891111111111111
9.888,4.56,7.76,2.971111111111111
9.908,5.2,7.95,3.0522222222222224
9.928,6.27,7.65,3.1344444444444446
9.948,6.96,7.77,3.2144444444444447
9.968,8.03,7.61,3.2933333333333334
9.988,8.75,7.28,3.3722222222222222
10.008,9.77,7.17,3.448888888888889
10.028,10.51,6.86,3.5211111111111113
10.048,11.87,6.37,3.591111111111111
10.068,12.82,5.92,3.6577777777777776
10.088,13.42,5.59,3.7255555555555557
10.108,14.29,4.98,3.783333333333333
10.128,14.77,4.66,3.84
10.148,15.45,4.02,3.89
10.168,15.86,3.52,3.9277777777777776
10.188,16.43,2.78,3.966666666666667
10.208,16.49,2.37,4.002222222222223
10.228,16.84,1.69,4.028888888888889
10.248,17.05,1.05,4.045555555555556
10.268,17.21,0.42,4.06
10.288,17.13,-0.45,4.065555555555555
10.308,17.1,-0.74,4.052222222222222
10.328,16.92,-1.83,4.056666666666667
10.348,16.54,-2.39,4.04
10.368,16.24,-3.23,4.012222222222222
10.388,15.98,-3.25,3.982222222222222
10.408,15.4,-3.98,3.9455555555555555
10.428,14.71,-4.71,3.9066666666666667
10.448,13.91,-5.37,3.86
10.468,13.46,-5.52,3.8022222222222224
10.488,12.53,-5.81,3.7444444444444445
10.508,11.85,-6.37,3.681111111111111
10.528,10.63,-6.83,3.6144444444444446
10.548,9.89,-6.96,3.54
10.568,9.16,-7.12,3.4644444444444447
10.588,8.29,-7.36,3.39
10.608,7.13,-7.64,3.3088888888888888
10.628,6.39,-7.75,3.2266666666666666
10.648,5.4,-7.73,3.14
10.668,4.89,-7.78,3.0544444444444445
10.688,3.68,-7.76,2.966666666666667
10.708,2.95,-7.76,2.88
10.728,2.16,-7.74,2.7933333333333334
10.748,1.58,-7.62,2.707777777777778
10.768,0.68,-7.54,2.621111111111111
10.788,0.07,-7.43,2.537777777777778
10.808,-0.73,-7.19,2.45
10.828,-1.14,-7.17,2.3655555555555554
10.848,-1.83,-6.89,2.2822222222222224
10.868,-2.37,-6.83,2.2022222222222223
10.888,-2.99,-6.59,2.121111111111111
10.908,-3.4,-6.45,2.0444444444444443
10.928,-3.89,-6.24,1.968888888888889
10.948,-4.29,-6.09,1.8911111111111112
10.968,-4.85,-5.76,1.82
10.988,-5.13,-5.63,1.7522222222222221
11.008,-5.66,-5.38,1.6844444444444444
11.028,-5.95,-5.11,1.6177777777777778
11.048,-6.27,-4.95,1.5577777777777777
11.068,-6.53,-4.82,1.4933333333333334
11.088,-6.79,-4.57,1.4333333333333333
11.108,-6.97,-4.44,1.3788888888888888
11.128,-7.23,-4.24,1.3233333333333333
11.148,-7.38,-4.08,1.27
11.168,-7.58,-3.87,1.218888888888889
11.188,-7.68,-3.71,1.17
11.208,-7.87,-3.57,1.1233333333333333
11.228,-7.98,-3.39,1.0766666666666667
11.248,-8.13,-3.19,1.031111111111111
11.268,-8.25,-3.14,0.99
11.288,-8.36,-2.95,0.9488888888888889
11.308,-8.45,-2.85,0.91
11.328,-8.57,-2.63,0.87
11.348,-8.34,-2.58,0.8277777777777777
11.368,-8.75,-2.4,0.7977777777777778
11.388,-8.83,-2.34,0.7666666666666667
11.408,-8.92,-2.15,0.7322222222222222
11.428,-8.99,-2.07,0.7022222222222222
11.448,-9.03,-1.92,0.6733333333333333
11.468,-9.09,-1.86,0.6433333333333333
11.488,-9.14,-1.75,0.6166666666666667
11.508,-9.17,-1.63,0.5888888888888889
11.528,-9.19,-1.54,0.5633333333333334
11.548,-9.19,-1.47,0.54
11.568,-9.24,-1.33,0.5133333333333333
11.588,-9.23,-1.31,0.49
11.608,-9.26,-1.25,0.4677777777777778
11.628,-9.26,-1.15,0.4444444444444444
11.648,-9.3,-1.08,0.42444444444444446
11.668,-9.31,-1.03,0.40444444444444444
11.688,-9.35,-0.92,0.38333333333333336
11.708,-9.34,-0.88,0.36444444444444446
11.728,-9.37,-0.81,0.34555555555555556
11.748,-9.36,-0.75,0.33
11.768,-9.41,-0.69,0.31222222222222223
11.788,-9.42,-0.66,0.29333333333333333
11.808,-9.43,-0.62,0.28
11.828,-9.47,-0.59,0.2644444444444444
11.848,-9.48,-0.56,0.24666666666666667
11.868,-9.49,-0.55,0.23444444444444446
11.888,-9.5,-0.48,0.22
11.908,-9.47,-0.46,0.21
11.928,-9.47,-0.42,0.19666666666666666
11.948,-9.28,-0.41,0.16111111111111112
11.968,-9.45,-0.29,0.17
11.988,-9.44,-0.38,0.15777777777777777
12.008,-9.46,-0.32,0.14666666666666667
12.028,-9.43,-0.31,0.13444444444444445
12.048,-9.44,-0.29,0.12222222222222222
12.068,-9.46,-0.27,0.11333333333333333
12.088,-9.46,-0.28,0.10222222222222223
12.108,-9.47,-0.22,0.09333333333333334
12.128,-9.49,-0.19,0.08333333333333333
12.148,-9.49,-0.21,0.07555555555555556
12.168,-9.5,-0.15,0.06444444444444444
12.188,-9.49,-0.19,0.05555555555555555
12.208,-9.49,-0.18,0.04777777777777778
12.228,-9.53,-0.14,0.04
12.248,-9.51,-0.14,0.03
12.268,-9.52,-0.15,0.02
12.288,-9.53,-0.15,0.01
12.308,-9.54,-0.15,0.005555555555555556
12.328,-9.5,-0.15,-0.0033333333333333335
12.348,-9.5,-0.15,-0.01
12.368,-9.5,-0.19,-0.02
12.388,-9.48,-0.19,-0.025555555555555557
12.408,-9.48,-0.19,-0.035555555555555556
12.428,-9.46,-0.2,-0.043333333333333335
12.448,-9.45,-0.2,-0.052222222222222225
12.468,-9.46,-0.21,-0.06333333333333334
12.488,-9.47,-0.21,-0.07
12.508,-9.48,-0.23,-0.08
12.528,-9.46,-0.24,-0.09
12.548,-9.48,-0.27,-0.09777777777777778
12.568,-9.49,-0.28,-0.10666666666666667
12.588,-9.49,-0.31,-0.11666666666666667
12.608,-9.52,-0.32,-0.12777777777777777
12.628,-9.51,-0.33,-0.13555555555555557
12.648,-9.5,-0.36,-0.14666666666666667
12.668,-9.49,-0.42,-0.15777777777777777
12.688,-9.49,-0.44,-0.1688888888888889
12.708,-9.49,-0.45,-0.18
12.728,-9.47,-0.48,-0.19
12.748,-9.46,-0.52,-0.2
12.768,-9.43,-0.55,-0.21555555555555556
12.788,-9.43,-0.6,-0.22777777777777777
12.808,-9.44,-0.63,-0.24
12.828,-9.42,-0.65,-0.25666666666666665
12.848,-9.4,-0.68,-0.2688888888888889
12.868,-9.4,-0.72,-0.2833333333333333
12.888,-9.39,-0.75,-0.29888888888888887
12.908,-9.37,-0.81,-0.31555555555555553
12.928,-9.39,-0.86,-0.33
12.948,-9.35,-0.93,-0.3477777777777778
12.968,-9.36,-1.05,-0.3655555555555556
12.988,-9.36,-1.09,-0.38222222222222224
13.008,-9.34,-1.16,-0.4011111111111111
13.028,-9.33,-1.21,-0.4177777777777778
13.048,-9.31,-1.28,-0.43777777777777777
13.068,-9.27,-1.35,-0.4577777777777778
13.088,-9.23,-1.45,-0.47888888888888886
13.108,-9.19,-1.55,-0.5011111111111111
13.128,-9.17,-1.58,-0.5244444444444445
13.148,-9.09,-1.69,-0.5466666666666666
13.168,-9.09,-1.8,-0.5733333333333334
13.188,-9.04,-1.9,-0.5988888888888889
13.208,-8.98,-1.96,-0.6255555555555555
13.228,-8.92,-2.13,-0.6533333333333333
13.248,-8.86,-2.19,-0.6811111111111111
13.268,-8.8,-2.3,-0.7133333333333334
13.288,-8.75,-2.42,-0.7455555555555555
13.308,-8.68,-2.56,-0.7788888888888889
13.328,-8.61,-2.65,-0.81
13.348,-8.5,-2.83,-0.8466666666666667
13.368,-8.44,-2.92,-0.8833333333333333
13.388,-8.32,-3.08,-0.9222222222222223
13.408,-8.24,-3.19,-0.9611111111111111
13.428,-8.09,-3.39,-1.0022222222222221
13.448,-7.98,-3.52,-1.0455555555555556
13.468,-7.81,-3.67,-1.09
13.488,-7.68,-3.8,-1.1366666666666667
13.508,-7.46,-4.02,-1.1822222222222223
13.528,-7.3,-4.19,-1.2344444444444445
13.548,-7.07,-4.38,-1.2844444444444445
13.568,-6.9,-4.51,-1.34
13.588,-6.62,-4.75,-1.3955555555555557
13.608,-6.39,-4.92,-1.4522222222222223
13.628,-6.08,-5.14,-1.51
13.648,-5.83,-5.28,-1.57
13.668,-5.45,-5.52,-1.6355555555555557
13.688,-5.16,-5.7,-1.698888888888889
13.708,-4.71,-5.95,-1.7644444444444445
13.728,-4.4,-6.07,-1.8344444444444445
13.748,-3.92,-6.26,-1.9055555555555554
13.768,-3.58,-6.46,-1.978888888888889
13.788,-2.96,-6.68,-2.0533333333333332
13.808,-2.57,-6.82,-2.128888888888889
13.828,-1.93,-7.01,-2.2044444444444444
13.848,-1.48,-7.13,-2.2844444444444445
13.868,-0.74,-7.33,-2.3633333333333333
13.888,-0.2,-7.45,-2.4455555555555555
13.908,0.57,-7.53,-2.5277777777777777
13.928,1.07,-7.72,-2.61
13.948,2.04,-7.73,-2.6955555555555555
13.968,2.88,-7.82,-2.778888888888889
13.988,3.89,-7.83,-2.861111111111111
14.008,4.47,-7.91,-2.9455555555555555
14.028,5.57,-7.81,-3.028888888888889
14.048,6.27,-7.71,-3.11
14.068,7.45,-7.56,-3.1855555555555557
14.088,7.95,-7.53,-3.2222222222222223
14.108,9.04,-7.19,-3.3433333333333333
14.128,9.7,-7.04,-3.417777777777778
14.148,10.73,-6.76,-3.49
14.168,11.39,-6.5,-3.5277777777777777
14.188,12.37,-6.06,-3.6222222222222222
14.208,13.0,-5.74,-3.6544444444444446
14.228,13.79,-5.27,-3.736666666666667
14.248,14.29,-4.85,-3.7866666666666666
14.268,15.01,-4.26,-3.83
14.288,15.39,-3.72,-3.8633333333333333
14.308,15.91,-3.07,-3.897777777777778
14.328,16.18,-2.61,-3.9255555555555555
14.348,16.45,-1.84,-3.9411111111111112
14.368,16.64,-1.32,-3.9522222222222223
14.388,16.81,-0.56,-3.953333333333333
14.408,16.79,0.0,-3.95
14.428,16.73,1.05,-3.9477777777777776
14.448,16.52,1.42,-3.9366666666666665
14.468,16.26,2.11,-3.9133333333333336
14.488,15.99,2.64,-3.89
14.508,15.52,3.22,-3.862222222222222
14.528,15.16,3.61,-3.82
14.548,14.45,4.38,-3.7544444444444443
14.568,13.93,4.57,-3.727777777777778
14.588,13.11,5.26,-3.6422222222222222
14.608,12.53,5.62,-3.611111111111111
14.628,11.57,6.01,-3.5155555555555558
14.648,11.0,6.42,-3.4788888888888887
14.668,10.01,6.71,-3.368888888888889
14.688,9.38,6.92,-3.33
14.708,8.32,7.28,-3.2177777777777776
14.728,7.69,7.3,-3.1744444444444446
14.748,6.68,7.54,-3.051111111111111
14.768,6.06,7.52,-2.97
14.788,5.12,7.65,-2.8855555555555554
14.808,4.45,7.75,-2.796666666666667
14.828,3.54,7.69,-2.7111111111111112
14.848,2.96,7.86,-2.628888888888889
14.868,2.07,7.75,-2.5455555555555556
14.888,1.51,7.72,-2.4555555555555557
14.908,0.76,7.63,-2.3744444444444444
14.928,0.22,7.6,-2.2944444444444443
14.948,-0.71,7.43,-2.21
14.968,-1.12,7.27,-2.1333333333333333
14.988,-1.82,7.16,-2.051111111111111
15.008,-2.17,7.06,-1.9777777777777779
15.028,-2.78,6.95,-1.9022222222222223
15.048,-3.13,6.72,-1.8288888888888888
15.068,-3.68,6.61,-1.7555555555555555
15.088,-3.98,6.39,-1.6855555555555555
15.108,-4.41,6.32,-1.62
15.128,-4.68,6.11,-1.5522222222222222
15.148,-5.13,5.98,-1.4922222222222221
15.168,-5.32,5.8,-1.4255555555555555
15.188,-5.66,5.68,-1.3622222222222222
15.208,-5.85,5.56,-1.3033333333333332
15.228,-6.13,5.36,-1.2455555555555555
15.248,-6.36,5.22,-1.19
15.268,-6.6,5.13,-1.1344444444444444
15.288,-6.7,4.95,-1.0833333333333333
15.308,-6.9,4.82,-1.028888888888889
15.328,-7.06,4.69,-0.98
15.348,-7.25,4.56,-0.9311111111111111
15.368,-7.35,4.45,-0.8844444444444445
15.388,-7.48,4.35,-0.8411111111111111
15.408,-7.59,4.26,-0.7977777777777778
15.428,-7.75,4.06,-0.7555555555555555
15.448,-7.86,4.04,-0.7122222222222222
15.468,-7.96,3.89,-0.6744444444444444
15.488,-8.05,3.9,-0.6344444444444445
15.508,-8.17,3.68,-0.5933333333333334
15.528,-8.25,3.69,-0.5555555555555556
15.548,-8.3,3.57,-0.5222222222222223
15.568,-8.37,3.53,-0.48333333333333334
15.588,-8.41,3.46,-0.4488888888888889
15.608,-8.47,3.41,-0.41444444444444445
15.628,-8.5,3.32,-0.38
15.648,-8.54,3.26,-0.3477777777777778
15.668,-8.55,3.23,-0.31555555555555553
15.688,-8.57,3.19,-0.2833333333333333
15.708,-8.59,3.17,-0.2511111111111111
15.728,-8.64,3.08,-0.22
15.748,-8.65,3.07,-0.19
15.768,-8.67,3.07,-0.16
15.788,-8.66,3.05,-0.13
15.808,-8.71,3.0,-0.10111111111111111
15.828,-8.7,2.98,-0.07222222222222222
15.848,-8.72,3.0,-0.04111111111111111
15.868,-8.72,3.0,-0.013333333333333334
15.888,-8.75,3.01,0.016666666666666666
15.908,-8.74,2.99,0.04555555555555556
15.928,-8.75,3.01,0.07222222222222222
15.948,-8.76,3.05,0.10444444444444445
15.968,-8.71,3.04,0.1322222222222222
15.988,-8.72,3.08,0.16333333333333333
16.008,-8.67,3.11,0.19111111111111112
16.028,-8.66,3.13,0.22
16.048,-8.61,3.2,0.25333333333333335
16.068,-8.57,3.21,0.2822222222222222
16.088,-8.53,3.29,0.31333333333333335
16.108,-8.49,3.3,0.34555555555555556
16.128,-8.43,3.42,0.37777777777777777
16.148,-8.39,3.42,0.41
16.168,-8.32,3.53,0.4444444444444444
16.188,-8.32,3.57,0.4766666666666667
16.208,-8.21,3.67,0.5111111111111111
16.228,-8.17,3.73,0.5455555555555556
16.248,-8.07,3.83,0.5833333333333334
16.268,-8.01,3.9,0.6211111111111111
16.288,-7.93,4.02,0.66
16.308,-7.86,4.11,0.6988888888888889
16.328,-7.72,4.19,0.7366666666666667
16.348,-7.66,4.31,0.78
16.368,-7.49,4.42,0.8211111111111111
16.388,-7.37,4.55,0.8666666666666667
16.408,-7.19,4.68,0.9133333333333333
16.428,-7.05,4.76,0.96
16.448,-6.86,4.92,1.0077777777777779
16.468,-6.72,5.03,1.0577777777777777
16.488,-6.45,5.22,1.1077777777777778
16.508,-6.28,5.31,1.16
16.528,-6.0,5.52,1.2144444444444444
16.548,-5.81,5.59,1.27
16.568,-5.54,5.81,1.3255555555555556
16.588,-5.27,5.9,1.3855555555555557
16.608,-4.92,6.09,1.4455555555555555
16.628,-4.67,6.21,1.5077777777777779
16.648,-4.27,6.38,1.57
16.668,-3.99,6.54,1.6366666666666667
16.688,-3.5,6.67,1.7055555555555555
16.708,-3.18,6.83,1.7744444444444445
16.728,-2.67,6.94,1.8433333333333333
16.748,-2.3,7.09,1.9177777777777778
16.768,-1.71,7.26,1.99
16.788,-1.27,7.32,2.0655555555555556
16.808,-0.57,7.45,2.1433333333333335
16.828,-0.12,7.6,2.221111111111111
16.848,0.57,7.65,2.3
16.868,1.05,7.76,2.378888888888889
16.888,2.18,7.82,2.462222222222222
16.908,2.75,7.85,2.5433333333333334
16.928,3.61,7.84,2.6233333333333335
16.948,4.17,7.79,2.7111111111111112
16.968,5.14,7.79,2.792222222222222
16.988,5.78,7.71,2.8722222222222222
17.008,6.73,7.57,2.9522222222222223
17.028,7.44,7.47,3.0322222222222224
17.048,8.37,7.3,3.112222222222222
17.068,9.03,7.08,3.187777777777778
17.088,9.96,6.86,3.2666666666666666
17.108,10.62,6.6,3.3355555555555556
17.128,11.5,6.14,3.4033333333333333
17.148,12.09,5.89,3.4655555555555555
17.168,12.93,5.34,3.5344444444444445
17.188,13.41,5.08,3.5944444444444446
17.208,14.18,4.42,3.6422222222222222
17.228,14.58,4.11,3.6955555555555555
17.248,15.16,3.46,3.7377777777777776
17.268,15.54,2.84,3.7744444444444443
17.288,15.94,2.22,3.8044444444444445
17.308,16.19,1.61,3.831111111111111
17.328,16.42,0.91,3.8433333333333333
17.348,16.45,0.43,3.858888888888889
17.368,16.56,-0.27,3.86
17.388,16.42,-0.77,3.85
17.408,16.19,-1.36,3.85
17.428,16.09,-2.1,3.8344444444444443
17.448,15.51,-2.76,3.81
17.468,15.36,-3.24,3.783333333333333
17.488,14.7,-3.89,3.75
17.508,14.25,-4.48,3.7111111111111112
17.528,13.64,-5.02,3.6655555555555557
17.548,12.99,-5.39,3.6133333333333333
17.568,12.24,-5.82,3.5566666666666666
17.588,11.59,-6.08,3.488888888888889
17.608,10.58,-6.5,3.4255555555555555
17.628,9.96,-6.82,3.3555555555555556
17.648,9.08,-7.04,3.2844444444444445
17.668,8.4,-7.18,3.2066666666666666
17.688,7.36,-7.45,3.1277777777777778
17.708,6.7,-7.56,3.048888888888889
17.728,5.77,-7.69,2.9611111111111112
17.748,5.16,-7.72,2.878888888888889
17.768,4.1,-7.78,2.792222222222222
17.788,3.54,-7.73,2.7044444444444444
17.808,2.62,-7.74,2.618888888888889
17.828,2.12,-7.69,2.5322222222222224
17.848,1.28,-7.73,2.4455555555555555
17.868,0.67,-7.52,2.358888888888889
17.888,-0.24,-7.43,2.2733333333333334
17.908,-0.76,-7.44,2.187777777777778
17.928,-1.45,-7.2,2.1
17.948,-1.91,-7.21,2.02
17.968,-2.5,-6.94,1.94
17.988,-2.91,-6.87,1.8522222222222222
18.008,-3.37,-6.71,1.7766666666666666
18.028,-3.78,-6.6,1.6955555555555555
18.048,-4.25,-6.35,1.62
18.068,-4.55,-6.31,1.5422222222222222
18.088,-4.93,-6.1,1.4677777777777778
18.108,-5.19,-5.96,1.3977777777777778
18.128,-5.54,-5.8,1.3266666666666667
18.148,-5.75,-5.7,1.2577777777777779
18.168,-6.04,-5.58,1.1888888888888889
18.188,-6.19,-5.45,1.12
18.208,-6.46,-5.3,1.0544444444444445
18.228,-6.61,-5.18,0.99
18.248,-6.8,-5.07,0.9266666666666666
18.268,-6.9,-4.99,0.8655555555555555
18.288,-7.1,-4.88,0.8077777777777778
18.308,-7.19,-4.73,0.7477777777777778
18.328,-7.36,-4.67,0.6888888888888889
18.348,-7.44,-4.59,0.63
18.368,-7.57,-4.5,0.5744444444444444
18.388,-7.64,-4.43,0.5188888888888888
18.408,-7.77,-4.36,0.4633333333333333
18.428,-7.82,-4.26,0.41
18.448,-7.87,-4.24,0.35555555555555557
18.468,-7.95,-4.22,0.3022222222222222
18.488,-7.99,-4.14,0.25
18.508,-8.04,-4.11,0.1988888888888889
18.528,-8.07,-4.11,0.14666666666666667
18.548,-8.08,-4.09,0.09222222222222222
18.568,-8.06,-4.1,0.04111111111111111
18.588,-8.06,-4.08,-0.008888888888888889
18.608,-8.07,-4.06,-0.06
18.628,-8.02,-4.12,-0.11222222222222222
18.648,-7.98,-4.13,-0.16555555555555557
18.668,-7.96,-4.17,-0.22
18.688,-7.93,-4.19,-0.2677777777777778
18.708,-7.87,-4.25,-0.32222222222222224
18.728,-7.77,-4.34,-0.37444444444444447
18.748,-7.75,-4.35,-0.4288888888888889
18.768,-7.66,-4.44,-0.4811111111111111
18.788,-7.61,-4.48,-0.5366666666666666
18.808,-7.52,-4.55,-0.5922222222222222
18.828,-7.41,-4.66,-0.65
18.848,-7.31,-4.72,-0.7066666666666667
18.868,-7.2,-4.81,-0.7655555555555555
18.888,-7.02,-4.94,-0.8222222222222222
18.908,-6.83,-5.09,-0.8811111111111111
18.928,-6.7,-5.18,-0.9411111111111111
18.948,-6.46,-5.32,-1.0066666666666666
18.968,-6.29,-5.42,-1.07
18.988,-6.0,-5.59,-1.1344444444444444
19.008,-5.79,-5.7,-1.2
19.028,-5.48,-5.86,-1.2666666666666666
19.048,-5.25,-6.0,-1.3366666666666667
19.068,-4.87,-6.15,-1.4055555555555554
19.088,-4.59,-6.29,-1.48
19.108,-4.15,-6.47,-1.548888888888889
19.128,-3.85,-6.58,-1.6233333333333333
19.148,-3.37,-6.74,-1.7
19.168,-3.04,-6.85,-1.7766666666666666
19.188,-2.49,-7.01,-1.8522222222222222
19.208,-2.09,-7.15,-1.9344444444444444
19.228,-1.48,-7.29,-2.013333333333333
19.248,-1.07,-7.39,-2.0944444444444446
19.268,-0.37,-7.61,-2.1777777777777776
19.288,0.1,-7.65,-2.261111111111111
19.308,0.81,-7.71,-2.347777777777778
19.328,1.4,-7.79,-2.43
19.348,2.23,-7.82,-2.5122222222222224
19.368,2.79,-7.87,-2.5966666666666667
19.388,3.65,-7.85,-2.6844444444444444
19.408,4.27,-7.83,-2.7666666666666666
19.428,5.23,-7.8,-2.847777777777778
19.448,5.85,-7.67,-2.93
19.468,6.84,-7.59,-3.011111111111111
19.488,7.5,-7.43,-3.088888888888889
19.508,8.45,-7.24,-3.1633333333333336
19.528,9.12,-7.01,-3.2344444444444442
19.548,10.09,-6.73,-3.3066666666666666
19.568,10.68,-6.47,-3.3755555555555556
19.588,11.56,-6.1,-3.4344444444444444
19.608,12.17,-5.78,-3.4988888888888887
19.628,13.0,-5.29,-3.548888888888889
19.648,13.56,-4.99,-3.5955555555555554
19.668,14.18,-4.36,-3.64
19.688,14.63,-4.06,-3.6777777777777776
19.708,15.15,-3.3,-3.71
19.728,15.44,-2.91,-3.7311111111111113
19.748,15.82,-2.22,-3.75
19.768,15.91,-1.75,-3.761111111111111
19.788,16.1,-0.96,-3.7688888888888887
19.808,16.09,-0.49,-3.7733333333333334
19.828,16.04,0.4,-3.76
19.848,16.04,0.91,-3.747777777777778
19.868,15.86,1.63,-3.73
19.888,15.57,2.23,-3.701111111111111
19.908,15.09,3.07,-3.671111111111111
19.928,14.73,3.41,-3.6344444444444446
19.948,14.16,3.98,-3.59
19.968,13.76,4.51,-3.5411111111111113
19.988,13.0,4.92,-3.486666666666667
20.008,12.5,5.29,-3.428888888888889
20.028,11.62,5.83,-3.3655555555555554
20.048,11.06,6.04,-3.298888888888889
20.068,10.12,6.43,-3.23
20.088,9.5,6.68,-3.1544444444444446
20.108,8.58,6.92,-3.078888888888889
20.128,7.98,7.18,-2.9922222222222223
20.148,7.07,7.35,-2.9166666666666665
20.168,6.44,7.5,-2.832222222222222
20.188,5.58,7.63,-2.75
20.208,4.9,7.74,-2.6633333333333336
20.228,4.05,7.76,-2.582222222222222
20.248,3.49,7.8,-2.4955555555555557
20.268,2.67,7.85,-2.4122222222222223
20.288,2.19,7.75,-2.3244444444444445
20.308,1.41,7.79,-2.2444444444444445
20.328,0.96,7.7,-2.1555555555555554
20.348,0.21,7.65,-2.071111111111111
20.368,-0.1,7.61,-1.9877777777777779
20.388,-0.73,7.52,-1.9077777777777778
20.408,-1.16,7.4,-1.8322222222222222
20.428,-1.75,7.3,-1.7477777777777779
20.448,-2.13,7.24,-1.67
20.468,-2.59,7.09,-1.5944444444444446
20.488,-2.91,7.08,-1.52
20.508,-3.4,6.86,-1.451111111111111
20.528,-3.69,6.82,-1.3722222222222222
20.548,-4.05,6.64,-1.3
20.568,-4.28,6.64,-1.23
20.588,-4.62,6.45,-1.16
20.608,-4.89,6.36,-1.0933333333333333
20.628,-5.13,6.22,-1.0255555555555556
20.648,-5.28,6.21,-0.96
20.668,-5.55,6.09,-0.8933333333333333
20.688,-5.71,6.0,-0.83
20.708,-5.93,5.85,-0.7677777777777778
20.728,-6.02,5.82,-0.7044444444444444
20.748,-6.15,5.77,-0.6455555555555555
20.768,-6.25,5.7,-0.5833333333333334
20.788,-6.4,5.6,-0.5244444444444445
20.808,-6.45,5.55,-0.4666666666666667
20.828,-6.5,5.55,-0.4088888888888889
20.848,-6.61,5.48,-0.3522222222222222
20.868,-6.72,5.38,-0.29444444444444445
20.888,-6.77,5.39,-0.24
20.908,-6.78,5.38,-0.18333333333333332
20.928,-6.81,5.37,-0.12777777777777777
20.948,-6.85,5.33,-0.07222222222222222
20.968,-6.88,5.33,-0.017777777777777778
20.988,-6.87,5.33,0.035555555555555556
21.008,-6.84,5.37,0.09111111111111111
21.028,-6.84,5.37,0.14777777777777779
21.048,-6.83,5.37,0.20444444444444446
21.068,-6.76,5.39,0.2577777777777778
21.088,-6.69,5.44,0.31222222222222223
21.108,-6.59,5.49,0.36777777777777776
21.128,-6.55,5.55,0.4266666666666667
21.148,-6.45,5.61,0.48333333333333334
21.168,-6.33,5.66,0.5411111111111111
21.188,-6.16,5.76,0.6
21.208,-6.04,5.81,0.6577777777777778
21.228,-5.89,5.91,0.7188888888888889
21.248,-5.77,5.95,0.7788888888888889
21.268,-5.54,6.09,0.8411111111111111
21.288,-5.36,6.15,0.9022222222222223
21.308,-5.15,6.27,0.9644444444444444
21.328,-4.99,6.31,1.03
21.348,-4.69,6.45,1.0944444444444446
21.368,-4.49,6.57,1.1644444444444444
21.388,-4.13,6.74,1.228888888888889
21.408,-3.88,6.75,1.3
21.428,-3.68,6.85,1.37
21.448,-3.25,6.96,1.441111111111111
21.468,-2.98,7.09,1.5144444444444445
21.488,-2.47,7.16,1.59
21.508,-2.15,7.29,1.63
21.528,-1.63,7.39,1.741111111111111
21.548,-1.26,7.47,1.78
21.568,-0.65,7.6,1.9
21.588,0.01,7.67,1.98
21.608,0.43,7.69,2.06
21.628,1.12,7.81,2.1422222222222222
21.648,1.61,7.77,2.2222222222222223
21.668,2.39,7.81,2.307777777777778
21.688,2.92,7.87,2.39
21.708,3.76,7.79,2.473333333333333
21.728,4.22,7.85,2.5533333333333332
21.748,5.14,7.76,2.6366666666666667
21.768,5.75,7.66,2.718888888888889
21.788,6.32,7.55,2.7977777777777777
21.808,7.28,7.36,2.84
21.828,7.84,7.24,2.953333333333333
21.848,9.03,6.86,2.9944444444444445
21.868,9.64,6.77,3.0677777777777777
21.888,10.51,6.22,3.14
21.908,11.03,6.19,3.2444444444444445
21.928,11.88,5.62,3.3055555555555554
21.948,12.33,5.38,3.34
21.968,13.07,4.89,3.4266666666666667
21.988,13.62,4.4,3.4555555555555557
22.008,14.18,3.88,3.5255555555555556
22.028,14.62,3.35,3.546666666666667
22.048,15.05,2.72,3.602222222222222
22.068,15.33,2.31,3.6266666666666665
22.088,15.66,1.57,3.66
22.108,15.76,1.14,3.67
22.128,15.93,0.52,3.6855555555555557
22.148,15.97,-0.11,3.687777777777778
22.168,15.83,-0.79,3.688888888888889
22.188,15.76,-1.5,3.6844444444444444
22.208,15.44,-2.09,3.671111111111111
22.228,15.27,-2.39,3.6566666666666667
22.248,14.84,-3.08,3.631111111111111
22.268,14.46,-3.51,3.6044444444444443
22.288,13.82,-4.29,3.57
22.308,13.41,-4.61,3.526666666666667
22.328,12.73,-5.1,3.48
22.348,12.25,-5.41,3.428888888888889
22.368,11.41,-5.92,3.37
22.388,10.83,-6.25,3.307777777777778
22.408,9.93,-6.62,3.2466666666666666
22.428,9.39,-6.76,3.1733333333333333
22.448,8.44,-7.0,3.1033333333333335
22.468,7.77,-7.28,3.0255555555555556
22.488,6.85,-7.46,2.95
22.508,6.24,-7.52,2.87
22.528,5.37,-7.65,2.783333333333333
22.548,4.73,-7.75,2.7
22.568,3.87,-7.79,2.6144444444444446
22.588,3.29,-7.82,2.528888888888889
22.608,2.49,-7.78,2.4444444444444446
22.628,1.93,-7.76,2.3566666666666665
22.648,1.15,-7.7,2.27
22.668,0.65,-7.69,2.1822222222222223
22.688,0.0,-7.62,2.0966666666666667
22.708,-0.39,-7.59,2.01
22.728,-1.11,-7.45,1.9211111111111112
22.748,-1.5,-7.35,1.84
22.768,-2.09,-7.26,1.7533333333333334
22.788,-2.44,-7.15,1.67
22.808,-2.93,-7.02,1.5888888888888888
22.828,-3.24,-6.94,1.5077777777777779
22.848,-3.81,-6.77,1.4266666666666667
22.868,-4.08,-6.68,1.3444444444444446
22.888,-4.44,-6.54,1.2677777777777777
22.908,-4.64,-6.42,1.1922222222222223
22.928,-4.96,-6.27,1.1144444444444443
22.948,-5.14,-6.27,1.0377777777777777
22.968,-5.36,-6.15,0.9655555555555555
22.988,-5.55,-6.06,0.89
23.008,-5.74,-5.99,0.82
23.028,-5.88,-5.93,0.7477777777777778
23.048,-6.04,-5.81,0.6766666666666666
23.068,-6.14,-5.82,0.6088888888888889
23.088,-6.28,-5.7,0.5388888888888889
23.108,-6.39,-5.67,0.47
23.128,-6.47,-5.61,0.4011111111111111
23.148,-6.56,-5.59,0.33555555555555555
23.168,-6.6,-5.52,0.2688888888888889
23.188,-6.63,-5.54,0.2
23.208,-6.67,-5.51,0.13555555555555557
23.228,-6.68,-5.49,0.06777777777777778
23.248,-6.68,-5.52,0.0011111111111111111
23.268,-6.7,-5.52,-0.06333333333333334
23.288,-6.63,-5.55,-0.12777777777777777
23.308,-6.61,-5.58,-0.19333333333333333
23.328,-6.52,-5.61,-0.2588888888888889
23.348,-6.49,-5.64,-0.32555555555555554
23.368,-6.39,-5.68,-0.39
23.388,-6.31,-5.74,-0.45666666666666667
23.408,-6.15,-5.8,-0.5244444444444445
23.428,-6.03,-5.86,-0.5922222222222222
23.448,-5.87,-5.94,-0.6622222222222223
23.468,-5.72,-6.0,-0.7322222222222222
23.488,-5.53,-6.1,-0.8033333333333333
23.508,-5.36,-6.18,-0.8744444444444445
23.528,-5.09,-6.3,-0.9455555555555556
23.548,-4.93,-6.38,-1.0177777777777777
23.568,-4.62,-6.48,-1.0911111111111111
23.588,-4.4,-6.57,-1.1644444444444444
23.608,-4.05,-6.71,-1.2433333333333334
23.628,-3.8,-6.82,-1.32
23.648,-3.41,-6.93,-1.3977777777777778
23.668,-3.1,-7.02,-1.4777777777777779
23.688,-2.62,-7.13,-1.5544444444444445
23.708,-2.28,-7.19,-1.6355555555555557
23.728,-1.74,-7.36,-1.7144444444444444
23.748,-1.36,-7.42,-1.8
23.768,-0.71,-7.54,-1.8822222222222222
23.788,-0.27,-7.61,-1.9655555555555555
23.808,0.33,-7.68,-2.05
23.828,0.8,-7.79,-2.1333333333333333
23.848,1.84,-7.84,-2.2177777777777776
23.868,2.33,-7.82,-2.3022222222222224
23.888,3.15,-7.87,-2.388888888888889
23.908,3.68,-7.78,-2.4722222222222223
23.928,4.6,-7.75,-2.5533333333333332
23.948,5.18,-7.68,-2.641111111111111
23.968,6.05,-7.62,-2.72
23.988,6.61,-7.48,-2.8022222222222224
24.008,7.62,-7.28,-2.88
24.028,8.2,-7.16,-2.9555555555555557
24.048,9.11,-6.88,-3.028888888888889
24.068,9.66,-6.72,-3.1
24.088,10.56,-6.28,-3.167777777777778
24.108,11.11,-6.07,-3.2333333333333334
24.128,11.84,-5.59,-3.2911111111111113
24.148,12.43,-5.31,-3.34
24.168,13.1,-4.76,-3.4033333333333333
24.188,13.57,-4.49,-3.45
24.208,14.11,-3.8,-3.488888888888889
24.228,14.47,-3.45,-3.526666666666667
24.248,14.86,-2.71,-3.5544444444444445
24.268,15.11,-2.35,-3.5755555555555554
24.288,15.4,-1.56,-3.5955555555555554
24.308,15.51,-1.14,-3.6066666666666665
24.328,15.6,-0.44,-3.6077777777777778
24.348,15.56,0.0,-3.6066666666666665
24.368,15.63,0.57,-3.601111111111111
24.388,15.44,1.2,-3.5866666666666664
24.408,15.32,1.82,-3.568888888888889
24.428,14.9,2.55,-3.537777777777778
24.448,14.75,2.78,-3.511111111111111
24.468,14.13,3.53,-3.473333333333333
24.488,13.59,4.12,-3.428888888888889
24.508,13.19,4.42,-3.3855555555555554
24.528,12.49,5.02,-3.33
24.548,11.97,5.24,-3.27
24.568,11.19,5.69,-3.21
24.588,10.62,6.04,-3.1433333333333335
24.608,9.81,6.32,-3.0722222222222224
24.628,9.22,6.62,-3.0
24.648,8.37,6.91,-2.9277777777777776
24.668,7.8,7.0,-2.8455555555555554
24.688,7.27,7.21,-2.7688888888888887
24.708,6.39,7.35,-2.6822222222222223
24.728,5.81,7.54,-2.6044444444444443
24.748,5.0,7.58,-2.5277777777777777
24.768,4.49,7.69,-2.437777777777778
24.788,3.67,7.81,-2.348888888888889
24.808,3.17,7.73,-2.267777777777778
24.828,2.16,7.76,-2.18
24.848,1.7,7.79,-2.0955555555555554
24.868,1.04,7.79,-2.011111111111111
24.888,0.66,7.78,-1.92
24.908,0.01,7.73,-1.84
24.928,-0.35,7.63,-1.7577777777777779
24.948,-0.95,7.64,-1.6766666666666667
24.968,-1.26,7.51,-1.5933333333333333
24.988,-1.74,7.44,-1.5122222222222221
25.008,-2.05,7.35,-1.4322222222222223
25.028,-2.5,7.28,-1.3533333333333333
25.048,-2.79,7.21,-1.2766666666666666
25.068,-3.11,7.13,-1.2
25.088,-3.34,7.07,-1.1222222222222222
25.108,-3.66,6.95,-1.0455555555555556
25.128,-3.88,6.94,-0.97
25.148,-4.1,6.8,-0.8955555555555555
25.168,-4.28,6.83,-0.8244444444444444
25.188,-4.49,6.69,-0.7533333333333333
25.208,-4.65,6.69,-0.6811111111111111
25.228,-4.76,6.56,-0.6088888888888889
25.248,-4.87,6.6,-0.5411111111111111
25.268,-5.01,6.49,-0.47
25.288,-5.11,6.49,-0.4
25.308,-5.17,6.46,-0.33
25.328,-5.22,6.45,-0.26222222222222225
25.348,-5.28,6.42,-0.19555555555555557
25.368,-5.31,6.38,-0.1288888888888889
25.388,-5.35,6.39,-0.058888888888888886
25.408,-5.31,6.39,0.0077777777777777776
25.428,-5.32,6.43,0.07444444444444444
25.448,-5.28,6.45,0.14
25.468,-5.25,6.46,0.2088888888888889
25.488,-5.2,6.47,0.27555555555555555
25.508,-5.11,6.51,0.3411111111111111
25.528,-5.03,6.55,0.4111111111111111
25.548,-4.91,6.6,0.48
25.568,-4.81,6.63,0.5455555555555556
25.588,-4.62,6.7,0.6177777777777778
25.608,-4.5,6.72,0.6866666666666666
25.628,-4.27,6.83,0.7588888888888888
25.648,-4.11,6.85,0.8277777777777777
25.668,-3.85,6.95,0.9
25.688,-3.65,7.02,0.9711111111111111
25.708,-3.34,7.12,1.0477777777777777
25.728,-3.1,7.15,1.12
25.748,-2.75,7.27,1.1933333333333334
25.768,-2.5,7.31,1.271111111111111
25.788,-1.91,7.45,1.3466666666666667
25.808,-1.65,7.52,1.4266666666666667
25.828,-1.11,7.55,1.5033333333333334
25.848,-0.84,7.67,1.5844444444444445
25.868,-0.23,7.65,1.6611111111111112
25.888,0.12,7.77,1.7422222222222221
25.908,0.73,7.79,1.8277777777777777
25.928,1.15,7.81,1.9077777777777778
25.948,1.81,7.84,1.991111111111111
25.968,2.28,7.83,2.0755555555555554
25.988,3.01,7.85,2.158888888888889
26.008,3.49,7.81,2.2377777777777776
26.028,4.25,7.72,2.3255555555555554
26.048,4.77,7.72,2.4077777777777776
26.068,5.63,7.54,2.4877777777777776
26.088,6.15,7.5,2.5733333333333333
26.108,6.99,7.34,2.648888888888889
26.128,7.57,7.13,2.7288888888888887
26.148,8.44,6.98,2.8033333333333332
26.168,9.0,6.67,2.881111111111111
26.188,9.8,6.46,2.948888888888889
26.208,10.41,6.15,3.02
26.228,11.15,5.74,3.0866666666666664
26.248,11.66,5.49,3.15
26.268,12.35,4.99,3.21
26.288,12.81,4.68,3.2622222222222224
26.308,13.38,4.1,3.3177777777777777
26.328,13.8,3.79,3.3633333333333333
26.348,14.28,3.12,3.4066666666666667
26.368,14.56,2.78,3.438888888888889
26.388,14.89,2.05,3.47
26.408,15.12,1.53,3.4988888888888887
26.428,15.32,0.88,3.5155555555555558
26.448,15.38,0.39,3.531111111111111
26.468,15.38,-0.27,3.5322222222222224
26.488,15.32,-0.77,3.533333333333333
26.508,15.22,-1.51,3.5277777777777777
26.528,15.07,-1.92,3.517777777777778
26.548,14.71,-2.47,3.4955555555555557
26.568,14.48,-2.94,3.47
26.588,13.99,-3.6,3.4411111111111112
26.608,13.56,-4.1,3.4066666666666667
26.628,12.99,-4.59,3.3655555555555554
26.648,12.52,-4.86,3.3177777777777777
26.668,11.81,-5.34,3.2688888888888887
26.688,11.29,-5.71,3.2133333333333334
26.708,10.45,-6.14,3.1544444444444446
26.728,9.94,-6.36,3.0833333333333335
26.748,9.12,-6.61,2.982222222222222
26.768,8.49,-6.92,2.948888888888889
26.788,7.33,-7.23,2.8355555555555556
26.808,6.84,-7.2,2.7955555555555556
26.828,5.96,-7.53,2.6733333333333333
26.848,5.37,-7.46,2.6344444444444446
26.868,4.49,-7.71,2.51
26.888,3.99,-7.73,2.4255555555555555
26.908,3.19,-7.76,2.34
26.928,2.7,-7.78,2.2555555555555555
26.948,1.89,-7.78,2.1666666666666665
26.968,1.4,-7.8,2.081111111111111
26.988,0.8,-7.72,1.9933333333333334
27.008,0.35,-7.71,1.9066666666666667
27.028,-0.27,-7.63,1.8211111111111111
27.048,-0.68,-7.61,1.7333333333333334
27.068,-1.21,-7.5,1.6455555555555557
27.088,-1.53,-7.44,1.5633333333333332
27.108,-2.06,-7.37,1.4777777777777779
27.128,-2.4,-7.26,1.3944444444444444
27.148,-2.8,-7.2,1.31
27.168,-3.04,-7.13,1.2277777777777779
27.188,-3.44,-7.01,1.1455555555555557
27.208,-3.68,-6.96,1.0633333333333332
27.228,-3.92,-6.87,0.9811111111111112
27.248,-4.2,-6.83,0.9044444444444445
27.268,-4.33,-6.72,0.8244444444444444
27.288,-4.61,-6.7,0.7455555555555555
27.308,-4.71,-6.59,0.6688888888888889
27.328,-4.92,-6.58,0.59
27.348,-5.05,-6.5,0.5166666666666667
27.368,-5.12,-6.5,0.4388888888888889
27.388,-5.23,-6.42,0.36444444444444446
27.408,-5.29,-6.4,0.28888888888888886
27.428,-5.32,-6.4,0.21333333333333335
27.448,-5.39,-6.37,0.14
27.468,-5.43,-6.34,0.06222222222222222
27.488,-5.41,-6.36,-0.01
27.508,-5.41,-6.37,-0.08333333333333333
27.528,-5.39,-6.38,-0.15666666666666668
27.548,-5.36,-6.39,-0.2311111111111111
27.568,-5.32,-6.41,-0.30777777777777776
27.588,-5.26,-6.45,-0.38222222222222224
27.608,-5.14,-6.5,-0.4533333333333333
27.628,-5.06,-6.54,-0.5311111111111111
27.648,-4.93,-6.61,-0.6044444444444445
27.668,-4.79,-6.61,-0.68
27.688,-4.6,-6.69,-0.7588888888888888
27.708,-4.44,-6.76,-0.8333333333333334
27.728,-4.08,-6.87,-0.91
27.748,-3.89,-6.92,-0.9922222222222222
27.768,-3.56,-7.01,-1.068888888888889
27.788,-3.35,-7.1,-1.15
27.808,-2.95,-7.18,-1.231111111111111
27.828,-2.67,-7.26,-1.31
27.848,-2.27,-7.33,-1.3955555555555557
27.868,-1.96,-7.41,-1.4766666666666666
27.888,-1.47,-7.51,-1.5611111111111111
27.908,-1.12,-7.55,-1.6455555555555557
27.928,-0.58,-7.64,-1.7277777777777779
27.948,-0.15,-7.68,-1.8111111111111111
27.968,0.42,-7.75,-1.8977777777777778
27.988,0.84,-7.77,-1.9822222222222223
28.008,1.53,-7.84,-2.0677777777777777
28.028,2.01,-7.83,-2.148888888888889
28.048,2.74,-7.83,-2.2377777777777776
28.068,3.26,-7.81,-2.32
28.088,4.04,-7.77,-2.4077777777777776
28.108,4.56,-7.7,-2.488888888888889
28.128,5.37,-7.61,-2.568888888888889
28.148,5.93,-7.56,-2.6466666666666665
28.168,6.77,-7.41,-2.7255555555555557
28.188,7.36,-7.25,-2.8033333333333332
28.208,8.2,-6.98,-2.8733333333333335
28.228,8.78,-6.82,-2.948888888888889
28.248,9.62,-6.49,-3.011111111111111
28.268,10.16,-6.28,-3.077777777777778
28.288,10.99,-5.87,-3.1344444444444446
28.308,11.48,-5.58,-3.1933333333333334
28.328,12.15,-5.09,-3.2377777777777776
28.348,12.66,-4.8,-3.29
28.368,13.28,-4.22,-3.327777777777778
28.388,13.66,-3.94,-3.37
28.408,14.11,-3.31,-3.398888888888889
28.428,14.38,-2.9,-3.4244444444444446
28.448,14.73,-2.24,-3.4433333333333334
28.468,14.83,-1.77,-3.453333333333333
28.488,15.08,-1.16,-3.4633333333333334
28.508,15.12,-0.65,-3.462222222222222
28.528,15.15,0.07,-3.457777777777778
28.548,15.12,0.54,-3.4477777777777776
28.568,14.93,1.12,-3.43
28.588,14.83,1.61,-3.408888888888889
28.608,14.5,2.2,-3.38
28.628,14.33,2.73,-3.3422222222222224
28.648,13.77,3.44,-3.3033333333333332
28.668,13.56,3.64,-3.261111111111111
28.688,12.75,4.35,-3.2133333333333334
28.708,12.26,4.81,-3.1544444444444446
28.728,11.58,5.24,-3.098888888888889
28.748,11.11,5.49,-3.0355555555555553
28.768,10.31,5.94,-2.9722222222222223
28.788,9.83,6.17,-2.898888888888889
28.808,9.0,6.49,-2.828888888888889
28.828,8.47,6.72,-2.752222222222222
28.848,7.65,6.95,-2.6744444444444446
28.868,7.07,7.18,-2.5955555555555554
28.888,6.36,7.32,-2.5544444444444445
28.908,5.8,7.48,-2.433333333333333
28.928,5.05,7.54,-2.391111111111111
28.948,4.46,7.64,-2.318888888888889
28.968,3.76,7.71,-2.178888888888889
28.988,3.32,7.71,-2.138888888888889
29.008,2.64,7.79,-2.013333333333333
29.028,2.2,7.78,-1.97
29.048,1.55,7.77,-1.8422222222222222
29.068,1.16,7.82,-1.801111111111111
29.088,0.61,7.68,-1.6711111111111112
29.108,0.16,7.84,-1.63
29.128,-0.23,7.65,-1.5033333333333334
29.148,-0.61,7.73,-1.46
29.168,-1.07,7.61,-1.3366666666666667
29.188,-1.37,7.63,-1.2966666666666666
29.208,-1.75,7.51,-1.2155555555555555
29.228,-1.99,7.51,-1.1344444444444444
29.248,-2.35,7.44,-1.0544444444444445
29.268,-2.57,7.38,-0.9366666666666666
29.288,-2.87,7.32,-0.8944444444444445
29.308,-3.01,7.26,-0.8166666666666667
29.328,-3.27,7.21,-0.74
29.348,-3.39,7.19,-0.66
29.368,-3.63,7.15,-0.5822222222222222
29.388,-3.66,7.09,-0.5077777777777778
29.408,-3.82,7.09,-0.43
29.428,-3.88,7.05,-0.35444444444444445
29.448,-3.96,7.02,-0.28
29.468,-4.02,7.0,-0.20333333333333334
29.488,-4.05,7.01,-0.13
29.508,-4.03,6.99,-0.056666666666666664
29.528,-4.05,7.01,0.02
29.548,-4.05,7.05,0.09222222222222222
29.568,-3.98,7.02,0.16666666666666666
29.588,-3.94,7.08,0.24
29.608,-3.84,7.07,0.31555555555555553
29.628,-3.78,7.13,0.3877777777777778
29.648,-3.59,7.17,0.4622222222222222
29.668,-3.47,7.18,0.5366666666666666
29.688,-3.3,7.23,0.6122222222222222
29.708,-3.15,7.28,0.69
29.728,-2.94,7.34,0.7666666666666667
29.748,-2.72,7.35,0.8422222222222222
29.768,-2.45,7.42,0.9211111111111111
29.788,-2.23,7.46,0.9988888888888889
29.808,-1.87,7.52,1.0777777777777777
29.828,-1.64,7.55,1.1566666666666667
29.848,-1.24,7.62,1.2366666666666666
29.868,-0.95,7.67,1.3155555555555556
29.888,-0.47,7.72,1.3977777777777778
29.908,-0.14,7.73,1.478888888888889
29.928,0.33,7.77,1.5622222222222222
29.948,0.75,7.83,1.6444444444444444
29.968,1.27,7.86,1.7266666666666666
29.988,1.73,7.79,1.8133333333333332
30.008,2.34,7.87,1.8933333333333333
