4.004,-4.87,7.22,1.0766666666666667
4.024,-4.7,7.28,1.1011111111111112
4.044,-4.45,7.45,1.1311111111111112
4.064,-4.24,7.53,1.1566666666666667
4.084,-3.97,7.7,1.1844444444444444
4.104,-3.77,7.75,1.1977777777777778
4.124,-3.49,7.87,1.24
4.144,-3.27,8.02,1.2555555555555555
4.164,-2.91,8.11,1.3
4.184,-2.72,8.19,1.3155555555555556
4.204,-2.37,8.28,1.3588888888888888
4.224,-2.1,8.39,1.3722222222222222
4.244,-1.72,8.48,1.4177777777777778
4.264,-1.49,8.54,1.45
4.284,-1.11,8.63,1.4822222222222223
4.304,-0.84,8.69,1.51
4.324,-0.38,8.78,1.5477777777777777
4.344,-0.07,8.78,1.5777777777777777
4.364,0.28,8.84,1.61
4.384,0.6,8.86,1.6444444444444444
4.404,1.07,8.84,1.6755555555555555
4.424,1.37,9.01,1.708888888888889
4.444,2.08,8.91,1.7244444444444444
4.464,2.34,8.86,1.7722222222222221
4.484,2.85,8.87,1.788888888888889
4.504,3.23,8.8,1.818888888888889
4.524,3.75,8.74,1.8522222222222222
4.544,4.09,8.68,1.8844444444444444
4.564,4.58,8.59,1.9322222222222223
4.584,4.95,8.49,1.9477777777777778
4.604,5.49,8.35,1.9922222222222221
4.624,5.86,8.2,2.0077777777777777
4.644,6.31,8.03,2.05
4.664,6.67,7.98,2.068888888888889
4.684,7.31,7.67,2.108888888888889
4.704,7.32,7.62,2.1222222222222222
4.724,8.0,7.31,2.1633333333333336
4.744,8.29,7.03,2.1744444444444446
4.764,8.8,6.8,2.2144444444444447
4.784,9.11,6.43,2.227777777777778
4.804,9.57,6.11,2.2666666666666666
4.824,9.81,5.94,2.2733333333333334
4.844,10.23,5.43,2.2955555555555556
4.864,10.5,5.15,2.3177777777777777
4.884,10.75,4.76,2.3333333333333335
4.904,11.09,4.47,2.351111111111111
4.924,11.3,4.02,2.37
4.944,11.63,3.64,2.3866666666666667
4.964,11.84,3.07,2.397777777777778
4.984,11.91,2.92,2.41
5.004,12.12,2.26,2.42
5.024,12.28,1.97,2.43
5.044,12.36,1.44,2.4344444444444444
5.064,12.42,0.95,2.44
5.084,12.43,0.54,2.4444444444444446
5.104,12.46,0.02,2.4466666666666668
5.124,12.46,-0.57,2.4455555555555555
5.144,12.39,-0.73,2.4466666666666668
5.164,12.31,-1.36,2.4411111111111112
5.184,12.27,-1.71,2.44
5.204,12.07,-2.25,2.4322222222222223
5.224,11.89,-2.63,2.422222222222222
5.244,11.69,-3.06,2.4133333333333336
5.264,11.57,-3.45,2.398888888888889
5.284,11.3,-3.91,2.39
5.304,10.91,-4.22,2.3733333333333335
5.324,10.73,-4.96,2.3544444444444443
5.344,10.43,-4.77,2.341111111111111
5.364,10.02,-5.37,2.318888888888889
5.384,9.78,-5.73,2.301111111111111
5.404,9.32,-6.04,2.281111111111111
5.424,9.1,-6.39,2.2577777777777777
5.444,8.49,-6.88,2.2344444444444442
5.464,8.09,-6.92,2.2044444444444444
5.484,7.64,-7.3,2.1822222222222223
5.504,7.31,-7.41,2.1544444444444446
5.524,6.73,-7.74,2.1266666666666665
5.544,6.46,-7.88,2.0955555555555554
5.564,5.9,-8.02,2.068888888888889
5.584,5.6,-8.24,2.0344444444444445
5.604,5.05,-8.43,2.002222222222222
5.624,4.67,-8.45,1.971111111111111
5.644,4.21,-8.58,1.94
5.664,3.84,-8.69,1.9022222222222223
5.684,3.3,-8.75,1.87
5.704,2.95,-8.79,1.8377777777777777
5.724,2.41,-8.83,1.801111111111111
5.744,2.06,-8.85,1.7677777777777777
5.764,1.86,-8.85,1.7344444444444445
5.784,1.31,-8.86,1.698888888888889
5.804,0.97,-8.88,1.6611111111111112
5.824,0.52,-8.88,1.6277777777777778
5.844,0.07,-8.85,1.5933333333333333
5.864,-0.11,-8.79,1.558888888888889
5.884,-0.58,-8.75,1.5222222222222221
5.904,-0.91,-8.67,1.49
5.924,-1.29,-8.62,1.4544444444444444
5.944,-1.51,-8.58,1.4188888888888889
5.964,-1.87,-8.5,1.3833333333333333
5.984,-2.15,-8.48,1.3511111111111112
6.004,-2.5,-8.31,1.3122222222222222
6.024,-2.76,-8.25,1.281111111111111
6.044,-3.03,-8.15,1.25
6.064,-3.23,-8.15,1.2133333333333334
6.084,-3.53,-7.98,1.1844444444444444
6.104,-3.73,-7.9,1.15
6.124,-3.91,-7.85,1.1188888888888888
6.144,-4.17,-7.73,1.0855555555555556
6.164,-4.38,-7.62,1.0555555555555556
6.184,-4.64,-7.5,1.021111111111111
6.204,-4.8,-7.41,0.9911111111111112
6.224,-5.01,-7.27,0.9588888888888889
6.244,-5.18,-7.22,0.93
6.264,-5.33,-7.07,0.9
6.284,-5.5,-7.02,0.8666666666666667
6.304,-5.7,-6.88,0.8388888888888889
6.324,-5.82,-6.85,0.81
6.344,-5.97,-6.74,0.78
6.364,-6.09,-6.65,0.7511111111111111
6.384,-6.26,-6.52,0.7222222222222222
6.404,-6.33,-6.43,0.6955555555555556
6.424,-6.49,-6.31,0.67
6.444,-6.61,-6.25,0.6411111111111111
6.464,-6.69,-6.15,0.6122222222222222
6.484,-6.8,-6.08,0.5877777777777777
6.504,-6.88,-5.98,0.56
6.524,-6.95,-5.95,0.5322222222222223
6.544,-7.04,-5.84,0.5066666666666667
6.564,-7.12,-5.81,0.4822222222222222
6.584,-7.22,-5.7,0.45555555555555555
6.604,-7.29,-5.65,0.4311111111111111
6.624,-7.32,-5.57,0.40555555555555556
6.644,-7.36,-5.55,0.38
6.664,-7.44,-5.47,0.35777777777777775
6.684,-7.48,-5.44,0.3322222222222222
6.704,-7.54,-5.4,0.30777777777777776
6.724,-7.55,-5.37,0.28444444444444444
6.744,-7.6,-5.29,0.2588888888888889
6.764,-7.63,-5.29,0.23555555555555555
6.784,-7.66,-5.24,0.2111111111111111
6.804,-7.69,-5.25,0.18888888888888888
6.824,-7.71,-5.21,0.16666666666666666
6.844,-7.73,-5.18,0.14222222222222222
6.864,-7.75,-5.17,0.11888888888888889
6.884,-7.75,-5.13,0.09666666666666666
6.904,-7.77,-5.14,0.07444444444444444
6.924,-7.76,-5.13,0.05
6.944,-7.81,-5.11,0.028888888888888888
6.964,-7.8,-5.12,0.0033333333333333335
6.984,-7.79,-5.14,-0.015555555555555555
7.004,-7.79,-5.15,-0.03888888888888889
7.024,-7.78,-5.15,-0.06111111111111111
7.044,-7.77,-5.17,-0.08
7.064,-7.73,-5.19,-0.10111111111111111
7.084,-7.75,-5.2,-0.12555555555555556
7.104,-7.7,-5.23,-0.14666666666666667
7.124,-7.68,-5.27,-0.1688888888888889
7.144,-7.66,-5.28,-0.19
7.164,-7.61,-5.31,-0.21222222222222223
7.184,-7.57,-5.36,-0.23444444444444446
7.204,-7.56,-5.37,-0.25555555555555554
7.224,-7.52,-5.48,-0.2788888888888889
7.244,-7.46,-5.46,-0.3011111111111111
7.264,-7.41,-5.53,-0.3233333333333333
7.284,-7.38,-5.54,-0.3477777777777778
7.304,-7.3,-5.62,-0.3711111111111111
7.324,-7.29,-5.66,-0.39222222222222225
7.344,-7.21,-5.77,-0.42
7.364,-7.14,-5.8,-0.4411111111111111
7.384,-7.06,-5.87,-0.46555555555555556
7.404,-7.01,-5.94,-0.48777777777777775
7.424,-6.87,-6.06,-0.5111111111111111
7.444,-6.82,-6.11,-0.5366666666666666
7.464,-6.7,-6.18,-0.5622222222222222
7.484,-6.62,-6.28,-0.5888888888888889
7.504,-6.5,-6.35,-0.6133333333333333
7.524,-6.41,-6.43,-0.64
7.544,-6.27,-6.56,-0.6633333333333333
7.564,-6.17,-6.65,-0.6922222222222222
7.584,-6.0,-6.73,-0.7177777777777777
7.604,-5.93,-6.82,-0.7455555555555555
7.624,-5.76,-6.91,-0.7711111111111111
7.644,-5.62,-7.0,-0.7988888888888889
7.664,-5.43,-7.12,-0.8266666666666667
7.684,-5.31,-7.18,-0.8555555555555555
7.704,-5.13,-7.29,-0.8855555555555555
7.724,-4.98,-7.37,-0.9144444444444444
7.744,-4.76,-7.51,-0.9433333333333334
7.764,-4.58,-7.57,-0.97
7.784,-4.36,-7.68,-1.001111111111111
7.804,-4.2,-7.74,-1.03
7.824,-3.93,-7.9,-1.058888888888889
7.844,-3.73,-7.96,-1.09
7.864,-3.46,-8.06,-1.1222222222222222
7.884,-3.27,-8.13,-1.1522222222222223
7.904,-2.96,-8.26,-1.1844444444444444
7.924,-2.73,-8.32,-1.2166666666666666
7.944,-2.42,-8.42,-1.2466666666666666
7.964,-2.18,-8.44,-1.2777777777777777
7.984,-1.85,-8.54,-1.3111111111111111
8.004,-1.57,-8.6,-1.3433333333333333
8.024,-1.22,-8.69,-1.3744444444444444
8.044,-0.96,-8.73,-1.4088888888888889
8.064,-0.54,-8.79,-1.44
8.084,-0.32,-8.82,-1.4755555555555555
8.104,0.11,-8.89,-1.5044444444444445
8.124,0.37,-8.89,-1.54
8.144,0.83,-8.9,-1.5722222222222222
8.164,1.14,-8.95,-1.6033333333333333
8.184,1.53,-8.89,-1.6355555555555557
8.204,1.96,-8.88,-1.6677777777777778
8.224,2.37,-8.96,-1.7022222222222223
8.244,2.68,-8.79,-1.7344444444444445
8.264,3.22,-8.85,-1.7644444444444445
8.284,3.49,-8.7,-1.7955555555555556
8.304,4.01,-8.65,-1.8266666666666667
8.324,4.37,-8.59,-1.8555555555555556
8.344,4.83,-8.37,-1.8866666666666667
8.364,5.36,-8.34,-1.9177777777777778
8.384,5.83,-8.1,-1.9433333333333334
8.404,6.19,-7.96,-1.9744444444444444
8.424,6.71,-7.75,-2.0011111111111113
8.444,7.0,-7.52,-2.0244444444444443
8.464,7.49,-7.36,-2.048888888888889
8.484,7.75,-7.16,-2.0744444444444445
8.504,8.17,-6.87,-2.098888888888889
8.524,8.58,-6.69,-2.118888888888889
8.544,8.93,-6.3,-2.14
8.564,9.28,-6.19,-2.161111111111111
8.584,9.64,-5.76,-2.18
8.604,9.89,-5.49,-2.198888888888889
8.624,10.29,-5.12,-2.2177777777777776
8.644,10.49,-4.87,-2.227777777777778
8.664,10.8,-4.41,-2.243333333333333
8.684,11.0,-4.06,-2.2577777777777777
8.704,11.27,-3.65,-2.2644444444444445
8.724,11.4,-3.31,-2.2755555555555556
8.744,11.61,-2.81,-2.283333333333333
8.764,11.72,-2.48,-2.2866666666666666
8.784,11.84,-1.91,-2.29
8.804,11.93,-1.68,-2.2977777777777777
8.824,12.07,-1.05,-2.296666666666667
8.844,12.09,-0.77,-2.2944444444444443
8.864,12.15,-0.28,-2.2933333333333334
8.884,12.15,0.04,-2.287777777777778
8.904,12.12,0.64,-2.2822222222222224
8.924,12.07,0.92,-2.276666666666667
8.944,11.97,1.37,-2.2666666666666666
8.964,11.93,1.71,-2.256666666666667
8.984,11.76,2.28,-2.2488888888888887
9.004,11.58,2.66,-2.2344444444444442
9.024,11.36,3.1,-2.22
9.044,11.28,3.3,-2.2022222222222223
9.064,11.02,3.8,-2.1866666666666665
9.084,10.74,4.17,-2.168888888888889
9.104,10.48,4.51,-2.15
9.124,10.26,4.82,-2.13
9.144,10.06,5.01,-2.1077777777777778
9.164,9.6,5.55,-2.082222222222222
9.184,9.5,5.62,-2.06
9.204,9.15,5.95,-2.0322222222222224
9.224,8.78,6.3,-2.006666666666667
9.244,8.41,6.61,-1.98
9.264,8.17,6.71,-1.951111111111111
9.284,7.69,7.05,-1.92
9.304,7.47,7.26,-1.89
9.324,6.84,7.55,-1.8588888888888888
9.344,6.52,7.64,-1.8355555555555556
9.364,6.1,8.01,-1.7955555555555556
9.384,5.56,8.07,-1.768888888888889
9.404,5.42,8.09,-1.7344444444444445
9.424,4.99,8.22,-1.698888888888889
9.444,4.54,8.37,-1.6677777777777778
9.464,4.27,8.38,-1.6333333333333333
9.484,3.85,8.58,-1.5955555555555556
9.504,3.63,8.51,-1.5622222222222222
9.524,3.14,8.66,-1.53
9.544,2.89,8.73,-1.49
9.564,2.49,8.73,-1.4544444444444444
9.584,2.23,8.82,-1.4211111111111112
9.604,1.85,8.84,-1.3866666666666667
9.624,1.56,8.81,-1.3511111111111112
9.644,1.2,8.89,-1.3177777777777777
9.664,0.94,8.85,-1.28
9.684,0.61,8.9,-1.2455555555555555
9.704,0.37,8.81,-1.2122222222222223
9.724,0.06,8.85,-1.1777777777777778
9.744,-0.11,8.81,-1.1411111111111112
9.764,-0.46,8.79,-1.1111111111111112
9.784,-0.62,8.75,-1.0744444444444445
9.804,-0.93,8.71,-1.04
9.824,-1.16,8.71,-1.0066666666666666
9.844,-1.41,8.66,-0.9711111111111111
9.864,-1.59,8.61,-0.9388888888888889
9.884,-1.86,8.59,-0.9066666666666666
9.904,-1.96,8.53,-0.8744444444444445
9.924,-2.23,8.5,-0.84
9.944,-2.34,8.42,-0.8077777777777778
9.964,-2.59,8.35,-0.7744444444444445
9.984,-2.73,8.34,-0.74
10.004,-2.87,8.27,-0.7066666666666667
10.024,-3.01,8.23,-0.6755555555555556
10.044,-3.2,8.18,-0.6255555555555555
10.064,-3.33,8.17,-0.5933333333333334
10.084,-3.46,8.1,-0.5588888888888889
10.104,-3.53,8.08,-0.5277777777777778
10.124,-3.67,8.02,-0.49666666666666665
10.144,-3.76,7.99,-0.4666666666666667
10.164,-3.93,7.93,-0.43222222222222223
10.184,-3.95,7.91,-0.4011111111111111
10.204,-4.05,7.87,-0.3711111111111111
10.224,-4.1,7.85,-0.3388888888888889
10.244,-4.21,7.81,-0.31
10.264,-4.27,7.81,-0.27666666666666667
10.284,-4.33,7.78,-0.2477777777777778
10.304,-4.34,7.73,-0.21666666666666667
10.324,-4.42,7.68,-0.18444444444444444
10.344,-4.46,7.7,-0.15444444444444444
10.364,-4.49,7.71,-0.12555555555555556
10.384,-4.47,7.65,-0.1
10.404,-4.5,7.68,-0.06555555555555556
10.424,-4.55,7.64,-0.03111111111111111
10.444,-4.54,7.67,-0.0022222222222222222
10.464,-4.55,7.7,0.025555555555555557
10.484,-4.52,7.67,0.05444444444444444
10.504,-4.51,7.72,0.08555555555555555
10.524,-4.47,7.7,0.11666666666666667
10.544,-4.46,7.7,0.14777777777777779
10.564,-4.45,7.72,0.17555555555555555
10.584,-4.22,7.66,0.20333333333333334
10.604,-4.32,7.86,0.23333333333333334
10.624,-4.26,7.75,0.2633333333333333
10.644,-4.21,7.81,0.2922222222222222
10.664,-4.19,7.88,0.3211111111111111
10.684,-4.05,7.87,0.35
10.704,-4.05,7.96,0.38
10.724,-3.94,7.91,0.41444444444444445
10.744,-3.89,8.03,0.4411111111111111
10.764,-3.75,8.03,0.4722222222222222
10.784,-3.66,8.08,0.5022222222222222
10.804,-3.52,8.14,0.5311111111111111
10.824,-3.42,8.12,0.5611111111111111
10.844,-3.29,8.23,0.5922222222222222
10.864,-3.19,8.19,0.6244444444444445
10.884,-3.0,8.31,0.6555555555555556
10.904,-2.89,8.3,0.6855555555555556
10.924,-2.71,8.36,0.7177777777777777
10.944,-2.58,8.4,0.7488888888888889
10.964,-2.39,8.44,0.7788888888888889
10.984,-2.24,8.51,0.8122222222222222
11.004,-2.0,8.55,0.8455555555555555
11.024,-1.85,8.61,0.8744444444444445
11.044,-1.6,8.62,0.91
11.064,-1.44,8.7,0.94
11.084,-1.21,8.71,0.9744444444444444
11.104,-0.98,8.71,1.0044444444444445
11.124,-0.71,8.79,1.0377777777777777
11.144,-0.5,8.81,1.07
11.164,-0.21,8.84,1.1044444444444443
11.184,0.0,8.85,1.1366666666666667
11.204,0.28,8.89,1.17
11.224,0.63,8.92,1.2033333333333334
11.244,0.97,8.89,1.2366666666666666
11.264,1.17,8.91,1.27
11.284,1.57,8.91,1.3033333333333332
11.304,1.8,8.86,1.3366666666666667
11.324,2.19,8.84,1.3677777777777778
11.344,2.42,8.78,1.4
11.364,2.83,8.77,1.4344444444444444
11.384,3.11,8.73,1.4655555555555555
11.404,3.5,8.64,1.5
11.424,3.8,8.64,1.53
11.444,4.2,8.51,1.5611111111111111
11.464,4.48,8.45,1.5944444444444446
11.484,4.9,8.33,1.6244444444444444
11.504,5.18,8.27,1.6544444444444444
11.524,5.6,8.08,1.6855555555555555
11.544,5.9,7.93,1.7133333333333334
11.564,6.34,7.81,1.7433333333333334
11.584,6.63,7.64,1.7722222222222221
11.604,7.04,7.42,1.8
11.624,7.35,7.31,1.8255555555555556
11.644,7.69,7.03,1.85
11.664,8.03,6.86,1.88
11.684,8.4,6.58,1.9044444444444444
11.704,8.6,6.44,1.9277777777777778
11.724,9.04,6.16,1.95
11.744,9.23,5.77,1.971111111111111
11.764,9.59,5.55,1.9944444444444445
11.784,9.82,5.27,2.01
11.804,10.14,4.82,2.03
11.824,10.33,4.67,2.05
11.844,10.57,4.24,2.0644444444444443
11.864,10.81,3.9,2.081111111111111
11.884,10.99,3.51,2.0944444444444446
11.904,11.18,3.23,2.1066666666666665
11.924,11.36,2.71,2.118888888888889
11.944,11.45,2.49,2.1277777777777778
11.964,11.59,2.04,2.1344444444444446
11.984,11.71,1.72,2.141111111111111
12.004,11.8,1.17,2.1466666666666665
12.024,11.86,0.85,2.148888888888889
12.044,11.87,0.46,2.1533333333333333
12.064,11.89,0.11,2.1566666666666667
12.084,11.85,-0.26,2.1533333333333333
12.104,11.85,-0.77,2.1566666666666667
12.124,11.78,-0.95,2.15
12.144,11.66,-1.58,2.14
12.164,11.61,-1.76,2.1355555555555554
12.184,11.31,-2.5,2.1277777777777778
12.204,11.46,-2.92,2.1233333333333335
12.224,11.01,-3.16,2.108888888888889
12.244,10.8,-3.71,2.0944444444444446
12.264,10.73,-3.94,2.081111111111111
12.284,10.32,-4.35,2.066666666666667
12.304,10.31,-4.57,2.048888888888889
12.324,9.88,-5.14,2.0344444444444445
12.344,9.63,-5.22,2.01
12.364,9.43,-5.58,1.99
12.384,8.98,-5.8,1.9733333333333334
12.404,8.86,-6.11,1.948888888888889
12.424,8.37,-6.4,1.9355555555555555
12.444,8.13,-6.57,1.9
12.464,7.76,-6.96,1.8888888888888888
12.484,7.43,-7.02,1.8622222222222222
12.504,7.08,-7.31,1.8366666666666667
12.524,6.79,-7.38,1.8066666666666666
12.544,6.31,-7.65,1.78
12.564,6.05,-7.81,1.748888888888889
12.584,5.61,-7.95,1.7055555555555555
12.604,5.33,-8.08,1.6888888888888889
12.624,4.92,-8.21,1.64
12.644,4.56,-8.32,1.6255555555555556
12.664,4.21,-8.42,1.5777777777777777
12.684,3.88,-8.49,1.56
12.704,3.48,-8.58,1.51
12.724,3.26,-8.68,1.4944444444444445
12.744,2.81,-8.7,1.46
12.764,2.54,-8.76,1.4288888888888889
12.784,2.14,-8.82,1.3944444444444444
12.804,1.9,-8.81,1.36
12.824,1.55,-8.86,1.3255555555555556
12.844,1.25,-8.87,1.2922222222222222
12.864,0.88,-8.91,1.2577777777777779
12.884,0.7,-8.92,1.221111111111111
12.904,0.29,-8.89,1.19
12.924,0.1,-8.87,1.1544444444444444
12.944,-0.17,-8.86,1.1188888888888888
12.964,-0.38,-8.8,1.0866666666666667
12.984,-0.65,-8.86,1.048888888888889
13.004,-0.85,-8.78,1.0155555555555555
13.024,-1.15,-8.77,0.98
13.044,-1.31,-8.7,0.9466666666666667
13.064,-1.57,-8.66,0.91
13.084,-1.71,-8.66,0.8766666666666667
13.104,-1.93,-8.61,0.8411111111111111
13.124,-2.12,-8.57,0.8066666666666666
13.144,-2.37,-8.56,0.7722222222222223
13.164,-2.54,-8.46,0.7366666666666667
13.184,-2.71,-8.45,0.7033333333333334
13.204,-2.81,-8.42,0.6688888888888889
13.224,-3.05,-8.34,0.6344444444444445
13.244,-3.11,-8.33,0.6011111111111112
13.264,-3.25,-8.28,0.5666666666666667
13.284,-3.36,-8.24,0.5322222222222223
13.304,-3.48,-8.21,0.4988888888888889
13.324,-3.6,-8.2,0.4666666666666667
13.344,-3.68,-8.14,0.43222222222222223
13.364,-3.75,-8.15,0.3988888888888889
13.384,-3.87,-8.07,0.36666666666666664
13.404,-3.92,-8.07,0.3322222222222222
13.424,-4.01,-8.04,0.3
13.444,-4.06,-8.02,0.2677777777777778
13.464,-4.1,-8.01,0.23444444444444446
13.484,-4.14,-8.0,0.2
13.504,-4.17,-7.98,0.1688888888888889
13.524,-4.19,-7.97,0.13666666666666666
13.544,-4.22,-7.96,0.10444444444444445
13.564,-4.22,-7.95,0.07
13.584,-4.23,-7.95,0.03666666666666667
13.604,-4.26,-7.96,0.0044444444444444444
13.624,-4.24,-7.95,-0.025555555555555557
13.644,-4.22,-7.96,-0.056666666666666664
13.664,-4.21,-7.99,-0.09
13.684,-4.19,-7.98,-0.12111111111111111
13.704,-4.15,-8.01,-0.15555555555555556
13.724,-4.1,-8.01,-0.18444444444444444
13.744,-4.08,-8.04,-0.21666666666666667
13.764,-4.02,-8.08,-0.25
13.784,-3.95,-8.09,-0.28
13.804,-3.91,-8.1,-0.31222222222222223
13.824,-3.83,-8.14,-0.3433333333333333
13.844,-3.76,-8.18,-0.37333333333333335
13.864,-3.66,-8.2,-0.4077777777777778
13.884,-3.59,-8.22,-0.44
13.904,-3.47,-8.27,-0.4711111111111111
13.924,-3.36,-8.3,-0.5044444444444445
13.944,-3.21,-8.34,-0.5344444444444445
13.964,-3.13,-8.37,-0.5677777777777778
13.984,-2.96,-8.4,-0.6
14.004,-2.84,-8.43,-0.6322222222222222
14.024,-2.69,-8.5,-0.6644444444444444
14.044,-2.58,-8.52,-0.6977777777777778
14.064,-2.36,-8.57,-0.7311111111111112
14.084,-2.22,-8.62,-0.7611111111111111
14.104,-1.94,-8.66,-0.7966666666666666
14.124,-1.81,-8.69,-0.83
14.144,-1.56,-8.75,-0.8633333333333333
14.164,-1.38,-8.75,-0.8966666666666666
14.184,-1.13,-8.77,-0.93
14.204,-0.97,-8.79,-0.9622222222222222
14.224,-0.68,-8.84,-0.9955555555555555
14.244,-0.47,-8.87,-1.03
14.264,-0.16,-8.9,-1.06
14.284,0.04,-8.9,-1.0944444444444446
14.304,0.26,-8.94,-1.1288888888888888
14.324,0.52,-8.93,-1.16
14.344,0.88,-8.93,-1.1966666666666668
14.364,1.08,-8.92,-1.2255555555555555
14.384,1.44,-8.92,-1.26
14.404,1.67,-8.88,-1.2922222222222222
14.424,2.05,-8.86,-1.3222222222222222
14.444,2.33,-8.86,-1.3555555555555556
14.464,2.64,-8.81,-1.3888888888888888
14.484,2.96,-8.73,-1.42
14.504,3.32,-8.68,-1.45
14.524,3.57,-8.57,-1.4822222222222223
14.544,4.03,-8.54,-1.51
14.564,4.26,-8.4,-1.54
14.584,4.71,-8.32,-1.57
14.604,4.95,-8.28,-1.5988888888888888
14.624,5.36,-8.05,-1.6277777777777778
14.644,5.68,-8.0,-1.6588888888888889
14.664,6.08,-7.75,-1.6844444444444444
14.684,6.37,-7.69,-1.711111111111111
14.704,6.74,-7.44,-1.7355555555555555
14.724,7.01,-7.34,-1.7622222222222221
14.744,7.44,-7.09,-1.7844444444444445
14.764,7.68,-6.85,-1.808888888888889
14.784,7.97,-6.56,-1.8288888888888888
14.804,8.3,-6.55,-1.85
14.824,8.63,-6.1,-1.87
14.844,8.95,-6.02,-1.89
14.864,9.27,-5.58,-1.9066666666666667
14.884,9.48,-5.41,-1.9266666666666667
14.904,9.8,-5.07,-1.94
14.924,9.98,-4.79,-1.9544444444444444
14.944,10.16,-4.53,-1.9666666666666666
14.964,10.44,-4.14,-1.981111111111111
14.984,10.58,-3.84,-1.99
15.004,10.81,-3.47,-1.9966666666666666
15.024,10.93,-3.19,-2.0055555555555555
15.044,11.19,-2.56,-2.01
15.064,11.27,-2.27,-2.017777777777778
15.084,11.42,-1.89,-2.02
15.104,11.47,-1.53,-2.0233333333333334
15.124,11.55,-1.14,-2.02
15.144,11.58,-0.67,-2.0244444444444443
15.164,11.62,-0.38,-2.022222222222222
15.184,11.62,0.14,-2.0144444444444445
15.204,11.6,0.44,-2.01
15.224,11.51,0.86,-2.0044444444444443
15.244,11.46,1.12,-1.9966666666666666
15.264,11.4,1.36,-1.99
15.284,11.34,1.99,-1.9766666666666666
15.304,11.19,2.2,-1.9655555555555555
15.324,11.09,2.61,-1.9522222222222223
15.344,10.94,2.92,-1.9388888888888889
15.364,10.71,3.25,-1.9222222222222223
15.384,10.72,3.47,-1.9077777777777778
15.404,10.33,3.94,-1.8888888888888888
15.424,10.23,4.19,-1.87
15.444,9.96,4.41,-1.85
15.464,9.79,4.92,-1.8288888888888888
15.484,9.47,5.14,-1.8066666666666666
15.504,9.34,5.32,-1.7833333333333334
15.524,9.07,5.61,-1.761111111111111
15.544,8.74,5.94,-1.7355555555555555
15.564,8.49,6.22,-1.71
15.584,8.2,6.28,-1.6833333333333333
15.604,7.89,6.76,-1.6544444444444444
15.624,7.59,6.61,-1.6255555555555556
15.644,7.33,6.95,-1.5988888888888888
15.664,6.98,7.15,-1.5677777777777777
15.684,6.63,7.3,-1.5377777777777777
15.704,6.39,7.25,-1.508888888888889
15.724,6.06,7.59,-1.4766666666666666
15.744,5.86,7.75,-1.4466666666666668
15.764,5.51,7.87,-1.4122222222222223
15.784,5.2,7.94,-1.3788888888888888
15.804,4.94,8.2,-1.35
15.824,4.67,8.15,-1.3144444444444445
15.844,4.33,8.33,-1.2777777777777777
15.864,4.09,8.37,-1.2455555555555555
15.884,3.78,8.46,-1.2122222222222223
15.904,3.56,8.53,-1.1788888888888889
15.924,3.2,8.54,-1.1433333333333333
15.944,3.05,8.63,-1.11
15.964,2.75,8.66,-1.0766666666666667
15.984,2.45,8.68,-1.04
16.004,2.18,8.78,-1.0066666666666666
16.024,1.98,8.78,-0.97
16.044,1.74,8.82,-0.9366666666666666
16.064,1.57,8.81,-0.9033333333333333
16.084,1.32,8.82,-0.8677777777777778
16.104,1.18,8.85,-0.8322222222222222
16.124,0.94,8.87,-0.7977777777777778
16.144,0.79,8.86,-0.7622222222222222
16.164,0.6,8.88,-0.73
16.184,0.45,8.86,-0.6933333333333334
16.204,0.26,8.88,-0.66
16.224,0.13,8.85,-0.6233333333333333
16.244,0.03,8.86,-0.5911111111111111
16.264,-0.06,8.84,-0.5544444444444444
16.284,-0.22,8.84,-0.5222222222222223
16.304,-0.34,8.83,-0.4855555555555556
16.324,-0.48,8.82,-0.45
16.344,-0.53,8.81,-0.41555555555555557
16.364,-0.65,8.81,-0.38
16.384,-0.72,8.82,-0.34555555555555556
16.404,-0.79,8.8,-0.31
16.424,-0.86,8.78,-0.27555555555555555
16.444,-0.94,8.78,-0.2411111111111111
16.464,-0.98,8.76,-0.20666666666666667
16.484,-1.03,8.79,-0.1711111111111111
16.504,-1.06,8.75,-0.13777777777777778
16.524,-1.08,8.76,-0.10333333333333333
16.544,-1.08,8.8,-0.06777777777777778
16.564,-1.1,8.77,-0.03666666666666667
16.584,-1.11,8.77,0.0
16.604,-1.09,8.75,0.03333333333333333
16.624,-1.08,8.79,0.06777777777777778
16.644,-1.07,8.82,0.09888888888888889
16.664,-1.04,8.78,0.13333333333333333
16.684,-1.0,8.8,0.16777777777777778
16.704,-0.95,8.78,0.2
16.724,-0.9,8.81,0.23222222222222222
16.744,-0.86,8.83,0.26666666666666666
16.764,-0.8,8.8,0.3
16.784,-0.7,8.83,0.3333333333333333
16.804,-0.59,8.82,0.3688888888888889
16.824,-0.56,8.86,0.4
16.844,-0.43,8.85,0.43555555555555553
16.864,-0.33,8.84,0.47
16.884,-0.18,8.85,0.5033333333333333
16.904,-0.08,8.87,0.5366666666666666
16.924,0.09,8.88,0.57
16.944,0.18,8.88,0.6055555555555555
16.964,0.36,8.9,0.64
16.984,0.52,8.86,0.6722222222222223
17.004,0.71,8.87,0.7055555555555556
17.024,0.85,8.88,0.7411111111111112
17.044,1.07,8.87,0.7744444444444445
17.064,1.21,8.85,0.8088888888888889
17.084,1.45,8.81,0.8422222222222222
17.104,1.63,8.85,0.8722222222222222
17.124,1.86,8.81,0.9077777777777778
17.144,2.05,8.81,0.94
17.164,2.33,8.77,0.9722222222222222
17.184,2.51,8.77,1.0077777777777779
17.204,2.79,8.69,1.038888888888889
17.224,2.98,8.67,1.0711111111111111
17.244,3.3,8.58,1.1044444444444443
17.264,3.47,8.53,1.1366666666666667
17.284,3.79,8.49,1.1677777777777778
17.304,3.99,8.43,1.2
17.324,4.23,8.38,1.2322222222222223
17.344,4.56,8.27,1.2633333333333334
17.364,4.88,8.12,1.2944444444444445
17.384,5.09,8.1,1.3244444444444445
17.404,5.43,7.99,1.3511111111111112
17.424,5.67,7.84,1.3833333333333333
17.444,6.02,7.69,1.4122222222222223
17.464,6.24,7.58,1.441111111111111
17.484,6.59,7.42,1.471111111111111
17.504,6.82,7.28,1.4966666666666666
17.524,7.16,7.1,1.5244444444444445
17.544,7.39,6.93,1.55
17.564,7.7,6.7,1.5777777777777777
17.584,7.93,6.54,1.6011111111111112
17.604,8.22,6.27,1.6255555555555556
17.624,8.45,6.13,1.65
17.644,8.78,5.84,1.67
17.664,8.97,5.64,1.691111111111111
17.684,9.13,5.45,1.71
17.704,9.47,5.12,1.7333333333333334
17.724,9.63,4.93,1.7544444444444445
17.744,9.88,4.55,1.768888888888889
17.764,10.04,4.33,1.7855555555555556
17.784,10.26,3.98,1.8
17.804,10.4,3.74,1.8166666666666667
17.824,10.61,3.37,1.83
17.844,10.77,3.1,1.84
17.864,10.87,2.58,1.8533333333333333
17.884,11.09,2.3,1.8622222222222222
17.904,11.18,1.9,1.8711111111111112
17.924,11.23,1.6,1.8777777777777778
17.944,11.27,1.17,1.8811111111111112
17.964,11.39,0.9,1.8911111111111112
17.984,11.4,0.53,1.8922222222222222
18.004,11.4,0.13,1.8933333333333333
18.024,11.49,-0.27,1.8944444444444444
18.044,11.35,-0.54,1.8955555555555557
18.064,11.3,-0.89,1.8933333333333333
18.084,11.29,-1.18,1.89
18.104,11.17,-1.6,1.8888888888888888
18.124,11.13,-1.99,1.8788888888888888
18.144,10.95,-2.37,1.8688888888888888
18.164,10.86,-2.56,1.8622222222222222
18.184,10.75,-3.01,1.8522222222222222
18.204,10.46,-3.2,1.8455555555555556
18.224,10.43,-3.75,1.8288888888888888
18.244,10.19,-3.77,1.82
18.264,9.93,-4.31,1.8022222222222222
18.284,9.8,-4.5,1.7866666666666666
18.304,9.53,-4.84,1.768888888888889
18.324,9.4,-5.01,1.75
18.344,9.09,-5.43,1.7322222222222223
18.364,8.87,-5.58,1.7122222222222223
18.384,8.63,-5.92,1.6922222222222223
18.404,8.37,-5.97,1.6722222222222223
18.424,8.04,-6.31,1.6466666666666667
18.444,7.78,-6.52,1.6222222222222222
18.464,7.44,-6.71,1.5977777777777777
18.484,7.25,-6.89,1.5722222222222222
18.504,6.92,-7.02,1.5477777777777777
18.524,6.67,-7.25,1.518888888888889
18.544,6.3,-7.42,1.4922222222222221
18.564,6.04,-7.55,1.4644444444444444
18.584,5.74,-7.73,1.4344444444444444
18.604,5.5,-7.8,1.4044444444444444
18.624,5.12,-8.01,1.3733333333333333
18.644,4.94,-7.99,1.3433333333333333
18.664,4.56,-8.2,1.31
18.684,4.32,-8.26,1.2833333333333334
18.704,4.04,-8.34,1.2477777777777779
18.724,3.79,-8.39,1.2155555555555555
18.744,3.51,-8.51,1.1822222222222223
18.764,3.24,-8.55,1.1488888888888888
18.784,2.84,-8.66,1.1177777777777778
18.804,2.68,-8.67,1.0855555555555556
18.824,2.38,-8.74,1.051111111111111
18.844,2.15,-8.75,1.02
18.864,1.88,-8.8,0.9855555555555555
18.884,1.73,-8.78,0.9511111111111111
18.904,1.5,-8.81,0.9155555555555556
18.924,1.29,-8.86,0.9
18.944,1.04,-8.85,0.8488888888888889
18.964,0.86,-8.88,0.8144444444444444
18.984,0.68,-8.83,0.78
19.004,0.54,-8.89,0.7633333333333333
19.024,0.3,-8.88,0.71
19.044,0.16,-8.84,0.6766666666666666
19.064,0.03,-8.93,0.6433333333333333
19.084,-0.02,-8.86,0.6244444444444445
19.104,-0.21,-8.89,0.57
19.124,-0.32,-8.87,0.5533333333333333
19.144,-0.46,-8.86,0.5011111111111111
19.164,-0.57,-8.86,0.48444444444444446
19.184,-0.67,-8.85,0.43222222222222223
19.204,-0.77,-8.85,0.4177777777777778
19.224,-0.88,-8.85,0.36333333333333334
19.244,-0.95,-8.85,0.34555555555555556
19.264,-1.03,-8.82,0.29333333333333333
19.284,-1.07,-8.8,0.2577777777777778
19.304,-1.14,-8.82,0.24
19.324,-1.16,-8.8,0.20777777777777778
19.344,-1.22,-8.81,0.17222222222222222
19.364,-1.24,-8.81,0.13777777777777778
19.384,-1.29,-8.81,0.10222222222222223
19.404,-1.27,-8.81,0.06666666666666667
19.424,-1.29,-8.79,0.03222222222222222
19.444,-1.29,-8.82,0.0
19.464,-1.26,-8.83,-0.03777777777777778
19.484,-1.25,-8.82,-0.07
19.504,-1.22,-8.79,-0.10444444444444445
19.524,-1.21,-8.84,-0.13666666666666666
19.544,-1.15,-8.84,-0.17333333333333334
19.564,-1.12,-8.85,-0.20666666666666667
19.584,-1.05,-8.86,-0.24
19.604,-1.0,-8.86,-0.27
19.624,-0.91,-8.87,-0.3055555555555556
19.644,-0.85,-8.87,-0.34
19.664,-0.74,-8.84,-0.37444444444444447
19.684,-0.69,-8.89,-0.4077777777777778
19.704,-0.52,-8.87,-0.44
19.724,-0.4,-8.88,-0.47444444444444445
19.744,-0.23,-8.89,-0.5088888888888888
19.764,-0.14,-8.9,-0.5433333333333333
19.784,0.02,-8.91,-0.5766666666666667
19.804,0.11,-8.9,-0.61
19.824,0.27,-8.91,-0.6422222222222222
19.844,0.42,-8.92,-0.6788888888888889
19.864,0.62,-8.91,-0.71
19.884,0.75,-8.88,-0.7455555555555555
19.904,1.02,-8.9,-0.7766666666666666
19.924,1.15,-8.92,-0.81
19.944,1.38,-8.84,-0.8433333333333334
19.964,1.54,-8.89,-0.8755555555555555
19.984,1.79,-8.82,-0.9088888888888889
20.004,1.99,-8.83,-0.9411111111111111
20.024,2.26,-8.78,-0.9733333333333334
20.044,2.43,-8.72,-1.0055555555555555
20.064,2.63,-8.73,-1.038888888888889
20.084,2.92,-8.7,-1.07
20.104,3.13,-8.59,-1.1
20.124,3.45,-8.55,-1.13
20.144,3.64,-8.48,-1.1622222222222223
20.164,3.96,-8.43,-1.1922222222222223
20.184,4.18,-8.32,-1.2222222222222223
20.204,4.5,-8.22,-1.2533333333333334
20.224,4.73,-8.19,-1.278888888888889
20.244,5.04,-8.01,-1.308888888888889
20.264,5.37,-7.89,-1.3388888888888888
20.284,5.6,-7.79,-1.3644444444444443
20.304,5.95,-7.64,-1.39
20.324,6.21,-7.52,-1.4177777777777778
20.344,6.51,-7.33,-1.4433333333333334
20.364,6.74,-7.24,-1.4666666666666666
20.384,6.93,-7.08,-1.4944444444444445
20.404,7.28,-6.87,-1.5144444444444445
20.424,7.51,-6.72,-1.538888888888889
20.444,7.82,-6.48,-1.5611111111111111
20.464,8.02,-6.33,-1.5811111111111111
20.484,8.33,-6.06,-1.6011111111111112
20.504,8.52,-5.94,-1.62
20.524,8.84,-5.58,-1.6377777777777778
20.544,9.0,-5.44,-1.6555555555555554
20.564,9.34,-5.17,-1.6655555555555555
20.584,9.47,-4.89,-1.6877777777777778
20.604,9.72,-4.62,-1.7
20.624,9.87,-4.31,-1.7144444444444444
20.644,10.15,-3.87,-1.7255555555555555
20.664,10.31,-3.64,-1.7377777777777779
20.684,10.49,-3.29,-1.7477777777777779
20.704,10.6,-2.99,-1.7522222222222221
20.724,10.74,-2.62,-1.7633333333333334
20.744,10.85,-2.35,-1.7655555555555555
20.764,10.95,-2.02,-1.7733333333333334
20.784,11.01,-1.73,-1.7744444444444445
20.804,11.1,-1.35,-1.7777777777777777
20.824,11.13,-1.07,-1.7777777777777777
20.844,11.17,-0.68,-1.7777777777777777
20.864,11.17,-0.42,-1.7733333333333334
20.884,11.16,-0.03,-1.771111111111111
20.904,11.18,0.21,-1.7644444444444445
20.924,11.12,0.61,-1.761111111111111
20.944,11.12,0.94,-1.7522222222222221
20.964,11.02,1.25,-1.74
20.984,10.99,1.58,-1.7344444444444445
21.004,10.9,1.95,-1.7222222222222223
21.024,10.79,2.23,-1.711111111111111
21.044,10.67,2.6,-1.7
21.064,10.6,2.83,-1.6833333333333333
21.084,10.44,3.14,-1.6688888888888889
21.104,10.25,3.43,-1.6522222222222223
21.124,10.06,3.74,-1.6388888888888888
21.144,9.95,4.02,-1.62
21.164,9.77,4.21,-1.5966666666666667
21.184,9.54,4.44,-1.58
21.204,9.35,4.86,-1.5577777777777777
21.224,9.16,4.93,-1.5366666666666666
21.244,8.95,5.36,-1.5133333333333334
21.264,8.75,5.34,-1.491111111111111
21.284,8.49,5.68,-1.4677777777777778
21.304,8.36,5.89,-1.44
21.324,8.02,6.06,-1.4155555555555555
21.344,7.88,6.27,-1.3888888888888888
21.364,7.57,6.47,-1.36
21.384,7.45,6.63,-1.3333333333333333
21.404,7.15,6.8,-1.3044444444444445
21.424,6.96,6.95,-1.2755555555555556
21.444,6.7,7.07,-1.248888888888889
21.464,6.45,7.32,-1.2166666666666666
21.484,6.23,7.38,-1.1844444444444444
21.504,6.0,7.38,-1.1544444444444444
21.524,5.72,7.63,-1.1233333333333333
21.544,5.56,7.64,-1.0933333333333333
21.564,5.31,7.74,-1.058888888888889
21.584,5.09,7.85,-1.03
21.604,4.74,8.05,-0.9966666666666667
21.624,4.63,8.06,-0.9622222222222222
21.644,4.4,8.15,-0.93
21.664,4.22,8.23,-0.8977777777777778
21.684,3.98,8.25,-0.8655555555555555
21.704,3.82,8.38,-0.8322222222222222
21.724,3.63,8.4,-0.7988888888888889
21.744,3.51,8.42,-0.7644444444444445
21.764,3.31,8.48,-0.73
21.784,3.16,8.53,-0.6988888888888889
21.804,2.95,8.56,-0.6677777777777778
21.824,2.85,8.54,-0.63
21.844,2.69,8.62,-0.5966666666666667
21.864,2.61,8.62,-0.5633333333333334
21.884,2.44,8.65,-0.5266666666666666
21.904,2.35,8.66,-0.49333333333333335
21.924,2.22,8.67,-0.46
21.944,2.15,8.72,-0.4222222222222222
21.964,2.05,8.7,-0.39
21.984,1.95,8.74,-0.35555555555555557
22.004,1.87,8.76,-0.3211111111111111
22.024,1.79,8.75,-0.28555555555555556
22.044,1.74,8.74,-0.25222222222222224
22.064,1.71,8.76,-0.21888888888888888
22.084,1.63,8.76,-0.1811111111111111
22.104,1.63,8.76,-0.14666666666666667
22.124,1.58,8.76,-0.11222222222222222
22.144,1.57,8.78,-0.07888888888888888
22.164,1.54,8.78,-0.043333333333333335
22.184,1.53,8.79,-0.01
22.204,1.56,8.8,0.024444444444444446
22.224,1.55,8.81,0.058888888888888886
22.244,1.58,8.78,0.09111111111111111
22.264,1.61,8.78,0.12666666666666668
22.284,1.64,8.81,0.15888888888888889
22.304,1.67,8.79,0.1922222222222222
22.324,1.72,8.78,0.22555555555555556
22.344,1.79,8.76,0.26
22.364,1.85,8.75,0.29333333333333333
22.384,1.92,8.76,0.3244444444444444
22.404,2.0,8.73,0.36
22.424,2.09,8.75,0.3933333333333333
22.444,2.2,8.72,0.42444444444444446
22.464,2.26,8.7,0.4577777777777778
22.484,2.4,8.7,0.4911111111111111
22.504,2.49,8.66,0.5255555555555556
22.524,2.63,8.64,0.5588888888888889
22.544,2.76,8.61,0.5922222222222222
22.564,2.96,8.56,0.6244444444444445
22.584,3.11,8.54,0.6577777777777778
22.604,3.27,8.52,0.6888888888888889
22.624,3.42,8.42,0.7233333333333334
22.644,3.6,8.44,0.7533333333333333
22.664,3.75,8.39,0.7866666666666666
22.684,3.97,8.34,0.8188888888888889
22.704,4.12,8.28,0.85
22.724,4.32,8.21,0.8822222222222222
22.744,4.49,8.14,0.9144444444444444
22.764,4.73,8.09,0.9433333333333334
22.784,4.87,7.99,0.9722222222222222
22.804,5.17,7.91,1.0044444444444445
22.824,5.29,7.82,1.0333333333333334
22.844,5.56,7.69,1.0666666666666667
22.864,5.77,7.66,1.0944444444444446
22.884,5.99,7.51,1.1233333333333333
22.904,6.22,7.44,1.15
22.924,6.34,7.3,1.1755555555555555
22.944,6.64,7.15,1.2066666666666668
22.964,6.83,7.03,1.231111111111111
22.984,7.11,6.84,1.258888888888889
23.004,7.26,6.76,1.2833333333333334
23.024,7.55,6.56,1.31
23.044,7.69,6.46,1.3333333333333333
23.064,7.98,6.19,1.3577777777777778
23.084,8.17,6.04,1.38
23.104,8.39,5.81,1.4011111111111112
23.124,8.66,5.59,1.4244444444444444
23.144,8.84,5.42,1.4444444444444444
23.164,9.06,5.07,1.4644444444444444
23.184,9.2,4.96,1.4877777777777779
23.204,9.44,4.68,1.5055555555555555
23.224,9.59,4.45,1.5222222222222221
23.244,9.75,4.22,1.538888888888889
23.264,9.89,3.9,1.5566666666666666
23.284,10.1,3.6,1.568888888888889
23.304,10.18,3.43,1.5822222222222222
23.324,10.38,3.17,1.5955555555555556
23.344,10.52,2.82,1.6055555555555556
23.364,10.55,2.69,1.6155555555555556
23.384,10.71,2.26,1.6266666666666667
23.404,10.76,2.05,1.6333333333333333
23.424,10.86,1.73,1.6411111111111112
23.444,10.87,1.43,1.6477777777777778
23.464,10.99,1.03,1.6511111111111112
23.484,10.91,0.82,1.6577777777777778
23.504,10.92,0.49,1.6577777777777778
23.524,10.98,0.07,1.6611111111111112
23.544,11.04,-0.41,1.66
23.564,11.0,-0.54,1.66
23.584,10.93,-0.91,1.6577777777777778
23.604,10.85,-1.12,1.6577777777777778
23.624,10.86,-1.53,1.6511111111111112
23.644,10.72,-1.81,1.6455555555555557
23.664,10.8,-2.25,1.6366666666666667
23.684,10.48,-2.31,1.63
23.704,10.49,-2.8,1.6222222222222222
23.724,10.31,-2.85,1.6133333333333333
23.744,10.16,-3.35,1.6011111111111112
23.764,10.06,-3.52,1.59
23.784,9.85,-3.88,1.5755555555555556
23.804,9.84,-4.03,1.5611111111111111
23.824,9.56,-4.41,1.5477777777777777
23.844,9.41,-4.55,1.53
23.864,9.21,-4.99,1.5155555555555555
23.884,8.99,-5.01,1.4955555555555555
23.904,8.79,-5.33,1.478888888888889
23.924,8.58,-5.46,1.4544444444444444
23.944,8.33,-5.68,1.4366666666666668
23.964,8.14,-5.97,1.4166666666666667
23.984,7.86,-6.14,1.3933333333333333
24.004,7.65,-6.31,1.37
24.024,7.43,-6.42,1.3444444444444446
24.044,7.22,-6.71,1.32
24.064,6.94,-6.87,1.2955555555555556
24.084,6.77,-6.95,1.27
24.104,6.48,-7.1,1.2444444444444445
24.124,6.3,-7.3,1.2177777777777778
24.144,6.03,-7.42,1.1888888888888889
24.164,5.83,-7.5,1.1611111111111112
24.184,5.56,-7.59,1.13
24.204,5.37,-7.74,1.1011111111111112
24.224,5.12,-7.87,1.0744444444444445
24.244,4.93,-7.82,1.0422222222222222
24.264,4.68,-7.99,1.0133333333333334
24.284,4.47,-8.1,0.9833333333333333
24.304,4.22,-8.15,0.95
24.324,4.07,-8.24,0.92
24.344,3.84,-8.33,0.89
24.364,3.71,-8.32,0.8566666666666667
24.384,3.46,-8.42,0.8255555555555556
24.404,3.32,-8.44,0.7944444444444444
24.424,3.12,-8.5,0.7611111111111111
24.444,2.98,-8.54,0.7277777777777777
24.464,2.77,-8.57,0.6955555555555556
24.484,2.62,-8.59,0.6622222222222223
24.504,2.4,-8.66,0.63
24.524,2.3,-8.65,0.5966666666666667
24.544,2.18,-8.72,0.5633333333333334
24.564,2.04,-8.74,0.5311111111111111
24.584,1.91,-8.78,0.4955555555555556
24.604,1.82,-8.75,0.4633333333333333
24.624,1.7,-8.75,0.4288888888888889
24.644,1.66,-8.79,0.39444444444444443
24.664,1.54,-8.78,0.36
24.684,1.44,-8.81,0.32555555555555554
24.704,1.36,-8.81,0.29333333333333333
24.724,1.28,-8.8,0.2588888888888889
24.744,1.27,-8.78,0.22555555555555556
24.764,1.23,-8.79,0.19333333333333333
24.784,1.16,-8.83,0.15777777777777777
24.804,1.12,-8.83,0.12444444444444444
24.824,1.11,-8.81,0.08888888888888889
24.844,1.1,-8.82,0.05444444444444444
24.864,1.12,-8.79,0.021111111111111112
24.884,1.06,-8.89,-0.013333333333333334
24.904,1.1,-8.89,-0.044444444444444446
24.924,1.12,-8.85,-0.08
24.944,1.14,-8.85,-0.11
24.964,1.16,-8.85,-0.14444444444444443
24.984,1.19,-8.88,-0.17777777777777778
25.004,1.25,-8.86,-0.21
25.024,1.31,-8.87,-0.24333333333333335
25.044,1.35,-8.81,-0.2777777777777778
25.064,1.46,-8.78,-0.31
25.084,1.5,-8.82,-0.3411111111111111
25.104,1.6,-8.8,-0.37444444444444447
25.124,1.7,-8.81,-0.4077777777777778
25.144,1.8,-8.77,-0.4411111111111111
25.164,1.89,-8.74,-0.4722222222222222
25.184,2.02,-8.74,-0.5055555555555555
25.204,2.11,-8.74,-0.5355555555555556
25.224,2.26,-8.72,-0.57
25.244,2.36,-8.67,-0.6033333333333334
25.264,2.53,-8.66,-0.6344444444444445
25.284,2.68,-8.6,-0.6644444444444444
25.304,2.84,-8.56,-0.6977777777777778
25.324,2.97,-8.58,-0.7277777777777777
25.344,3.15,-8.53,-0.7588888888888888
25.364,3.31,-8.48,-0.7866666666666666
25.384,3.53,-8.39,-0.82
25.404,3.67,-8.4,-0.85
25.424,3.9,-8.32,-0.88
25.444,4.05,-8.3,-0.91
25.464,4.36,-8.19,-0.9388888888888889
25.484,4.53,-8.07,-0.9666666666666667
25.504,4.78,-7.97,-0.9955555555555555
25.524,4.97,-7.89,-1.0244444444444445
25.544,5.13,-7.76,-1.05
25.564,5.36,-7.78,-1.08
25.584,5.63,-7.66,-1.1055555555555556
25.604,5.81,-7.51,-1.1311111111111112
25.624,6.09,-7.37,-1.1577777777777778
25.644,6.28,-7.3,-1.1833333333333333
25.664,6.54,-7.13,-1.208888888888889
25.684,6.76,-6.96,-1.231111111111111
25.704,7.02,-6.87,-1.2566666666666666
25.724,7.16,-6.72,-1.278888888888889
25.744,7.44,-6.56,-1.3
25.764,7.61,-6.31,-1.32
25.784,7.87,-6.15,-1.34
25.804,8.06,-5.99,-1.36
25.824,8.28,-5.72,-1.3811111111111112
25.844,8.47,-5.65,-1.3966666666666667
25.864,8.69,-5.33,-1.4133333333333333
25.884,8.86,-5.19,-1.43
25.904,9.02,-5.01,-1.4477777777777778
25.924,9.23,-4.77,-1.46
25.944,9.38,-4.53,-1.4744444444444444
25.964,9.59,-4.26,-1.4866666666666666
25.984,9.69,-4.07,-1.49
26.004,9.88,-3.76,-1.5077777777777779
26.024,10.06,-3.45,-1.518888888888889
26.044,10.15,-3.24,-1.5255555555555556
26.064,10.29,-2.87,-1.5322222222222222
26.084,10.39,-2.63,-1.54
26.104,10.54,-2.39,-1.5422222222222222
26.124,10.59,-2.11,-1.55
26.144,10.63,-1.78,-1.5533333333333332
26.164,10.72,-1.52,-1.5533333333333332
26.184,10.78,-1.19,-1.5555555555555556
26.204,10.81,-0.92,-1.5544444444444445
26.224,10.84,-0.65,-1.5555555555555556
26.244,10.85,-0.44,-1.5522222222222222
26.264,10.9,-0.15,-1.5477777777777777
26.284,10.84,0.17,-1.5477777777777777
26.304,10.82,0.45,-1.5355555555555556
26.324,10.8,0.74,-1.531111111111111
26.344,10.75,0.98,-1.5255555555555556
26.364,10.69,1.33,-1.5166666666666666
26.384,10.69,1.56,-1.508888888888889
26.404,10.55,2.05,-1.4944444444444445
26.424,10.45,2.25,-1.4877777777777779
26.444,10.38,2.56,-1.47
26.464,10.29,2.73,-1.4622222222222223
26.484,10.16,3.06,-1.441111111111111
26.504,10.03,3.27,-1.4333333333333333
26.524,9.86,3.61,-1.4066666666666667
26.544,9.78,3.73,-1.4011111111111112
26.564,9.48,4.11,-1.3722222222222222
26.584,9.58,4.14,-1.3655555555555556
26.604,9.4,4.21,-1.3466666666666667
26.624,9.05,4.83,-1.3244444444444445
26.644,8.89,4.9,-1.3044444444444445
26.664,8.95,5.1,-1.2833333333333334
26.684,8.58,5.29,-1.2622222222222221
26.704,8.52,5.51,-1.2255555555555555
26.724,8.29,5.63,-1.211111111111111
26.744,8.07,5.8,-1.1888888888888889
26.764,7.92,6.05,-1.1655555555555555
26.784,7.76,6.03,-1.14
26.804,7.58,6.38,-1.11
26.824,7.37,6.38,-1.0855555555555556
26.844,7.17,6.51,-1.058888888888889
26.864,7.04,6.73,-1.03
26.884,6.75,6.79,-1.0033333333333334
26.904,6.68,6.84,-0.9733333333333334
26.924,6.43,7.03,-0.9488888888888889
26.944,6.3,7.21,-0.9166666666666666
26.964,6.05,7.23,-0.8866666666666667
26.984,5.99,7.33,-0.8555555555555555
27.004,5.78,7.47,-0.8266666666666667
27.024,5.65,7.41,-0.7955555555555556
27.044,5.49,7.54,-0.7655555555555555
27.064,5.33,7.66,-0.7344444444444445
27.084,5.2,7.72,-0.7044444444444444
27.104,5.06,7.74,-0.6722222222222223
27.124,4.91,7.84,-0.64
27.144,4.81,7.88,-0.6088888888888889
27.164,4.62,7.87,-0.5788888888888889
27.184,4.53,8.04,-0.5433333333333333
27.204,4.44,8.07,-0.5122222222222222
27.224,4.35,7.98,-0.4822222222222222
27.244,4.21,8.07,-0.4477777777777778
27.264,4.18,8.17,-0.4177777777777778
27.284,4.06,8.17,-0.38222222222222224
27.304,3.98,8.14,-0.3522222222222222
27.324,3.89,8.19,-0.31777777777777777
27.344,3.84,8.24,-0.28555555555555556
27.364,3.77,8.28,-0.25222222222222224
27.384,3.72,8.25,-0.21888888888888888
27.404,3.69,8.24,-0.18666666666666668
27.424,3.66,8.34,-0.15222222222222223
27.444,3.63,8.31,-0.12
27.464,3.62,8.29,-0.08444444444444445
27.484,3.61,8.31,-0.05333333333333334
27.504,3.6,8.29,-0.02
27.524,3.59,8.32,0.01
27.544,3.61,8.3,0.043333333333333335
27.564,3.66,8.3,0.07555555555555556
27.584,3.64,8.32,0.10666666666666667
27.604,3.68,8.28,0.1411111111111111
27.624,3.7,8.31,0.1711111111111111
27.644,3.79,8.28,0.20222222222222222
27.664,3.82,8.25,0.23444444444444446
27.684,3.87,8.25,0.26555555555555554
27.704,3.93,8.22,0.3
27.724,4.01,8.16,0.33
27.744,4.08,8.18,0.36333333333333334
27.764,4.2,8.12,0.39222222222222225
27.784,4.24,8.12,0.42333333333333334
27.804,4.38,8.08,0.45555555555555555
27.824,4.45,8.02,0.4855555555555556
27.844,4.57,7.99,0.5177777777777778
27.864,4.7,7.96,0.5477777777777778
27.884,4.84,7.88,0.5777777777777777
27.904,4.93,7.85,0.61
27.924,5.08,7.78,0.6388888888888888
27.944,5.19,7.75,0.6666666666666666
27.964,5.37,7.65,0.6988888888888889
27.984,5.5,7.58,0.7266666666666667
28.004,5.67,7.52,0.7566666666666667
28.024,5.78,7.46,0.7877777777777778
28.044,5.97,7.36,0.8133333333333334
28.064,6.08,7.26,0.8411111111111111
28.084,6.32,7.16,0.87
28.104,6.45,7.07,0.8966666666666666
28.124,6.63,6.97,0.9266666666666666
28.144,6.78,6.89,0.9511111111111111
28.164,6.97,6.73,0.9755555555555555
28.184,7.12,6.61,1.0044444444444445
28.204,7.32,6.5,1.03
28.224,7.49,6.36,1.051111111111111
28.244,7.68,6.19,1.0788888888888888
28.264,7.82,6.1,1.1011111111111112
28.284,8.12,5.81,1.1233333333333333
28.304,8.24,5.72,1.1477777777777778
28.324,8.43,5.47,1.1677777777777778
28.344,8.58,5.37,1.1877777777777778
28.364,8.78,5.11,1.21
28.384,8.9,4.96,1.2333333333333334
28.404,9.11,4.69,1.251111111111111
28.424,9.19,4.61,1.268888888888889
28.444,9.37,4.3,1.2877777777777777
28.464,9.52,4.16,1.3044444444444445
28.484,9.63,3.88,1.32
28.504,9.81,3.67,1.3333333333333333
28.524,9.94,3.38,1.35
28.544,9.99,3.23,1.3622222222222222
28.564,10.15,2.94,1.3766666666666667
28.584,10.24,2.69,1.3866666666666667
28.604,10.33,2.46,1.3988888888888888
28.624,10.41,2.23,1.4077777777777778
28.644,10.5,1.91,1.4166666666666667
28.664,10.55,1.75,1.4211111111111112
28.684,10.61,1.4,1.43
28.704,10.66,1.16,1.4344444444444444
28.724,10.77,0.74,1.44
28.744,10.62,0.69,1.4444444444444444
28.764,10.77,0.33,1.45
28.784,10.73,0.09,1.45
28.804,10.68,-0.1,1.4544444444444444
28.824,10.71,-0.55,1.451111111111111
28.844,10.66,-0.66,1.451111111111111
28.864,10.62,-1.0,1.45
28.884,10.58,-1.28,1.441111111111111
28.904,10.54,-1.51,1.44
28.924,10.38,-1.7,1.4333333333333333
28.944,10.44,-2.11,1.43
28.964,10.2,-2.26,1.42
28.984,10.26,-2.63,1.4133333333333333
29.004,10.12,-2.78,1.4066666666666667
29.024,10.03,-3.03,1.3944444444444444
29.044,9.93,-3.36,1.3855555555555557
29.064,9.75,-3.5,1.3711111111111112
29.084,9.7,-3.87,1.3588888888888888
29.104,9.46,-4.02,1.3433333333333333
29.124,9.39,-4.2,1.33
29.144,9.2,-4.53,1.3144444444444445
29.164,9.0,-4.6,1.3
29.184,8.87,-4.96,1.28
29.204,8.69,-5.01,1.2644444444444445
29.224,8.5,-5.28,1.2444444444444445
29.244,8.35,-5.47,1.2244444444444444
29.264,8.09,-5.67,1.2033333333333334
29.284,7.92,-5.88,1.1844444444444444
29.304,7.73,-6.02,1.1633333333333333
29.324,7.55,-6.16,1.14
29.344,7.36,-6.29,1.1177777777777778
29.364,7.2,-6.48,1.0933333333333333
29.384,6.97,-6.62,1.07
29.404,6.82,-6.78,1.0444444444444445
29.424,6.61,-6.89,1.018888888888889
29.444,6.46,-6.93,0.9955555555555555
29.464,6.26,-7.06,0.9688888888888889
29.484,6.1,-7.19,0.9411111111111111
29.504,5.88,-7.29,0.9144444444444444
29.524,5.74,-7.4,0.8877777777777778
29.544,5.57,-7.48,0.86
29.564,5.44,-7.55,0.8311111111111111
29.584,5.26,-7.68,0.8044444444444444
29.604,5.1,-7.74,0.7777777777777778
29.624,4.93,-7.85,0.7477777777777778
29.644,4.81,-7.82,0.7177777777777777
29.664,4.65,-7.91,0.69
29.684,4.52,-7.94,0.6588888888888889
29.704,4.37,-7.99,0.6277777777777778
29.724,4.25,-8.06,0.5977777777777777
29.744,4.1,-8.08,0.5666666666666667
29.764,4.05,-8.2,0.5366666666666666
29.784,3.87,-8.18,0.5055555555555555
29.804,3.81,-8.27,0.47555555555555556
29.824,3.67,-8.29,0.44222222222222224
29.844,3.6,-8.28,0.41333333333333333
29.864,3.51,-8.32,0.3811111111111111
29.884,3.45,-8.32,0.35
29.904,3.37,-8.37,0.32
29.924,3.32,-8.38,0.28555555555555556
29.944,3.23,-8.39,0.2544444444444444
29.964,3.21,-8.4,0.2222222222222222
29.984,3.14,-8.42,0.19
30.004,3.12,-8.45,0.16
