4.024,-7.0,4.61,1.1211111111111112
4.044,-6.88,4.75,1.1688888888888889
4.064,-6.61,4.93,1.2144444444444444
4.084,-6.45,5.07,1.2666666666666666
4.104,-6.17,5.19,1.32
4.124,-5.97,5.39,1.3733333333333333
4.144,-5.63,5.62,1.431111111111111
4.164,-5.37,5.74,1.4855555555555555
4.184,-5.05,5.93,1.55
4.204,-4.78,6.0,1.6088888888888888
4.224,-4.32,6.21,1.67
4.244,-4.01,6.4,1.7355555555555555
4.264,-3.52,6.54,1.8077777777777777
4.284,-3.17,6.71,1.8755555555555556
4.304,-2.6,6.84,1.9466666666666668
4.324,-2.21,7.09,2.0188888888888887
4.344,-1.57,7.19,2.0933333333333333
4.364,-1.17,7.3,2.171111111111111
4.384,-0.45,7.43,2.252222222222222
4.404,0.05,7.54,2.33
4.424,0.79,7.65,2.4122222222222223
4.444,1.32,7.7,2.49
4.464,2.13,7.78,2.5755555555555554
4.484,2.75,7.77,2.66
4.504,3.67,7.85,2.7422222222222223
4.524,4.6,7.79,2.8244444444444445
4.544,5.55,7.73,2.91
4.564,6.19,7.66,2.9922222222222223
4.584,7.27,7.52,3.0744444444444445
4.604,7.94,7.36,3.1555555555555554
4.624,8.88,7.07,3.2344444444444442
4.644,9.59,7.04,3.3133333333333335
4.664,10.61,6.57,3.3866666666666667
4.684,11.19,6.44,3.4655555555555555
4.704,12.13,5.99,3.531111111111111
4.724,12.71,5.69,3.6
4.744,13.35,5.36,3.6644444444444444
4.764,14.14,4.71,3.716666666666667
4.784,14.58,4.37,3.767777777777778
4.804,15.27,3.69,3.818888888888889
4.824,15.68,3.25,3.8566666666666665
4.844,16.16,2.38,3.8933333333333335
4.864,16.39,2.07,3.917777777777778
4.884,16.63,1.27,3.942222222222222
4.904,16.81,0.46,3.9555555555555557
4.924,16.81,-0.02,3.957777777777778
4.944,16.75,-0.65,3.948888888888889
4.964,16.68,-1.57,3.9522222222222223
4.984,16.43,-2.25,3.94
5.004,16.04,-2.7,3.9144444444444444
5.024,15.56,-3.18,3.88
5.044,15.28,-3.85,3.85
5.064,14.72,-4.22,3.8088888888888888
5.084,14.11,-4.88,3.7644444444444445
5.104,13.49,-5.17,3.7066666666666666
5.124,12.7,-5.6,3.652222222222222
5.144,12.08,-6.15,3.5855555555555556
5.164,10.97,-6.49,3.52
5.184,10.44,-6.75,3.4477777777777776
5.204,9.39,-6.92,3.37
5.224,8.66,-7.2,3.2977777777777777
5.244,7.62,-7.45,3.2133333333333334
5.264,6.97,-7.55,3.1344444444444446
5.284,6.04,-7.73,3.051111111111111
5.304,5.38,-7.73,2.9633333333333334
5.324,4.28,-7.78,2.8755555555555556
5.344,3.65,-7.8,2.7944444444444443
5.364,2.8,-7.77,2.7044444444444444
5.384,2.19,-7.72,2.62
5.404,1.25,-7.63,2.5355555555555553
5.424,0.69,-7.61,2.4444444444444446
5.444,0.0,-7.47,2.36
5.464,-0.48,-7.41,2.272222222222222
5.484,-1.54,-7.14,2.19
5.504,-1.93,-7.08,2.1077777777777778
5.524,-2.51,-6.87,2.026666666666667
5.544,-2.93,-6.75,1.9466666666666668
5.564,-3.49,-6.54,1.87
5.584,-3.88,-6.42,1.79
5.604,-4.32,-6.24,1.7155555555555555
5.624,-4.62,-6.12,1.6444444444444444
5.644,-5.08,-5.87,1.5733333333333333
5.664,-5.36,-5.74,1.5022222222222221
5.684,-5.69,-5.6,1.4366666666666668
5.704,-5.91,-5.39,1.37
5.724,-6.26,-5.21,1.3055555555555556
5.744,-6.45,-5.17,1.2433333333333334
5.764,-6.74,-4.96,1.18
5.784,-6.89,-4.81,1.1222222222222222
5.804,-7.12,-4.67,1.0622222222222222
5.824,-7.24,-4.57,1.0077777777777779
5.844,-7.47,-4.37,0.9522222222222222
5.864,-7.57,-4.28,0.8988888888888888
5.884,-7.73,-4.14,0.8477777777777777
5.904,-7.79,-4.06,0.7955555555555556
5.924,-7.93,-3.91,0.7444444444444445
5.944,-7.99,-3.81,0.6977777777777778
5.964,-8.11,-3.7,0.65
5.984,-8.18,-3.65,0.6011111111111112
6.004,-8.27,-3.58,0.5566666666666666
6.024,-8.34,-3.45,0.5111111111111111
6.044,-8.42,-3.37,0.4666666666666667
6.064,-8.44,-3.36,0.42333333333333334
6.084,-8.55,-3.28,0.38
6.104,-8.59,-3.2,0.3388888888888889
6.124,-8.64,-3.16,0.29888888888888887
6.144,-8.66,-3.12,0.25666666666666665
6.164,-8.69,-3.11,0.21555555555555556
6.184,-8.74,-3.07,0.17666666666666667
6.204,-8.75,-3.03,0.13555555555555557
6.224,-8.76,-3.02,0.09555555555555556
6.244,-8.76,-3.0,0.05555555555555555
6.264,-8.75,-2.98,0.014444444444444444
6.284,-8.73,-3.01,-0.023333333333333334
6.304,-8.73,-3.03,-0.06111111111111111
6.324,-8.7,-3.07,-0.10111111111111111
6.344,-8.7,-3.04,-0.14222222222222222
6.364,-8.66,-3.07,-0.18
6.384,-8.67,-3.12,-0.22111111111111112
6.404,-8.63,-3.17,-0.2588888888888889
6.424,-8.6,-3.21,-0.3
6.444,-8.54,-3.25,-0.3433333333333333
6.464,-8.5,-3.33,-0.3844444444444444
6.484,-8.46,-3.41,-0.4255555555555556
6.504,-8.42,-3.45,-0.47
6.524,-8.33,-3.51,-0.5111111111111111
6.544,-8.3,-3.6,-0.5544444444444444
6.564,-8.21,-3.71,-0.6011111111111112
6.584,-8.11,-3.76,-0.65
6.604,-8.03,-3.89,-0.6955555555555556
6.624,-7.91,-3.97,-0.7433333333333333
6.644,-7.75,-4.13,-0.79
6.664,-7.65,-4.22,-0.8411111111111111
6.684,-7.51,-4.36,-0.8933333333333333
6.704,-7.38,-4.44,-0.9433333333333334
6.724,-7.17,-4.61,-1.0
6.744,-7.02,-4.73,-1.0544444444444445
6.764,-6.79,-4.91,-1.1122222222222222
6.784,-6.61,-5.0,-1.1722222222222223
6.804,-6.35,-5.22,-1.2322222222222223
6.824,-6.15,-5.35,-1.2922222222222222
6.844,-5.86,-5.54,-1.3566666666666667
6.864,-5.64,-5.64,-1.4211111111111112
6.884,-5.26,-5.88,-1.4866666666666666
6.904,-5.0,-5.99,-1.5533333333333332
6.924,-4.6,-6.19,-1.6222222222222222
6.944,-4.3,-6.33,-1.6933333333333334
6.964,-3.82,-6.53,-1.768888888888889
6.984,-3.45,-6.62,-1.84
7.004,-2.9,-6.84,-1.9166666666666667
7.024,-2.54,-6.99,-1.9933333333333334
7.044,-1.91,-7.08,-2.0744444444444445
7.064,-1.45,-7.29,-2.15
7.084,-0.78,-7.4,-2.232222222222222
7.104,-0.26,-7.48,-2.311111111111111
7.124,0.46,-7.64,-2.3966666666666665
7.144,1.03,-7.66,-2.48
7.164,1.86,-7.79,-2.5644444444444443
7.184,2.45,-7.8,-2.647777777777778
7.204,3.32,-7.82,-2.7333333333333334
7.224,3.99,-7.84,-2.818888888888889
7.244,4.94,-7.79,-2.9
7.264,5.57,-7.75,-2.9811111111111113
7.284,6.58,-7.63,-3.0588888888888888
7.304,7.26,-7.56,-3.1433333333333335
7.324,8.45,-7.35,-3.2066666666666666
7.344,8.97,-7.22,-3.2933333333333334
7.364,10.25,-6.81,-3.3577777777777778
7.384,10.87,-6.54,-3.428888888888889
7.404,11.8,-6.15,-3.4944444444444445
7.424,12.37,-5.83,-3.5566666666666666
7.444,13.18,-5.35,-3.611111111111111
7.464,13.68,-5.03,-3.661111111111111
7.484,14.41,-4.38,-3.7088888888888887
7.504,14.81,-4.01,-3.75
7.524,15.19,-3.53,-3.7822222222222224
7.544,15.61,-2.81,-3.812222222222222
7.564,15.95,-2.24,-3.832222222222222
7.584,16.25,-1.48,-3.8433333333333333
7.604,16.46,-1.06,-3.848888888888889
7.624,16.35,-0.44,-3.852222222222222
7.644,16.36,0.0,-3.848888888888889
7.664,16.23,0.88,-3.828888888888889
7.684,16.21,1.44,-3.821111111111111
7.704,15.87,2.05,-3.783333333333333
7.724,15.59,2.5,-3.767777777777778
7.744,15.13,3.19,-3.707777777777778
7.764,14.39,3.8,-3.661111111111111
7.784,13.77,4.56,-3.611111111111111
7.804,13.18,4.81,-3.5566666666666666
7.824,12.68,5.26,-3.4922222222222223
7.844,11.72,5.94,-3.43
7.864,11.25,5.84,-3.3566666666666665
7.884,10.67,6.58,-3.2866666666666666
7.904,9.76,6.57,-3.25
7.924,9.08,6.99,-3.1344444444444446
7.944,8.09,7.25,-3.0933333333333333
7.964,7.47,7.21,-3.01
7.984,6.56,7.51,-2.9277777777777776
8.004,5.93,7.5,-2.798888888888889
8.024,5.02,7.76,-2.7577777777777777
8.044,4.35,7.75,-2.6655555555555557
8.064,3.54,7.67,-2.5766666666666667
8.084,2.99,7.83,-2.4944444444444445
8.104,2.15,7.75,-2.3644444444444446
8.124,1.61,7.69,-2.3255555555555554
8.144,0.82,7.69,-2.19
8.164,0.41,7.6,-2.1455555555555557
8.184,-0.31,7.55,-2.0233333333333334
8.204,-0.71,7.43,-1.9777777777777779
8.224,-1.42,7.46,-1.8966666666666667
8.244,-1.75,7.17,-1.8166666666666667
8.264,-2.36,7.2,-1.7377777777777779
8.284,-2.62,6.96,-1.6611111111111112
8.304,-3.16,6.98,-1.5822222222222222
8.324,-3.64,6.81,-1.5066666666666666
8.344,-3.95,6.55,-1.4355555555555555
8.364,-4.26,6.65,-1.36
8.384,-4.57,6.34,-1.288888888888889
8.404,-4.82,6.38,-1.22
8.424,-5.1,6.17,-1.1511111111111112
8.444,-5.26,6.15,-1.0844444444444445
8.464,-5.53,6.04,-1.018888888888889
8.484,-5.65,5.83,-0.9533333333333334
8.504,-5.92,5.8,-0.89
8.524,-6.01,5.64,-0.8277777777777777
8.544,-6.23,5.64,-0.7688888888888888
8.564,-6.35,5.49,-0.7088888888888889
8.584,-6.53,5.44,-0.6477777777777778
8.604,-6.63,5.37,-0.5911111111111111
8.624,-6.76,5.3,-0.5311111111111111
8.644,-6.83,5.27,-0.4777777777777778
8.664,-6.94,5.21,-0.42
8.684,-6.99,5.14,-0.3622222222222222
8.704,-7.07,5.11,-0.30777777777777776
8.724,-7.09,5.07,-0.25333333333333335
8.744,-7.15,5.07,-0.2
8.764,-7.15,5.03,-0.14555555555555555
8.784,-7.15,5.05,-0.09
8.804,-7.15,5.04,-0.03888888888888889
8.824,-7.13,5.06,0.014444444444444444
8.844,-7.13,5.08,0.06777777777777778
8.864,-7.07,5.08,0.12333333333333334
8.884,-7.07,5.11,0.17333333333333334
8.904,-6.99,5.12,0.22555555555555556
8.924,-6.96,5.19,0.28
8.944,-6.9,5.23,0.3322222222222222
8.964,-6.84,5.24,0.3877777777777778
8.984,-6.75,5.3,0.44222222222222224
9.004,-6.68,5.38,0.49777777777777776
9.024,-6.56,5.45,0.5533333333333333
9.044,-6.5,5.5,0.61
9.064,-6.34,5.61,0.6677777777777778
9.084,-6.22,5.63,0.7244444444444444
9.104,-6.03,5.75,0.7855555555555556
9.124,-5.9,5.83,0.8466666666666667
9.144,-5.7,5.95,0.9077777777777778
9.164,-5.49,6.01,0.9688888888888889
9.184,-5.23,6.16,1.0355555555555556
9.204,-5.02,6.24,1.1
9.224,-4.7,6.36,1.1666666666666667
9.244,-4.46,6.48,1.2322222222222223
9.264,-4.11,6.62,1.301111111111111
9.284,-3.69,6.76,1.3722222222222222
9.304,-3.26,6.89,1.44
9.324,-2.97,7.02,1.5166666666666666
9.344,-2.47,7.14,1.5888888888888888
9.364,-2.14,7.24,1.6666666666666667
9.384,-1.59,7.34,1.74
9.404,-1.22,7.41,1.818888888888889
9.424,-0.61,7.53,1.8988888888888888
9.444,-0.11,7.58,1.978888888888889
9.464,0.46,7.67,2.0588888888888888
9.484,0.93,7.7,2.1433333333333335
9.504,1.67,7.75,2.2244444444444444
9.524,2.21,7.81,2.31
9.544,3.03,7.78,2.3944444444444444
9.564,3.57,7.79,2.48
9.584,4.44,7.75,2.562222222222222
9.604,5.01,7.69,2.65
9.624,5.95,7.6,2.7311111111111113
9.644,6.56,7.52,2.816666666666667
9.664,7.53,7.33,2.897777777777778
9.684,7.79,7.21,2.9766666666666666
9.704,9.16,6.81,3.0566666666666666
9.724,9.72,6.79,3.132222222222222
9.744,10.56,6.41,3.2044444444444444
9.764,11.17,6.05,3.2744444444444443
9.784,11.98,5.75,3.34
9.804,12.58,5.29,3.4066666666666667
9.824,13.33,4.74,3.4644444444444447
9.844,13.8,4.53,3.52
9.864,14.4,3.78,3.5755555555555554
9.884,14.76,3.51,3.618888888888889
9.904,15.22,2.8,3.658888888888889
9.924,15.54,2.29,3.6933333333333334
9.944,15.81,1.6,3.718888888888889
9.964,15.96,1.06,3.74
9.984,16.11,0.37,3.7511111111111113
10.004,16.09,-0.14,3.76
10.024,15.99,-0.79,3.76
10.044,15.99,-1.72,3.7511111111111113
10.064,15.7,-2.16,3.741111111111111
10.084,15.51,-2.73,3.7177777777777776
10.104,15.04,-3.14,3.69
10.124,14.75,-3.74,3.658888888888889
10.144,14.0,-4.1,3.62
10.164,13.53,-4.92,3.5722222222222224
10.184,12.82,-5.09,3.5244444444444443
10.204,12.27,-5.49,3.47
10.224,11.09,-6.21,3.411111111111111
10.244,10.42,-6.48,3.3444444444444446
10.264,9.55,-6.9,3.2744444444444443
10.284,8.91,-6.93,3.207777777777778
10.304,7.88,-7.34,3.131111111111111
10.324,7.35,-7.39,3.05
10.344,6.38,-7.62,2.971111111111111
10.364,5.81,-7.59,2.8933333333333335
10.384,5.14,-7.69,2.8088888888888888
10.404,4.18,-7.75,2.7244444444444444
10.424,3.64,-7.76,2.6366666666666667
10.444,2.85,-7.79,2.55
10.464,2.21,-7.76,2.462222222222222
10.484,1.43,-7.75,2.3766666666666665
10.504,0.95,-7.68,2.29
10.524,0.21,-7.62,2.2022222222222223
10.544,-0.22,-7.55,2.1155555555555554
10.564,-0.96,-7.41,2.031111111111111
10.584,-1.36,-7.36,1.9444444444444444
10.604,-1.93,-7.23,1.8611111111111112
10.624,-2.3,-7.1,1.7755555555555556
10.644,-2.85,-7.02,1.6933333333333334
10.664,-3.33,-6.84,1.6122222222222222
10.684,-3.62,-6.77,1.5333333333333334
10.704,-3.9,-6.69,1.4566666666666668
10.724,-4.34,-6.5,1.3788888888888888
10.744,-4.62,-6.4,1.3022222222222222
10.764,-4.94,-6.25,1.2277777777777779
10.784,-5.16,-6.21,1.1511111111111112
10.804,-5.49,-6.03,1.08
10.824,-5.64,-5.98,1.008888888888889
10.844,-5.9,-5.83,0.9388888888888889
10.864,-6.06,-5.75,0.8711111111111111
10.884,-6.25,-5.64,0.8
10.904,-6.37,-5.58,0.7355555555555555
10.924,-6.5,-5.48,0.67
10.944,-6.64,-5.44,0.6044444444444445
10.964,-6.73,-5.35,0.5355555555555556
10.984,-6.82,-5.3,0.47555555555555556
11.004,-6.9,-5.22,0.41
11.024,-6.95,-5.25,0.3488888888888889
11.044,-7.01,-5.16,0.28555555555555556
11.064,-7.05,-5.17,0.22444444444444445
11.084,-7.09,-5.13,0.16111111111111112
11.104,-7.09,-5.11,0.09888888888888889
11.124,-7.11,-5.09,0.03666666666666667
11.144,-7.16,-5.09,-0.023333333333333334
11.164,-7.13,-5.13,-0.08333333333333333
11.184,-7.12,-5.14,-0.14555555555555555
11.204,-7.09,-5.18,-0.20666666666666667
11.224,-7.04,-5.21,-0.26666666666666666
11.244,-6.97,-5.24,-0.3288888888888889
11.264,-6.91,-5.29,-0.39
11.284,-6.81,-5.37,-0.45222222222222225
11.304,-6.7,-5.39,-0.5133333333333333
11.324,-6.57,-5.49,-0.5766666666666667
11.344,-6.45,-5.53,-0.6422222222222222
11.364,-6.27,-5.64,-0.7077777777777777
11.384,-6.12,-5.73,-0.7733333333333333
11.404,-5.9,-5.85,-0.84
11.424,-5.73,-5.92,-0.9088888888888889
11.444,-5.49,-6.06,-0.9766666666666667
11.464,-5.3,-6.13,-1.0444444444444445
11.484,-5.01,-6.27,-1.1177777777777778
11.504,-4.78,-6.35,-1.1888888888888889
11.524,-4.44,-6.5,-1.2633333333333334
11.544,-4.18,-6.59,-1.3377777777777777
11.564,-3.76,-6.75,-1.4122222222222223
11.584,-3.49,-6.84,-1.49
11.604,-2.99,-6.98,-1.5666666666666667
11.624,-2.69,-7.09,-1.6433333333333333
11.644,-2.16,-7.22,-1.7277777777777779
11.664,-1.76,-7.31,-1.8055555555555556
11.684,-1.16,-7.42,-1.8888888888888888
11.704,-0.77,-7.52,-1.97
11.724,-0.05,-7.6,-2.051111111111111
11.744,0.32,-7.72,-2.1355555555555554
11.764,1.11,-7.71,-2.22
11.784,1.6,-7.81,-2.3066666666666666
11.804,2.41,-7.82,-2.388888888888889
11.824,2.95,-7.86,-2.471111111111111
11.844,3.79,-7.82,-2.56
11.864,4.41,-7.8,-2.6444444444444444
11.884,5.33,-7.73,-2.7255555555555557
11.904,5.93,-7.64,-2.8066666666666666
11.924,6.87,-7.49,-2.88
11.944,7.47,-7.39,-2.9655555555555555
11.964,8.41,-7.15,-3.0388888888888888
11.984,9.04,-6.95,-3.1155555555555554
12.004,9.99,-6.65,-3.17
12.024,10.54,-6.46,-3.25
12.044,11.4,-6.05,-3.3133333333333335
12.064,11.94,-5.69,-3.37
12.084,12.7,-5.23,-3.4266666666666667
12.104,13.14,-4.9,-3.4766666666666666
12.124,13.8,-4.35,-3.5211111111111113
12.144,14.38,-3.75,-3.5588888888888888
12.164,14.87,-3.07,-3.5944444444444446
12.184,15.16,-2.61,-3.62
12.204,15.44,-1.91,-3.6366666666666667
12.224,15.66,-1.35,-3.652222222222222
12.244,15.83,-0.79,-3.658888888888889
12.264,15.8,-0.34,-3.661111111111111
12.284,15.72,0.46,-3.6577777777777776
12.304,15.76,0.85,-3.6433333333333335
12.324,15.45,1.66,-3.6222222222222222
12.344,15.26,2.09,-3.6
12.364,14.88,2.73,-3.57
12.384,14.46,3.24,-3.53
12.404,13.94,3.8,-3.4877777777777776
12.424,13.57,4.19,-3.44
12.444,12.84,4.64,-3.387777777777778
12.464,12.26,5.26,-3.3333333333333335
12.484,11.47,5.61,-3.267777777777778
12.504,11.05,5.74,-3.2
12.524,10.13,6.34,-3.131111111111111
12.544,9.53,6.36,-3.061111111111111
12.564,8.72,6.69,-2.9855555555555555
12.584,8.15,7.02,-2.9033333333333333
12.604,7.21,7.07,-2.828888888888889
12.624,6.6,7.4,-2.741111111111111
12.644,5.81,7.5,-2.6533333333333333
12.664,5.28,7.48,-2.57
12.684,4.4,7.63,-2.482222222222222
12.704,3.87,7.66,-2.3933333333333335
12.724,3.13,7.73,-2.31
12.744,2.59,7.75,-2.2222222222222223
12.764,1.88,7.74,-2.1344444444444446
12.784,1.38,7.76,-2.0477777777777777
12.804,0.7,7.68,-1.958888888888889
12.824,0.29,7.73,-1.8722222222222222
12.844,-0.28,7.76,-1.7877777777777777
12.864,-0.65,7.46,-1.7033333333333334
12.884,-1.25,7.59,-1.62
12.904,-1.49,7.38,-1.54
12.924,-2.08,7.42,-1.4577777777777778
12.944,-2.31,7.1,-0.0011111111111111111
12.964,-0.01,-0.01,-0.0011111111111111111
12.984,-2.97,7.08,-1.2177777777777778
13.004,-3.31,7.08,-1.1388888888888888
13.024,-3.47,6.99,-1.0611111111111111
13.044,-3.8,6.9,-0.9855555555555555
13.064,-4.0,6.87,-0.91
13.084,-4.17,6.72,-0.84
13.104,-0.01,-0.01,-0.0011111111111111111
13.124,-0.01,-0.01,-0.0011111111111111111
13.144,-0.01,-0.01,-0.0011111111111111111
13.164,-0.01,-0.01,-0.0011111111111111111
13.184,-0.01,-0.01,-0.0011111111111111111
13.204,-0.01,-0.01,-0.0011111111111111111
13.224,-0.01,-0.01,-0.0011111111111111111
13.244,-0.01,-0.01,-0.0011111111111111111
13.264,-5.29,6.38,-0.1988888888888889
13.284,-5.36,6.34,-0.13
13.304,-5.38,6.36,-0.06
13.324,-5.38,6.36,0.0077777777777777776
13.344,-5.34,6.38,0.07555555555555556
13.364,-5.32,6.42,0.14555555555555555
13.384,-5.27,6.42,0.21444444444444444
13.404,-5.24,6.42,0.2833333333333333
13.424,-5.13,6.47,0.35333333333333333
13.444,-5.03,6.51,0.42
13.464,-4.89,6.57,0.49
13.484,-4.79,6.6,0.56
13.504,-4.61,6.66,0.6311111111111111
13.524,-4.38,6.74,0.7033333333333334
13.544,-4.22,6.8,0.7755555555555556
13.564,-4.0,6.88,0.8466666666666667
13.584,-3.79,6.91,0.92
13.604,-3.5,7.03,0.9944444444444445
13.624,-3.27,7.09,1.068888888888889
13.644,-2.92,7.18,1.1433333333333333
13.664,-2.69,7.23,1.221111111111111
13.684,-2.44,7.3,1.2966666666666666
13.704,-2.01,7.39,1.38
13.724,-1.69,7.47,1.4566666666666668
13.744,-1.21,7.51,1.5377777777777777
13.764,-0.89,7.57,1.6188888888888888
13.784,-0.32,7.66,1.7
13.804,0.05,7.68,1.8233333333333333
13.824,0.65,7.77,1.8677777777777778
13.844,1.07,7.75,1.948888888888889
13.864,1.76,7.82,2.0366666666666666
13.884,2.23,7.79,2.1644444444444444
13.904,2.96,7.79,2.2066666666666666
13.924,3.47,7.74,2.3333333333333335
13.944,4.29,7.71,2.3777777777777778
13.964,4.82,7.65,2.502222222222222
13.984,5.66,7.56,2.5877777777777777
14.004,6.23,7.45,2.6655555555555557
14.024,7.06,7.3,2.7066666666666666
14.044,7.65,7.15,2.8222222222222224
14.064,8.44,6.92,2.898888888888889
14.084,9.35,6.59,2.9755555555555557
14.104,10.43,6.15,3.0455555555555556
14.124,10.67,6.02,3.1144444444444446
14.144,11.51,5.64,3.18
14.164,11.97,5.26,3.2377777777777776
14.184,12.7,4.77,3.2944444444444443
14.204,13.13,4.52,3.351111111111111
14.224,13.71,3.85,3.4
14.244,14.13,3.29,3.4444444444444446
14.264,14.52,2.88,3.482222222222222
14.284,14.94,2.31,3.513333333333333
14.304,15.27,1.63,3.537777777777778
14.324,15.3,1.31,3.5544444444444445
14.344,15.49,0.46,3.5677777777777777
14.364,15.59,0.17,3.5722222222222224
14.384,15.52,-0.65,3.5733333333333333
14.404,15.4,-0.97,3.5655555555555556
14.424,15.26,-1.94,3.5566666666666666
14.444,15.0,-2.05,3.5344444444444445
14.464,14.66,-2.92,3.51
14.484,14.41,-3.13,3.4766666666666666
14.504,13.81,-3.95,3.4411111111111112
14.524,13.36,-4.35,3.391111111111111
14.544,12.69,-5.0,3.3466666666666667
14.564,12.2,-5.13,3.29
14.584,11.5,-5.58,3.2355555555555555
14.604,10.9,-5.95,3.1755555555555555
14.624,10.08,-6.32,3.1066666666666665
14.644,9.51,-6.54,3.0355555555555553
14.664,8.66,-6.74,2.9633333333333334
14.684,8.11,-7.11,2.93
14.704,7.16,-7.27,2.812222222222222
14.724,6.62,-7.44,2.7733333333333334
14.744,5.78,-7.51,2.647777777777778
14.764,5.18,-7.62,2.6077777777777778
14.784,4.34,-7.72,2.48
14.804,3.73,-7.72,2.3955555555555557
14.824,2.98,-7.8,2.307777777777778
14.844,2.49,-7.76,2.2222222222222223
14.864,1.71,-7.77,2.1355555555555554
14.884,1.25,-7.73,2.046666666666667
14.904,0.53,-7.7,1.958888888888889
14.924,0.14,-7.64,1.8744444444444444
14.944,-0.42,-7.6,1.7855555555555556
14.964,-0.9,-7.52,1.7
14.984,-1.45,-7.45,1.6577777777777778
15.004,-1.78,-7.38,1.531111111111111
15.024,-2.38,-7.3,1.4877777777777779
15.044,-2.75,-7.17,1.3644444444444443
15.064,-3.14,-7.07,1.3222222222222222
15.084,-3.36,-7.03,1.24
15.104,-3.73,-6.91,1.16
15.124,-3.97,-6.87,1.0822222222222222
15.144,-4.27,-6.76,0.9611111111111111
15.164,-4.43,-6.69,0.9244444444444444
15.184,-4.66,-6.65,0.8088888888888889
15.204,-4.84,-6.55,0.7677777777777778
15.224,-5.06,-6.44,0.6522222222222223
15.244,-5.15,-6.44,0.6166666666666667
15.264,-5.27,-6.4,0.5033333333333333
15.284,-5.36,-6.33,0.46555555555555556
15.304,-5.48,-6.28,0.39111111111111113
15.324,-5.55,-6.24,0.3188888888888889
15.344,-5.58,-6.24,0.24555555555555555
15.364,-5.62,-6.24,0.17
15.384,-5.65,-6.19,0.1
15.404,-5.67,-6.19,0.025555555555555557
15.424,-5.64,-6.25,-0.04555555555555556
15.444,-5.63,-6.25,-0.11888888888888889
15.464,-5.59,-6.27,-0.19333333333333333
15.484,-5.56,-6.28,-0.2644444444444444
15.504,-5.43,-6.35,-0.3377777777777778
15.524,-5.36,-6.38,-0.4122222222222222
15.544,-5.25,-6.42,-0.4822222222222222
15.564,-5.17,-6.44,-0.5566666666666666
15.584,-4.98,-6.51,-0.6311111111111111
15.604,-4.84,-6.59,-0.7066666666666667
15.624,-4.65,-6.67,-0.78
15.644,-4.46,-6.73,-0.8588888888888889
15.664,-4.2,-6.8,-0.9344444444444444
15.684,-3.98,-6.88,-1.0133333333333334
15.704,-3.65,-6.97,-1.09
15.724,-3.43,-7.04,-1.1688888888888889
15.744,-3.02,-7.12,-1.2477777777777779
15.764,-2.77,-7.22,-1.3288888888888888
15.784,-2.33,-7.33,-1.4122222222222223
15.804,-2.02,-7.37,-1.49
15.824,-1.52,-7.48,-1.5733333333333333
15.844,-1.15,-7.54,-1.6577777777777778
15.864,-0.56,-7.62,-1.74
15.884,-0.13,-7.66,-1.8222222222222222
15.904,0.38,-7.75,-1.9111111111111112
15.924,0.87,-7.77,-1.9944444444444445
15.944,1.57,-7.82,-2.078888888888889
15.964,2.06,-7.8,-2.1666666666666665
15.984,3.04,-7.83,-2.2466666666666666
16.004,3.59,-7.8,-2.332222222222222
16.024,4.4,-7.74,-2.4155555555555557
16.044,4.93,-7.68,-2.5011111111111113
16.064,5.77,-7.58,-2.58
16.084,6.35,-7.49,-2.66
16.104,6.92,-7.36,-2.74
16.124,7.8,-7.15,-2.8144444444444443
16.144,8.34,-6.99,-2.888888888888889
16.164,9.18,-6.68,-2.962222222222222
16.184,9.61,-6.4,-3.0188888888888887
16.204,10.59,-6.17,-3.09
16.224,11.07,-5.85,-3.151111111111111
16.244,11.83,-5.43,-3.207777777777778
16.264,12.33,-5.08,-3.261111111111111
16.284,12.95,-4.62,-3.307777777777778
16.304,13.35,-4.22,-3.35
16.324,13.91,-3.65,-3.39
16.344,14.19,-3.19,-3.417777777777778
16.364,14.66,-2.59,-3.4433333333333334
16.384,14.85,-2.13,-3.46
16.404,15.06,-1.52,-3.48
16.424,15.2,-0.95,-3.4844444444444442
16.444,15.27,-0.33,-3.4844444444444442
16.464,15.22,0.11,-3.4788888888888887
16.484,15.13,0.75,-3.471111111111111
16.504,15.04,1.16,-3.4477777777777776
16.524,14.7,1.91,-3.4266666666666667
16.544,14.47,2.38,-3.3966666666666665
16.564,14.08,2.94,-3.361111111111111
16.584,13.73,3.32,-3.32
16.604,13.16,4.1,-3.2777777777777777
16.624,12.73,4.29,-3.223333333333333
16.644,12.19,4.74,-3.1666666666666665
16.664,11.65,5.22,-3.108888888888889
16.684,10.86,5.56,-3.0411111111111113
16.704,10.48,5.79,-2.9744444444444444
16.724,9.65,6.29,-2.9033333333333333
16.744,9.09,6.29,-2.83
16.764,8.35,6.61,-2.758888888888889
16.784,7.82,7.0,-2.6733333333333333
16.804,6.97,7.1,-2.6
16.824,6.44,7.38,-2.51
16.844,5.67,7.3,-2.4255555555555555
16.864,5.14,7.49,-2.3433333333333333
16.884,4.34,7.59,-2.2533333333333334
16.904,3.88,7.62,-2.168888888888889
16.924,3.15,7.76,-2.081111111111111
16.944,2.49,7.7,-1.9922222222222221
16.964,1.84,7.72,-1.9077777777777778
16.984,1.4,7.76,-1.82
17.004,0.81,7.72,-1.7322222222222223
17.024,0.41,7.81,-1.6444444444444444
17.044,-0.01,7.72,-1.5622222222222222
17.064,-0.38,7.66,-1.471111111111111
17.084,-0.88,7.71,-1.3855555555555557
17.104,-1.09,7.52,-1.3022222222222222
17.124,-1.57,7.62,-1.218888888888889
17.144,-1.72,7.46,-1.14
17.164,-2.22,7.53,-1.0555555555555556
17.184,-2.2,7.18,-0.9755555555555555
17.204,-2.53,7.35,-0.8911111111111111
17.224,-2.73,7.3,-0.8122222222222222
17.244,-3.02,7.27,-0.7311111111111112
17.264,-3.12,7.23,-0.6511111111111111
17.284,-3.28,7.2,-0.5744444444444444
17.304,-3.43,7.22,-0.4955555555555556
17.324,-3.54,7.09,-0.4177777777777778
17.344,-3.67,7.15,-0.3411111111111111
17.364,-3.73,7.08,-0.26222222222222225
17.384,-3.76,7.1,-0.18444444444444444
17.404,-3.81,7.07,-0.10888888888888888
17.424,-3.82,7.07,-0.03333333333333333
17.444,-3.84,7.12,0.04555555555555556
17.464,-3.78,7.09,0.12333333333333334
17.484,-3.76,7.11,0.2
17.504,-3.69,7.09,0.27555555555555555
17.524,-3.6,7.11,0.35333333333333333
17.544,-3.5,7.18,0.4311111111111111
17.564,-3.38,7.19,0.51
17.584,-3.27,7.2,0.5866666666666667
17.604,-3.03,7.27,0.6644444444444444
17.624,-2.89,7.33,0.7433333333333333
17.644,-2.63,7.38,0.8222222222222222
17.664,-2.45,7.41,0.9033333333333333
17.684,-2.12,7.43,0.9811111111111112
17.704,-1.9,7.52,1.0633333333333332
17.724,-1.53,7.59,1.1444444444444444
17.744,-1.26,7.58,1.2277777777777779
17.764,-0.85,7.68,1.308888888888889
17.784,-0.57,7.68,1.3911111111111112
17.804,-0.01,-0.01,-0.0011111111111111111
17.824,0.23,7.76,1.56
17.844,-0.01,-0.01,-0.0011111111111111111
17.864,1.16,7.81,1.73
17.884,1.77,7.79,1.8133333333333332
17.904,2.37,7.78,1.8988888888888888
17.924,3.05,7.77,1.9822222222222223
17.944,3.52,7.72,2.07
17.964,4.26,7.64,2.15
17.984,4.71,7.62,2.232222222222222
18.004,5.47,7.45,2.321111111111111
18.024,6.0,7.4,2.4033333333333333
18.044,6.77,7.2,2.4833333333333334
18.064,7.33,7.07,2.5644444444444443
18.084,8.1,6.86,2.6422222222222222
18.104,8.66,6.58,2.7155555555555555
18.124,9.45,6.32,2.79
18.144,10.03,6.11,2.862222222222222
18.164,10.72,5.72,2.931111111111111
18.184,11.16,5.54,2.991111111111111
18.204,11.91,5.02,3.05
18.224,12.31,4.7,3.11
18.244,12.9,4.42,3.1622222222222223
18.264,13.24,3.77,3.2133333333333334
18.284,13.75,3.41,3.2555555555555555
18.304,14.07,2.8,3.2911111111111113
18.324,14.39,2.2,3.3255555555555554
18.344,14.59,1.83,3.3544444444444443
18.364,14.81,1.09,3.3722222222222222
18.384,14.91,0.65,3.388888888888889
18.404,14.9,0.01,3.401111111111111
18.424,15.0,-0.49,3.4
18.444,14.8,-1.09,3.401111111111111
18.464,14.77,-1.66,3.39
18.484,14.48,-2.19,3.3844444444444446
18.504,14.37,-2.65,3.352222222222222
18.524,13.93,-3.04,3.3255555555555554
18.544,13.57,-3.69,3.2944444444444443
18.564,13.16,-3.94,3.2533333333333334
18.584,12.54,-4.46,3.2088888888888887
18.604,11.99,-4.76,3.16
18.624,11.43,-5.49,3.1077777777777778
18.644,10.73,-5.89,3.05
18.664,10.2,-5.9,2.9877777777777776
18.684,9.46,-6.35,2.9266666666666667
18.704,8.83,-6.57,2.8555555555555556
18.724,8.03,-6.94,2.783333333333333
18.744,7.53,-6.95,2.71
18.764,6.72,-7.2,2.632222222222222
18.784,6.17,-7.35,2.5533333333333332
18.804,5.37,-7.46,2.47
18.824,4.87,-7.59,2.387777777777778
18.844,4.35,-7.64,2.3044444444444445
18.864,3.35,-7.77,2.22
18.884,2.85,-7.72,2.1333333333333333
18.904,2.18,-7.77,2.046666666666667
18.924,1.75,-7.77,1.96
18.944,1.07,-7.75,1.87
18.964,0.68,-7.76,1.7855555555555556
18.984,0.1,-7.7,1.6966666666666668
19.004,-0.17,-7.68,1.61
19.024,-0.77,-7.68,1.5244444444444445
19.044,-1.07,-7.54,1.4355555555555555
19.064,-1.48,-7.55,1.3522222222222222
19.084,-1.79,-7.45,1.2666666666666666
19.104,-2.2,-7.39,1.18
19.124,-2.43,-7.35,1.0977777777777777
19.144,-2.77,-7.3,1.0122222222222221
19.164,-2.95,-7.26,0.93
19.184,-3.25,-7.18,0.8477777777777777
19.204,-3.43,-7.14,0.7633333333333333
19.224,-3.62,-7.12,0.6811111111111111
19.244,-3.76,-7.05,0.5988888888888889
19.264,-3.95,-7.0,0.52
19.284,-4.04,-6.99,0.44
19.304,-4.14,-6.95,0.36
19.324,-4.22,-6.95,0.2788888888888889
19.344,-4.27,-6.93,0.2
19.364,-4.33,-6.9,0.11888888888888889
19.384,-4.31,-6.89,0.04
19.404,-4.32,-6.91,-0.04
19.424,-4.28,-6.92,-0.11666666666666667
19.444,-4.26,-6.96,-0.19666666666666666
19.464,-4.17,-6.97,-0.2777777777777778
19.484,-4.1,-6.96,-0.35444444444444445
19.504,-3.98,-7.05,-0.43333333333333335
19.524,-3.89,-7.06,-0.5166666666666667
19.544,-3.69,-7.1,-0.5933333333333334
19.564,-3.58,-7.14,-0.6777777777777778
19.584,-3.34,-7.2,-0.7544444444444445
19.604,-3.18,-7.24,-0.8377777777777777
19.624,-2.9,-7.29,-0.92
19.644,-2.7,-7.34,-1.0
19.664,-2.36,-7.41,-1.0833333333333333
19.684,-2.1,-7.47,-1.1677777777777778
19.704,-1.73,-7.54,-1.25
19.724,-1.43,-7.57,-1.3355555555555556
19.744,-0.99,-7.63,-1.4188888888888889
19.764,-0.64,-7.7,-1.501111111111111
19.784,-0.11,-7.73,-1.59
19.804,0.17,-7.79,-1.6733333333333333
19.824,0.97,-7.81,-1.758888888888889
19.844,1.36,-7.82,-1.8433333333333333
19.864,2.03,-7.84,-1.9277777777777778
19.884,2.48,-7.82,-2.0122222222222224
19.904,3.18,-7.79,-2.0966666666666667
19.924,3.66,-7.76,-2.1777777777777776
19.944,4.41,-7.68,-2.261111111111111
19.964,4.91,-7.63,-2.347777777777778
19.984,5.7,-7.5,-2.4244444444444446
20.004,6.22,-7.38,-2.5
20.024,7.01,-7.16,-2.578888888888889
20.044,7.57,-7.07,-2.651111111111111
20.064,8.35,-6.81,-2.721111111111111
20.084,8.89,-6.66,-2.7933333333333334
20.104,9.49,-6.26,-2.858888888888889
20.124,10.18,-6.14,-2.921111111111111
20.144,10.88,-5.66,-2.9833333333333334
20.164,11.36,-5.44,-3.0355555555555553
20.184,12.03,-4.97,-3.088888888888889
20.204,12.4,-4.64,-3.1366666666666667
20.224,12.98,-4.09,-3.178888888888889
20.244,13.3,-3.72,-3.2144444444444447
20.264,13.73,-3.12,-3.2455555555555557
20.284,14.01,-2.73,-3.2733333333333334
20.304,14.33,-2.08,-3.29
20.324,14.47,-1.7,-3.301111111111111
20.344,14.61,-1.08,-3.3144444444444443
20.364,14.73,-0.58,-3.3155555555555556
20.384,14.77,0.01,-3.31
20.404,14.68,0.46,-3.3022222222222224
20.424,14.51,1.07,-3.2855555555555553
20.444,14.42,1.53,-3.2644444444444445
20.464,14.1,2.16,-3.2344444444444442
20.484,13.87,2.61,-3.21
20.504,13.44,3.1,-3.1666666666666665
20.524,13.1,3.55,-3.1266666666666665
20.544,12.53,4.06,-3.077777777777778
20.564,12.23,4.39,-3.0244444444444443
20.584,11.51,4.84,-2.9677777777777776
20.604,11.11,5.2,-2.9077777777777776
20.624,10.45,5.58,-2.8455555555555554
20.644,9.94,5.88,-2.7755555555555556
20.664,9.23,6.22,-2.7
20.684,8.78,6.41,-2.63
20.704,7.99,6.68,-2.5533333333333332
20.724,7.44,6.82,-2.4766666666666666
20.744,6.81,7.06,-2.3955555555555557
20.764,6.27,7.2,-2.311111111111111
20.784,5.3,7.41,-2.2333333333333334
20.804,4.84,7.38,-2.1433333333333335
20.824,4.2,7.54,-2.057777777777778
20.844,3.75,7.58,-1.971111111111111
20.864,3.05,7.62,-1.8866666666666667
20.884,2.64,7.71,-1.7977777777777777
20.904,2.08,7.71,-1.7122222222222223
20.924,1.74,7.75,-1.6233333333333333
20.944,1.2,7.74,-1.5355555555555556
20.964,0.87,7.76,-1.45
20.984,0.52,7.7,-1.3611111111111112
21.004,0.11,7.82,-1.2777777777777777
21.024,-0.27,7.6,-1.1877777777777778
21.044,-0.59,7.76,-1.1033333333333333
21.064,-0.83,7.56,-1.0177777777777777
21.084,-1.09,7.73,-0.9322222222222222
21.104,-1.33,7.58,-0.85
21.124,-1.57,7.65,-0.7655555555555555
21.144,-1.77,7.55,-0.6811111111111111
21.164,-1.89,7.61,-0.5988888888888889
21.184,-2.06,7.56,-0.5133333333333333
21.204,-2.14,7.54,-0.43
21.224,-2.3,7.56,-0.35
21.244,-2.28,7.42,-0.2677777777777778
21.264,-2.41,7.55,-0.18333333333333332
21.284,-2.39,7.43,-0.10444444444444445
21.304,-2.43,7.52,-0.022222222222222223
21.324,-2.42,7.46,0.06
21.344,-2.39,7.52,0.14222222222222222
21.364,-2.32,7.52,0.22111111111111112
21.384,-2.29,7.52,0.2633333333333333
21.404,-2.2,7.54,0.38666666666666666
21.424,-2.08,7.52,0.47
21.444,-1.9,7.58,0.5522222222222222
21.464,-1.78,7.57,0.5944444444444444
21.484,-1.62,7.63,0.7188888888888889
21.504,-1.41,7.61,0.76
21.524,-1.11,7.67,0.8844444444444445
21.544,-0.8,7.71,0.9677777777777777
21.564,-0.58,7.73,1.0522222222222222
21.584,-0.21,7.77,1.1366666666666667
21.604,0.07,7.75,1.2222222222222223
21.624,0.31,7.79,1.31
21.644,0.79,7.78,1.35
21.664,1.08,7.79,1.4777777777777779
21.684,1.62,7.8,1.52
21.704,1.99,7.8,1.6055555555555556
21.724,2.75,7.75,1.69
21.744,3.15,7.72,1.8166666666666667
21.764,3.78,7.64,1.8577777777777778
21.784,4.21,7.6,1.941111111111111
21.804,4.86,7.47,2.0277777777777777
21.824,5.3,7.42,2.108888888888889
21.844,6.01,7.27,2.227777777777778
21.864,6.49,7.16,2.27
21.884,7.21,6.96,2.388888888888889
21.904,7.71,6.79,2.428888888888889
21.924,8.36,6.69,2.5011111111111113
21.944,8.92,6.27,2.5755555555555554
21.964,9.68,5.96,2.6466666666666665
21.984,10.03,5.74,2.716666666666667
22.004,10.73,5.34,2.78
22.024,11.18,5.13,2.8422222222222224
22.044,11.81,4.65,2.902222222222222
22.064,12.23,4.32,2.9588888888888887
22.084,12.74,3.83,3.0055555555555555
22.104,13.06,3.48,3.0555555555555554
22.124,13.51,2.89,3.0955555555555554
22.144,13.77,2.5,3.137777777777778
22.164,14.09,1.94,3.1655555555555557
22.184,14.23,1.56,3.19
22.204,14.45,0.87,3.21
22.224,14.46,0.51,3.221111111111111
22.244,14.5,-0.2,3.232222222222222
22.264,14.42,-0.61,3.2355555555555555
22.284,14.34,-1.23,3.2288888888888887
22.304,14.17,-1.6,3.2244444444444444
22.324,14.0,-2.19,3.207777777777778
22.344,13.68,-2.57,3.188888888888889
22.364,13.33,-3.22,3.161111111111111
22.384,13.05,-3.49,3.128888888888889
22.404,12.58,-4.06,3.091111111111111
22.424,12.16,-4.46,3.0566666666666666
22.444,11.58,-5.05,3.0044444444444443
22.464,11.14,-5.07,2.9522222222222223
22.484,10.49,-5.68,2.8966666666666665
22.504,9.9,-5.95,2.84
22.524,9.31,-6.28,2.7755555555555556
22.544,8.73,-6.27,2.71
22.564,7.97,-6.76,2.637777777777778
22.584,7.47,-6.94,2.568888888888889
22.604,6.71,-7.08,2.4922222222222223
22.624,6.31,-7.18,2.4133333333333336
22.644,5.43,-7.38,2.3355555555555556
22.664,4.96,-7.52,2.2533333333333334
22.684,4.08,-7.63,2.172222222222222
22.704,3.62,-7.6,2.088888888888889
22.724,2.96,-7.73,2.002222222222222
22.744,2.46,-7.75,1.9188888888888889
22.764,1.93,-7.75,1.83
22.784,1.58,-7.81,1.7455555555555555
22.804,0.95,-7.72,1.66
22.824,0.58,-7.82,1.5733333333333333
22.844,0.09,-7.74,1.4844444444444445
22.864,-0.11,-7.74,1.3977777777777778
22.884,-0.57,-7.74,1.3111111111111111
22.904,-0.88,-7.66,1.2233333333333334
22.924,-1.24,-7.67,1.1377777777777778
22.944,-1.44,-7.64,1.048888888888889
22.964,-1.76,-7.57,0.9633333333333334
22.984,-1.96,-7.55,0.8788888888888889
23.004,-2.2,-7.49,0.79
23.024,-2.38,-7.5,0.7111111111111111
23.044,-2.54,-7.45,0.62
23.064,-2.68,-7.42,0.54
23.084,-2.82,-7.4,0.45666666666666667
23.104,-2.88,-7.38,0.37
23.124,-2.99,-7.39,0.2866666666666667
23.144,-3.01,-7.36,0.20333333333333334
23.164,-3.05,-7.36,0.11777777777777777
23.184,-3.05,-7.33,0.035555555555555556
23.204,-3.03,-7.36,-0.04666666666666667
23.224,-3.0,-7.39,-0.1288888888888889
23.244,-2.93,-7.41,-0.21222222222222223
23.264,-2.85,-7.41,-0.29555555555555557
23.284,-2.75,-7.43,-0.3788888888888889
23.304,-2.63,-7.44,-0.46
23.324,-2.47,-7.49,-0.5455555555555556
23.344,-2.33,-7.49,-0.63
23.364,-2.09,-7.55,-0.7133333333333334
23.384,-1.9,-7.59,-0.7944444444444444
23.404,-1.62,-7.63,-0.88
23.424,-1.4,-7.65,-0.9644444444444444
23.444,-1.05,-7.68,-1.048888888888889
23.464,-0.79,-7.71,-1.1377777777777778
23.484,-0.36,-7.77,-1.22
23.504,-0.06,-7.79,-1.3055555555555556
23.524,0.34,-7.79,-1.3911111111111112
23.544,0.72,-7.78,-1.4766666666666666
23.564,1.22,-7.82,-1.56
23.584,1.61,-7.83,-1.6477777777777778
23.604,2.17,-7.79,-1.7322222222222223
23.624,2.59,-7.82,-1.8144444444444445
23.644,3.44,-7.74,-1.8988888888888888
23.664,3.87,-7.68,-1.9822222222222223
23.684,4.57,-7.55,-2.0644444444444443
23.704,5.04,-7.55,-2.1466666666666665
23.724,5.5,-7.41,-2.2244444444444444
23.744,6.21,-7.26,-2.341111111111111
23.764,6.95,-7.08,-2.38
23.784,7.46,-6.94,-2.491111111111111
23.804,8.18,-6.7,-2.522222222222222
23.824,8.68,-6.51,-2.6277777777777778
23.844,9.39,-6.2,-2.658888888888889
23.864,9.77,-6.0,-2.7511111111111113
23.884,10.54,-5.67,-2.812222222222222
23.904,10.97,-5.34,-2.8666666666666667
23.924,11.57,-5.02,-2.918888888888889
23.944,11.94,-4.55,-2.9611111111111112
23.964,12.49,-4.14,-3.0055555555555555
23.984,12.81,-3.66,-3.0411111111111113
24.004,13.27,-3.24,-3.0755555555555554
24.024,13.51,-2.84,-3.101111111111111
24.044,13.71,-2.39,-3.1222222222222222
24.064,13.96,-1.82,-3.138888888888889
24.084,14.1,-1.29,-3.1466666666666665
24.104,14.22,-0.73,-3.152222222222222
24.124,14.25,-0.46,-3.15
24.144,14.19,0.22,-3.1422222222222222
24.164,14.17,0.6,-3.13
24.184,14.04,1.29,-3.112222222222222
24.204,13.82,1.65,-3.0877777777777777
24.224,13.56,2.34,-3.06
24.244,13.32,2.68,-3.0233333333333334
24.264,12.95,3.17,-2.986666666666667
24.284,12.58,3.57,-2.9444444444444446
24.304,12.15,4.03,-2.89
24.324,11.69,4.34,-2.8433333333333333
24.344,11.17,4.9,-2.7822222222222224
24.364,10.79,4.94,-2.721111111111111
24.384,10.11,5.5,-2.6577777777777776
24.404,9.67,5.66,-2.5933333333333333
24.424,8.98,5.95,-2.5233333333333334
24.444,8.56,6.29,-2.4477777777777776
24.464,7.88,6.46,-2.3722222222222222
24.484,7.39,6.61,-2.296666666666667
24.504,6.71,6.93,-2.22
24.524,6.33,6.93,-2.1344444444444446
24.544,5.63,7.14,-2.0522222222222224
24.564,5.23,7.28,-1.971111111111111
24.584,4.55,7.23,-1.8855555555555557
24.604,3.98,7.56,-1.7977777777777777
24.624,3.4,7.62,-1.71
24.644,3.08,7.6,-1.6277777777777778
24.664,2.52,7.74,-1.541111111111111
24.684,2.22,7.66,-1.45
24.704,1.74,7.75,-1.3633333333333333
24.724,1.48,7.78,-1.278888888888889
24.744,1.03,7.74,-1.191111111111111
24.764,0.67,7.81,-1.1033333333333333
24.784,0.34,7.79,-1.0177777777777777
24.804,0.13,7.81,-0.9277777777777778
24.824,-0.11,7.76,-0.8411111111111111
24.844,-0.24,7.76,-0.7566666666666667
24.864,-0.47,7.8,-0.67
24.884,-0.6,7.74,-0.5844444444444444
24.904,-0.86,7.77,-0.5
24.924,-0.89,7.66,-0.4122222222222222
24.944,-1.02,7.76,-0.3277777777777778
24.964,-1.06,7.69,-0.24444444444444444
24.984,-1.15,7.7,-0.15777777777777777
25.004,-1.18,7.7,-0.07444444444444444
25.024,-1.16,7.7,0.01
25.044,-1.14,7.74,0.09333333333333334
25.064,-1.06,7.69,0.17888888888888888
25.084,-1.08,7.76,0.2611111111111111
25.104,-0.96,7.7,0.3466666666666667
25.124,-0.89,7.75,0.4311111111111111
25.144,-0.71,7.75,0.5155555555555555
25.164,-0.57,7.75,0.6
25.184,-0.39,7.77,0.6855555555555556
25.204,-0.2,7.75,0.7711111111111111
25.224,0.07,7.8,0.8577777777777778
25.244,0.21,7.76,0.9411111111111111
25.264,0.57,7.8,1.0277777777777777
25.284,0.81,7.77,1.1155555555555556
25.304,1.2,7.78,1.2
25.324,1.5,7.77,1.2844444444444445
25.344,1.94,7.75,1.37
25.364,2.2,7.74,1.4566666666666668
25.384,2.77,7.68,1.538888888888889
25.404,3.12,7.72,1.6244444444444444
25.424,3.67,7.58,1.708888888888889
25.444,4.05,7.59,1.7944444444444445
25.464,4.64,7.51,1.8777777777777778
25.484,5.03,7.37,1.9577777777777778
25.504,5.7,7.25,2.04
25.524,6.1,7.12,2.118888888888889
25.544,6.89,6.97,2.1955555555555555
25.564,7.44,6.72,2.27
25.584,8.07,6.54,2.3466666666666667
25.604,8.55,6.27,2.4155555555555557
25.624,9.2,5.95,2.488888888888889
25.644,9.61,5.89,2.551111111111111
25.664,10.25,5.36,2.6155555555555554
25.684,10.66,5.23,2.68
25.704,11.22,4.81,2.7333333333333334
25.724,11.58,4.41,2.79
25.744,12.11,4.01,2.838888888888889
25.764,12.42,3.64,2.8844444444444446
25.784,12.89,3.11,2.9277777777777776
25.804,13.12,2.79,2.9633333333333334
25.824,13.42,2.24,2.997777777777778
25.844,13.64,1.82,3.0233333333333334
25.864,13.93,1.18,3.042222222222222
25.884,13.94,0.84,3.061111111111111
25.904,14.05,0.22,3.0677777777777777
25.924,14.03,-0.18,3.0766666666666667
25.944,14.01,-0.75,3.0733333333333333
25.964,13.94,-1.26,3.06
25.984,13.76,-1.76,3.0533333333333332
26.004,13.58,-2.21,3.0388888888888888
26.024,13.3,-2.7,3.01
26.044,12.97,-3.15,2.982222222222222
26.064,12.54,-3.68,2.95
26.084,12.24,-3.91,2.9133333333333336
26.104,11.75,-4.58,2.871111111111111
26.124,11.14,-4.89,2.8233333333333333
26.144,10.91,-5.47,2.7733333333333334
26.164,10.27,-5.17,2.7177777777777776
26.184,9.64,-5.83,2.6566666666666667
26.204,9.14,-6.11,2.5944444444444446
26.224,8.48,-6.4,2.53
26.244,8.08,-6.47,2.4588888888888887
26.264,7.37,-6.72,2.388888888888889
26.284,6.95,-7.1,2.3155555555555556
26.304,6.24,-7.12,2.24
26.324,5.86,-7.29,2.16
26.344,5.09,-7.36,2.082222222222222
26.364,4.68,-7.53,2.0
26.384,4.06,-7.54,1.9177777777777778
26.404,3.64,-7.62,1.8333333333333333
26.424,3.25,-7.72,1.75
26.444,2.65,-7.72,1.6622222222222223
26.464,2.16,-7.77,1.5766666666666667
26.484,1.62,-7.77,1.491111111111111
26.504,1.26,-7.75,1.4033333333333333
26.524,0.83,-7.84,1.3166666666666667
26.544,0.52,-7.74,1.23
26.564,0.11,-7.76,1.1422222222222222
26.584,-0.04,-7.75,1.0555555555555556
26.604,-0.42,-7.7,0.97
26.624,-0.62,-7.76,0.8833333333333333
26.644,-0.92,-7.69,0.7944444444444444
26.664,-1.16,-7.68,0.71
26.684,-1.28,-7.7,0.6211111111111111
26.704,-1.49,-7.66,0.5388888888888889
26.724,-1.57,-7.67,0.45111111111111113
26.744,-1.67,-7.64,0.36444444444444446
26.764,-1.79,-7.62,0.2777777777777778
26.784,-1.83,-7.63,0.19333333333333333
26.804,-1.86,-7.61,0.10555555555555556
26.824,-1.88,-7.63,0.021111111111111112
26.844,-1.87,-7.64,-0.06222222222222222
26.864,-1.85,-7.68,-0.14666666666666667
26.884,-1.8,-7.66,-0.23222222222222222
26.904,-1.73,-7.67,-0.3188888888888889
26.924,-1.61,-7.69,-0.4011111111111111
26.944,-1.52,-7.7,-0.48777777777777775
26.964,-1.31,-7.7,-0.5733333333333334
26.984,-1.21,-7.7,-0.6577777777777778
27.004,-0.98,-7.75,-0.7422222222222222
27.024,-0.78,-7.77,-0.8288888888888889
27.044,-0.5,-7.79,-0.9133333333333333
27.064,-0.27,-7.81,-0.9988888888888889
27.084,0.06,-7.81,-1.0855555555555556
27.104,0.26,-7.8,-1.17
27.124,0.71,-7.84,-1.2555555555555555
27.144,1.0,-7.8,-1.3444444444444446
27.164,1.46,-7.82,-1.4266666666666667
27.184,1.78,-7.79,-1.51
27.204,2.29,-7.79,-1.5944444444444446
27.224,2.65,-7.76,-1.68
27.244,3.21,-7.71,-1.7622222222222221
27.264,3.62,-7.66,-1.8433333333333333
27.284,4.25,-7.54,-1.9266666666666667
27.304,4.66,-7.54,-2.002222222222222
27.324,5.28,-7.36,-2.082222222222222
27.344,5.74,-7.3,-2.1577777777777776
27.364,6.42,-7.11,-2.2333333333333334
27.384,6.87,-6.99,-2.3044444444444445
27.404,7.76,-6.7,-2.38
27.424,8.21,-6.51,-2.4444444444444446
27.444,8.9,-6.26,-2.5077777777777777
27.464,9.31,-6.0,-2.571111111111111
27.484,9.91,-5.7,-2.63
27.504,10.36,-5.45,-2.68
27.524,10.96,-5.05,-2.7377777777777776
27.544,11.33,-4.76,-2.7822222222222224
27.564,11.87,-4.27,-2.828888888888889
27.584,12.17,-4.0,-2.862222222222222
27.604,12.58,-3.46,-2.898888888888889
27.624,12.85,-3.08,-2.9277777777777776
27.644,13.2,-2.52,-2.9522222222222223
27.664,13.36,-2.21,-2.9677777777777776
27.684,13.67,-1.59,-2.982222222222222
27.704,13.74,-1.15,-2.9922222222222223
27.724,13.86,-0.59,-2.9955555555555557
27.744,13.82,-0.24,-2.99
27.764,13.8,0.33,-2.9855555555555555
27.784,13.74,0.71,-2.98
27.804,13.56,1.34,-2.95
27.824,13.41,1.61,-2.9411111111111112
27.844,13.11,2.31,-2.898888888888889
27.864,12.88,2.58,-2.88
27.884,12.49,3.15,-2.828888888888889
27.904,12.23,3.49,-2.8055555555555554
27.924,11.78,3.93,-2.736666666666667
27.944,11.42,4.22,-2.687777777777778
27.964,10.89,4.73,-2.632222222222222
27.984,10.55,5.0,-2.57
28.004,9.89,5.41,-2.51
28.024,9.65,5.48,-2.4444444444444446
28.044,8.97,5.82,-2.41
28.064,8.52,6.11,-2.341111111111111
28.084,7.94,6.27,-2.2688888888888887
28.104,7.48,6.63,-2.1544444444444446
28.124,6.9,6.71,-2.1166666666666667
28.144,6.38,6.82,-2.0455555555555556
28.164,5.79,7.04,-1.9577777777777778
28.184,5.49,7.09,-1.8777777777777778
28.204,4.9,7.23,-1.7966666666666666
28.224,4.57,7.29,-1.7133333333333334
28.244,3.96,7.48,-1.5822222222222222
28.264,3.62,7.43,-1.54
28.284,3.21,7.56,-1.4122222222222223
28.304,2.9,7.59,-1.3688888888888888
28.324,2.41,7.62,-1.24
28.344,2.13,7.69,-1.1933333333333334
28.364,1.7,7.74,-1.1077777777777778
28.384,1.46,7.75,-1.02
28.404,1.12,7.78,-0.9322222222222222
28.424,0.93,7.76,-0.8477777777777777
28.444,0.7,7.75,-0.76
28.464,0.54,7.75,-0.6733333333333333
28.484,0.44,7.71,-0.5866666666666667
28.504,0.2,7.84,-0.5
28.524,0.07,7.8,-0.41444444444444445
28.544,0.08,7.82,-0.32555555555555554
28.564,0.03,7.83,-0.24
28.584,0.0,7.73,-0.15333333333333332
28.604,-0.08,7.81,-0.06777777777777778
28.624,0.0,7.75,0.016666666666666666
28.644,0.02,7.81,0.10222222222222223
28.664,0.08,7.79,0.18666666666666668
28.684,0.09,7.76,0.27444444444444444
28.704,0.15,7.84,0.36
28.724,0.38,7.75,0.44333333333333336
28.744,0.47,7.82,0.5288888888888889
28.764,0.68,7.78,0.6166666666666667
28.784,0.81,7.8,0.7033333333333334
28.804,1.02,7.76,0.7877777777777778
28.824,1.3,7.79,0.8722222222222222
28.844,1.52,7.74,0.9588888888888889
28.864,1.85,7.72,1.0444444444444445
28.884,2.23,7.71,1.1288888888888888
28.904,2.54,7.65,1.2144444444444444
28.924,2.95,7.62,1.3
28.944,3.24,7.57,1.3855555555555557
28.964,3.76,7.5,1.47
28.984,4.07,7.49,1.5555555555555556
29.004,4.62,7.38,1.6366666666666667
29.024,4.93,7.29,1.7177777777777778
29.044,5.48,7.23,1.8
29.064,6.03,6.9,1.8777777777777778
29.084,6.52,6.98,1.958888888888889
29.104,6.95,6.65,2.0366666666666666
29.124,7.28,6.72,2.1077777777777778
29.144,7.93,6.47,2.1822222222222223
29.164,8.35,6.14,2.252222222222222
29.184,8.99,6.07,2.3233333333333333
29.204,9.35,5.62,2.3855555555555554
29.224,9.91,5.34,2.45
29.244,10.29,5.18,2.5122222222222224
29.264,10.88,4.71,2.5655555555555556
29.284,11.17,4.47,2.62
29.304,11.81,3.87,2.671111111111111
29.324,12.14,3.54,2.7177777777777776
29.344,12.51,3.0,2.756666666666667
29.364,12.77,2.77,2.796666666666667
29.384,13.05,2.15,2.828888888888889
29.404,13.24,1.82,2.858888888888889
29.424,13.4,1.27,2.8833333333333333
29.444,13.54,0.84,2.898888888888889
29.464,13.6,0.22,2.91
29.484,13.65,-0.08,2.918888888888889
29.504,13.62,-0.67,2.921111111111111
29.524,13.54,-1.09,2.918888888888889
29.544,13.3,-1.55,2.911111111111111
29.564,13.22,-1.98,2.9
29.584,12.96,-2.5,2.8777777777777778
29.604,12.72,-2.84,2.8544444444444443
29.624,12.33,-3.36,2.8255555555555554
29.644,12.0,-3.74,2.7866666666666666
29.664,11.56,-4.21,2.756666666666667
29.684,11.18,-4.48,2.7088888888888887
29.704,10.58,-4.82,2.6666666666666665
29.724,10.43,-5.38,2.611111111111111
29.744,9.69,-5.49,2.557777777777778
29.764,9.36,-5.84,2.5
29.784,8.76,-6.22,2.433333333333333
29.804,8.35,-6.26,2.371111111111111
29.824,7.71,-6.63,2.3055555555555554
29.844,7.19,-6.66,2.2344444444444442
29.864,6.61,-7.02,2.161111111111111
29.884,6.16,-6.96,2.088888888888889
29.904,5.64,-7.18,2.0122222222222224
29.924,5.09,-7.28,1.9322222222222223
29.944,4.55,-7.42,1.8566666666666667
29.964,4.2,-7.48,1.7722222222222221
29.984,3.63,-7.47,1.69
30.004,3.31,-7.7,1.6088888888888888
