3.968,-2.29,-7.55,-1.0366666666666666
3.988,-2.06,-7.59,-1.1177777777777778
4.008,-1.7,-7.66,-1.2022222222222223
4.028,-1.44,-7.7,-1.2833333333333334
4.048,-1.02,-7.76,-1.3644444444444443
4.068,-0.71,-7.79,-1.45
4.088,-0.18,-7.82,-1.53
4.108,0.04,-7.78,-1.6166666666666667
4.128,0.73,-7.87,-1.6966666666666668
4.148,1.07,-7.93,-1.7822222222222222
4.168,1.73,-7.92,-1.87
4.188,2.07,-7.89,-1.9533333333333334
4.208,2.79,-7.87,-2.037777777777778
4.228,3.19,-7.86,-2.12
4.248,3.89,-7.75,-2.201111111111111
4.268,4.4,-7.75,-2.281111111111111
4.288,5.18,-7.56,-2.3633333333333333
4.308,5.71,-7.52,-2.44
4.328,6.49,-7.35,-2.5188888888888887
4.348,6.98,-7.23,-2.5933333333333333
4.368,7.74,-6.98,-2.667777777777778
4.388,8.27,-6.83,-2.736666666666667
4.408,9.05,-6.44,-2.8088888888888888
4.428,9.6,-6.27,-2.8722222222222222
4.448,10.31,-5.88,-2.9355555555555557
4.468,10.79,-5.61,-2.9922222222222223
4.488,11.54,-5.22,-3.042222222222222
4.508,11.91,-4.87,-3.0933333333333333
4.528,12.54,-4.41,-3.141111111111111
4.548,12.89,-3.95,-3.18
4.568,13.42,-3.5,-3.22
4.588,13.67,-2.98,-3.247777777777778
4.608,14.02,-2.45,-3.272222222222222
4.628,14.2,-1.99,-3.2855555555555553
4.648,14.77,-0.44,-3.24
4.668,14.53,-0.81,-3.311111111111111
4.688,14.6,-0.32,-3.318888888888889
4.708,14.61,0.24,-3.3066666666666666
4.728,14.52,0.82,-3.296666666666667
4.748,14.43,1.31,-3.28
4.768,14.2,1.85,-3.26
4.788,14.08,2.25,-3.2311111111111113
4.808,13.72,2.77,-3.2022222222222223
4.828,13.44,3.14,-3.161111111111111
4.848,12.94,3.73,-3.1266666666666665
4.868,12.6,4.25,-3.0733333333333333
4.888,11.92,4.72,-3.02
4.908,11.54,5.04,-2.9644444444444447
4.928,10.89,5.36,-2.9033333333333333
4.948,10.26,5.76,-2.838888888888889
4.968,9.69,6.12,-2.778888888888889
4.988,8.89,6.38,-2.7144444444444447
5.008,8.55,6.55,-2.632222222222222
5.028,7.72,6.76,-2.5588888888888888
5.048,7.24,7.1,-2.482222222222222
5.068,6.56,7.28,-2.4077777777777776
5.088,5.93,7.31,-2.328888888888889
5.108,5.29,7.54,-2.2466666666666666
5.128,4.72,7.54,-2.16
5.148,4.15,7.73,-2.0766666666666667
5.168,3.73,7.71,-1.9944444444444445
5.188,3.09,7.79,-1.9077777777777778
5.208,2.64,7.76,-1.8233333333333333
5.228,2.05,7.93,-1.7366666666666666
5.248,1.67,7.84,-1.65
5.268,1.15,7.79,-1.5633333333333332
5.288,0.77,7.78,-1.4777777777777779
5.308,0.24,7.79,-1.3966666666666667
5.328,-0.09,7.81,-1.3066666666666666
5.348,-0.52,7.68,-1.2244444444444444
5.368,-0.81,7.76,-1.1411111111111112
5.388,-1.15,7.67,-1.0566666666666666
5.408,-1.38,7.66,-0.9755555555555555
5.428,-1.59,7.52,-0.89
5.448,-1.81,7.36,-0.7966666666666666
5.468,-2.15,7.26,-0.7044444444444444
5.488,-2.36,6.96,-0.6077777777777778
5.508,-2.43,7.11,-0.5122222222222222
5.528,-2.62,6.96,-0.41
5.548,-2.77,6.87,-0.3088888888888889
5.568,-2.78,6.85,-0.20222222222222222
5.588,-2.91,6.67,-0.09
5.608,-2.9,6.59,0.025555555555555557
5.628,-2.77,6.54,0.14333333333333334
5.648,-2.57,6.5,0.2688888888888889
5.668,-2.23,6.51,0.3933333333333333
5.688,-2.27,6.56,0.5255555555555556
5.708,-2.22,6.41,0.6555555555555556
5.728,-2.15,6.49,0.7866666666666666
5.748,-1.73,6.5,0.9188888888888889
5.768,-1.31,6.6,1.051111111111111
5.788,-0.85,6.65,1.1855555555555555
5.808,-0.67,6.59,1.32
5.828,-0.3,6.65,1.4577777777777778
5.848,0.1,6.64,1.5222222222222221
5.868,0.85,6.76,1.73
5.888,1.42,6.62,1.8
5.908,2.18,6.69,1.9377777777777778
5.928,2.69,6.57,2.0733333333333333
5.948,3.54,6.63,2.218888888888889
5.968,4.14,6.64,2.358888888888889
5.988,5.29,6.7,2.4988888888888887
6.008,5.97,6.7,2.6355555555555554
6.028,6.71,7.01,2.763333333333333
6.048,7.19,7.07,2.8722222222222222
6.068,8.46,7.23,2.96
6.088,8.89,7.39,3.0355555555555553
6.108,9.6,6.96,3.112222222222222
6.128,10.36,6.43,3.1866666666666665
6.148,11.41,6.12,3.252222222222222
6.168,11.5,5.5,3.3222222222222224
6.188,12.81,5.54,3.3944444444444444
6.208,13.04,4.8,3.44
6.228,13.76,4.6,3.4944444444444445
6.248,14.15,3.71,3.5411111111111113
6.268,14.78,3.23,3.58
6.288,14.93,2.96,3.61
6.308,15.47,2.27,3.638888888888889
6.328,15.54,1.68,3.661111111111111
6.348,15.72,1.06,3.6822222222222223
6.368,15.82,0.36,3.69
6.388,15.78,-0.26,3.6944444444444446
6.408,15.65,-0.75,3.692222222222222
6.428,15.49,-1.54,3.6844444444444444
6.448,15.3,-1.97,3.6644444444444444
6.468,15.03,-2.57,3.6455555555555557
6.488,14.91,-2.82,3.618888888888889
6.508,14.26,-3.57,3.5866666666666664
6.528,13.79,-4.13,3.551111111111111
6.548,13.0,-4.9,3.5033333333333334
6.568,12.49,-5.2,3.45
6.588,11.88,-5.59,3.3966666666666665
6.608,11.54,-5.75,3.3355555555555556
6.628,10.62,-6.27,3.2744444444444443
6.648,9.89,-6.38,3.2111111111111112
6.668,8.89,-6.89,3.1366666666666667
6.688,8.24,-7.11,3.0633333333333335
6.708,7.15,-7.32,2.9877777777777776
6.728,6.67,-7.38,2.9066666666666667
6.748,5.76,-7.7,2.8266666666666667
6.768,4.96,-7.66,2.747777777777778
6.788,4.04,-7.76,2.6622222222222223
6.808,3.45,-7.8,2.577777777777778
6.828,2.78,-7.79,2.4922222222222223
6.848,2.24,-7.89,2.402222222222222
6.868,1.47,-7.77,2.32
6.888,0.99,-7.81,2.23
6.908,0.18,-7.48,2.1344444444444446
6.928,-0.32,-7.96,2.0211111111111113
6.948,-0.87,-7.44,1.9755555555555555
6.968,-1.23,-7.57,1.8944444444444444
6.988,-1.7,-7.34,1.81
7.008,-2.15,-7.39,1.728888888888889
7.028,-2.63,-7.18,1.6477777777777778
7.048,-3.01,-7.14,1.5677777777777777
7.068,-3.45,-6.93,1.4866666666666666
7.088,-3.46,-6.96,1.4077777777777778
7.108,-4.09,-6.78,1.3333333333333333
7.128,-4.31,-6.67,1.2555555555555555
7.148,-4.65,-6.52,1.181111111111111
7.168,-4.9,-6.49,1.1088888888888888
7.188,-5.22,-6.35,1.0366666666666666
7.208,-5.33,-6.28,0.9633333333333334
7.228,-5.61,-6.16,0.8933333333333333
7.248,-5.77,-6.08,0.8222222222222222
7.268,-5.95,-6.0,0.7566666666666667
7.288,-6.05,-5.95,0.69
7.308,-6.23,-5.85,0.63
7.328,-6.34,-5.77,0.5555555555555556
7.348,-6.42,-5.77,0.4866666666666667
7.368,-6.48,-5.69,0.42
7.388,-6.6,-5.68,0.35333333333333333
7.408,-6.61,-5.63,0.28888888888888886
7.428,-6.69,-5.63,0.22444444444444445
7.448,-6.69,-5.58,0.16
7.468,-6.73,-5.59,0.09888888888888889
7.488,-6.73,-5.56,0.03111111111111111
7.508,-6.73,-5.59,-0.028888888888888888
7.528,-6.71,-5.6,-0.09222222222222222
7.548,-6.67,-5.64,-0.15666666666666668
7.568,-6.65,-5.62,-0.21777777777777776
7.588,-6.6,-5.66,-0.28
7.608,-6.53,-5.71,-0.34444444444444444
7.628,-6.45,-5.77,-0.4088888888888889
7.648,-6.39,-5.79,-0.4711111111111111
7.668,-6.25,-5.89,-0.5355555555555556
7.688,-6.14,-5.93,-0.6011111111111112
7.708,-5.97,-6.0,-0.6677777777777778
7.728,-5.88,-6.07,-0.7355555555555555
7.748,-5.67,-6.17,-0.8
7.768,-5.5,-6.19,-0.87
7.788,-5.27,-6.33,-0.94
7.808,-5.07,-6.44,-1.0077777777777779
7.828,-4.76,-6.57,-1.0811111111111111
7.848,-4.46,-6.71,-1.1511111111111112
7.868,-4.23,-6.77,-1.2277777777777779
7.888,-3.85,-6.91,-1.3
7.908,-3.61,-6.97,-1.3733333333333333
7.928,-3.18,-7.1,-1.451111111111111
7.948,-2.84,-7.2,-1.5277777777777777
7.968,-2.35,-7.36,-1.6055555555555556
7.988,-2.02,-7.46,-1.6844444444444444
8.008,-1.5,-7.53,-1.7666666666666666
8.028,-1.13,-7.59,-1.8488888888888888
8.048,-0.51,-7.7,-1.931111111111111
8.068,-0.06,-7.7,-2.031111111111111
8.088,0.75,-7.98,-2.1277777777777778
8.108,1.08,-7.87,-2.1777777777777776
8.128,1.87,-7.89,-2.261111111111111
8.148,2.38,-7.93,-2.3455555555555554
8.168,3.45,-7.92,-2.428888888888889
8.188,4.01,-7.84,-2.513333333333333
8.208,4.84,-7.86,-2.5944444444444446
8.228,5.41,-7.66,-2.6777777777777776
8.248,6.36,-7.56,-2.758888888888889
8.268,6.96,-7.41,-2.838888888888889
8.288,7.83,-7.22,-2.9144444444444444
8.308,8.44,-7.06,-2.9877777777777776
8.328,9.31,-6.78,-3.062222222222222
8.348,9.96,-6.55,-3.13
8.368,10.81,-6.17,-3.2
8.388,11.29,-5.83,-3.263333333333333
8.408,12.16,-5.41,-3.321111111111111
8.428,12.6,-5.02,-3.378888888888889
8.448,13.31,-4.56,-3.4255555555555555
8.468,13.73,-4.14,-3.473333333333333
8.488,14.25,-3.45,-3.511111111111111
8.508,14.6,-3.12,-3.54
8.528,14.7,-2.74,-3.56
8.548,15.24,-2.02,-3.5588888888888888
8.568,15.4,-1.3,-3.612222222222222
8.588,15.58,-0.7,-3.6244444444444444
8.608,15.57,-0.13,-3.6233333333333335
8.628,15.53,0.48,-3.621111111111111
8.648,15.4,1.14,-3.6066666666666665
8.668,15.26,1.69,-3.5944444444444446
8.688,14.98,2.29,-3.57
8.708,14.73,2.71,-3.5411111111111113
8.728,14.34,3.21,-3.51
8.748,14.0,3.5,-3.4744444444444444
8.768,13.39,4.47,-3.4277777777777776
8.788,12.84,4.81,-3.3755555555555556
8.808,12.12,5.34,-3.321111111111111
8.828,11.62,5.55,-3.258888888888889
8.848,11.0,5.86,-3.198888888888889
8.868,10.4,6.15,-3.1333333333333333
8.888,9.43,6.67,-3.062222222222222
8.908,8.77,6.86,-2.9944444444444445
8.928,7.91,7.13,-2.91
8.948,7.41,7.18,-2.8333333333333335
8.968,6.6,7.4,-2.756666666666667
8.988,6.06,7.55,-2.6766666666666667
9.008,5.14,7.61,-2.5933333333333333
9.028,4.56,7.75,-2.5044444444444443
9.048,3.79,7.75,-2.4233333333333333
9.068,3.36,7.8,-2.3355555555555556
9.088,2.63,7.88,-2.25
9.108,2.09,7.84,-2.168888888888889
9.128,1.33,7.74,-2.077777777777778
9.148,0.88,7.75,-1.9944444444444445
9.168,0.26,7.68,-1.91
9.188,-0.01,7.72,-1.8255555555555556
9.208,-0.6,7.6,-1.74
9.228,-1.0,7.56,-1.6622222222222223
9.248,-1.54,7.49,-1.5788888888888888
9.268,-1.83,7.44,-1.4977777777777779
9.288,-2.28,7.3,-1.4188888888888889
9.308,-2.61,7.29,-1.34
9.328,-3.01,7.11,-1.261111111111111
9.348,-3.25,7.05,-1.1844444444444444
9.368,-3.63,6.88,-1.11
9.388,-3.88,6.85,-1.0355555555555556
9.408,-4.4,6.36,-0.9622222222222222
9.428,-4.17,6.51,-0.88
9.448,-4.27,6.51,-0.7966666666666666
9.468,-4.56,6.25,-0.7077777777777777
9.488,-4.77,6.2,-0.62
9.508,-5.1,5.97,-0.5277777777777778
9.528,-5.32,5.77,-0.43555555555555553
9.548,-5.3,5.85,-0.34
9.568,-5.29,5.8,-0.24333333333333335
9.588,-5.31,5.75,-0.14555555555555555
9.608,-5.35,5.68,-0.04555555555555556
9.628,-5.36,5.62,0.05444444444444444
9.648,-5.33,5.58,0.15666666666666668
9.668,-5.26,5.58,0.26
9.688,-5.13,5.6,0.37
9.708,-4.97,5.68,0.4766666666666667
9.728,-4.62,5.89,0.5877777777777777
9.748,-4.51,5.87,0.6977777777777778
9.768,-4.42,5.85,0.8077777777777778
9.788,-4.3,5.85,0.9166666666666666
9.808,-3.95,5.93,1.03
9.828,-3.58,6.07,1.1444444444444444
9.848,-2.99,6.18,1.26
9.868,-2.79,6.27,1.3788888888888888
9.888,-2.37,6.21,1.5
9.908,-2.0,6.3,1.62
9.928,-1.19,6.39,1.748888888888889
9.948,-0.66,6.43,1.8811111111111112
9.968,-0.04,6.53,2.017777777777778
9.988,0.53,6.53,2.1544444444444446
10.008,1.28,6.79,2.29
10.028,1.84,6.75,2.4233333333333333
10.048,3.04,7.15,2.5544444444444445
10.068,3.7,7.45,2.6733333333333333
10.088,4.24,7.65,2.7711111111111113
10.108,5.1,7.96,2.8555555555555556
10.128,5.89,7.6,2.9433333333333334
10.148,6.66,7.83,3.0255555555555556
10.168,7.9,7.25,3.1044444444444443
10.188,8.51,7.48,3.18
10.208,9.21,7.04,3.261111111111111
10.228,9.91,7.04,3.3344444444444443
10.248,10.85,6.55,3.4077777777777776
10.268,11.57,6.17,3.4766666666666666
10.288,12.5,5.72,3.5533333333333332
10.308,13.02,5.4,3.61
10.328,13.8,4.95,3.6655555555555557
10.348,14.28,4.5,3.7133333333333334
10.368,14.92,3.83,3.76
10.388,15.36,3.36,3.8
10.408,15.83,2.7,3.8466666666666667
10.428,15.97,2.27,3.8555555555555556
10.448,16.31,1.52,3.89
10.468,16.42,0.88,3.8955555555555557
10.488,16.47,0.16,3.9055555555555554
10.508,16.45,-0.44,3.9044444444444446
10.528,16.36,-1.18,3.8955555555555557
10.548,16.13,-1.68,3.8844444444444446
10.568,15.82,-2.48,3.861111111111111
10.588,15.52,-2.93,3.851111111111111
10.608,15.08,-3.59,3.8055555555555554
10.628,14.87,-3.73,3.787777777777778
10.648,14.12,-4.44,3.723333333333333
10.668,13.48,-4.93,3.698888888888889
10.688,12.48,-5.68,3.62
10.708,11.57,-6.25,3.56
10.728,11.2,-6.04,3.497777777777778
10.748,10.33,-6.51,3.43
10.768,9.67,-6.83,3.3555555555555556
10.788,8.45,-7.17,3.28
10.808,7.59,-7.34,3.2044444444444444
10.828,6.8,-7.44,3.121111111111111
10.848,6.21,-7.67,3.04
10.868,5.34,-7.68,2.957777777777778
10.888,4.69,-7.87,2.8733333333333335
10.908,3.68,-7.85,2.7888888888888888
10.928,2.96,-7.9,2.7
10.948,2.03,-7.83,2.6133333333333333
10.968,1.52,-7.82,2.53
10.988,0.75,-7.68,2.4411111111111112
11.008,0.26,-7.52,2.3455555555555554
11.028,-0.53,-7.84,2.241111111111111
11.048,-1.26,-7.3,2.19
11.068,-1.88,-7.3,2.1077777777777778
11.088,-2.24,-7.08,2.03
11.108,-2.83,-7.07,1.95
11.128,-3.16,-6.81,1.8711111111111112
11.148,-3.69,-6.71,1.7933333333333332
11.168,-3.99,-6.54,1.72
11.188,-4.44,-6.42,1.65
11.208,-4.71,-6.21,1.5766666666666667
11.228,-5.19,-6.07,1.5055555555555555
11.248,-5.44,-5.9,1.4422222222222223
11.268,-5.77,-5.76,1.3766666666666667
11.288,-6.04,-5.51,1.32
11.308,-6.29,-5.39,1.24
11.328,-6.43,-5.3,1.18
11.348,-6.68,-5.14,1.1166666666666667
11.368,-6.8,-5.1,1.058888888888889
11.388,-7.02,-4.89,1.001111111111111
11.408,-7.17,-4.82,0.94
11.428,-7.32,-4.62,0.8855555555555555
11.448,-7.48,-4.56,0.83
11.468,-7.64,-4.39,0.7766666666666666
11.488,-7.75,-4.33,0.7255555555555555
11.508,-7.87,-4.18,0.6744444444444444
11.528,-7.94,-4.16,0.6233333333333333
11.548,-8.03,-4.07,0.5777777777777777
11.568,-8.07,-4.03,0.5277777777777778
11.588,-8.14,-3.94,0.48
11.608,-8.19,-3.93,0.43222222222222223
11.628,-8.23,-3.85,0.38666666666666666
11.648,-8.29,-3.79,0.34
11.668,-8.35,-3.73,0.2966666666666667
11.688,-8.39,-3.7,0.25
11.708,-8.43,-3.62,0.20444444444444446
11.728,-8.47,-3.6,0.16333333333333333
11.748,-8.49,-3.53,0.12
11.768,-8.5,-3.55,0.07777777777777778
11.788,-8.5,-3.55,0.03333333333333333
11.808,-8.49,-3.59,-0.008888888888888889
11.828,-8.45,-3.6,-0.051111111111111114
11.848,-8.48,-3.63,-0.09333333333333334
11.868,-8.43,-3.64,-0.13444444444444445
11.888,-8.44,-3.69,-0.17777777777777778
11.908,-8.37,-3.69,-0.22
11.928,-8.35,-3.74,-0.2633333333333333
11.948,-8.32,-3.8,-0.3088888888888889
11.968,-8.29,-3.84,-0.35
11.988,-8.24,-3.87,-0.39666666666666667
12.008,-8.17,-3.95,-0.44222222222222224
12.028,-8.09,-4.01,-0.4855555555555556
12.048,-8.04,-4.08,-0.5333333333333333
12.068,-7.93,-4.19,-0.5788888888888889
12.088,-7.87,-4.26,-0.6266666666666667
12.108,-7.75,-4.36,-0.68
12.128,-7.64,-4.44,-0.7255555555555555
12.148,-7.51,-4.57,-0.7766666666666666
12.168,-7.41,-4.65,-0.8288888888888889
12.188,-7.2,-4.79,-0.8811111111111111
12.208,-7.1,-4.87,-0.9377777777777778
12.228,-6.91,-5.03,-0.9911111111111112
12.248,-6.74,-5.14,-1.05
12.268,-6.5,-5.33,-1.11
12.288,-6.31,-5.41,-1.17
12.308,-6.05,-5.58,-1.228888888888889
12.328,-5.86,-5.7,-1.2922222222222222
12.348,-5.54,-5.87,-1.3544444444444443
12.368,-5.29,-6.01,-1.4222222222222223
12.388,-4.95,-6.19,-1.488888888888889
12.408,-4.7,-6.37,-1.558888888888889
12.428,-4.12,-6.6,-1.63
12.448,-3.77,-6.64,-1.701111111111111
12.468,-3.31,-6.85,-1.77
12.488,-2.87,-6.99,-1.8488888888888888
12.508,-2.25,-7.24,-1.9255555555555555
12.528,-1.88,-7.23,-2.0044444444444443
12.548,-1.26,-7.45,-2.0833333333333335
12.568,-0.91,-7.47,-2.1622222222222223
12.588,-0.08,-7.68,-2.2655555555555558
12.608,0.24,-7.63,-2.341111111111111
12.628,1.37,-8.02,-2.43
12.648,1.77,-7.91,-2.49
12.668,2.62,-7.87,-2.57
12.688,3.17,-7.93,-2.6577777777777776
12.708,3.99,-7.88,-2.74
12.728,4.65,-7.87,-2.8244444444444445
12.748,5.62,-7.83,-2.9066666666666667
12.768,6.3,-7.68,-2.9855555555555555
12.788,7.3,-7.51,-3.07
12.808,7.91,-7.35,-3.1466666666666665
12.828,8.82,-7.15,-3.223333333333333
12.848,9.48,-6.94,-3.296666666666667
12.868,10.45,-6.57,-3.3644444444444446
12.888,11.02,-6.28,-3.43
12.908,11.99,-5.83,-3.497777777777778
12.928,12.54,-5.54,-3.5477777777777777
12.948,13.34,-5.0,-3.6077777777777778
12.968,13.81,-4.69,-3.6555555555555554
12.988,14.52,-3.98,-3.7
13.008,14.91,-3.59,-3.732222222222222
13.028,15.06,-3.51,-3.7422222222222223
13.048,15.78,-2.3,-3.7744444444444443
13.068,15.94,-1.78,-3.8088888888888888
13.088,16.18,-1.19,-3.82
13.108,16.2,-0.55,-3.827777777777778
13.128,16.22,0.12,-3.8244444444444445
13.148,16.15,0.82,-3.8155555555555556
13.168,16.0,1.46,-3.8033333333333332
13.188,15.72,2.11,-3.776666666666667
13.208,15.52,2.52,-3.7544444444444443
13.228,15.09,3.15,-3.7177777777777776
13.248,14.8,3.42,-3.68
13.268,14.14,4.22,-3.6333333333333333
13.288,13.66,4.82,-3.581111111111111
13.308,12.77,5.28,-3.5277777777777777
13.328,12.31,5.67,-3.46
13.348,11.52,5.91,-3.3955555555555557
13.368,11.04,6.21,-3.3333333333333335
13.388,9.97,6.77,-3.267777777777778
13.408,9.26,6.95,-3.19
13.428,8.39,7.08,-3.1077777777777778
13.448,7.66,7.17,-3.03
13.468,6.84,7.53,-2.95
13.488,6.25,7.57,-2.868888888888889
13.508,5.24,7.66,-2.781111111111111
13.528,4.65,7.76,-2.6955555555555555
13.548,3.72,7.8,-2.611111111111111
13.568,3.25,7.86,-2.5244444444444443
13.588,2.46,7.8,-2.438888888888889
13.608,1.91,7.83,-2.352222222222222
13.628,1.03,7.64,-2.2666666666666666
13.648,0.57,7.8,-2.1822222222222223
13.668,-0.02,7.48,-2.098888888888889
13.688,-0.48,7.59,-2.0188888888888887
13.708,-1.06,7.42,-1.9377777777777778
13.728,-1.51,7.38,-1.8588888888888888
13.748,-2.13,7.21,-1.778888888888889
13.768,-2.46,7.14,-1.7044444444444444
13.788,-2.96,6.95,-1.63
13.808,-3.29,6.93,-1.5544444444444445
13.828,-3.89,6.66,-1.48
13.848,-4.15,6.57,-1.41
13.868,-4.59,6.35,-1.34
13.888,-4.84,6.23,-1.2733333333333334
13.908,-5.13,6.1,-1.2077777777777778
13.928,-5.32,6.06,-1.14
13.948,-5.55,5.98,-1.0788888888888888
13.968,-5.69,5.86,-1.0166666666666666
13.988,-5.96,5.72,-0.9533333333333334
14.008,-6.15,5.58,-0.8922222222222222
14.028,-6.39,5.43,-0.8333333333333334
14.048,-6.5,5.36,-0.7766666666666666
14.068,-6.61,5.31,-0.72
14.088,-6.68,5.27,-0.6644444444444444
14.108,-6.98,4.9,-0.6111111111111112
14.128,-6.85,4.87,-0.5511111111111111
14.148,-6.9,4.89,-0.4855555555555556
14.168,-7.06,4.51,-0.41555555555555557
14.188,-7.3,4.3,-0.34555555555555556
14.208,-7.37,4.27,-0.2722222222222222
14.228,-7.35,4.24,-0.19777777777777777
14.248,-7.2,4.57,-0.11888888888888889
14.268,-7.19,4.47,-0.03777777777777778
14.288,-7.35,4.11,0.044444444444444446
14.308,-7.44,4.02,0.12666666666666668
14.328,-7.41,3.94,0.21
14.348,-7.25,4.12,0.29777777777777775
14.368,-6.98,4.36,0.38555555555555554
14.388,-6.95,4.31,0.4766666666666667
14.408,-6.96,4.2,0.5688888888888889
14.428,-6.89,4.25,0.6611111111111111
14.448,-6.67,4.38,0.7544444444444445
14.468,-6.4,4.56,0.85
14.488,-6.14,4.71,0.95
14.508,-5.94,4.77,1.0466666666666666
14.528,-5.75,4.83,1.1477777777777778
14.548,-5.57,4.89,1.25
14.568,-5.08,5.16,1.3522222222222222
14.588,-4.68,5.37,1.46
14.608,-4.26,5.52,1.5611111111111111
14.628,-3.97,5.6,1.6688888888888889
14.648,-3.43,5.81,1.78
14.668,-3.1,5.91,1.8877777777777778
14.688,-2.3,6.15,1.9966666666666666
14.708,-1.81,6.34,2.111111111111111
14.728,-1.18,6.5,2.232222222222222
14.748,-0.7,6.69,2.3433333333333333
14.768,0.2,7.3,2.45
14.788,0.75,7.58,2.54
14.808,1.53,7.78,2.618888888888889
14.828,2.06,7.85,2.7
14.848,2.94,7.85,2.783333333333333
14.868,3.64,7.86,2.8633333333333333
14.888,4.86,7.87,2.95
14.908,5.36,7.74,3.0344444444444445
14.928,6.29,7.75,3.1144444444444446
14.948,7.07,7.68,3.1944444444444446
14.968,7.98,7.36,3.2744444444444443
14.988,8.75,7.39,3.3533333333333335
15.008,9.82,7.08,3.43
15.028,10.44,6.87,3.5044444444444443
15.048,11.43,6.44,3.57
15.068,12.06,6.26,3.6433333333333335
15.088,12.92,5.68,3.7344444444444442
15.108,13.6,5.33,3.7688888888888887
15.128,14.37,4.85,3.83
15.148,14.82,4.36,3.8755555555555556
15.168,15.51,3.66,3.91
15.188,15.85,3.24,3.951111111111111
15.208,16.45,2.2,3.9788888888888887
15.228,16.68,1.71,4.002222222222223
15.248,16.87,0.85,4.022222222222222
15.268,16.99,0.3,4.027777777777778
15.288,16.91,-0.51,4.032222222222222
15.308,16.82,-0.96,4.025555555555556
15.328,16.55,-1.88,4.013333333333334
15.348,16.33,-2.29,3.993333333333333
15.368,15.89,-3.06,3.968888888888889
15.388,15.82,-3.26,3.9355555555555557
15.408,15.17,-3.78,3.9
15.428,14.5,-4.48,3.8566666666666665
15.448,13.48,-5.35,3.811111111111111
15.468,12.79,-5.72,3.78
15.488,12.07,-6.21,3.7244444444444444
15.508,11.72,-6.34,3.6655555555555557
15.528,10.67,-6.57,3.5933333333333333
15.548,9.91,-7.0,3.522222222222222
15.568,8.66,-7.34,3.45
15.588,7.92,-7.52,3.3722222222222222
15.608,7.12,-7.63,3.292222222222222
15.628,6.44,-7.68,3.21
15.648,5.48,-7.83,3.1277777777777778
15.668,4.64,-7.74,3.0455555555555556
15.688,3.61,-7.81,2.957777777777778
15.708,2.83,-7.84,2.8733333333333335
15.728,2.08,-7.71,2.783333333333333
15.748,1.54,-7.81,2.701111111111111
15.768,0.69,-7.55,2.611111111111111
15.788,0.15,-7.37,2.5144444444444445
15.808,-0.7,-7.49,2.411111111111111
15.828,-1.25,-7.16,2.3644444444444446
15.848,-1.91,-7.07,2.283333333333333
15.868,-2.27,-7.01,2.203333333333333
15.888,-2.86,-6.84,2.128888888888889
15.908,-3.24,-6.66,2.0477777777777777
15.928,-3.82,-6.45,1.978888888888889
15.948,-4.27,-6.29,1.9066666666666667
15.968,-4.66,-6.01,1.8333333333333333
15.988,-5.0,-5.98,1.7633333333333334
16.008,-5.39,-5.71,1.701111111111111
16.028,-5.64,-5.51,1.6433333333333333
16.048,-6.04,-5.28,1.58
16.068,-6.24,-5.16,1.5066666666666666
16.088,-6.53,-4.95,1.448888888888889
16.108,-6.74,-4.79,1.3911111111111112
16.128,-6.95,-4.63,1.3333333333333333
16.148,-7.18,-4.45,1.2766666666666666
16.168,-7.38,-4.23,1.2255555555555555
16.188,-7.51,-4.12,1.1755555555555555
16.208,-7.74,-3.87,1.1255555555555556
16.228,-7.89,-3.77,1.08
16.248,-8.05,-3.56,1.0333333333333334
16.268,-8.16,-3.42,0.9911111111111112
16.288,-8.3,-3.27,0.9488888888888889
16.308,-8.37,-3.19,0.91
16.328,-8.46,-3.05,0.87
16.348,-8.51,-2.96,0.8344444444444444
16.368,-8.58,-2.82,0.7944444444444444
16.388,-8.67,-2.73,0.7622222222222222
16.408,-8.75,-2.57,0.7277777777777777
16.428,-8.81,-2.48,0.6933333333333334
16.448,-8.88,-2.35,0.6622222222222223
16.468,-8.93,-2.27,0.6333333333333333
16.488,-9.01,-2.11,0.6044444444444445
16.508,-9.03,-2.04,0.5755555555555556
16.528,-9.11,-1.91,0.55
16.548,-9.12,-1.86,0.5211111111111111
16.568,-9.18,-1.77,0.49777777777777776
16.588,-9.2,-1.71,0.4722222222222222
16.608,-9.21,-1.63,0.45
16.628,-9.21,-1.57,0.43
16.648,-9.26,-1.52,0.40555555555555556
16.668,-9.27,-1.44,0.38666666666666666
16.688,-9.31,-1.39,0.36333333333333334
16.708,-9.32,-1.33,0.34444444444444444
16.728,-9.32,-1.25,0.3233333333333333
16.748,-9.34,-1.21,0.3055555555555556
16.768,-9.35,-1.14,0.2877777777777778
16.788,-9.39,-1.11,0.27
16.808,-9.38,-1.05,0.25222222222222224
16.828,-9.39,-1.02,0.23444444444444446
16.848,-9.4,-0.97,0.22
16.868,-9.4,-0.94,0.20444444444444446
16.888,-9.41,-0.89,0.18777777777777777
16.908,-9.42,-0.9,0.17333333333333334
16.928,-9.42,-0.84,0.16
16.948,-9.42,-0.83,0.14444444444444443
16.968,-9.45,-0.81,0.12666666666666668
16.988,-9.43,-0.8,0.11333333333333333
17.008,-9.44,-0.77,0.09888888888888889
17.028,-9.45,-0.77,0.08666666666666667
17.048,-9.45,-0.75,0.07333333333333333
17.068,-9.45,-0.73,0.058888888888888886
17.088,-9.45,-0.74,0.04666666666666667
17.108,-9.44,-0.73,0.03222222222222222
17.128,-9.46,-0.72,0.02
17.148,-9.46,-0.7,0.006666666666666667
17.168,-9.46,-0.7,-0.006666666666666667
17.188,-9.45,-0.73,-0.01888888888888889
17.208,-9.46,-0.76,-0.03111111111111111
17.228,-9.44,-0.77,-0.043333333333333335
17.248,-9.43,-0.79,-0.05555555555555555
17.268,-9.42,-0.79,-0.06777777777777778
17.288,-9.44,-0.79,-0.0811111111111111
17.308,-9.44,-0.83,-0.09333333333333334
17.328,-9.45,-0.84,-0.10777777777777778
17.348,-9.44,-0.84,-0.12
17.368,-9.43,-0.87,-0.13111111111111112
17.388,-9.42,-0.92,-0.14555555555555555
17.408,-9.43,-0.9,-0.15777777777777777
17.428,-9.42,-0.97,-0.17222222222222222
17.448,-9.4,-1.01,-0.18888888888888888
17.468,-9.4,-1.03,-0.20222222222222222
17.488,-9.38,-1.07,-0.21666666666666667
17.508,-9.38,-1.12,-0.2311111111111111
17.528,-9.36,-1.15,-0.24888888888888888
17.548,-9.35,-1.21,-0.2644444444444444
17.568,-9.36,-1.25,-0.2788888888888889
17.588,-9.33,-1.31,-0.2966666666666667
17.608,-9.33,-1.36,-0.31666666666666665
17.628,-9.3,-1.42,-0.3333333333333333
17.648,-9.28,-1.47,-0.3522222222222222
17.668,-9.27,-1.54,-0.3711111111111111
17.688,-9.23,-1.6,-0.39
17.708,-9.22,-1.63,-0.4111111111111111
17.728,-9.22,-1.71,-0.43444444444444447
17.748,-9.16,-1.81,-0.46555555555555556
17.768,-9.14,-1.88,-0.47888888888888886
17.788,-9.09,-1.96,-0.5144444444444445
17.808,-9.05,-2.04,-0.5255555555555556
17.828,-9.0,-2.15,-0.5644444444444444
17.848,-8.97,-2.25,-0.5777777777777777
17.868,-8.91,-2.33,-0.6188888888888889
17.888,-8.86,-2.41,-0.6333333333333333
17.908,-8.82,-2.55,-0.6755555555555556
17.928,-8.77,-2.63,-0.6944444444444444
17.948,-8.67,-2.75,-0.7433333333333333
17.968,-8.62,-2.85,-0.7577777777777778
17.988,-8.53,-3.01,-0.81
18.008,-8.45,-3.12,-0.8288888888888889
18.028,-8.33,-3.26,-0.8844444444444445
18.048,-8.23,-3.43,-0.9022222222222223
18.068,-8.06,-3.6,-0.9644444444444444
18.088,-7.94,-3.72,-1.0044444444444445
18.108,-7.79,-3.91,-1.048888888888889
18.128,-7.66,-4.01,-1.0922222222222222
18.148,-7.48,-4.22,-1.14
18.168,-7.33,-4.36,-1.1877777777777778
18.188,-7.12,-4.57,-1.24
18.208,-6.94,-4.7,-1.29
18.228,-6.67,-4.91,-1.3444444444444446
18.248,-6.47,-5.05,-1.4
18.268,-6.17,-5.27,-1.4577777777777778
18.288,-5.94,-5.39,-1.4866666666666666
18.308,-5.6,-5.63,-1.5777777777777777
18.328,-5.31,-5.8,-1.61
18.348,-4.89,-5.99,-1.7055555555555555
18.368,-4.6,-6.12,-1.77
18.388,-4.1,-6.4,-1.8388888888888888
18.408,-3.79,-6.55,-1.9088888888888889
18.428,-3.14,-6.81,-1.9833333333333334
18.448,-2.82,-6.94,-2.057777777777778
18.468,-2.2,-7.04,-2.13
18.488,-1.79,-7.27,-2.2088888888888887
18.508,-1.12,-7.36,-2.29
18.528,-0.79,-7.39,-2.38
18.548,0.09,-7.58,-2.4722222222222223
18.568,0.73,-7.78,-2.5522222222222224
18.588,1.55,-7.73,-2.6133333333333333
18.608,2.16,-7.93,-2.6966666666666668
18.628,3.01,-7.87,-2.78
18.648,3.61,-7.93,-2.8666666666666667
18.668,4.58,-7.95,-2.9466666666666668
18.688,5.22,-7.83,-3.0277777777777777
18.708,6.26,-7.75,-3.108888888888889
18.728,6.93,-7.64,-3.187777777777778
18.748,7.94,-7.47,-3.2688888888888887
18.768,8.63,-7.29,-3.3455555555555554
18.788,9.64,-7.02,-3.42
18.808,10.29,-6.7,-3.488888888888889
18.828,11.31,-6.44,-3.5555555555555554
18.848,11.94,-6.01,-3.62
18.868,12.81,-5.56,-3.6766666666666667
18.888,13.4,-5.26,-3.7344444444444442
18.908,14.17,-4.64,-3.778888888888889
18.928,14.65,-4.16,-3.821111111111111
18.948,15.28,-3.6,-3.858888888888889
18.968,15.49,-3.46,-3.8244444444444445
18.988,16.12,-2.39,-3.9122222222222223
19.008,16.28,-2.01,-3.931111111111111
19.028,16.56,-1.07,-3.948888888888889
19.048,16.57,-0.67,-3.9466666666666668
19.068,16.62,0.19,-3.9433333333333334
19.088,16.53,0.67,-3.93
19.108,16.4,1.63,-3.9122222222222223
19.128,16.15,1.96,-3.891111111111111
19.148,15.83,2.75,-3.86
19.168,15.54,3.08,-3.82
19.188,15.04,3.45,-3.783333333333333
19.208,14.56,4.22,-3.7344444444444442
19.228,13.7,5.01,-3.6777777777777776
19.248,13.14,5.26,-3.621111111111111
19.268,12.38,5.72,-3.5555555555555554
19.288,11.86,6.0,-3.4922222222222223
19.308,10.97,6.47,-3.422222222222222
19.328,10.27,6.61,-3.352222222222222
19.348,9.13,7.05,-3.27
19.368,8.45,7.29,-3.19
19.388,7.53,7.25,-3.111111111111111
19.408,6.98,7.64,-3.0322222222222224
19.428,5.64,7.73,-2.9466666666666668
19.448,4.88,7.78,-2.86
19.468,3.98,7.84,-2.7755555555555556
19.488,3.38,7.87,-2.6866666666666665
19.508,2.65,7.83,-2.6077777777777778
19.528,2.08,7.84,-2.5122222222222224
19.548,1.26,7.75,-2.4322222222222223
19.568,0.63,7.57,-2.3444444444444446
19.588,-0.04,7.62,-2.2666666666666666
19.608,-0.54,7.4,-2.183333333333333
19.628,-1.19,7.37,-2.1033333333333335
19.648,-1.56,7.22,-2.0233333333333334
19.668,-2.22,7.03,-1.951111111111111
19.688,-2.6,6.94,-1.8733333333333333
19.708,-3.1,6.77,-1.8
19.728,-3.43,6.58,-1.73
19.748,-4.01,6.49,-1.66
19.768,-4.26,6.32,-1.59
19.788,-4.71,6.12,-1.521111111111111
19.808,-4.96,5.95,-1.4577777777777778
19.828,-5.36,5.77,-1.3966666666666667
19.848,-5.6,5.65,-1.3366666666666667
19.868,-5.87,5.53,-1.28
19.888,-6.05,5.41,-1.2177777777777778
19.908,-6.29,5.31,-1.1622222222222223
19.928,-6.47,5.14,-1.1066666666666667
19.948,-6.86,4.78,-1.051111111111111
19.968,-6.93,4.67,-0.9977777777777778
19.988,-7.14,4.42,-0.9388888888888889
20.008,-7.27,4.26,-0.8811111111111111
20.028,-7.34,4.26,-0.8211111111111111
20.048,-7.53,4.02,-0.76
20.068,-7.55,3.93,-0.7
20.088,-7.69,3.87,-0.6344444444444445
20.108,-7.87,3.62,-0.5744444444444444
20.128,-8.01,3.51,-0.5133333333333333
20.148,-8.06,3.48,-0.45111111111111113
20.168,-8.16,3.36,-0.39111111111111113
20.188,-8.15,3.34,-0.3288888888888889
20.208,-8.2,3.35,-0.26555555555555554
20.228,-8.22,3.28,-0.20222222222222222
20.248,-8.26,3.23,-0.1411111111111111
20.268,-8.28,3.16,-0.11
20.288,-8.29,3.11,-0.016666666666666666
20.308,-8.27,3.14,0.016666666666666666
20.328,-8.24,3.22,0.07888888888888888
20.348,-8.23,3.18,0.14333333333333334
20.368,-8.19,3.23,0.2088888888888889
20.388,-8.18,3.26,0.27111111111111114
20.408,-8.1,3.27,0.3388888888888889
20.428,-8.06,3.33,0.4011111111111111
20.448,-7.96,3.42,0.47
20.468,-7.87,3.5,0.54
20.488,-7.76,3.58,0.6077777777777778
20.508,-7.68,3.6,0.6777777777777778
20.528,-7.54,3.73,0.7477777777777778
20.548,-7.41,3.87,0.82
20.568,-7.2,4.03,0.8955555555555555
20.588,-7.05,4.12,0.9688888888888889
20.608,-6.84,4.31,1.0444444444444445
20.628,-6.68,4.42,1.1211111111111112
20.648,-6.38,4.64,1.2
20.668,-6.17,4.78,1.278888888888889
20.688,-5.82,5.0,1.3577777777777778
20.708,-5.58,5.16,1.4366666666666668
20.728,-5.19,5.39,1.52
20.748,-4.91,5.65,1.5944444444444446
20.768,-4.44,6.13,1.67
20.788,-4.11,6.32,1.7333333333333334
20.808,-3.49,6.55,1.801111111111111
20.828,-3.18,6.67,1.8688888888888888
20.848,-2.61,6.93,1.9366666666666668
20.868,-2.24,7.02,2.0077777777777777
20.888,-1.57,7.18,2.078888888888889
20.908,-1.15,7.36,2.1555555555555554
20.928,-0.41,7.47,2.2311111111111113
20.948,0.09,7.54,2.31
20.968,0.76,7.69,2.39
20.988,1.34,7.76,2.4655555555555555
21.008,2.12,7.83,2.5544444444444445
21.028,2.75,7.86,2.6344444444444446
21.048,3.69,7.86,2.718888888888889
21.068,4.38,7.95,2.8
21.088,5.13,7.78,2.881111111111111
21.108,5.97,7.74,2.9644444444444447
21.128,6.83,7.56,3.0477777777777777
21.148,7.61,7.64,3.128888888888889
21.168,8.66,7.28,3.207777777777778
21.188,9.26,7.21,3.287777777777778
21.208,10.23,6.93,3.358888888888889
21.228,10.86,6.56,3.433333333333333
21.248,11.8,6.22,3.5033333333333334
21.268,12.4,5.89,3.577777777777778
21.288,13.34,5.37,3.652222222222222
21.308,13.85,5.1,3.6955555555555555
21.328,14.52,4.43,3.7533333333333334
21.348,14.93,4.0,3.7933333333333334
21.368,15.51,3.29,3.8377777777777777
21.388,15.85,2.85,3.8744444444444444
21.408,16.22,2.08,3.898888888888889
21.428,16.36,1.67,3.922222222222222
21.448,16.59,0.74,3.94
21.468,16.63,0.18,3.9466666666666668
21.488,16.6,-0.64,3.95
21.508,16.49,-1.09,3.942222222222222
21.528,16.22,-1.95,3.93
21.548,15.98,-2.4,3.911111111111111
21.568,15.55,-3.14,3.882222222222222
21.588,15.51,-3.26,3.852222222222222
21.608,14.85,-3.81,3.816666666666667
21.628,14.25,-4.5,3.778888888888889
21.648,13.19,-5.35,3.73
21.668,12.54,-5.7,3.6744444444444446
21.688,11.91,-5.83,3.612222222222222
21.708,11.49,-6.27,3.5433333333333334
21.728,10.55,-6.53,3.48
21.748,9.69,-6.93,3.408888888888889
21.768,8.51,-7.32,3.33
21.788,7.89,-7.47,3.258888888888889
21.808,6.9,-7.43,3.1744444444444446
21.828,6.36,-7.63,3.0922222222222224
21.848,5.45,-7.72,3.01
21.868,4.64,-7.9,2.93
21.888,3.61,-7.84,2.8422222222222224
21.908,2.87,-7.91,2.7533333333333334
21.928,2.08,-7.82,2.6644444444444444
21.948,1.61,-7.81,2.58
21.968,0.77,-7.54,2.493333333333333
21.988,0.21,-7.45,2.37
22.008,-0.54,-7.54,2.3266666666666667
22.028,-1.12,-7.26,2.243333333333333
22.048,-1.71,-7.19,2.16
22.068,-2.1,-7.11,2.082222222222222
22.088,-2.71,-6.93,2.0033333333333334
22.108,-3.01,-6.85,1.9288888888888889
22.128,-3.6,-6.68,1.8522222222222222
22.148,-3.74,-6.55,1.78
22.168,-4.44,-6.3,1.7077777777777778
22.188,-4.75,-6.13,1.6377777777777778
22.208,-5.21,-5.92,1.5711111111111111
22.228,-5.55,-5.75,1.5077777777777779
22.248,-5.99,-5.46,1.4522222222222223
22.268,-6.12,-5.43,1.3744444444444444
22.288,-6.38,-5.24,1.308888888888889
22.308,-6.57,-5.14,1.248888888888889
22.328,-6.79,-4.95,1.1922222222222223
22.348,-6.95,-4.86,1.1333333333333333
22.368,-7.18,-4.65,1.0733333333333333
22.388,-7.34,-4.51,1.018888888888889
22.408,-7.52,-4.37,0.9677777777777777
22.428,-7.66,-4.25,0.9155555555555556
22.448,-7.85,-4.08,0.8644444444444445
22.468,-7.92,-3.99,0.8166666666666667
22.488,-8.03,-3.89,0.77
22.508,-8.12,-3.79,0.7233333333333334
22.528,-8.21,-3.72,0.6777777777777778
22.548,-8.27,-3.63,0.6333333333333333
22.568,-8.36,-3.53,0.59
22.588,-8.41,-3.45,0.5477777777777778
22.608,-8.49,-3.38,0.5033333333333333
22.628,-8.55,-3.29,0.46444444444444444
22.648,-8.6,-3.2,0.4222222222222222
22.668,-8.63,-3.15,0.3844444444444444
22.688,-8.7,-3.08,0.34555555555555556
22.708,-8.73,-3.03,0.30666666666666664
22.728,-8.78,-2.99,0.27
22.748,-8.78,-2.97,0.23444444444444446
22.768,-8.81,-2.95,0.19555555555555557
22.788,-8.82,-2.94,0.16
22.808,-8.83,-2.91,0.12333333333333334
22.828,-8.84,-2.92,0.08777777777777777
22.848,-8.85,-2.91,0.051111111111111114
22.868,-8.87,-2.91,0.015555555555555555
22.888,-8.84,-2.9,-0.02
22.908,-8.84,-2.91,-0.051111111111111114
22.928,-8.84,-2.93,-0.09
22.948,-8.84,-2.97,-0.12333333333333334
22.968,-8.81,-2.97,-0.15777777777777777
22.988,-8.78,-3.02,-0.19444444444444445
23.008,-8.76,-3.03,-0.23
23.028,-8.75,-3.07,-0.2688888888888889
23.048,-8.68,-3.13,-0.3
23.068,-8.64,-3.17,-0.34
23.088,-8.64,-3.21,-0.37666666666666665
23.108,-8.56,-3.31,-0.41444444444444445
23.128,-8.52,-3.33,-0.45111111111111113
23.148,-8.44,-3.42,-0.4922222222222222
23.168,-8.4,-3.52,-0.5344444444444445
23.188,-8.3,-3.62,-0.5733333333333334
23.208,-8.26,-3.69,-0.6166666666666667
23.228,-8.16,-3.81,-0.6588888888888889
23.248,-8.05,-3.88,-0.7044444444444444
23.268,-7.95,-4.01,-0.7488888888888889
23.288,-7.87,-4.12,-0.7966666666666666
23.308,-7.71,-4.25,-0.8433333333333334
23.328,-7.62,-4.34,-0.89
23.348,-7.43,-4.49,-0.9411111111111111
23.368,-7.32,-4.6,-0.9922222222222222
23.388,-7.09,-4.77,-1.0444444444444445
23.408,-6.96,-4.87,-1.0977777777777777
23.428,-6.73,-5.06,-1.1511111111111112
23.448,-6.55,-5.2,-1.21
23.468,-6.27,-5.37,-1.268888888888889
23.488,-6.06,-5.48,-1.3288888888888888
23.508,-5.74,-5.69,-1.3888888888888888
23.528,-5.53,-5.83,-1.4544444444444444
23.548,-5.13,-6.03,-1.52
23.568,-4.87,-6.15,-1.5822222222222222
23.588,-4.44,-6.32,-1.6544444444444444
23.608,-4.06,-6.55,-1.7233333333333334
23.628,-3.67,-6.63,-1.7955555555555556
23.648,-3.28,-6.79,-1.87
23.668,-2.47,-7.04,-1.9444444444444444
23.688,-2.1,-7.25,-2.02
23.708,-1.47,-7.33,-2.097777777777778
23.728,-1.07,-7.46,-2.1755555555555555
23.748,-0.34,-7.48,-2.2688888888888887
23.768,0.08,-7.67,-2.3633333333333333
23.788,0.99,-7.74,-2.44
23.808,1.47,-7.81,-2.5155555555555558
23.828,2.38,-7.76,-2.588888888888889
23.848,2.97,-7.94,-2.671111111111111
23.868,3.86,-7.82,-2.7544444444444443
23.888,4.47,-7.94,-2.8377777777777777
23.908,5.44,-7.72,-2.92
23.928,6.14,-7.76,-3.0
23.948,7.15,-7.52,-3.08
23.968,7.79,-7.46,-3.16
23.988,8.74,-7.15,-3.24
24.008,9.41,-7.04,-3.311111111111111
24.028,10.37,-6.63,-3.3833333333333333
24.048,11.05,-6.45,-3.453333333333333
24.068,11.92,-5.97,-3.52
24.088,12.49,-5.63,-3.5744444444444445
24.108,13.33,-5.12,-3.6333333333333333
24.128,13.84,-4.68,-3.68
24.148,14.58,-4.09,-3.7288888888888887
24.168,14.96,-3.65,-3.7666666666666666
24.188,15.39,-3.22,-3.8
24.208,16.15,-1.4,-3.75
24.228,16.04,-1.87,-3.851111111111111
24.248,16.23,-1.25,-3.862222222222222
24.268,16.32,-0.57,-3.8722222222222222
24.288,16.42,0.01,-3.8733333333333335
24.308,16.26,0.75,-3.862222222222222
24.328,16.18,1.39,-3.852222222222222
24.348,15.92,2.02,-3.83
24.368,15.67,2.52,-3.8033333333333332
24.388,15.28,3.07,-3.77
24.408,14.98,3.29,-3.732222222222222
24.428,14.31,4.25,-3.692222222222222
24.448,13.77,4.83,-3.64
24.468,12.96,5.27,-3.581111111111111
24.488,12.43,5.66,-3.52
24.508,11.71,5.93,-3.4566666666666666
24.528,11.17,6.22,-3.3944444444444444
24.548,10.19,6.55,-3.33
24.568,9.33,7.05,-3.2444444444444445
24.588,8.37,7.23,-3.17
24.608,7.75,7.22,-3.09
24.628,6.95,7.61,-3.011111111111111
24.648,6.27,7.56,-2.93
24.668,5.26,7.8,-2.8455555555555554
24.688,4.63,7.75,-2.758888888888889
24.708,3.76,7.86,-2.6744444444444446
24.728,3.2,7.82,-2.5855555555555556
24.748,2.41,7.87,-2.502222222222222
24.768,1.89,7.79,-2.41
24.788,1.0,7.85,-2.33
24.808,0.57,7.59,-2.243333333333333
24.828,-0.07,7.52,-2.161111111111111
24.848,-0.6,7.53,-2.078888888888889
24.868,-1.19,7.37,-2.0011111111111113
24.888,-1.62,7.32,-1.92
24.908,-2.26,7.17,-1.8422222222222222
24.928,-2.53,7.03,-1.7666666666666666
24.948,-3.07,6.96,-1.728888888888889
24.968,-3.37,6.77,-1.6177777777777778
24.988,-3.85,6.59,-1.5822222222222222
25.008,-4.2,6.52,-1.5122222222222221
25.028,-4.6,6.31,-1.441111111111111
25.048,-4.87,6.18,-1.3755555555555556
25.068,-5.55,5.55,-1.31
25.088,-5.41,5.74,-1.241111111111111
25.108,-5.58,5.58,-1.1733333333333333
25.128,-5.89,5.33,-1.1
25.148,-6.16,5.17,-1.0244444444444445
25.168,-6.52,5.0,-0.95
25.188,-6.73,4.81,-0.87
25.208,-6.74,4.92,-0.7977777777777778
25.228,-6.79,4.88,-0.7277777777777777
25.248,-6.89,4.9,-0.6566666666666666
25.268,-7.07,4.65,-0.5888888888888889
25.288,-7.19,4.57,-0.52
25.308,-7.26,4.42,-0.4533333333333333
25.328,-7.32,4.39,-0.3888888888888889
25.348,-7.23,4.52,-0.32222222222222224
25.368,-7.27,4.5,-0.25333333333333335
25.388,-7.38,4.31,-0.18333333333333332
25.408,-7.42,4.27,-0.11333333333333333
25.428,-7.5,4.2,-0.01
25.448,-7.5,4.17,0.023333333333333334
25.468,-7.39,4.34,0.13
25.488,-7.34,4.4,0.16666666666666666
25.508,-7.37,4.3,0.2777777777777778
25.528,-7.35,4.28,0.31333333333333335
25.548,-7.27,4.31,0.42444444444444446
25.568,-7.18,4.35,0.46
25.588,-6.97,4.54,0.5744444444444444
25.608,-6.9,4.55,0.6144444444444445
25.628,-6.72,4.64,0.7333333333333333
25.648,-6.61,4.71,0.7722222222222223
25.668,-6.41,4.78,0.8966666666666666
25.688,-6.17,4.94,0.9377777777777778
25.708,-5.87,5.15,1.0655555555555556
25.728,-5.73,5.15,1.11
25.748,-5.37,5.34,1.24
25.768,-4.95,5.52,1.33
25.788,-4.71,5.62,1.4222222222222223
25.808,-4.24,5.82,1.5155555555555555
25.828,-3.96,5.93,1.6111111111111112
25.848,-3.43,6.19,1.7033333333333334
25.868,-3.09,6.27,1.8
25.888,-2.41,6.55,1.8944444444444444
25.908,-1.98,6.87,1.99
25.928,-1.46,7.08,2.077777777777778
25.948,-1.07,7.29,2.1555555555555554
25.968,-0.32,7.6,2.236666666666667
25.988,0.13,7.58,2.3177777777777777
26.008,0.88,7.74,2.3966666666666665
26.028,1.6,7.87,2.4744444444444444
26.048,2.15,7.8,2.56
26.068,2.79,7.82,2.6422222222222222
26.088,3.82,7.9,2.7255555555555557
26.108,4.4,7.89,2.81
26.128,5.3,7.78,2.891111111111111
26.148,6.06,7.84,2.977777777777778
26.168,6.92,7.64,3.057777777777778
26.188,7.66,7.43,3.1355555555555554
26.208,8.7,7.25,3.2144444444444447
26.228,9.31,7.09,3.29
26.248,10.33,6.74,3.3655555555555554
26.268,11.02,6.52,3.4366666666666665
26.288,11.85,6.11,3.5044444444444443
26.308,12.43,5.87,3.5755555555555554
26.328,13.3,5.28,3.6433333333333335
26.348,13.69,4.97,3.6911111111111112
26.368,14.48,4.28,3.7377777777777776
26.388,14.88,3.91,3.7844444444444445
26.408,15.41,3.2,3.8177777777777777
26.428,15.74,2.79,3.852222222222222
26.448,16.2,1.79,3.8777777777777778
26.468,16.39,1.22,3.898888888888889
26.488,16.51,0.41,3.9144444444444444
26.508,16.51,-0.15,3.922222222222222
26.528,16.48,-0.9,3.9166666666666665
26.548,16.33,-1.45,3.9066666666666667
26.568,16.03,-2.25,3.8933333333333335
26.588,15.74,-2.68,3.867777777777778
26.608,15.21,-3.49,3.84
26.628,15.02,-3.74,3.8055555555555554
26.648,14.63,-3.83,3.7622222222222224
26.668,14.02,-4.61,3.721111111111111
26.688,12.84,-5.36,3.6766666666666667
26.708,12.11,-6.04,3.6144444444444446
26.728,11.27,-6.48,3.5588888888888888
26.748,10.94,-6.46,3.488888888888889
26.768,10.19,-6.69,3.421111111111111
26.788,9.39,-6.89,3.3466666666666667
26.808,8.14,-7.34,3.2711111111111113
26.828,7.4,-7.46,3.1933333333333334
26.848,6.37,-7.61,3.11
26.868,5.93,-7.63,3.0277777777777777
26.888,5.02,-7.7,2.9466666666666668
26.908,4.47,-7.83,2.861111111111111
26.928,3.36,-7.96,2.7733333333333334
26.948,2.66,-7.79,2.688888888888889
26.968,1.7,-7.87,2.6
26.988,1.25,-7.64,2.517777777777778
27.008,0.6,-7.69,2.43
27.028,0.09,-7.46,2.332222222222222
27.048,-0.69,-7.53,2.2455555555555557
27.068,-1.22,-7.32,2.18
27.088,-1.92,-7.18,2.101111111111111
27.108,-2.22,-7.17,2.02
27.128,-2.81,-6.92,1.94
27.148,-3.09,-6.92,1.8622222222222222
27.168,-3.62,-6.76,1.788888888888889
27.188,-3.99,-6.52,1.7144444444444444
27.208,-4.49,-6.35,1.6444444444444444
27.228,-4.85,-6.19,1.5766666666666667
27.248,-5.26,-5.95,1.5077777777777779
27.268,-5.53,-5.86,1.4433333333333334
27.288,-5.9,-5.55,1.3811111111111112
27.308,-6.09,-5.51,1.308888888888889
27.328,-6.32,-5.36,1.2422222222222221
27.348,-6.46,-5.29,1.18
27.368,-6.66,-5.12,1.12
27.388,-6.78,-5.08,1.0622222222222222
27.408,-7.01,-4.88,1.0033333333333334
27.428,-7.18,-4.77,0.9422222222222222
27.448,-7.38,-4.58,0.89
27.468,-7.54,-4.46,0.8366666666666667
27.488,-7.72,-4.29,0.7844444444444445
27.508,-7.82,-4.21,0.7344444444444445
27.528,-7.95,-4.09,0.6833333333333333
27.548,-8.04,-4.02,0.6366666666666667
27.568,-8.09,-3.95,0.59
27.588,-8.13,-3.92,0.5444444444444444
27.608,-8.21,-3.86,0.49777777777777776
27.628,-8.24,-3.8,0.45111111111111113
27.648,-8.31,-3.73,0.40555555555555556
27.668,-8.35,-3.67,0.36
27.688,-8.42,-3.58,0.32
27.708,-8.46,-3.52,0.27444444444444444
27.728,-8.52,-3.49,0.23333333333333334
27.748,-8.54,-3.42,0.19
27.768,-8.58,-3.43,0.15
27.788,-8.57,-3.4,0.10888888888888888
27.808,-8.6,-3.41,0.06666666666666667
27.828,-8.58,-3.43,0.025555555555555557
27.848,-8.56,-3.42,-0.015555555555555555
27.868,-8.57,-3.43,-0.05333333333333334
27.888,-8.56,-3.45,-0.09444444444444444
27.908,-8.54,-3.47,-0.13555555555555557
27.928,-8.52,-3.52,-0.17666666666666667
27.948,-8.51,-3.51,-0.21888888888888888
27.968,-8.47,-3.55,-0.2588888888888889
27.988,-8.43,-3.6,-0.3
28.008,-8.39,-3.66,-0.3411111111111111
28.028,-8.34,-3.67,-0.3844444444444444
28.048,-8.28,-3.79,-0.4255555555555556
28.068,-8.25,-3.82,-0.4711111111111111
28.088,-8.15,-3.89,-0.5166666666666667
28.108,-8.07,-3.98,-0.5622222222222222
28.128,-7.98,-4.07,-0.6077777777777778
28.148,-7.92,-4.16,-0.6544444444444445
28.168,-7.8,-4.28,-0.7033333333333334
28.188,-7.71,-4.34,-0.75
28.208,-7.56,-4.5,-0.8
28.228,-7.45,-4.57,-0.8511111111111112
28.248,-7.29,-4.73,-0.9055555555555556
28.268,-7.15,-4.81,-0.9566666666666667
28.288,-6.95,-4.97,-1.0144444444444445
28.308,-6.8,-5.08,-1.068888888888889
28.328,-6.54,-5.24,-1.1255555555555556
28.348,-6.39,-5.39,-1.1855555555555555
28.368,-6.09,-5.53,-1.2466666666666666
28.388,-5.89,-5.69,-1.308888888888889
28.408,-5.56,-5.84,-1.3744444444444444
28.428,-5.34,-5.99,-1.4377777777777778
28.448,-4.96,-6.15,-1.5044444444444445
28.468,-4.69,-6.32,-1.5722222222222222
28.488,-4.25,-6.49,-1.6422222222222222
28.508,-3.94,-6.61,-1.7133333333333334
28.528,-3.44,-6.8,-1.788888888888889
28.548,-3.04,-6.95,-1.8633333333333333
28.568,-2.46,-7.17,-1.9377777777777778
28.588,-2.08,-7.22,-2.017777777777778
28.608,-1.47,-7.4,-2.0955555555555554
28.628,-0.92,-7.46,-2.18
28.648,-0.38,-7.56,-2.28
28.668,0.3,-7.7,-2.3544444444444443
28.688,0.92,-7.76,-2.44
28.708,1.73,-7.88,-2.5
28.728,2.3,-7.76,-2.5855555555555556
28.748,3.2,-7.94,-2.672222222222222
28.768,3.74,-7.87,-2.7544444444444443
28.788,4.65,-7.86,-2.838888888888889
28.808,5.32,-7.74,-2.92
28.828,6.31,-7.68,-2.9988888888888887
28.848,7.01,-7.53,-3.081111111111111
28.868,7.93,-7.36,-3.1577777777777776
28.888,8.6,-7.19,-3.2355555555555555
28.908,9.6,-6.91,-3.3088888888888888
28.928,10.19,-6.73,-3.381111111111111
28.948,11.14,-6.25,-3.4433333333333334
28.968,11.77,-5.96,-3.506666666666667
28.988,12.66,-5.48,-3.5633333333333335
29.008,13.11,-5.13,-3.6133333333333333
29.028,13.88,-4.61,-3.6633333333333336
29.048,14.34,-4.16,-3.7155555555555555
29.068,14.93,-3.51,-3.7466666666666666
29.088,15.29,-3.21,-3.758888888888889
29.108,15.83,-2.31,-3.7822222222222224
29.128,15.91,-1.88,-3.821111111111111
29.148,16.24,-1.14,-3.838888888888889
29.168,16.19,-0.64,-3.838888888888889
29.188,16.27,0.18,-3.838888888888889
29.208,16.18,0.58,-3.83
29.228,15.98,1.74,-3.8177777777777777
29.248,15.72,2.1,-3.79
29.268,15.43,2.8,-3.76
29.288,15.09,3.11,-3.7255555555555557
29.308,14.58,3.62,-3.69
29.328,14.15,4.36,-3.6444444444444444
29.348,13.26,4.97,-3.59
29.368,12.74,5.34,-3.5355555555555553
29.388,11.98,5.69,-3.4744444444444444
29.408,11.51,5.93,-3.41
29.428,10.61,6.5,-3.3433333333333333
29.448,10.03,6.59,-3.276666666666667
29.468,8.87,6.92,-3.19
29.488,8.26,7.29,-3.12
29.508,7.38,7.27,-3.0366666666666666
29.528,6.77,7.57,-2.96
29.548,5.81,7.64,-2.8755555555555556
29.568,5.13,7.74,-2.7866666666666666
29.588,4.25,7.8,-2.7022222222222223
29.608,3.65,7.87,-2.618888888888889
29.628,2.92,7.87,-2.5322222222222224
29.648,2.37,7.89,-2.4411111111111112
29.668,1.53,7.73,-2.36
29.688,1.08,7.96,-2.2711111111111113
29.708,0.27,7.71,-2.187777777777778
29.728,-0.07,7.45,-2.1077777777777778
29.748,-0.66,7.48,-2.026666666666667
29.768,-1.2,7.41,-1.9455555555555555
29.788,-1.79,7.22,-1.8644444444444443
29.808,-2.23,7.19,-1.83
29.828,-2.75,7.08,-1.75
29.848,-3.01,6.9,-1.6744444444444444
29.868,-3.51,6.81,-1.5988888888888888
29.888,-3.76,6.63,-1.53
29.908,-4.23,6.56,-1.4566666666666668
29.928,-4.52,6.34,-1.3855555555555557
29.948,-4.9,6.23,-1.3177777777777777
29.968,-5.1,6.05,-1.2555555555555555
29.988,-5.39,6.0,-1.1877777777777778
30.008,-5.53,5.89,-1.1222222222222222
30.028,-5.79,5.79,-1.0611111111111111
30.048,-5.93,5.69,-0.9966666666666667
30.068,-6.21,5.55,-0.94
30.088,-6.45,5.43,-0.8788888888888889
30.108,-6.59,5.31,-0.82
30.128,-6.68,5.21,-0.7677777777777778
30.148,-6.8,5.18,-0.71
30.168,-6.98,4.83,-0.6544444444444445
30.188,-7.02,4.79,-0.5955555555555555
30.208,-7.04,4.68,-0.5333333333333333
30.228,-7.22,4.58,-0.4711111111111111
30.248,-7.19,4.56,-0.4066666666666667
30.268,-7.3,4.48,-0.34
30.288,-7.39,4.41,-0.2733333333333333
30.308,-7.4,4.42,-0.21
30.328,-7.48,4.36,-0.1411111111111111
30.348,-7.47,4.31,-0.07444444444444444
30.368,-7.46,4.33,-0.008888888888888889
30.388,-7.46,4.24,0.06333333333333334
30.408,-7.42,4.26,0.13111111111111112
30.428,-7.42,4.22,0.20333333333333334
30.448,-7.36,4.22,0.2788888888888889
30.468,-7.24,4.32,0.3522222222222222
30.488,-7.18,4.28,0.4311111111111111
30.508,-7.08,4.31,0.5122222222222222
30.528,-6.99,4.37,0.5966666666666667
30.548,-6.84,4.44,0.6811111111111111
30.568,-6.73,4.51,0.7633333333333333
30.588,-6.46,4.66,0.8522222222222222
30.608,-6.2,4.79,0.94
30.628,-5.94,4.9,1.03
30.648,-5.71,5.03,1.1255555555555556
30.668,-5.39,5.22,1.2177777777777778
30.688,-5.11,5.32,1.31
30.708,-4.71,5.53,1.4066666666666667
30.728,-4.43,5.6,1.501111111111111
30.748,-3.88,5.82,1.6
30.768,-3.54,5.94,1.7
30.788,-3.01,6.16,1.801111111111111
30.808,-2.6,6.27,1.9055555555555554
30.828,-1.88,6.48,2.011111111111111
30.848,-1.38,6.66,2.1144444444444446
30.868,-0.57,6.87,2.2177777777777776
30.888,0.02,7.22,2.32
30.908,0.66,7.57,2.42
30.928,1.13,7.58,2.506666666666667
30.948,2.02,7.87,2.588888888888889
30.968,2.59,7.82,2.6733333333333333
30.988,3.49,7.86,2.7511111111111113
31.008,4.36,7.89,2.8377777777777777
31.028,5.11,7.81,2.9166666666666665
31.048,5.79,7.76,3.0044444444444443
31.068,6.8,7.66,3.0844444444444443
31.088,7.45,7.66,3.1666666666666665
31.108,8.6,7.36,3.247777777777778
31.128,9.33,7.19,3.3266666666666667
31.148,10.19,6.84,3.4033333333333333
31.168,10.83,6.75,3.4744444444444444
31.188,11.83,6.22,3.55
31.208,12.44,5.96,3.6144444444444446
31.228,13.47,5.36,3.7066666666666666
31.248,13.91,5.08,3.736666666666667
31.268,14.57,4.46,3.7933333333333334
31.288,15.09,4.1,3.838888888888889
31.308,15.67,3.3,3.881111111111111
31.328,16.02,2.89,3.9155555555555557
31.348,16.42,2.06,3.948888888888889
31.368,16.55,1.72,3.968888888888889
31.388,16.75,0.74,3.99
31.408,16.87,0.28,3.9966666666666666
31.428,16.75,-0.59,4.0
31.448,16.7,-1.05,3.9944444444444445
31.468,16.43,-1.91,3.9833333333333334
31.488,16.16,-2.39,3.9644444444444447
31.508,15.71,-3.12,3.94
31.528,15.37,-3.63,3.9055555555555554
31.548,15.01,-3.77,3.862222222222222
31.568,14.11,-4.75,3.83
31.588,13.36,-5.24,3.7777777777777777
31.608,12.34,-6.02,3.7244444444444444
31.628,11.85,-6.24,3.6666666666666665
31.648,11.21,-6.36,3.5922222222222224
31.668,10.62,-6.62,3.53
31.688,9.45,-7.03,3.4555555555555557
31.708,8.57,-7.35,3.382222222222222
31.728,7.52,-7.52,3.3055555555555554
31.748,6.86,-7.68,3.22
31.768,6.04,-7.63,3.138888888888889
31.788,5.37,-7.8,3.057777777777778
31.808,4.32,-7.82,2.971111111111111
31.828,3.57,-7.9,2.8855555555555554
31.848,2.53,-7.8,2.796666666666667
31.868,1.96,-7.83,2.7144444444444447
31.888,1.28,-7.66,2.6255555555555556
31.908,0.7,-7.72,2.537777777777778
31.928,-0.15,-7.7,2.4266666666666667
31.948,-0.65,-7.58,2.367777777777778
31.968,-1.42,-7.21,2.2933333333333334
31.988,-1.96,-7.23,2.2155555555555555
32.008,-2.45,-6.92,2.131111111111111
32.028,-2.85,-6.9,2.0544444444444445
32.048,-3.56,-6.58,1.978888888888889
32.068,-3.89,-6.56,1.9066666666666667
32.088,-4.42,-6.29,1.8322222222222222
32.108,-4.75,-6.06,1.76
32.128,-5.16,-5.83,1.6944444444444444
32.148,-5.43,-5.8,1.63
32.168,-5.88,-5.44,1.57
32.188,-6.12,-5.36,1.5077777777777779
32.208,-6.37,-5.12,1.4322222222222223
32.228,-6.59,-5.05,1.3733333333333333
32.248,-6.83,-4.76,1.3177777777777777
32.268,-7.01,-4.68,1.258888888888889
32.288,-7.2,-4.48,1.2
32.308,-7.37,-4.39,1.15
32.328,-7.56,-4.14,1.0988888888888888
32.348,-7.72,-4.08,1.048888888888889
32.368,-7.89,-3.81,0.9977777777777778
32.388,-8.01,-3.74,0.9522222222222222
32.408,-8.16,-3.55,0.9077777777777778
32.428,-8.24,-3.47,0.8644444444444445
32.448,-8.34,-3.36,0.8233333333333334
32.468,-8.41,-3.29,0.76
32.488,-8.52,-3.13,0.7411111111111112
32.508,-8.55,-3.11,0.6811111111111111
32.528,-8.62,-2.98,0.6644444444444444
32.548,-8.67,-2.9,0.61
32.568,-8.74,-2.78,0.5911111111111111
32.588,-8.8,-2.7,0.54
32.608,-8.88,-2.55,0.5222222222222223
32.628,-8.91,-2.49,0.4722222222222222
32.648,-8.98,-2.39,0.4588888888888889
32.668,-9.03,-2.31,0.4122222222222222
32.688,-9.05,-2.24,0.3933333333333333
32.708,-9.07,-2.22,0.3522222222222222
32.728,-9.08,-2.16,0.3388888888888889
32.748,-9.1,-2.17,0.29555555555555557
32.768,-9.12,-2.12,0.2822222222222222
32.788,-9.13,-2.04,0.24
32.808,-9.16,-2.03,0.21333333333333335
32.828,-9.16,-2.0,0.18666666666666668
32.848,-9.19,-1.98,0.16111111111111112
32.868,-9.21,-1.95,0.13444444444444445
32.888,-9.22,-1.91,0.10666666666666667
32.908,-9.23,-1.87,0.0811111111111111
32.928,-9.24,-1.88,0.057777777777777775
32.948,-9.23,-1.86,0.03333333333333333
32.968,-9.25,-1.85,0.01
32.988,-9.24,-1.89,-0.017777777777777778
33.008,-9.22,-1.92,-0.04111111111111111
33.028,-9.24,-1.91,-0.06222222222222222
33.048,-9.21,-1.94,-0.09
33.068,-9.21,-1.94,-0.11333333333333333
33.088,-9.2,-1.96,-0.1388888888888889
33.108,-9.19,-1.99,-0.16444444444444445
33.128,-9.18,-2.04,-0.19
33.148,-9.18,-2.07,-0.21555555555555556
33.168,-9.18,-2.09,-0.24
33.188,-9.13,-2.12,-0.2644444444444444
33.208,-9.12,-2.14,-0.29333333333333333
33.228,-9.09,-2.23,-0.3211111111111111
33.248,-9.06,-2.25,-0.3477777777777778
33.268,-9.04,-2.32,-0.37666666666666665
33.288,-9.0,-2.38,-0.4066666666666667
33.308,-8.96,-2.45,-0.43444444444444447
33.328,-8.92,-2.52,-0.46444444444444444
33.348,-8.89,-2.58,-0.49666666666666665
33.368,-8.84,-2.68,-0.5266666666666666
33.388,-8.77,-2.74,-0.56
33.408,-8.71,-2.87,-0.5944444444444444
33.428,-8.67,-2.94,-0.6277777777777778
33.448,-8.59,-3.07,-0.6655555555555556
33.468,-8.52,-3.14,-0.7011111111111111
33.488,-8.42,-3.27,-0.7377777777777778
33.508,-8.32,-3.41,-0.78
33.528,-8.21,-3.54,-0.8211111111111111
33.548,-8.12,-3.64,-0.8611111111111112
33.568,-8.0,-3.8,-0.9022222222222223
33.588,-7.89,-3.89,-0.9477777777777778
33.608,-7.73,-4.1,-0.9933333333333333
33.628,-7.61,-4.17,-1.038888888888889
33.648,-7.41,-4.37,-1.0888888888888888
33.668,-7.27,-4.49,-1.14
33.688,-7.04,-4.69,-1.19
33.708,-6.88,-4.82,-1.2422222222222221
33.728,-6.61,-5.02,-1.3
33.748,-6.41,-5.16,-1.3555555555555556
33.768,-6.12,-5.36,-1.4122222222222223
33.788,-5.88,-5.5,-1.4733333333333334
33.808,-5.56,-5.7,-1.5377777777777777
33.828,-5.3,-5.86,-1.6
33.848,-4.87,-6.07,-1.6688888888888889
33.868,-4.6,-6.16,-1.7322222222222223
33.888,-4.18,-6.39,-1.8055555555555556
33.908,-3.78,-6.55,-1.8733333333333333
33.928,-3.25,-6.76,-1.9477777777777778
33.948,-2.8,-6.93,-2.0255555555555556
33.968,-2.2,-7.14,-2.097777777777778
33.988,-1.79,-7.3,-2.1777777777777776
34.008,-1.17,-7.4,-2.258888888888889
34.028,-0.81,-7.41,-2.3544444444444443
34.048,0.08,-7.69,-2.437777777777778
34.068,0.6,-7.71,-2.517777777777778
34.088,1.5,-7.91,-2.5833333333333335
34.108,2.01,-7.85,-2.6655555555555557
34.128,2.94,-7.96,-2.747777777777778
34.148,3.54,-7.96,-2.832222222222222
34.168,4.45,-7.95,-2.9133333333333336
34.188,5.1,-7.83,-2.9966666666666666
34.208,6.12,-7.79,-3.08
34.228,6.79,-7.63,-3.16
34.248,7.78,-7.5,-3.2344444444444442
34.268,8.48,-7.26,-3.311111111111111
34.288,9.44,-7.01,-3.35
34.308,10.17,-6.84,-3.4566666666666666
34.328,11.18,-6.47,-3.493333333333333
34.348,11.81,-6.18,-3.557777777777778
34.368,12.66,-5.69,-3.618888888888889
34.388,13.45,-5.07,-3.67
34.408,13.96,-4.78,-3.7255555555555557
34.428,14.7,-4.08,-3.7688888888888887
34.448,15.12,-3.68,-3.811111111111111
34.468,15.37,-3.58,-3.84
34.488,16.19,-2.2,-3.8066666666666666
34.508,16.18,-1.85,-3.8944444444444444
34.528,16.46,-1.18,-3.91
34.548,16.48,-0.57,-3.9155555555555557
34.568,16.54,0.13,-3.9166666666666665
34.588,16.45,0.76,-3.91
34.608,16.33,1.47,-3.8955555555555557
34.628,16.04,2.04,-3.878888888888889
34.648,15.8,2.56,-3.848888888888889
34.668,15.35,3.11,-3.8144444444444443
34.688,15.07,3.34,-3.7755555555555556
34.708,14.36,4.38,-3.7333333333333334
34.728,13.82,4.9,-3.683333333333333
34.748,13.01,5.38,-3.628888888888889
34.768,12.46,5.65,-3.568888888888889
34.788,11.73,6.0,-3.5
34.808,11.14,6.31,-3.437777777777778
34.828,10.09,6.68,-3.3722222222222222
34.848,9.29,7.07,-3.287777777777778
34.868,8.39,7.28,-3.2133333333333334
34.888,7.78,7.37,-3.13
34.908,6.82,7.58,-3.0555555555555554
34.928,6.18,7.71,-2.9722222222222223
34.948,5.14,7.78,-2.882222222222222
34.968,4.16,7.75,-2.801111111111111
34.988,3.34,7.87,-2.7111111111111112
35.008,2.85,7.8,-2.6277777777777778
35.028,1.98,7.77,-2.54
35.048,1.43,7.72,-2.453333333333333
35.068,0.55,7.62,-2.3666666666666667
35.088,0.07,7.69,-2.287777777777778
35.108,-0.57,7.51,-2.2055555555555557
35.128,-0.93,7.35,-2.1244444444444444
35.148,-1.59,7.27,-2.046666666666667
35.168,-1.97,7.09,-1.9655555555555555
35.188,-2.54,6.96,-1.8888888888888888
35.208,-2.96,6.88,-1.8111111111111111
35.228,-3.42,6.6,-1.74
35.248,-3.77,6.61,-1.6677777777777778
35.268,-4.24,6.33,-1.5988888888888888
35.288,-4.51,6.24,-1.53
35.308,-4.92,6.03,-1.4655555555555555
35.328,-5.2,5.91,-1.4
35.348,-5.5,5.73,-1.3366666666666667
35.368,-5.72,5.68,-1.2755555555555556
35.388,-5.97,5.5,-1.2155555555555555
35.408,-6.12,5.45,-1.1577777777777778
35.428,-6.36,5.26,-1.0977777777777777
35.448,-6.6,5.13,-1.0444444444444445
35.468,-6.82,4.95,-0.9877777777777778
35.488,-6.91,4.83,-0.9366666666666666
35.508,-7.1,4.75,-0.8833333333333333
35.528,-7.18,4.69,-0.8344444444444444
35.548,-7.35,4.57,-0.7877777777777778
35.568,-7.51,4.2,-0.7377777777777778
35.588,-7.58,4.17,-0.6877777777777778
35.608,-7.67,3.97,-0.6344444444444445
35.628,-7.79,3.83,-0.5811111111111111
35.648,-7.81,3.83,-0.5233333333333333
35.668,-7.92,3.77,-0.4677777777777778
35.688,-7.91,3.76,-0.4111111111111111
35.708,-7.99,3.72,-0.3466666666666667
35.728,-8.09,3.42,-0.28555555555555556
35.748,-8.22,3.25,-0.22444444444444445
35.768,-8.22,3.19,-0.16111111111111112
35.788,-8.18,3.28,-0.09888888888888889
35.808,-8.1,3.45,-0.03
35.828,-8.11,3.32,0.034444444444444444
35.848,-8.2,3.21,0.1
35.868,-8.19,3.14,0.16777777777777778
35.888,-8.12,3.23,0.23555555555555555
35.908,-8.0,3.4,0.30666666666666664
35.928,-7.95,3.41,0.3788888888888889
35.948,-7.96,3.37,0.45111111111111113
35.968,-7.9,3.38,0.5244444444444445
35.988,-7.78,3.5,0.5988888888888889
36.008,-7.66,3.62,0.6711111111111111
36.028,-7.47,3.76,0.75
36.048,-7.34,3.85,0.8266666666666667
36.068,-7.16,4.01,0.9066666666666666
36.088,-7.01,4.1,0.9844444444444445
36.108,-6.77,4.26,1.0644444444444445
36.128,-6.57,4.39,1.1444444444444444
36.148,-6.22,4.69,1.2277777777777779
36.168,-6.02,4.81,1.3066666666666666
36.188,-5.71,4.96,1.39
36.208,-5.47,5.12,1.4755555555555555
36.228,-5.05,5.39,1.5611111111111111
36.248,-4.77,5.54,1.6455555555555557
36.268,-4.26,5.75,1.7322222222222223
36.288,-3.88,5.94,1.82
36.308,-3.35,6.14,1.9077777777777778
36.328,-2.89,6.45,1.9933333333333334
36.348,-2.33,6.72,2.081111111111111
36.368,-1.83,6.91,2.161111111111111
36.388,-0.93,7.34,2.2377777777777776
36.408,-0.6,7.44,2.312222222222222
36.428,0.08,7.41,2.391111111111111
36.448,0.8,7.7,2.468888888888889
36.468,1.52,7.75,2.55
36.488,2.11,7.72,2.631111111111111
36.508,3.01,7.97,2.7144444444444447
36.528,3.72,7.91,2.7955555555555556
36.548,4.45,7.79,2.882222222222222
36.568,5.26,7.97,2.962222222222222
36.588,6.28,7.64,3.048888888888889
36.608,6.86,7.71,3.1266666666666665
36.628,8.01,7.52,3.21
36.648,8.97,7.26,3.2911111111111113
36.668,9.59,7.11,3.3655555555555554
36.688,10.68,6.8,3.438888888888889
36.708,11.3,6.5,3.513333333333333
36.728,12.33,6.1,3.5844444444444443
36.748,12.85,5.85,3.6566666666666667
36.768,13.62,5.31,3.7177777777777776
36.788,14.21,4.79,3.7755555555555556
36.808,14.93,4.25,3.8177777777777777
36.828,15.3,3.77,3.87
36.848,15.87,3.12,3.9044444444444446
36.868,16.13,2.54,3.9366666666666665
36.888,16.5,1.87,3.96
36.908,16.67,1.25,3.986666666666667
36.928,16.85,0.42,3.993333333333333
36.948,16.88,-0.07,4.002222222222223
36.968,16.8,-0.81,4.001111111111111
36.988,16.6,-1.4,3.991111111111111
37.008,16.32,-2.14,3.9766666666666666
37.028,16.02,-2.74,3.953333333333333
37.048,15.5,-3.41,3.922222222222222
37.068,15.26,-3.71,3.8866666666666667
37.088,14.77,-4.05,3.8466666666666667
37.108,14.08,-4.79,3.8088888888888888
37.128,12.93,-5.57,3.7533333333333334
37.148,12.23,-6.05,3.6977777777777776
37.168,11.44,-6.52,3.632222222222222
37.188,11.09,-6.4,3.5655555555555556
37.208,10.13,-6.8,3.4955555555555557
37.228,9.38,-7.07,3.4266666666666667
37.248,8.15,-7.43,3.347777777777778
37.268,7.41,-7.55,3.2688888888888887
37.288,6.5,-7.62,3.1866666666666665
37.308,5.91,-7.76,3.098888888888889
37.328,4.88,-7.8,3.0144444444444445
37.348,4.28,-7.76,2.93
37.368,3.19,-7.9,2.85
37.388,2.46,-7.75,2.76
37.408,1.63,-7.76,2.6744444444444446
37.428,1.22,-7.77,2.5866666666666664
37.448,0.3,-7.47,2.4922222222222223
37.468,-0.25,-7.82,2.381111111111111
37.488,-0.98,-7.31,2.34
37.508,-1.49,-7.31,2.2555555555555555
37.528,-2.15,-7.03,2.1766666666666667
37.548,-2.49,-6.97,2.1
37.568,-3.05,-6.82,2.022222222222222
37.588,-3.44,-6.61,1.9466666666666668
37.608,-3.96,-6.45,1.8733333333333333
37.628,-4.33,-6.24,1.8033333333333332
37.648,-4.8,-6.01,1.7366666666666666
37.668,-5.13,-5.85,1.6677777777777778
37.688,-5.5,-5.68,1.6077777777777778
37.708,-5.85,-5.47,1.5522222222222222
37.728,-6.19,-5.3,1.468888888888889
37.748,-6.3,-5.17,1.41
37.768,-6.65,-4.95,1.3522222222222222
37.788,-6.87,-4.71,1.2933333333333332
37.808,-7.05,-4.6,1.2377777777777779
37.828,-7.21,-4.49,1.18
37.848,-7.46,-4.26,1.13
37.868,-7.58,-4.12,1.08
37.888,-7.81,-3.93,1.03
37.908,-7.96,-3.75,0.9822222222222222
37.928,-8.11,-3.57,0.94
37.948,-8.19,-3.49,0.8933333333333333
37.968,-8.35,-3.38,0.8533333333333334
37.988,-8.37,-3.29,0.81
38.008,-8.5,-3.18,0.7711111111111111
38.028,-8.5,-3.12,0.73
38.048,-8.59,-3.03,0.6944444444444444
38.068,-8.64,-2.93,0.6555555555555556
38.088,-8.69,-2.82,0.6188888888888889
38.108,-8.74,-2.73,0.5866666666666667
38.128,-8.83,-2.6,0.5488888888888889
38.148,-8.87,-2.52,0.5188888888888888
38.168,-8.96,-2.4,0.48333333333333334
38.188,-8.99,-2.33,0.45444444444444443
38.208,-9.05,-2.21,0.42444444444444446
38.228,-9.08,-2.16,0.39666666666666667
38.248,-9.1,-2.13,0.3688888888888889
38.268,-9.12,-2.12,0.34
38.288,-9.13,-2.06,0.3111111111111111
38.308,-9.16,-2.03,0.28555555555555556
38.328,-9.17,-2.0,0.2588888888888889
38.348,-9.17,-1.98,0.2311111111111111
38.368,-9.2,-1.91,0.20444444444444446
38.388,-9.22,-1.88,0.18
38.408,-9.22,-1.84,0.15333333333333332
38.428,-9.23,-1.83,0.13
38.448,-9.23,-1.82,0.10444444444444445
38.468,-9.25,-1.79,0.08
38.488,-9.28,-1.77,0.058888888888888886
38.508,-9.28,-1.77,0.03111111111111111
38.528,-9.27,-1.78,0.008888888888888889
38.548,-9.28,-1.79,-0.014444444444444444
38.568,-9.26,-1.79,-0.03888888888888889
38.588,-9.25,-1.81,-0.06
38.608,-9.25,-1.83,-0.08222222222222222
38.628,-9.25,-1.83,-0.10777777777777778
38.648,-9.23,-1.89,-0.13
38.668,-9.22,-1.9,-0.15222222222222223
38.688,-9.19,-1.93,-0.18
38.708,-9.19,-1.96,-0.20222222222222222
38.728,-9.15,-2.0,-0.23
38.748,-9.17,-2.03,-0.25222222222222224
38.768,-9.14,-2.07,-0.2811111111111111
38.788,-9.13,-2.12,-0.3055555555555556
38.808,-9.1,-2.17,-0.33
38.828,-9.08,-2.21,-0.35888888888888887
38.848,-9.05,-2.28,-0.38555555555555554
38.868,-9.01,-2.35,-0.41333333333333333
38.888,-8.97,-2.4,-0.4444444444444444
38.908,-8.95,-2.46,-0.4722222222222222
38.928,-8.86,-2.56,-0.4866666666666667
38.948,-8.85,-2.64,-0.5333333333333333
38.968,-8.77,-2.75,-0.55
38.988,-8.71,-2.81,-0.5811111111111111
39.008,-8.64,-2.95,-0.6177777777777778
39.028,-8.58,-3.02,-0.65
39.048,-8.51,-3.16,-0.6866666666666666
39.068,-8.45,-3.22,-0.7233333333333334
39.088,-8.35,-3.37,-0.7611111111111111
39.108,-8.27,-3.48,-0.8
39.128,-8.14,-3.6,-0.8411111111111111
39.148,-8.04,-3.75,-0.8822222222222222
39.168,-7.93,-3.87,-0.9244444444444444
39.188,-7.75,-4.07,-0.97
39.208,-7.56,-4.22,-1.0377777777777777
39.228,-7.43,-4.34,-1.0633333333333332
39.248,-7.2,-4.55,-1.1388888888888888
39.268,-7.04,-4.66,-1.1633333333333333
39.288,-6.78,-4.88,-1.24
39.308,-6.65,-5.0,-1.27
39.328,-6.37,-5.21,-1.3555555555555556
39.348,-6.15,-5.35,-1.3822222222222222
39.368,-5.81,-5.56,-1.471111111111111
39.388,-5.56,-5.69,-1.501111111111111
39.408,-5.19,-5.91,-1.5966666666666667
39.428,-4.9,-6.03,-1.6288888888888888
39.448,-4.45,-6.25,-1.73
39.468,-4.19,-6.38,-1.7633333333333334
39.488,-3.64,-6.59,-1.87
39.508,-3.08,-6.8,-1.9422222222222223
39.528,-2.66,-7.03,-2.0166666666666666
39.548,-2.03,-7.12,-2.091111111111111
39.568,-1.59,-7.29,-2.172222222222222
39.588,-1.01,-7.4,-2.2488888888888887
39.608,-0.55,-7.44,-2.3433333333333333
39.628,0.23,-7.63,-2.431111111111111
39.648,0.83,-7.75,-2.508888888888889
39.668,1.69,-7.8,-2.58
39.688,2.28,-7.82,-2.6544444444444446
39.708,3.11,-7.87,-2.7422222222222223
39.728,3.8,-7.84,-2.8233333333333333
39.748,4.69,-7.86,-2.908888888888889
39.768,5.42,-7.81,-2.991111111111111
39.788,6.4,-7.7,-3.0755555555555554
39.808,7.16,-7.57,-3.1544444444444446
39.828,8.11,-7.42,-3.23
39.848,8.83,-7.18,-3.311111111111111
39.868,9.79,-6.97,-3.3855555555555554
39.888,10.41,-6.69,-3.45
39.908,11.33,-6.27,-3.5233333333333334
39.928,12.02,-5.94,-3.5866666666666664
39.948,12.89,-5.5,-3.6455555555555557
39.968,13.49,-5.13,-3.701111111111111
39.988,14.26,-4.6,-3.7466666666666666
40.008,14.69,-4.1,-3.792222222222222
40.028,15.31,-3.52,-3.828888888888889
40.048,15.31,-3.55,-3.83
40.068,16.04,-2.26,-3.8777777777777778
40.088,16.21,-1.86,-3.9077777777777776
40.108,16.46,-0.96,-3.92
40.128,16.51,-0.56,-3.921111111111111
40.148,16.53,0.31,-3.92
40.168,16.43,0.79,-3.91
40.188,16.31,1.65,-3.8944444444444444
40.208,15.99,2.05,-3.8722222222222222
40.228,15.68,2.82,-3.841111111111111
40.248,15.4,3.1,-3.8066666666666666
40.268,14.86,3.6,-3.7655555555555558
40.288,14.4,4.37,-3.72
40.308,13.54,5.03,-3.668888888888889
40.328,13.01,5.38,-3.612222222222222
40.348,12.18,5.74,-3.5455555555555556
40.368,11.77,5.98,-3.48
40.388,10.79,6.49,-3.4122222222222223
40.408,10.09,6.68,-3.3533333333333335
40.428,8.98,6.98,-3.263333333333333
40.448,8.38,7.18,-3.19
40.468,7.49,7.42,-3.1066666666666665
40.488,6.81,7.52,-3.03
40.508,5.82,7.69,-2.9455555555555555
40.528,5.16,7.76,-2.8544444444444443
40.548,4.16,7.78,-2.7711111111111113
40.568,3.61,7.89,-2.6866666666666665
40.588,2.8,7.77,-2.602222222222222
40.608,2.04,7.75,-2.51
40.628,1.14,7.71,-2.428888888888889
40.648,0.56,7.24,-2.3422222222222224
40.668,-0.07,7.55,-2.26
40.688,-0.54,7.38,-2.1777777777777776
40.708,-1.18,7.25,-2.097777777777778
40.728,-1.56,7.23,-2.02
40.748,-2.22,7.03,-1.94
40.768,-2.57,6.98,-1.8666666666666667
40.788,-3.13,6.89,-1.79
40.808,-3.45,6.65,-1.7177777777777778
40.828,-3.97,6.52,-1.6455555555555557
40.848,-4.24,6.37,-1.5788888888888888
40.868,-4.67,6.15,-1.51
40.888,-4.93,6.03,-1.4444444444444444
40.908,-5.27,5.82,-1.38
40.928,-5.54,5.74,-1.318888888888889
40.948,-5.8,5.58,-1.2566666666666666
40.968,-5.97,5.54,-1.1977777777777778
40.988,-6.24,5.36,-1.14
41.008,-6.42,5.34,-1.0811111111111111
41.028,-6.66,5.07,-1.028888888888889
41.048,-6.92,4.67,-0.9744444444444444
41.068,-6.93,4.65,-0.9188888888888889
41.088,-7.09,4.53,-0.8588888888888889
41.108,-7.3,4.21,-0.7944444444444444
41.128,-7.34,4.3,-0.7311111111111112
41.148,-7.59,4.04,-0.6666666666666666
41.168,-7.73,3.8,-0.6011111111111112
41.188,-7.79,3.84,-0.5388888888888889
41.208,-7.81,3.72,-0.47444444444444445
41.228,-7.86,3.65,-0.4066666666666667
41.248,-7.83,3.64,-0.3333333333333333
41.268,-7.92,3.49,-0.26
41.288,-8.0,3.31,-0.18777777777777777
41.308,-8.04,3.2,-0.11222222222222222
41.328,-8.09,3.19,-0.03777777777777778
41.348,-8.03,3.35,0.034444444444444444
41.368,-8.0,3.41,0.1111111111111111
41.388,-8.0,3.31,0.18666666666666668
41.408,-8.02,3.29,0.2588888888888889
41.428,-7.96,3.34,0.33666666666666667
41.448,-7.87,3.43,0.41888888888888887
41.468,-7.75,3.51,0.49666666666666665
41.488,-7.66,3.56,0.5777777777777777
41.508,-7.53,3.63,0.6611111111111111
41.528,-7.45,3.69,0.7433333333333333
41.548,-7.25,3.8,0.8266666666666667
41.568,-7.08,3.97,0.9111111111111111
41.588,-6.84,4.11,0.9988888888888889
41.608,-6.69,4.25,1.0855555555555556
41.628,-6.43,4.45,1.1755555555555555
41.648,-6.26,4.54,1.26
41.668,-5.89,4.76,1.35
41.688,-5.63,4.93,1.4388888888888889
41.708,-5.16,5.18,1.5322222222222222
41.728,-4.86,5.35,1.6211111111111112
41.748,-4.45,5.53,1.7144444444444444
41.768,-4.06,5.68,1.8077777777777777
41.788,-3.47,6.28,1.8977777777777778
41.808,-3.06,6.51,1.9833333333333334
41.828,-2.7,6.74,2.0544444444444445
41.848,-2.17,6.96,2.13
41.868,-1.54,7.23,2.2022222222222223
41.888,-1.26,7.08,2.2777777777777777
41.908,-0.12,7.6,2.3555555555555556
41.928,0.12,7.58,2.433333333333333
41.948,0.85,7.57,2.5144444444444445
41.968,1.59,7.81,2.5933333333333333
41.988,2.39,7.86,2.678888888888889
42.008,3.22,7.87,2.756666666666667
42.028,4.2,7.91,2.8422222222222224
42.048,4.79,7.84,2.9255555555555555
42.068,5.93,7.85,3.0077777777777777
42.088,6.58,7.75,3.09
42.108,7.46,7.64,3.171111111111111
42.128,8.2,7.42,3.25
42.148,9.25,7.18,3.33
42.168,9.78,7.06,3.4055555555555554
42.188,10.96,6.73,3.4766666666666666
42.208,11.55,6.35,3.551111111111111
42.228,12.43,5.99,3.6155555555555554
42.248,13.0,5.63,3.703333333333333
42.268,13.8,5.13,3.7377777777777776
42.288,14.33,4.62,3.798888888888889
42.308,15.05,4.09,3.841111111111111
42.328,15.43,3.54,3.881111111111111
42.348,16.0,2.88,3.917777777777778
42.368,16.22,2.41,3.9477777777777776
42.388,16.54,1.73,3.966666666666667
42.408,16.77,0.74,3.9877777777777776
42.428,16.86,0.28,3.993333333333333
42.448,16.8,-0.55,3.993333333333333
42.468,16.75,-1.08,3.99
42.488,16.46,-1.82,3.9744444444444444
42.508,16.16,-2.38,3.9522222222222223
42.528,15.72,-3.08,3.9244444444444446
42.548,15.48,-3.51,3.8966666666666665
42.568,15.02,-3.7,3.86
42.588,14.38,-4.5,3.818888888888889
42.608,13.32,-5.25,3.7711111111111113
42.628,12.61,-5.83,3.7133333333333334
42.648,11.88,-6.36,3.65
42.668,11.43,-6.32,3.5833333333333335
42.688,10.96,-6.42,3.517777777777778
42.708,9.75,-6.84,3.4477777777777776
42.728,9.0,-7.23,3.37
42.748,7.85,-7.42,3.292222222222222
42.768,7.31,-7.68,3.212222222222222
42.788,6.42,-7.52,3.1277777777777778
42.808,5.74,-7.72,3.0444444444444443
42.828,4.7,-7.79,2.96
42.848,3.99,-7.9,2.871111111111111
42.868,2.91,-7.8,2.7866666666666666
42.888,2.25,-7.88,2.7
42.908,1.52,-7.72,2.6166666666666667
42.928,1.01,-7.72,2.5255555555555556
42.948,0.18,-7.51,2.41
42.968,-0.39,-7.63,2.3633333333333333
42.988,-1.17,-7.18,2.2844444444444445
43.008,-1.68,-7.24,2.203333333333333
43.028,-2.22,-7.01,2.1244444444444444
43.048,-2.85,-6.89,2.0433333333333334
43.068,-3.19,-6.72,1.968888888888889
43.088,-3.75,-6.55,1.8955555555555557
43.108,-4.14,-6.32,1.8255555555555556
43.128,-4.62,-6.15,1.75
43.148,-4.89,-5.99,1.6855555555555555
43.168,-5.34,-5.8,1.62
43.188,-5.56,-5.63,1.5633333333333332
43.208,-6.06,-5.38,1.4933333333333334
43.228,-6.15,-5.32,1.4211111111111112
43.248,-6.41,-5.13,1.3644444444444443
43.268,-6.61,-5.03,1.3077777777777777
43.288,-6.84,-4.79,1.2477777777777779
43.308,-7.03,-4.67,1.1933333333333334
43.328,-7.26,-4.42,1.1366666666666667
43.348,-7.4,-4.35,1.0844444444444445
43.368,-7.7,-4.06,1.0355555555555556
43.388,-7.84,-3.9,0.9877777777777778
43.408,-8.02,-3.74,0.94
43.428,-8.11,-3.65,0.8977777777777778
43.448,-8.25,-3.48,0.8544444444444445
43.468,-8.32,-3.42,0.8111111111111111
43.488,-8.4,-3.27,0.77
43.508,-8.45,-3.27,0.73
43.528,-8.52,-3.12,0.6877777777777778
43.548,-8.57,-3.1,0.6511111111111111
43.568,-8.65,-2.96,0.6133333333333333
43.588,-8.72,-2.89,0.5788888888888889
43.608,-8.78,-2.73,0.54
43.628,-8.81,-2.69,0.5066666666666667
43.648,-8.89,-2.55,0.47333333333333333
43.668,-8.92,-2.49,0.4444444444444444
43.688,-9.01,-2.38,0.4088888888888889
43.708,-9.03,-2.35,0.38
43.728,-9.05,-2.23,0.35
43.748,-9.08,-2.26,0.3211111111111111
43.768,-9.1,-2.22,0.29
43.788,-9.12,-2.18,0.2777777777777778
43.808,-9.13,-2.15,0.2477777777777778
43.828,-9.12,-2.12,0.21777777777777776
43.848,-9.14,-2.1,0.19333333333333333
43.868,-9.15,-2.06,0.16666666666666666
43.888,-9.17,-2.02,0.13666666666666666
43.908,-9.19,-2.02,0.11
43.928,-9.2,-1.99,0.08444444444444445
43.948,-9.19,-2.0,0.058888888888888886
43.968,-9.21,-1.97,0.03111111111111111
43.988,-9.21,-2.0,0.005555555555555556
44.008,-9.21,-1.98,-0.02
44.028,-9.2,-1.98,-0.04555555555555556
44.048,-9.19,-2.01,-0.07
44.068,-9.19,-2.01,-0.09333333333333334
44.088,-9.17,-2.05,-0.12
44.108,-9.17,-2.09,-0.14333333333333334
44.128,-9.14,-2.12,-0.17222222222222222
44.148,-9.15,-2.16,-0.19777777777777777
44.168,-9.1,-2.17,-0.22333333333333333
44.188,-9.09,-2.24,-0.25222222222222224
44.208,-9.08,-2.28,-0.28
44.228,-9.05,-2.31,-0.30777777777777776
44.248,-9.0,-2.37,-0.3377777777777778
44.268,-8.99,-2.42,-0.3655555555555556
44.288,-8.96,-2.51,-0.39444444444444443
44.308,-8.92,-2.53,-0.42444444444444446
44.328,-8.9,-2.61,-0.45444444444444443
44.348,-8.83,-2.69,-0.49
44.368,-8.78,-2.77,-0.5188888888888888
44.388,-8.74,-2.85,-0.5511111111111111
44.408,-8.66,-2.97,-0.5866666666666667
44.428,-8.6,-3.05,-0.62
44.448,-8.52,-3.18,-0.6588888888888889
44.468,-8.45,-3.29,-0.6944444444444444
44.488,-8.35,-3.4,-0.7344444444444445
44.508,-8.28,-3.5,-0.7711111111111111
44.528,-8.13,-3.64,-0.8144444444444444
44.548,-8.06,-3.73,-0.8566666666666667
44.568,-7.93,-3.89,-0.8988888888888888
44.588,-7.82,-4.0,-0.9433333333333334
44.608,-7.67,-4.15,-0.99
44.628,-7.54,-4.28,-1.0377777777777777
44.648,-7.32,-4.46,-1.0888888888888888
44.668,-7.19,-4.57,-1.1366666666666667
44.688,-6.97,-4.77,-1.19
44.708,-6.78,-4.9,-1.2422222222222221
44.728,-6.52,-5.09,-1.3
44.748,-6.31,-5.24,-1.3566666666666667
44.768,-5.98,-5.47,-1.4166666666666667
44.788,-5.65,-5.66,-1.4744444444444444
44.808,-5.26,-5.88,-1.538888888888889
44.828,-4.99,-6.01,-1.6033333333333333
44.848,-4.58,-6.13,-1.67
44.868,-4.24,-6.38,-1.7355555555555555
44.888,-3.78,-6.54,-1.8077777777777777
44.908,-3.41,-6.74,-1.8777777777777778
44.928,-2.79,-6.95,-1.951111111111111
44.948,-2.42,-7.0,-2.0255555555555556
44.968,-1.84,-7.11,-2.1033333333333335
44.988,-1.34,-7.38,-2.1822222222222223
45.008,-0.83,-7.37,-2.26
45.028,-0.04,-7.59,-2.3644444444444446
45.048,0.66,-7.75,-2.44
45.068,1.16,-7.73,-2.5166666666666666
45.088,2.08,-7.88,-2.5877777777777777
45.108,2.73,-7.98,-2.67
45.128,3.57,-7.98,-2.7533333333333334
45.148,4.17,-7.89,-2.8344444444444443
45.168,5.12,-7.88,-2.92
45.188,5.76,-7.73,-3.0033333333333334
45.208,6.78,-7.64,-3.0833333333333335
45.228,7.45,-7.5,-3.1622222222222223
45.248,8.47,-7.25,-3.2455555555555557
45.268,9.4,-7.07,-3.318888888888889
45.288,10.18,-6.76,-3.39
45.308,11.12,-6.48,-3.46
45.328,11.75,-6.1,-3.526666666666667
45.348,12.64,-5.64,-3.5877777777777777
45.368,13.16,-5.24,-3.648888888888889
45.388,13.95,-4.74,-3.7
45.408,14.48,-4.43,-3.75
45.428,15.09,-3.65,-3.79
45.448,15.45,-3.29,-3.827777777777778
45.468,16.42,-1.76,-3.8155555555555556
45.488,16.19,-1.96,-3.878888888888889
45.508,16.43,-1.28,-3.897777777777778
45.528,16.43,-0.68,-3.9133333333333336
45.548,16.54,0.08,-3.91
45.568,16.46,0.59,-3.9144444444444444
45.588,16.29,1.43,-3.9
45.608,16.18,1.86,-3.88
45.628,15.78,2.59,-3.8544444444444443
45.648,15.51,2.95,-3.8244444444444445
45.668,15.24,3.2,-3.7888888888888888
45.688,14.59,4.06,-3.7511111111111113
45.708,14.13,4.67,-3.7044444444444444
45.728,13.23,5.13,-3.647777777777778
45.748,12.71,5.61,-3.5877777777777777
45.768,11.95,5.83,-3.5277777777777777
45.788,11.47,6.13,-3.46
45.808,10.41,6.67,-3.3944444444444444
45.828,9.67,6.99,-3.3244444444444445
45.848,8.67,7.11,-3.24
45.868,8.01,7.21,-3.1622222222222223
45.888,7.14,7.57,-3.0833333333333335
45.908,6.19,7.68,-3.0044444444444443
45.928,5.48,7.72,-2.921111111111111
45.948,4.48,7.83,-2.83
45.968,3.91,7.82,-2.7455555555555557
45.988,3.15,7.8,-2.658888888888889
46.008,2.57,7.92,-2.5733333333333333
46.028,1.69,7.77,-2.4844444444444442
46.048,1.25,7.93,-2.402222222222222
46.068,0.29,7.81,-2.32
46.088,-0.04,7.52,-2.2333333333333334
46.108,-0.69,7.54,-2.1566666666666667
46.128,-1.22,7.37,-2.07
46.148,-1.82,7.24,-1.9944444444444445
46.168,-2.24,7.12,-1.9166666666666667
46.188,-2.79,6.97,-1.8411111111111111
46.208,-3.26,6.86,-1.7677777777777777
46.228,-3.78,6.58,-1.6933333333333334
46.248,-4.06,6.47,-1.6211111111111112
46.268,-4.48,6.26,-1.5544444444444445
46.288,-4.78,6.15,-1.4855555555555555
46.308,-5.13,5.93,-1.42
46.328,-5.43,5.86,-1.36
46.348,-5.7,5.67,-1.2933333333333332
46.368,-5.89,5.58,-1.2333333333333334
46.388,-6.09,5.43,-1.1733333333333333
46.408,-6.27,5.36,-1.1166666666666667
46.428,-6.55,5.13,-1.06
46.448,-6.72,5.07,-1.0033333333333334
46.468,-6.93,4.85,-0.95
46.488,-7.05,4.8,-0.9
46.508,-7.23,4.61,-0.8477777777777777
46.528,-7.3,4.35,-0.7977777777777778
46.548,-7.39,4.31,-0.7122222222222222
46.568,-7.42,4.09,-0.6844444444444444
46.588,-7.66,3.92,-0.5911111111111111
46.608,-7.72,3.9,-0.56
46.628,-7.82,3.81,-0.4677777777777778
46.648,-7.87,3.81,-0.43777777777777777
46.668,-7.87,3.81,-0.3422222222222222
46.688,-7.97,3.7,-0.31
46.708,-8.07,3.46,-0.21222222222222223
46.728,-8.12,3.35,-0.1811111111111111
46.748,-8.12,3.33,-0.08333333333333333
46.768,-8.06,3.49,-0.051111111111111114
46.788,-7.98,3.56,0.05
46.808,-8.05,3.42,0.0811111111111111
46.828,-8.1,3.34,0.18666666666666668
46.848,-8.06,3.38,0.22
46.868,-7.97,3.43,0.3244444444444444
46.888,-7.87,3.54,0.39666666666666667
46.908,-7.79,3.6,0.47333333333333333
46.928,-7.73,3.58,0.5466666666666666
46.948,-7.65,3.6,0.6233333333333333
46.968,-7.58,3.65,0.7
46.988,-7.35,3.89,0.78
47.008,-7.18,3.97,0.86
47.028,-7.01,4.04,0.9433333333333334
47.048,-6.87,4.16,1.0266666666666666
47.068,-6.59,4.33,1.11
47.088,-6.39,4.49,1.1955555555555555
47.108,-6.08,4.68,1.2822222222222222
47.128,-5.86,4.81,1.3722222222222222
47.148,-5.51,5.03,1.46
47.168,-5.24,5.18,1.55
47.188,-4.78,5.45,1.6433333333333333
47.208,-4.42,5.71,1.7344444444444445
47.228,-3.93,5.98,1.8177777777777777
47.248,-3.57,6.38,1.9022222222222223
47.268,-3.01,6.62,1.9744444444444444
47.288,-2.65,6.93,2.048888888888889
47.308,-2.09,7.01,2.117777777777778
47.328,-1.65,7.13,2.192222222222222
47.348,-0.91,7.33,2.27
47.368,-0.45,7.47,2.3466666666666667
47.388,0.38,7.58,2.4255555555555555
47.408,0.86,7.71,2.5055555555555555
47.428,1.62,7.82,2.5877777777777777
47.448,2.17,7.8,2.667777777777778
47.468,3.05,7.87,2.752222222222222
47.488,3.67,7.93,2.84
47.508,4.68,7.85,2.92
47.528,5.31,7.87,3.0
47.548,6.31,7.75,3.0844444444444443
47.568,6.96,7.65,3.1644444444444444
47.588,7.93,7.41,3.2444444444444445
47.608,8.71,7.34,3.321111111111111
47.628,9.69,6.97,3.4
47.648,10.38,6.86,3.47
47.668,11.61,6.32,3.54
47.688,12.22,6.11,3.6033333333333335
47.708,13.26,5.58,3.6955555555555555
47.728,13.63,5.25,3.7288888888888887
47.748,14.4,4.57,3.7822222222222224
47.768,14.85,4.19,3.832222222222222
47.788,15.46,3.49,3.87
47.808,15.82,3.06,3.9055555555555554
47.828,16.25,2.28,3.933333333333333
47.848,16.46,1.81,3.953333333333333
47.868,16.69,0.81,3.97
47.888,16.75,0.46,3.9755555555555557
47.908,16.71,-0.45,3.98
47.928,16.71,-0.83,3.97
47.948,16.42,-1.74,3.96
47.968,16.23,-2.18,3.94
47.988,15.75,-3.03,3.9122222222222223
48.008,15.39,-3.43,3.8777777777777778
48.028,15.17,-3.69,3.838888888888889
48.048,14.64,-4.02,3.8
48.068,13.61,-5.02,3.7488888888888887
48.088,12.87,-5.58,3.6944444444444446
48.108,11.9,-5.77,3.6333333333333333
48.128,11.4,-6.51,3.568888888888889
48.148,10.83,-6.41,3.4966666666666666
48.168,9.69,-6.85,3.4266666666666667
48.188,8.88,-7.19,3.348888888888889
48.208,7.68,-7.41,3.2711111111111113
48.228,7.14,-7.69,3.188888888888889
48.248,6.2,-7.64,3.11
48.268,5.59,-7.66,3.0677777777777777
48.288,4.6,-7.84,2.9411111111111112
48.308,3.91,-7.83,2.9
48.328,2.84,-7.83,2.767777777777778
48.348,2.14,-7.84,2.7244444444444444
48.368,1.45,-7.76,2.6366666666666667
48.388,0.92,-7.75,2.55
48.408,0.15,-7.4,2.4588888888888887
48.428,-0.46,-7.79,2.3422222222222224
48.448,-1.24,-7.25,2.3044444444444445
48.468,-1.74,-7.2,2.22
48.488,-2.29,-7.06,2.141111111111111
48.508,-2.66,-6.91,2.062222222222222
48.528,-3.18,-6.74,1.9866666666666666
48.548,-3.54,-6.59,1.9088888888888889
48.568,-4.08,-6.37,1.8355555555555556
48.588,-4.38,-6.3,1.77
48.608,-4.91,-6.04,1.6944444444444444
48.628,-5.21,-5.83,1.6277777777777778
48.648,-5.58,-5.7,1.5655555555555556
48.668,-5.89,-5.46,1.51
48.688,-6.16,-5.41,1.431111111111111
48.708,-6.31,-5.24,1.3688888888888888
48.728,-6.6,-5.07,1.31
48.748,-6.77,-4.9,1.2533333333333334
48.768,-6.99,-4.76,1.1933333333333334
48.788,-7.15,-4.6,1.1388888888888888
48.808,-7.36,-4.42,1.0822222222222222
48.828,-7.55,-4.26,1.0333333333333334
48.848,-7.75,-4.08,0.9844444444444445
48.868,-7.87,-3.94,0.9344444444444444
48.888,-8.04,-3.77,0.8866666666666667
48.908,-8.15,-3.67,0.8433333333333334
48.928,-8.26,-3.59,0.7977777777777778
48.948,-8.3,-3.49,0.7555555555555555
48.968,-8.37,-3.39,0.7122222222222222
48.988,-8.41,-3.33,0.67
49.008,-8.49,-3.22,0.63
49.028,-8.56,-3.18,0.5911111111111111
49.048,-8.6,-3.03,0.5544444444444444
49.068,-8.7,-3.0,0.5155555555555555
49.088,-8.77,-2.85,0.47888888888888886
49.108,-8.78,-2.8,0.44333333333333336
49.128,-8.87,-2.67,0.4077777777777778
49.148,-8.93,-2.62,0.37444444444444447
49.168,-8.99,-2.53,0.3433333333333333
49.188,-9.0,-2.52,0.31
49.208,-9.02,-2.49,0.2777777777777778
49.228,-9.01,-2.45,0.2477777777777778
49.248,-9.02,-2.44,0.21333333333333335
49.268,-9.03,-2.39,0.18444444444444444
49.288,-9.05,-2.42,0.15333333333333332
49.308,-9.05,-2.38,0.12
49.328,-9.08,-2.37,0.09111111111111111
49.348,-9.06,-2.33,0.06111111111111111
49.368,-9.08,-2.32,0.03
49.388,-9.09,-2.35,0.0
49.408,-9.08,-2.35,-0.025555555555555557
49.428,-9.1,-2.36,-0.05555555555555555
49.448,-9.07,-2.35,-0.08444444444444445
49.468,-9.07,-2.39,-0.11222222222222222
49.488,-9.06,-2.42,-0.14222222222222222
49.508,-9.03,-2.44,-0.1711111111111111
49.528,-9.02,-2.48,-0.20333333333333334
49.548,-9.01,-2.51,-0.23
49.568,-8.98,-2.57,-0.26222222222222225
49.588,-8.93,-2.61,-0.2922222222222222
49.608,-8.91,-2.66,-0.3233333333333333
49.628,-8.89,-2.69,-0.35777777777777775
49.648,-8.84,-2.77,-0.39
49.668,-8.8,-2.82,-0.4211111111111111
49.688,-8.73,-2.93,-0.4577777777777778
49.708,-8.71,-2.99,-0.4922222222222222
49.728,-8.65,-3.07,-0.5277777777777778
49.748,-8.59,-3.13,-0.5633333333333334
49.768,-8.52,-3.22,-0.6
49.788,-8.46,-3.3,-0.6377777777777778
49.808,-8.38,-3.44,-0.6766666666666666
49.828,-8.32,-3.55,-0.7166666666666667
49.848,-8.18,-3.64,-0.76
49.868,-8.08,-3.77,-0.8
49.888,-7.94,-3.91,-0.8422222222222222
49.908,-7.85,-4.0,-0.89
49.928,-7.66,-4.18,-0.9366666666666666
49.948,-7.56,-4.3,-0.9833333333333333
49.968,-7.39,-4.46,-1.0333333333333334
49.988,-7.24,-4.57,-1.0822222222222222
50.008,-7.03,-4.74,-1.1366666666666667
50.028,-6.86,-4.89,-1.19
50.048,-6.62,-5.06,-1.2444444444444445
50.068,-6.43,-5.17,-1.301111111111111
50.088,-6.15,-5.35,-1.3611111111111112
50.108,-5.93,-5.54,-1.4211111111111112
50.128,-5.58,-5.74,-1.4833333333333334
50.148,-5.33,-5.87,-1.5433333333333332
50.168,-4.92,-6.06,-1.6111111111111112
50.188,-4.66,-6.22,-1.6777777777777778
50.208,-4.13,-6.47,-1.748888888888889
50.228,-3.86,-6.53,-1.818888888888889
50.248,-3.29,-6.78,-1.8888888888888888
50.268,-2.85,-6.97,-1.9655555555555555
50.288,-2.28,-7.1,-2.0411111111111113
50.308,-1.9,-7.35,-2.118888888888889
50.328,-1.23,-7.44,-2.1977777777777776
50.348,-0.91,-7.38,-2.2844444444444445
50.368,0.04,-7.65,-2.387777777777778
50.388,0.46,-7.75,-2.46
50.408,1.48,-7.91,-2.531111111111111
50.428,1.83,-7.8,-2.6044444444444443
50.448,2.79,-7.92,-2.6911111111111112
50.468,3.2,-7.94,-2.772222222222222
50.488,4.26,-7.88,-2.8544444444444443
50.508,4.86,-7.86,-2.9366666666666665
50.528,5.9,-7.71,-3.02
50.548,6.57,-7.68,-3.102222222222222
50.568,7.55,-7.5,-3.178888888888889
50.588,8.57,-7.22,-3.26
50.608,9.54,-6.98,-3.3366666666666664
50.628,10.23,-6.76,-3.4055555555555554
50.648,11.25,-6.38,-3.4755555555555557
50.668,11.83,-6.08,-3.54
50.688,12.7,-5.6,-3.597777777777778
50.708,13.26,-5.2,-3.6555555555555554
50.728,14.06,-4.64,-3.7044444444444444
50.748,14.48,-4.26,-3.7555555555555555
50.768,15.14,-3.56,-3.7888888888888888
50.788,15.39,-3.24,-3.821111111111111
50.808,16.0,-2.31,-3.7822222222222224
50.828,16.14,-1.93,-3.8722222222222222
50.848,16.39,-1.12,-3.887777777777778
50.868,16.42,-0.65,-3.897777777777778
50.888,16.46,0.19,-3.9
50.908,16.4,0.57,-3.89
50.928,16.22,1.55,-3.8766666666666665
50.948,16.05,1.92,-3.858888888888889
50.968,15.74,2.63,-3.83
50.988,15.45,3.03,-3.7944444444444443
51.008,14.95,3.35,-3.761111111111111
51.028,14.3,4.49,-3.721111111111111
51.048,13.68,4.91,-3.667777777777778
51.068,12.88,5.44,-3.611111111111111
51.088,12.33,5.65,-3.551111111111111
51.108,11.64,6.02,-3.4855555555555555
51.128,11.02,6.33,-3.422222222222222
51.148,10.04,6.73,-3.352222222222222
51.168,9.21,7.11,-3.276666666666667
51.188,8.19,7.24,-3.1977777777777776
51.208,7.71,7.33,-3.118888888888889
51.228,6.78,7.5,-3.042222222222222
51.248,6.06,7.74,-2.9611111111111112
51.268,5.1,7.79,-2.868888888888889
51.288,4.43,7.79,-2.7888888888888888
51.308,3.57,7.87,-2.7
51.328,3.11,7.75,-2.6155555555555554
51.348,2.23,7.85,-2.5255555555555556
51.368,1.64,7.74,-2.44
51.388,0.86,7.33,-2.36
51.408,0.25,7.75,-2.272222222222222
51.428,-0.32,7.42,-2.188888888888889
51.448,-0.68,7.47,-2.11
51.468,-1.35,7.28,-2.031111111111111
51.488,-1.82,7.2,-1.9544444444444444
51.508,-2.38,7.02,-1.8744444444444444
51.528,-2.8,6.99,-1.798888888888889
51.548,-3.26,6.79,-1.7244444444444444
51.568,-3.59,6.71,-1.6522222222222223
51.588,-4.02,6.44,-1.5833333333333333
51.608,-4.34,6.39,-1.5155555555555555
51.628,-4.73,6.14,-1.4433333333333334
51.648,-5.04,6.1,-1.38
51.668,-5.37,5.89,-1.3155555555555556
51.688,-5.71,5.54,-1.2533333333333334
51.708,-5.79,5.52,-1.1888888888888889
51.728,-6.0,5.43,-1.1166666666666667
51.748,-6.26,5.16,-1.0477777777777777
51.768,-6.44,5.12,-0.98
51.788,-6.79,4.92,-0.9155555555555556
51.808,-6.91,4.77,-0.85
51.828,-7.07,4.7,-0.7877777777777778
51.848,-7.08,4.51,-0.7233333333333334
51.868,-7.21,4.48,-0.6566666666666666
51.888,-7.3,4.29,-0.59
51.908,-7.44,4.14,-0.5222222222222223
51.928,-7.48,4.11,-0.45666666666666667
51.948,-7.47,4.14,-0.38666666666666666
51.968,-7.52,4.13,-0.31555555555555553
51.988,-7.66,3.9,-0.24333333333333335
52.008,-7.75,3.8,-0.1711111111111111
52.028,-7.84,3.65,-0.10111111111111111
52.048,-7.8,3.72,-0.03
52.068,-7.72,3.88,0.044444444444444446
52.088,-7.72,3.85,0.12
52.108,-7.76,3.73,0.19666666666666666
52.128,-7.75,3.73,0.2722222222222222
52.148,-7.62,3.84,0.35
52.168,-7.49,3.94,0.4266666666666667
52.188,-7.38,4.04,0.51
52.208,-7.27,4.02,0.5855555555555556
52.228,-7.18,4.09,0.6677777777777778
52.248,-7.07,4.13,0.7477777777777778
52.268,-6.81,4.39,0.83
52.288,-6.6,4.51,0.9133333333333333
52.308,-6.42,4.63,1.0
52.328,-6.29,4.69,1.0855555555555556
52.348,-6.0,4.92,1.17
52.368,-5.75,5.02,1.2577777777777779
52.388,-5.36,5.25,1.3433333333333333
52.408,-5.05,5.42,1.4322222222222223
52.428,-4.66,5.55,1.5222222222222221
52.448,-4.34,5.64,1.6188888888888888
52.468,-3.86,5.96,1.711111111111111
52.488,-3.48,6.03,1.8077777777777777
52.508,-2.92,6.51,1.9022222222222223
52.528,-2.52,6.73,1.9922222222222221
52.548,-2.13,6.86,2.0722222222222224
52.568,-1.25,7.37,2.148888888888889
52.588,-0.77,7.48,2.1855555555555557
52.608,-0.38,7.36,2.2622222222222224
52.628,0.5,7.77,2.34
52.648,0.96,7.72,2.42
52.668,1.71,7.71,2.5
52.688,2.39,7.92,2.581111111111111
52.708,3.54,7.88,2.6622222222222223
52.728,3.82,7.94,2.7455555555555557
52.748,4.86,7.97,2.828888888888889
52.768,5.38,7.85,2.911111111111111
52.788,6.36,7.75,2.993333333333333
52.808,7.28,7.65,3.0766666666666667
52.828,8.2,7.41,3.1577777777777776
52.848,8.72,7.27,3.2355555555555555
52.868,9.79,7.09,3.3155555555555556
52.888,10.34,6.76,3.3866666666666667
52.908,11.39,6.36,3.46
52.928,12.05,6.07,3.526666666666667
52.948,12.85,5.68,3.6455555555555557
52.968,13.47,5.3,3.68
52.988,14.14,4.7,3.7488888888888887
53.008,14.59,4.29,3.7688888888888887
53.028,15.34,3.56,3.8377777777777777
53.048,15.66,3.07,3.852222222222222
53.068,16.08,2.46,3.901111111111111
53.088,16.33,1.91,3.9133333333333336
53.108,16.57,1.19,3.94
53.128,16.65,0.64,3.9466666666666668
53.148,16.68,-0.3,3.953333333333333
53.168,16.62,-0.69,3.951111111111111
53.188,16.39,-1.53,3.9411111111111112
53.208,16.24,-2.03,3.9277777777777776
53.228,15.79,-2.79,3.8955555555555557
53.248,15.52,-3.18,3.878888888888889
53.268,15.19,-3.39,3.831111111111111
53.288,14.32,-4.46,3.79
53.308,13.6,-4.9,3.7466666666666666
53.328,12.66,-5.71,3.6866666666666665
53.348,12.12,-5.7,3.63
53.368,11.52,-6.2,3.5655555555555556
53.388,10.98,-6.31,3.4966666666666666
53.408,9.82,-6.84,3.428888888888889
53.428,9.05,-7.18,3.3544444444444443
53.448,7.92,-7.41,3.2755555555555556
53.468,7.34,-7.56,3.2
53.488,6.63,-7.67,3.112222222222222
53.508,5.88,-7.72,3.028888888888889
53.528,4.8,-7.87,2.9477777777777776
53.548,4.08,-7.82,2.86
53.568,3.04,-7.87,2.776666666666667
53.588,2.2,-7.85,2.688888888888889
53.608,1.51,-7.68,2.6033333333333335
53.628,0.93,-7.73,2.513333333333333
53.648,0.0,-7.64,2.4055555555555554
53.668,-0.45,-7.65,2.341111111111111
53.688,-1.2,-7.32,2.27
53.708,-1.7,-7.27,2.1866666666666665
53.728,-2.2,-7.08,2.1044444444444443
53.748,-2.69,-6.98,2.026666666666667
53.768,-3.16,-6.76,1.95
53.788,-3.65,-6.61,1.8733333333333333
53.808,-4.12,-6.35,1.8
53.828,-4.44,-6.34,1.7266666666666666
53.848,-4.87,-6.03,1.66
53.868,-5.15,-5.95,1.59
53.888,-5.47,-5.72,1.5255555555555556
53.908,-5.75,-5.66,1.4677777777777778
53.928,-6.08,-5.39,1.3966666666666667
53.948,-6.24,-5.35,1.3266666666666667
53.968,-6.52,-5.13,1.2677777777777777
53.988,-6.69,-5.01,1.21
54.008,-6.96,-4.83,1.15
54.028,-7.1,-4.69,1.0922222222222222
54.048,-7.32,-4.51,1.038888888888889
54.068,-7.5,-4.35,0.9844444444444445
54.088,-7.72,-4.21,0.9344444444444444
54.108,-7.81,-4.1,0.8844444444444445
54.128,-7.96,-3.93,0.8366666666666667
54.148,-8.03,-3.86,0.79
54.168,-8.14,-3.76,0.7422222222222222
54.188,-8.19,-3.69,0.6977777777777778
54.208,-8.32,-3.59,0.6522222222222223
54.228,-8.35,-3.53,0.61
54.248,-8.41,-3.47,0.5688888888888889
54.268,-8.47,-3.39,0.5266666666666666
54.288,-8.52,-3.29,0.4855555555555556
54.308,-8.59,-3.23,0.4444444444444444
54.328,-8.66,-3.15,0.4066666666666667
54.348,-8.7,-3.05,0.36777777777777776
54.368,-8.77,-2.97,0.33
54.388,-8.78,-2.94,0.29555555555555557
54.408,-8.84,-2.87,0.2577777777777778
54.428,-8.86,-2.88,0.22111111111111112
54.448,-8.86,-2.83,0.18555555555555556
54.468,-8.89,-2.83,0.15
54.488,-8.87,-2.82,0.11444444444444445
54.508,-8.88,-2.81,0.08
54.528,-8.88,-2.79,0.04555555555555556
54.548,-8.87,-2.8,0.01
54.568,-8.89,-2.8,-0.024444444444444446
54.588,-8.88,-2.83,-0.057777777777777775
54.608,-8.87,-2.84,-0.09
54.628,-8.88,-2.85,-0.12444444444444444
54.648,-8.85,-2.9,-0.16111111111111112
54.668,-8.83,-2.9,-0.19333333333333333
54.688,-8.8,-2.94,-0.2288888888888889
54.708,-8.78,-2.98,-0.26222222222222225
54.728,-8.76,-3.04,-0.3
54.748,-8.74,-3.05,-0.33444444444444443
54.768,-8.69,-3.12,-0.37333333333333335
54.788,-8.68,-3.18,-0.4077777777777778
54.808,-8.59,-3.25,-0.4477777777777778
54.828,-8.55,-3.31,-0.4855555555555556
54.848,-8.45,-3.41,-0.5255555555555556
54.868,-8.41,-3.47,-0.5655555555555556
54.888,-8.31,-3.59,-0.6055555555555555
54.908,-8.28,-3.66,-0.6455555555555555
54.928,-8.16,-3.76,-0.6911111111111111
54.948,-8.06,-3.87,-0.7344444444444445
54.968,-7.94,-3.99,-0.7811111111111111
54.988,-7.87,-4.06,-0.8233333333333334
55.008,-7.73,-4.22,-0.8733333333333333
55.028,-7.61,-4.3,-0.9211111111111111
55.048,-7.43,-4.48,-0.9722222222222222
55.068,-7.33,-4.57,-1.0222222222222221
55.088,-7.05,-4.79,-1.0777777777777777
55.108,-6.87,-4.95,-1.13
55.128,-6.63,-5.13,-1.1866666666666668
55.148,-6.46,-5.22,-1.241111111111111
55.168,-6.16,-5.44,-1.301111111111111
55.188,-5.94,-5.56,-1.3622222222222222
55.208,-5.62,-5.75,-1.4255555555555555
55.228,-5.37,-5.9,-1.488888888888889
55.248,-5.0,-6.1,-1.5533333333333332
55.268,-4.72,-6.22,-1.6244444444444444
55.288,-4.23,-6.47,-1.691111111111111
55.308,-3.95,-6.52,-1.761111111111111
55.328,-3.43,-6.73,-1.8355555555555556
55.348,-3.03,-6.9,-1.91
55.368,-2.45,-7.12,-1.9855555555555555
55.388,-1.99,-7.29,-2.062222222222222
55.408,-1.42,-7.41,-2.14
55.428,-0.99,-7.45,-2.22
55.448,-0.19,-7.58,-2.3266666666666667
55.468,0.18,-7.7,-2.401111111111111
55.488,1.03,-7.78,-2.4766666666666666
55.508,1.79,-7.78,-2.5477777777777777
55.528,2.49,-8.01,-2.63
55.548,3.31,-7.93,-2.7144444444444447
55.568,3.94,-7.89,-2.7955555555555556
55.588,4.92,-7.89,-2.8766666666666665
55.608,5.53,-7.78,-2.9611111111111112
55.628,6.53,-7.62,-3.04
55.648,7.18,-7.58,-3.1222222222222222
55.668,8.19,-7.29,-3.2022222222222223
55.688,8.91,-7.18,-3.278888888888889
55.708,9.81,-6.83,-3.348888888888889
55.728,10.52,-6.68,-3.42
55.748,11.4,-6.2,-3.4855555555555555
55.768,12.05,-5.93,-3.55
55.788,12.89,-5.37,-3.6055555555555556
55.808,13.45,-5.08,-3.66
55.828,14.19,-4.52,-3.707777777777778
55.848,14.59,-3.97,-3.75
55.868,15.24,-3.42,-3.79
55.888,15.33,-3.3,-3.7944444444444443
55.908,15.94,-2.22,-3.83
55.928,16.1,-1.82,-3.86
55.948,16.35,-0.87,-3.8722222222222222
55.968,16.37,-0.53,-3.8733333333333335
55.988,16.38,0.4,-3.8722222222222222
56.008,16.31,0.79,-3.862222222222222
56.028,16.1,1.71,-3.8433333333333333
56.048,15.88,2.07,-3.8244444444444445
56.068,15.53,2.79,-3.79
56.088,15.27,3.11,-3.7555555555555555
56.108,14.71,3.61,-3.718888888888889
56.128,14.33,4.4,-3.672222222222222
56.148,13.34,4.95,-3.618888888888889
56.168,12.89,5.41,-3.561111111111111
56.188,12.09,5.68,-3.5
56.208,11.63,5.97,-3.431111111111111
56.228,10.7,6.48,-3.3644444444444446
56.248,10.1,6.67,-3.3022222222222224
56.268,8.94,6.95,-3.212222222222222
56.288,8.32,7.37,-3.14
56.308,7.42,7.32,-3.057777777777778
56.328,6.86,7.55,-2.98
56.348,5.81,7.64,-2.8966666666666665
56.368,5.15,7.77,-2.8033333333333332
56.388,4.2,7.8,-2.723333333333333
56.408,3.66,7.88,-2.6344444444444446
56.428,2.89,7.85,-2.5533333333333332
56.448,2.33,7.92,-2.4611111111111112
56.468,1.49,7.77,-2.3777777777777778
56.488,0.94,7.67,-2.292222222222222
56.508,0.15,7.64,-2.212222222222222
56.528,-0.13,7.48,-2.13
56.548,-1.09,7.44,-2.0477777777777777
56.568,-1.47,7.3,-1.9666666666666666
56.588,-2.11,7.22,-1.8911111111111112
56.608,-2.45,7.03,-1.8122222222222222
56.628,-2.97,6.99,-1.7366666666666666
56.648,-3.29,6.78,-1.6622222222222223
56.668,-3.78,6.63,-1.5922222222222222
56.688,-4.07,6.52,-1.52
56.708,-4.5,6.38,-1.451111111111111
56.728,-4.73,6.16,-1.3833333333333333
56.748,-5.12,6.02,-1.318888888888889
56.768,-5.38,5.91,-1.2855555555555556
56.788,-5.64,5.74,-1.221111111111111
56.808,-5.8,5.74,-1.16
56.828,-6.19,5.34,-1.1
56.848,-6.17,5.4,-1.038888888888889
56.868,-6.44,5.16,-0.9755555555555555
56.888,-6.63,4.92,-0.91
56.908,-6.79,4.86,-0.8455555555555555
56.928,-6.95,4.67,-0.78
56.948,-7.08,4.57,-0.7133333333333334
56.968,-7.13,4.57,-0.6466666666666666
56.988,-7.23,4.36,-0.5777777777777777
57.008,-7.33,4.37,-0.5111111111111111
57.028,-7.42,4.23,-0.44
57.048,-7.53,4.17,-0.37666666666666665
57.068,-7.58,4.06,-0.30666666666666664
57.088,-7.62,4.04,-0.23777777777777778
57.108,-7.63,3.99,-0.16666666666666666
57.128,-7.66,3.95,-0.09666666666666666
57.148,-7.64,4.03,-0.02
57.168,-7.58,3.99,0.05444444444444444
57.188,-7.62,3.88,0.13
57.208,-7.61,3.84,0.20777777777777778
57.228,-7.52,3.94,0.2877777777777778
57.248,-7.41,4.01,0.3655555555555556
57.268,-7.31,4.11,0.44555555555555554
57.288,-7.25,4.1,0.5266666666666666
57.308,-7.14,4.16,0.6077777777777778
57.328,-7.01,4.24,0.69
57.348,-6.77,4.47,0.7744444444444445
57.368,-6.62,4.56,0.8555555555555555
57.388,-6.46,4.61,0.9422222222222222
57.408,-6.26,4.74,1.03
57.428,-5.93,4.93,1.1144444444444443
57.448,-5.74,5.05,1.2022222222222223
57.468,-5.35,5.25,1.2922222222222222
57.488,-5.06,5.43,1.3822222222222222
57.508,-4.68,5.62,1.4744444444444444
57.528,-4.37,5.76,1.5666666666666667
57.548,-3.88,6.11,1.6588888888888889
57.568,-3.57,6.29,1.7477777777777779
57.588,-3.15,6.55,1.8344444444444445
57.608,-2.69,6.76,1.9155555555555555
57.628,-1.9,7.16,1.9922222222222221
57.648,-1.67,7.23,2.0677777777777777
57.668,-1.09,7.29,2.141111111111111
57.688,-0.61,7.52,2.218888888888889
57.708,0.07,7.54,2.2977777777777777
57.728,0.59,7.64,2.3755555555555556
57.748,1.57,7.86,2.457777777777778
57.768,2.56,7.81,2.5388888888888888
57.788,2.99,7.87,2.62
57.808,3.8,7.94,2.7055555555555557
57.828,4.32,7.85,2.7866666666666666
57.848,5.34,7.81,2.87
57.868,6.1,7.62,2.95
57.888,7.06,7.62,3.033333333333333
57.908,7.78,7.44,3.111111111111111
57.928,8.55,7.25,3.1944444444444446
57.948,9.27,7.16,3.2711111111111113
57.968,10.3,6.63,3.35
57.988,11.02,6.6,3.4144444444444444
58.008,12.15,5.96,3.49
58.028,12.64,5.73,3.551111111111111
58.048,13.43,5.14,3.64
58.068,14.05,4.75,3.6777777777777776
58.088,14.68,4.09,3.7311111111111113
58.108,15.17,3.68,3.7777777777777777
58.128,15.64,2.89,3.8144444444444443
58.148,15.9,2.54,3.848888888888889
58.168,16.24,1.68,3.8733333333333335
58.188,16.45,1.25,3.897777777777778
58.208,16.58,0.37,3.908888888888889
58.228,16.57,-0.12,3.92
58.248,16.5,-0.85,3.9233333333333333
58.268,16.32,-1.41,3.9122222222222223
58.288,16.03,-2.16,3.898888888888889
58.308,15.73,-2.72,3.88
58.328,15.37,-3.28,3.852222222222222
58.348,15.14,-3.45,3.82
58.368,14.37,-4.28,3.783333333333333
58.388,13.65,-4.79,3.7466666666666666
58.408,12.73,-5.59,3.692222222222222
58.428,12.13,-5.99,3.637777777777778
58.448,11.52,-6.24,3.582222222222222
58.468,11.07,-6.26,3.5077777777777777
58.488,9.96,-6.83,3.4433333333333334
58.508,9.21,-7.07,3.37
58.528,8.11,-7.41,3.2955555555555556
58.548,7.48,-7.5,3.221111111111111
58.568,6.62,-7.55,3.138888888888889
58.588,5.93,-7.43,3.0566666666666666
58.608,4.96,-7.74,2.9744444444444444
58.628,4.27,-7.8,2.89
58.648,3.19,-7.79,2.8022222222222224
58.668,2.63,-7.86,2.7177777777777776
58.688,1.87,-7.7,2.6344444444444446
58.708,1.36,-7.82,2.5455555555555556
58.728,0.52,-7.54,2.4555555555555557
58.748,-0.04,-7.64,2.347777777777778
58.768,-0.81,-7.56,2.2844444444444445
58.788,-1.21,-7.33,2.2088888888888887
58.808,-1.82,-7.14,2.128888888888889
58.828,-2.23,-7.18,2.0455555555555556
58.848,-2.82,-7.0,1.9677777777777778
58.868,-3.24,-6.7,1.8911111111111112
58.888,-3.76,-6.63,1.8166666666666667
58.908,-4.07,-6.48,1.741111111111111
58.928,-4.56,-6.27,1.6688888888888889
58.948,-4.84,-6.15,1.5988888888888888
58.968,-5.25,-5.99,1.5322222222222222
58.988,-5.49,-5.81,1.4633333333333334
59.008,-5.82,-5.71,1.4022222222222223
59.028,-6.04,-5.57,1.3388888888888888
59.048,-6.31,-5.42,1.2355555555555555
59.068,-6.41,-5.28,1.2022222222222223
59.088,-6.68,-5.15,1.1144444444444443
59.108,-6.81,-4.99,1.0844444444444445
59.128,-7.05,-4.85,0.9955555555555555
59.148,-7.25,-4.68,0.97
59.168,-7.45,-4.54,0.8877777777777778
59.188,-7.59,-4.38,0.8611111111111112
59.208,-7.76,-4.26,0.7833333333333333
59.228,-7.86,-4.13,0.7588888888888888
59.248,-7.97,-4.07,0.6844444444444444
59.268,-8.03,-3.99,0.66
59.288,-8.09,-3.93,0.5888888888888889
59.308,-8.16,-3.87,0.5644444444444444
59.328,-8.25,-3.79,0.49777777777777776
59.348,-8.28,-3.76,0.45111111111111113
59.368,-8.32,-3.7,0.4088888888888889
59.388,-8.36,-3.62,0.3622222222222222
59.408,-8.44,-3.56,0.32
59.428,-8.47,-3.5,0.2788888888888889
59.448,-8.53,-3.42,0.23777777777777778
59.468,-8.58,-3.39,0.19444444444444445
59.488,-8.63,-3.33,0.15555555555555556
59.508,-8.63,-3.31,0.11333333333333333
59.528,-8.64,-3.3,0.07333333333333333
59.548,-8.64,-3.32,0.03222222222222222
59.568,-8.62,-3.36,-0.005555555555555556
59.588,-8.62,-3.34,-0.044444444444444446
59.608,-8.61,-3.38,-0.08555555555555555
59.628,-8.59,-3.41,-0.12666666666666668
59.648,-8.56,-3.43,-0.16555555555555557
59.668,-8.53,-3.46,-0.20666666666666667
59.688,-8.51,-3.5,-0.24666666666666667
59.708,-8.47,-3.53,-0.28555555555555556
59.728,-8.44,-3.57,-0.3277777777777778
59.748,-8.41,-3.62,-0.37
59.768,-8.34,-3.69,-0.4122222222222222
59.788,-8.32,-3.71,-0.45555555555555555
59.808,-8.22,-3.81,-0.4988888888888889
59.828,-8.16,-3.87,-0.5422222222222223
59.848,-8.09,-3.95,-0.59
59.868,-8.02,-4.04,-0.6311111111111111
59.888,-7.9,-4.16,-0.6822222222222222
59.908,-7.82,-4.24,-0.73
59.928,-7.68,-4.39,-0.7755555555555556
59.948,-7.57,-4.45,-0.8288888888888889
59.968,-7.4,-4.6,-0.8788888888888889
59.988,-7.28,-4.7,-0.93
60.008,-7.07,-4.86,-0.9855555555555555
