4.068,-9.34,1.14,0.09222222222222222
4.088,-9.38,1.11,0.10111111111111111
4.108,-9.35,1.19,0.11222222222222222
4.128,-9.35,1.19,0.12
4.148,-9.38,1.17,0.13
4.168,-9.34,1.27,0.14
4.188,-9.35,1.25,0.15
4.208,-9.31,1.31,0.16
4.228,-9.27,0.87,0.17555555555555555
4.248,-9.4,1.25,0.19
4.268,-9.32,1.04,0.21
4.288,-9.22,1.39,0.23222222222222222
4.308,-9.32,1.31,0.25222222222222224
4.328,-9.14,1.26,0.2733333333333333
4.348,-9.2,1.23,0.2966666666666667
4.368,-9.24,1.29,0.31666666666666665
4.388,-9.09,1.54,0.3411111111111111
4.408,-9.08,1.61,0.3688888888888889
4.428,-9.05,1.57,0.39444444444444443
4.448,-9.02,1.58,0.4222222222222222
4.468,-9.05,1.64,0.45222222222222225
4.488,-9.04,1.8,0.48
4.508,-9.01,1.91,0.51
4.528,-9.1,1.85,0.5344444444444445
4.548,-8.92,2.09,0.5677777777777778
4.568,-8.92,2.17,0.5944444444444444
4.588,-8.82,2.29,0.62
4.608,-8.65,2.73,0.6466666666666666
4.628,-8.73,2.56,0.6722222222222223
4.648,-8.64,2.6,0.6966666666666667
4.668,-8.53,2.89,0.7222222222222222
4.688,-8.51,2.85,0.75
4.708,-8.38,3.1,0.78
4.728,-8.26,3.36,0.81
4.748,-8.23,3.24,0.8433333333333334
4.768,-8.06,3.53,0.8755555555555555
4.788,-8.0,3.6,0.91
4.808,-7.86,3.69,0.9477777777777778
4.828,-7.69,3.99,0.9844444444444445
4.848,-7.6,4.05,1.0222222222222221
4.868,-7.42,4.14,1.0633333333333332
4.888,-7.2,4.46,1.1066666666666667
4.908,-7.11,4.4,1.1511111111111112
4.928,-6.85,4.7,1.1966666666666668
4.948,-6.71,4.87,1.2422222222222221
4.968,-6.49,4.95,1.2933333333333332
4.988,-6.23,5.18,1.3455555555555556
5.008,-5.96,5.36,1.3955555555555557
5.028,-5.77,5.46,1.4522222222222223
5.048,-5.36,5.73,1.51
5.068,-5.15,5.84,1.57
5.088,-4.75,6.01,1.6288888888888888
5.108,-4.44,6.23,1.69
5.128,-3.9,6.38,1.7477777777777779
5.148,-3.65,6.54,1.82
5.168,-3.15,6.79,1.8877777777777778
5.188,-2.73,6.84,1.96
5.208,-2.25,7.09,2.022222222222222
5.228,-2.18,7.2,2.05
5.248,-1.16,7.37,2.1777777777777776
5.268,-0.61,7.41,2.256666666666667
5.288,0.07,7.58,2.3355555555555556
5.308,0.55,7.7,2.4133333333333336
5.328,1.31,7.75,2.4955555555555557
5.348,1.85,7.79,2.5766666666666667
5.368,2.72,7.85,2.658888888888889
5.388,3.35,7.87,2.741111111111111
5.408,4.27,7.89,2.8255555555555554
5.428,4.92,7.83,2.9077777777777776
5.448,5.82,7.85,2.991111111111111
5.468,6.5,7.63,3.07
5.488,7.51,7.62,3.148888888888889
5.508,8.22,7.28,3.2244444444444444
5.528,9.15,7.19,3.31
5.548,9.86,6.93,3.3844444444444446
5.568,10.81,6.56,3.4555555555555557
5.588,11.42,6.3,3.522222222222222
5.608,12.28,5.89,3.59
5.628,12.88,5.58,3.6466666666666665
5.648,13.65,5.05,3.7
5.668,14.2,4.64,3.747777777777778
5.688,15.07,3.73,3.7933333333333334
5.708,15.42,3.35,3.83
5.728,15.9,2.63,3.8644444444444446
5.748,16.16,2.16,3.89
5.768,16.42,1.38,3.908888888888889
5.788,16.55,0.87,3.922222222222222
5.808,16.57,0.0,3.9255555555555555
5.828,16.57,-0.43,3.9266666666666667
5.848,16.42,-1.23,3.917777777777778
5.868,16.24,-1.74,3.8966666666666665
5.888,15.88,-2.46,3.878888888888889
5.908,15.56,-2.97,3.85
5.928,15.05,-3.61,3.8133333333333335
5.948,14.63,-4.01,3.7744444444444443
5.968,13.91,-4.68,3.7266666666666666
5.988,13.35,-5.11,3.6755555555555555
6.008,12.46,-5.64,3.62
6.028,11.89,-6.0,3.557777777777778
6.048,10.99,-6.32,3.49
6.068,10.4,-6.65,3.42
6.088,9.42,-7.02,3.3466666666666667
6.108,8.67,-7.17,3.27
6.128,7.7,-7.39,3.1944444444444446
6.148,7.02,-7.54,3.11
6.168,5.98,-7.6,3.0277777777777777
6.188,5.37,-7.76,2.9444444444444446
6.208,4.38,-7.84,2.8577777777777778
6.228,3.77,-7.85,2.772222222222222
6.248,2.81,-7.83,2.6822222222222223
6.268,2.22,-7.74,2.591111111111111
6.288,1.43,-7.83,2.508888888888889
6.308,0.86,-7.77,2.4266666666666667
6.328,0.08,-7.55,2.3355555555555556
6.348,-0.44,-7.64,2.2555555555555555
6.368,-1.09,-7.39,2.1733333333333333
6.388,-1.54,-7.25,2.088888888888889
6.408,-2.26,-7.14,2.0122222222222224
6.428,-2.62,-6.99,1.9377777777777778
6.448,-3.17,-6.83,1.8622222222222222
6.468,-3.55,-6.67,1.7877777777777777
6.488,-3.94,-6.5,1.71
6.508,-4.34,-6.41,1.6433333333333333
6.528,-4.79,-6.17,1.5733333333333333
6.548,-5.01,-6.09,1.5055555555555555
6.568,-5.41,-5.86,1.43
6.588,-5.66,-5.76,1.3644444444444443
6.608,-6.04,-5.5,1.3
6.628,-6.32,-5.31,1.2344444444444445
6.648,-6.54,-5.19,1.1711111111111112
6.668,-6.7,-5.07,1.1111111111111112
6.688,-6.97,-4.9,1.051111111111111
6.708,-7.07,-4.8,0.9911111111111112
6.728,-7.27,-4.66,0.9377777777777778
6.748,-7.41,-4.56,0.8855555555555555
6.768,-7.58,-4.42,0.83
6.788,-7.67,-4.33,0.7777777777777778
6.808,-7.81,-4.21,0.7277777777777777
6.828,-7.9,-4.13,0.6777777777777778
6.848,-8.01,-4.01,0.6288888888888889
6.868,-8.06,-3.98,0.5811111111111111
6.888,-8.17,-3.87,0.5333333333333333
6.908,-8.19,-3.79,0.4855555555555556
6.928,-8.29,-3.72,0.4411111111111111
6.948,-8.35,-3.66,0.39666666666666667
6.968,-8.39,-3.61,0.3522222222222222
6.988,-8.42,-3.55,0.30777777777777776
7.008,-8.47,-3.51,0.26666666666666666
7.028,-8.5,-3.49,0.2222222222222222
7.048,-8.51,-3.43,0.18
7.068,-8.54,-3.44,0.1388888888888889
7.088,-8.57,-3.39,0.09666666666666666
7.108,-8.58,-3.37,0.056666666666666664
7.128,-8.58,-3.39,0.013333333333333334
7.148,-8.59,-3.43,-0.025555555555555557
7.168,-8.56,-3.44,-0.06555555555555556
7.188,-8.56,-3.45,-0.10444444444444445
7.208,-8.53,-3.45,-0.14666666666666667
7.228,-8.5,-3.5,-0.18666666666666668
7.248,-8.48,-3.53,-0.22777777777777777
7.268,-8.46,-3.55,-0.2688888888888889
7.288,-8.44,-3.61,-0.31222222222222223
7.308,-8.41,-3.64,-0.35333333333333333
7.328,-8.36,-3.7,-0.39555555555555555
7.348,-8.3,-3.76,-0.4388888888888889
7.368,-8.21,-3.86,-0.4811111111111111
7.388,-8.18,-3.91,-0.5266666666666666
7.408,-8.08,-3.99,-0.57
7.428,-7.99,-4.05,-0.6188888888888889
7.448,-7.89,-4.16,-0.6622222222222223
7.468,-7.81,-4.23,-0.7122222222222222
7.488,-7.68,-4.36,-0.7633333333333333
7.508,-7.58,-4.46,-0.8111111111111111
7.528,-7.35,-4.65,-0.8622222222222222
7.548,-7.24,-4.73,-0.9133333333333333
7.568,-7.07,-4.88,-0.97
7.588,-6.93,-5.01,-1.0233333333333334
7.608,-6.69,-5.15,-1.08
7.628,-6.51,-5.27,-1.1388888888888888
7.648,-6.27,-5.45,-1.1955555555555555
7.668,-6.08,-5.56,-1.2577777777777779
7.688,-5.75,-5.71,-1.3177777777777777
7.708,-5.54,-5.87,-1.3833333333333333
7.728,-5.19,-6.03,-1.4466666666666668
7.748,-4.91,-6.17,-1.5144444444444445
7.768,-4.52,-6.35,-1.5833333333333333
7.788,-4.21,-6.5,-1.6544444444444444
7.808,-3.75,-6.71,-1.7233333333333334
7.828,-3.4,-6.8,-1.7977777777777777
7.848,-2.87,-7.0,-1.8733333333333333
7.868,-2.49,-7.16,-1.951111111111111
7.888,-1.93,-7.21,-2.031111111111111
7.908,-1.47,-7.37,-2.112222222222222
7.928,-0.8,-7.5,-2.1944444444444446
7.948,-0.29,-7.61,-2.278888888888889
7.968,0.41,-7.72,-2.371111111111111
7.988,1.06,-7.89,-2.44
8.008,1.72,-7.79,-2.51
8.028,2.29,-7.83,-2.5955555555555554
8.048,3.17,-7.87,-2.6777777777777776
8.068,3.82,-7.85,-2.756666666666667
8.088,4.7,-7.86,-2.8433333333333333
8.108,5.36,-7.75,-2.9233333333333333
8.128,6.26,-7.66,-3.0011111111111113
8.148,6.97,-7.52,-3.082222222222222
8.168,7.94,-7.35,-3.158888888888889
8.188,8.61,-7.17,-3.2355555555555555
8.208,9.58,-6.9,-3.3066666666666666
8.228,10.2,-6.69,-3.3755555555555556
8.248,11.06,-6.23,-3.44
8.268,11.72,-6.0,-3.5011111111111113
8.288,12.24,-5.99,-3.522222222222222
8.308,13.16,-5.18,-3.612222222222222
8.328,13.59,-4.8,-3.658888888888889
8.348,14.31,-4.38,-3.6766666666666667
8.368,14.82,-3.37,-3.7344444444444442
8.388,15.2,-3.15,-3.767777777777778
8.408,15.53,-2.62,-3.778888888888889
8.428,15.81,-1.97,-3.7944444444444443
8.448,16.09,-1.11,-3.811111111111111
8.468,16.23,-0.44,-3.82
8.488,16.21,0.27,-3.8155555555555556
8.508,16.13,0.84,-3.8088888888888888
8.528,15.95,1.5,-3.79
8.548,15.73,2.04,-3.7688888888888887
8.568,15.33,2.76,-3.74
8.588,15.04,3.26,-3.7
8.608,14.43,3.85,-3.66
8.628,14.03,4.34,-3.61
8.648,13.34,4.81,-3.56
8.668,12.84,5.21,-3.5044444444444443
8.688,11.96,5.69,-3.4433333333333334
8.708,11.38,6.06,-3.3777777777777778
8.728,10.81,6.29,-3.3033333333333332
8.748,9.94,6.67,-3.2688888888888887
8.768,9.3,6.95,-3.1544444444444446
8.788,8.32,7.24,-3.0755555555555554
8.808,7.74,7.19,-2.9955555555555557
8.828,6.78,7.45,-2.9166666666666665
8.848,6.12,7.59,-2.88
8.868,5.29,7.73,-2.7488888888888887
8.888,4.64,7.72,-2.6622222222222223
8.908,3.76,7.86,-2.578888888888889
8.928,3.18,7.77,-2.5322222222222224
8.948,2.34,7.85,-2.4055555555555554
8.968,1.83,7.78,-2.361111111111111
8.988,1.0,7.63,-2.2333333333333334
9.008,0.57,7.82,-2.192222222222222
9.028,-0.08,7.44,-2.0655555555555556
9.048,-0.51,7.62,-2.0233333333333334
9.068,-1.12,7.41,-1.9
9.088,-1.58,7.35,-1.8622222222222222
9.108,-2.11,7.22,-1.741111111111111
9.128,-2.52,7.12,-1.6633333333333333
9.148,-2.97,6.9,-1.6288888888888888
9.168,-3.28,6.85,-1.5144444444444445
9.188,-3.7,6.73,-1.478888888888889
9.208,-3.97,6.61,-1.4077777777777778
9.228,-4.4,6.45,-1.3388888888888888
9.248,-4.58,6.4,-1.27
9.268,-4.92,6.22,-1.1977777777777778
9.288,-5.15,6.13,-1.1322222222222222
9.308,-5.43,5.95,-1.0666666666666667
9.328,-5.67,5.88,-1.0022222222222221
9.348,-5.86,5.76,-0.94
9.368,-6.06,5.68,-0.88
9.388,-6.26,5.52,-0.8188888888888889
9.408,-6.39,5.46,-0.76
9.428,-6.54,5.38,-0.6711111111111111
9.448,-6.64,5.28,-0.6422222222222222
9.468,-6.76,5.21,-0.5577777777777778
9.488,-6.84,5.17,-0.53
9.508,-6.95,5.08,-0.4488888888888889
9.528,-7.0,5.05,-0.4211111111111111
9.548,-7.07,4.99,-0.3411111111111111
9.568,-7.14,4.99,-0.31555555555555553
9.588,-7.2,4.94,-0.26222222222222225
9.608,-7.24,4.9,-0.21
9.628,-7.5,4.46,-0.15888888888888889
9.648,-7.23,4.61,-0.1
9.668,-7.14,4.69,-0.035555555555555556
9.688,-7.34,4.38,0.028888888888888888
9.708,-7.23,4.67,0.09555555555555556
9.728,-7.29,4.49,0.16555555555555557
9.748,-7.29,4.44,0.23555555555555555
9.768,-7.16,4.55,0.3088888888888889
9.788,-7.17,4.33,0.3811111111111111
9.808,-7.03,4.5,0.46111111111111114
9.828,-6.81,4.63,0.5455555555555556
9.848,-6.76,4.54,0.63
9.868,-6.55,4.65,0.7166666666666667
9.888,-6.41,4.72,0.8044444444444444
9.908,-6.19,4.83,0.8922222222222222
9.928,-5.95,5.0,0.9844444444444445
9.948,-5.67,5.17,1.0744444444444445
9.968,-5.52,5.21,1.1688888888888889
9.988,-5.16,5.39,1.258888888888889
10.008,-4.9,5.59,1.35
10.028,-4.46,5.74,1.4422222222222223
10.048,-4.24,5.92,1.5355555555555556
10.068,-3.66,6.16,1.6255555555555556
10.088,-3.31,6.26,1.72
10.108,-2.75,6.51,1.8133333333333332
10.128,-2.3,6.69,1.9111111111111112
10.148,-1.78,6.94,2.0
10.168,-1.41,7.1,2.088888888888889
10.188,-0.73,7.43,2.1655555555555557
10.208,-0.17,7.65,2.2488888888888887
10.228,0.45,7.64,2.3244444444444445
10.248,1.03,7.71,2.4055555555555554
10.268,1.93,7.83,2.488888888888889
10.288,2.26,7.76,2.57
10.308,3.61,7.91,2.6555555555555554
10.328,4.16,7.79,2.7377777777777776
10.348,4.98,7.76,2.8222222222222224
10.368,5.85,7.9,2.902222222222222
10.388,6.74,7.54,2.9855555555555555
10.408,7.43,7.71,3.0633333333333335
10.428,8.44,7.3,3.1433333333333335
10.448,9.01,7.18,3.223333333333333
10.468,10.07,6.85,3.2977777777777777
10.488,10.72,6.7,3.3855555555555554
10.508,11.58,6.23,3.44
10.528,12.2,5.91,3.513333333333333
10.548,12.86,5.41,3.5744444444444445
10.568,13.46,5.15,3.63
10.588,14.25,4.48,3.6755555555555555
10.608,14.64,4.15,3.7244444444444444
10.628,15.24,3.42,3.767777777777778
10.648,15.52,2.96,3.8022222222222224
10.668,15.95,2.23,3.831111111111111
10.688,16.15,1.73,3.8566666666666665
10.708,16.36,0.93,3.8777777777777778
10.728,16.43,0.43,3.8855555555555554
10.748,16.45,-0.38,3.888888888888889
10.768,16.39,-0.87,3.8844444444444446
10.788,16.2,-1.6,3.8722222222222222
10.808,15.91,-2.16,3.8555555555555556
10.828,15.57,-2.74,3.8266666666666667
10.848,15.23,-3.32,3.798888888888889
10.868,14.69,-3.85,3.758888888888889
10.888,14.24,-4.29,3.718888888888889
10.908,13.41,-4.96,3.671111111111111
10.928,12.83,-5.32,3.62
10.948,11.95,-5.91,3.557777777777778
10.968,11.34,-6.23,3.493333333333333
10.988,10.51,-6.6,3.43
11.008,9.85,-6.7,3.3544444444444443
11.028,8.85,-7.07,3.283333333333333
11.048,8.21,-7.35,3.2111111111111112
11.068,7.13,-7.35,3.1277777777777778
11.088,6.56,-7.61,3.0444444444444443
11.108,5.58,-7.73,2.962222222222222
11.128,4.92,-7.77,2.878888888888889
11.148,3.97,-7.81,2.7944444444444443
11.168,3.35,-7.87,2.7055555555555557
11.188,2.5,-7.77,2.6166666666666667
11.208,1.9,-7.87,2.5233333333333334
11.228,0.81,-7.74,2.4477777777777776
11.248,0.29,-7.68,2.358888888888889
11.268,-0.39,-7.72,2.261111111111111
11.288,-0.88,-7.48,2.1911111111111112
11.308,-1.49,-7.26,2.108888888888889
11.328,-2.01,-7.26,2.0233333333333334
11.348,-2.56,-6.98,1.9466666666666668
11.368,-2.94,-6.92,1.87
11.388,-3.47,-6.72,1.7944444444444445
11.408,-3.83,-6.61,1.721111111111111
11.428,-4.29,-6.4,1.6455555555555557
11.448,-4.58,-6.32,1.5755555555555556
11.468,-4.94,-6.18,1.5
11.488,-5.19,-6.05,1.4388888888888889
11.508,-5.59,-5.83,1.3666666666666667
11.528,-5.77,-5.7,1.29
11.548,-6.05,-5.63,1.228888888888889
11.568,-6.26,-5.45,1.1644444444444444
11.588,-6.52,-5.33,1.1
11.608,-6.66,-5.2,1.0344444444444445
11.628,-6.88,-5.09,0.9755555555555555
11.648,-7.03,-4.96,0.9166666666666666
11.668,-7.21,-4.82,0.8588888888888889
11.688,-7.3,-4.72,0.8
11.708,-7.47,-4.61,0.7455555555555555
11.728,-7.53,-4.53,0.6911111111111111
11.748,-7.67,-4.44,0.6377777777777778
11.768,-7.75,-4.36,0.5866666666666667
11.788,-7.85,-4.29,0.5344444444444445
11.808,-7.91,-4.22,0.48333333333333334
11.828,-7.98,-4.15,0.43333333333333335
11.848,-8.01,-4.13,0.38333333333333336
11.868,-8.1,-4.06,0.33444444444444443
11.888,-8.13,-4.01,0.2877777777777778
11.908,-8.19,-4.0,0.24
11.928,-8.21,-3.96,0.19
11.948,-8.24,-3.91,0.14444444444444443
11.968,-8.26,-3.89,0.09666666666666666
11.988,-8.28,-3.92,0.04888888888888889
12.008,-8.28,-3.88,0.0033333333333333335
12.028,-8.26,-3.91,-0.04
12.048,-8.24,-3.96,-0.08777777777777777
12.068,-8.21,-3.96,-0.13111111111111112
12.088,-8.2,-4.02,-0.18
12.108,-8.16,-4.02,-0.22555555555555556
12.128,-8.14,-4.08,-0.27
12.148,-8.08,-4.13,-0.31666666666666665
12.168,-8.03,-4.16,-0.3655555555555556
12.188,-7.93,-4.26,-0.4122222222222222
12.208,-7.87,-4.28,-0.46
12.228,-7.79,-4.37,-0.5088888888888888
12.248,-7.73,-4.44,-0.5566666666666666
12.268,-7.62,-4.53,-0.6088888888888889
12.288,-7.53,-4.61,-0.6588888888888889
12.308,-7.4,-4.73,-0.7111111111111111
12.328,-7.29,-4.77,-0.7655555555555555
12.348,-7.12,-4.95,-0.8188888888888889
12.368,-7.02,-5.02,-0.8755555555555555
12.388,-6.8,-5.15,-0.93
12.408,-6.66,-5.28,-0.9866666666666667
12.428,-6.41,-5.45,-1.0455555555555556
12.448,-6.25,-5.53,-1.1066666666666667
12.468,-5.96,-5.68,-1.1688888888888889
12.488,-5.77,-5.83,-1.2322222222222223
12.508,-5.43,-5.97,-1.2944444444444445
12.528,-5.22,-6.07,-1.36
12.548,-4.84,-6.26,-1.43
12.568,-4.56,-6.44,-1.4944444444444445
12.588,-4.15,-6.54,-1.5666666666666667
12.608,-3.83,-6.71,-1.6388888888888888
12.628,-3.36,-6.86,-1.7122222222222223
12.648,-3.03,-6.96,-1.7855555555555556
12.668,-2.49,-7.13,-1.8633333333333333
12.688,-2.11,-7.21,-1.9422222222222223
12.708,-1.48,-7.42,-2.022222222222222
12.728,-1.03,-7.49,-2.1044444444444443
12.748,-0.33,-7.62,-2.187777777777778
12.768,0.08,-7.65,-2.272222222222222
12.788,0.86,-7.77,-2.36
12.808,1.37,-7.87,-2.4266666666666667
12.828,2.25,-7.8,-2.5055555555555555
12.848,2.84,-8.01,-2.5877777777777777
12.868,3.72,-7.88,-2.67
12.888,4.31,-7.87,-2.752222222222222
12.908,5.25,-7.81,-2.8366666666666664
12.928,5.83,-7.7,-2.9155555555555557
12.948,6.79,-7.61,-3.0
12.968,7.46,-7.42,-3.0733333333333333
12.988,8.43,-7.23,-3.148888888888889
13.008,9.06,-7.02,-3.227777777777778
13.028,10.03,-6.73,-3.2944444444444443
13.048,10.63,-6.44,-3.361111111111111
13.068,11.54,-6.18,-3.4255555555555555
13.088,12.02,-5.9,-3.473333333333333
13.108,13.21,-4.96,-3.533333333333333
13.128,13.62,-4.72,-3.591111111111111
13.148,14.35,-3.87,-3.6266666666666665
13.168,14.69,-3.66,-3.67
13.188,15.17,-2.92,-3.71
13.208,15.5,-2.59,-3.736666666666667
13.228,15.56,-2.28,-3.7488888888888887
13.248,15.94,-1.25,-3.7744444444444443
13.268,16.1,-0.62,-3.7822222222222224
13.288,16.08,0.0,-3.7844444444444445
13.308,16.03,0.62,-3.778888888888889
13.328,15.91,1.21,-3.77
13.348,15.64,1.86,-3.75
13.368,15.47,2.37,-3.7222222222222223
13.388,15.01,3.05,-3.6911111111111112
13.408,14.65,3.58,-3.6566666666666667
13.428,14.03,4.14,-3.61
13.448,13.6,4.56,-3.5588888888888888
13.468,12.92,5.06,-3.508888888888889
13.488,12.37,5.43,-3.45
13.508,11.55,5.86,-3.3855555555555554
13.528,10.95,6.2,-3.3244444444444445
13.548,10.04,6.62,-3.2488888888888887
13.568,9.47,6.74,-3.1766666666666667
13.588,8.59,6.95,-3.102222222222222
13.608,7.76,7.41,-3.0244444444444443
13.628,6.84,7.58,-2.938888888888889
13.648,6.41,7.49,-2.861111111111111
13.668,5.47,7.81,-2.7755555555555556
13.688,4.85,7.77,-2.6955555555555555
13.708,4.34,7.74,-2.6077777777777778
13.728,3.39,7.78,-2.52
13.748,2.9,7.84,-2.4366666666666665
13.768,2.07,7.71,-2.35
13.788,1.59,7.76,-2.2622222222222224
13.808,0.84,7.5,-2.178888888888889
13.828,0.36,7.68,-2.0955555555555554
13.848,-0.3,7.61,-2.008888888888889
13.868,-0.66,7.41,-1.9244444444444444
13.888,-1.26,7.4,-1.8444444444444446
13.908,-1.88,7.3,-1.7655555555555555
13.928,-2.18,7.16,-1.6844444444444444
13.948,-2.68,7.08,-1.6088888888888888
13.968,-3.03,6.96,-1.531111111111111
13.988,-3.47,6.85,-1.4577777777777778
14.008,-3.78,6.69,-1.3833333333333333
14.028,-4.14,6.62,-1.3111111111111111
14.048,-4.36,6.46,-1.24
14.068,-4.81,6.31,-1.17
14.088,-5.0,6.26,-1.1
14.108,-5.26,6.15,-1.0366666666666666
14.128,-5.46,6.05,-0.97
14.148,-5.63,5.94,-0.9055555555555556
14.168,-5.85,5.84,-0.84
14.188,-5.99,5.82,-0.78
14.208,-6.13,5.66,-0.7166666666666667
14.228,-6.27,5.6,-0.6555555555555556
14.248,-6.48,5.28,-0.5933333333333334
14.268,-6.45,5.27,-0.5288888888888889
14.288,-6.43,5.22,-0.4588888888888889
14.308,-6.63,4.99,-0.38555555555555554
14.328,-6.69,4.98,-0.31
14.348,-6.74,5.0,-0.23444444444444446
14.368,-6.85,4.84,-0.15777777777777777
14.388,-6.81,4.91,-0.0811111111111111
14.408,-6.91,4.84,-0.006666666666666667
14.428,-6.92,4.75,0.07222222222222222
14.448,-6.93,4.78,0.14888888888888888
14.468,-6.87,4.79,0.22555555555555556
14.488,-6.73,4.84,0.30666666666666664
14.508,-6.59,5.01,0.3877777777777778
14.528,-6.5,4.92,0.4722222222222222
14.548,-6.42,4.86,0.5588888888888889
14.568,-6.31,4.92,0.6455555555555555
14.588,-6.16,4.94,0.7355555555555555
14.608,-5.85,5.11,0.83
14.628,-5.64,5.18,0.9255555555555556
14.648,-5.4,5.32,1.021111111111111
14.668,-5.28,5.36,1.1188888888888888
14.688,-4.93,5.48,1.2144444444444444
14.708,-4.62,5.65,1.3144444444444445
14.728,-4.11,5.82,1.4188888888888889
14.748,-3.85,5.91,1.52
14.768,-3.43,6.12,1.6255555555555556
14.788,-3.06,6.06,1.73
14.808,-2.5,6.32,1.84
14.828,-2.0,6.38,1.9455555555555555
14.848,-1.27,6.61,2.0588888888888888
14.868,-0.74,6.73,2.17
14.888,0.0,6.95,2.281111111111111
14.908,0.47,7.08,2.388888888888889
14.928,1.24,7.36,2.493333333333333
14.948,1.88,7.54,2.5955555555555554
14.968,2.62,7.51,2.678888888888889
14.988,3.56,8.0,2.761111111111111
15.008,4.25,7.77,2.847777777777778
15.028,5.11,8.07,2.93
15.048,6.58,7.77,3.01
15.068,6.92,7.5,3.09
15.088,7.93,7.67,3.168888888888889
15.108,8.69,7.29,3.25
15.128,9.51,6.98,3.328888888888889
15.148,10.36,6.8,3.4
15.168,11.29,6.42,3.486666666666667
15.188,11.82,6.21,3.5455555555555556
15.208,12.77,5.76,3.611111111111111
15.228,13.22,5.3,3.6666666666666665
15.248,14.07,4.82,3.7222222222222223
15.268,14.58,4.35,3.77
15.288,15.18,3.76,3.8155555555555556
15.308,15.51,3.31,3.851111111111111
15.328,15.96,2.56,3.887777777777778
15.348,16.25,2.09,3.92
15.368,16.47,1.36,3.93
15.388,16.63,0.73,3.9477777777777776
15.408,16.67,-0.1,3.953333333333333
15.428,16.64,-0.57,3.948888888888889
15.448,16.51,-1.3,3.9355555555555557
15.468,16.28,-1.85,3.918888888888889
15.488,15.95,-2.56,3.8955555555555557
15.508,15.59,-3.07,3.867777777777778
15.528,15.09,-3.64,3.8366666666666664
15.548,14.66,-4.11,3.7944444444444443
15.568,13.87,-4.79,3.7466666666666666
15.588,13.24,-5.14,3.6933333333333334
15.608,12.37,-5.74,3.6366666666666667
15.628,11.84,-6.03,3.57
15.648,10.88,-6.21,3.51
15.668,10.29,-6.85,3.437777777777778
15.688,9.22,-7.0,3.3666666666666667
15.708,8.53,-7.25,3.287777777777778
15.728,7.51,-7.44,3.2088888888888887
15.748,6.92,-7.55,3.1266666666666665
15.768,5.9,-7.68,3.0433333333333334
15.788,5.23,-7.78,2.957777777777778
15.808,4.24,-7.83,2.8744444444444444
15.828,3.59,-7.85,2.787777777777778
15.848,2.69,-7.8,2.6966666666666668
15.868,2.11,-7.78,2.6055555555555556
15.888,1.17,-7.62,2.5244444444444443
15.908,0.71,-7.72,2.44
15.928,-0.02,-7.5,2.35
15.948,-0.58,-7.57,2.27
15.968,-1.5,-7.21,2.188888888888889
15.988,-1.89,-7.14,2.1055555555555556
16.008,-2.53,-6.99,2.028888888888889
16.028,-2.94,-6.83,1.9522222222222223
16.048,-3.5,-6.65,1.8788888888888888
16.068,-3.86,-6.49,1.8055555555555556
16.088,-4.36,-6.32,1.7344444444444445
16.108,-4.65,-6.19,1.6622222222222223
16.128,-5.0,-6.05,1.5955555555555556
16.148,-5.35,-5.85,1.5322222222222222
16.168,-5.67,-5.68,1.4522222222222223
16.188,-5.85,-5.58,1.3888888888888888
16.208,-6.19,-5.36,1.3266666666666667
16.228,-6.45,-5.21,1.2622222222222221
16.248,-6.66,-5.07,1.2
16.268,-6.82,-4.97,1.14
16.288,-7.05,-4.79,1.0822222222222222
16.308,-7.21,-4.65,1.0266666666666666
16.328,-7.4,-4.5,0.9722222222222222
16.348,-7.52,-4.37,0.9211111111111111
16.368,-7.69,-4.22,0.8644444444444445
16.388,-7.77,-4.11,0.8177777777777778
16.408,-7.93,-4.05,0.7677777777777778
16.428,-7.98,-3.92,0.72
16.448,-8.12,-3.82,0.6711111111111111
16.468,-8.19,-3.72,0.6277777777777778
16.488,-8.3,-3.63,0.5811111111111111
16.508,-8.34,-3.55,0.5355555555555556
16.528,-8.41,-3.5,0.4955555555555556
16.548,-8.46,-3.44,0.45111111111111113
16.568,-8.51,-3.36,0.4088888888888889
16.588,-8.56,-3.29,0.37
16.608,-8.61,-3.23,0.3288888888888889
16.628,-8.64,-3.19,0.29
16.648,-8.67,-3.14,0.25
16.668,-8.73,-3.12,0.2088888888888889
16.688,-8.71,-3.08,0.17
16.708,-8.73,-3.08,0.13333333333333333
16.728,-8.74,-3.06,0.09333333333333334
16.748,-8.75,-3.05,0.056666666666666664
16.768,-8.75,-3.04,0.01888888888888889
16.788,-8.75,-3.07,-0.01888888888888889
16.808,-8.75,-3.09,-0.05444444444444444
16.828,-8.76,-3.09,-0.08888888888888889
16.848,-8.73,-3.13,-0.12777777777777777
16.868,-8.73,-3.15,-0.16444444444444445
16.888,-8.7,-3.16,-0.20222222222222222
16.908,-8.65,-3.22,-0.24
16.928,-8.63,-3.27,-0.27444444444444444
16.948,-8.61,-3.29,-0.31333333333333335
16.968,-8.57,-3.36,-0.3522222222222222
16.988,-8.53,-3.4,-0.39111111111111113
17.008,-8.46,-3.48,-0.43
17.028,-8.43,-3.54,-0.47
17.048,-8.34,-3.62,-0.5122222222222222
17.068,-8.28,-3.71,-0.5533333333333333
17.088,-8.17,-3.8,-0.5966666666666667
17.108,-8.1,-3.92,-0.6411111111111111
17.128,-8.01,-4.01,-0.6866666666666666
17.148,-7.93,-4.07,-0.73
17.168,-7.78,-4.16,-0.7777777777777778
17.188,-7.68,-4.26,-0.8266666666666667
17.208,-7.52,-4.42,-0.8733333333333333
17.228,-7.41,-4.54,-0.9233333333333333
17.248,-7.2,-4.69,-0.9744444444444444
17.268,-7.07,-4.8,-1.03
17.288,-6.86,-4.97,-1.0844444444444445
17.308,-6.73,-5.06,-1.14
17.328,-6.45,-5.27,-1.1977777777777778
17.348,-6.27,-5.35,-1.2533333333333334
17.368,-5.96,-5.58,-1.3144444444444445
17.388,-5.75,-5.69,-1.3744444444444444
17.408,-5.4,-5.91,-1.44
17.428,-5.16,-6.0,-1.5033333333333334
17.448,-4.79,-6.24,-1.5711111111111111
17.468,-4.46,-6.35,-1.64
17.488,-4.04,-6.52,-1.71
17.508,-3.67,-6.68,-1.7833333333333334
17.528,-3.17,-6.86,-1.8577777777777778
17.548,-2.81,-6.97,-1.931111111111111
17.568,-2.26,-7.06,-2.011111111111111
17.588,-1.82,-7.15,-2.088888888888889
17.608,-1.11,-7.48,-2.171111111111111
17.628,-0.67,-7.47,-2.2511111111111113
17.648,0.07,-7.63,-2.338888888888889
17.668,0.59,-7.72,-2.4277777777777776
17.688,1.48,-7.9,-2.497777777777778
17.708,1.97,-7.83,-2.57
17.728,2.74,-7.87,-2.652222222222222
17.748,3.39,-7.97,-2.7333333333333334
17.768,4.3,-7.84,-2.816666666666667
17.788,4.97,-7.89,-2.901111111111111
17.808,5.92,-7.75,-2.98
17.828,6.86,-7.54,-3.0633333333333335
17.848,7.87,-7.37,-3.1422222222222222
17.868,8.53,-7.2,-3.2155555555555555
17.888,9.48,-6.92,-3.29
17.908,10.14,-6.71,-3.361111111111111
17.928,11.17,-6.35,-3.43
17.948,11.7,-6.05,-3.49
17.968,12.4,-5.83,-3.5433333333333334
17.988,13.1,-5.15,-3.5922222222222224
18.008,13.86,-4.66,-3.6544444444444446
18.028,14.26,-4.43,-3.6955555555555555
18.048,14.96,-3.62,-3.73
18.068,15.26,-3.11,-3.7733333333333334
18.088,15.74,-2.49,-3.8022222222222224
18.108,15.89,-1.82,-3.8055555555555554
18.128,16.17,-1.19,-3.83
18.148,16.26,-0.69,-3.84
18.168,16.29,0.04,-3.841111111111111
18.188,16.26,0.51,-3.8355555555555556
18.208,16.09,1.28,-3.818888888888889
18.228,15.89,1.81,-3.801111111111111
18.248,15.57,2.49,-3.772222222222222
18.268,15.26,3.02,-3.743333333333333
18.288,14.74,3.75,-3.701111111111111
18.308,14.31,4.08,-3.6566666666666667
18.328,13.65,4.66,-3.6077777777777778
18.348,13.15,4.97,-3.551111111111111
18.368,12.38,5.61,-3.491111111111111
18.388,11.73,5.89,-3.428888888888889
18.408,10.83,6.34,-3.361111111111111
18.428,10.26,6.52,-3.2888888888888888
18.448,9.31,6.81,-3.2155555555555555
18.468,8.68,7.17,-3.137777777777778
18.488,8.26,7.05,-3.061111111111111
18.508,7.17,7.32,-2.971111111111111
18.528,6.43,7.62,-2.8955555555555557
18.548,5.58,7.68,-2.812222222222222
18.568,4.9,7.71,-2.721111111111111
18.588,4.05,7.8,-2.637777777777778
18.608,3.46,7.81,-2.55
18.628,2.56,7.86,-2.466666666666667
18.648,2.09,7.75,-2.382222222222222
18.668,1.29,7.74,-2.2977777777777777
18.688,0.71,7.26,-2.2088888888888887
18.708,0.07,7.64,-2.121111111111111
18.728,-0.74,7.36,-2.0411111111111113
18.748,-1.19,7.4,-1.96
18.768,-1.75,7.19,-1.88
18.788,-2.23,7.18,-1.801111111111111
18.808,-2.74,6.98,-1.7244444444444444
18.828,-3.04,6.95,-1.6466666666666667
18.848,-3.51,6.72,-1.5733333333333333
18.868,-3.77,6.71,-1.5033333333333334
18.888,-4.02,6.57,-1.43
18.908,-4.46,6.39,-1.3611111111111112
18.928,-4.69,6.37,-1.29
18.948,-5.09,6.17,-1.2244444444444444
18.968,-5.23,6.04,-1.1577777777777778
18.988,-5.54,5.95,-1.0922222222222222
19.008,-5.69,5.76,-1.03
19.028,-5.94,5.69,-0.97
19.048,-6.2,5.39,-0.91
19.068,-6.18,5.28,-0.8422222222222222
19.088,-6.44,5.31,-0.7744444444444445
19.108,-6.62,4.86,-0.7033333333333334
19.128,-6.76,5.02,-0.6333333333333333
19.148,-6.97,4.67,-0.56
19.168,-6.96,4.72,-0.4866666666666667
19.188,-6.99,4.67,-0.41
19.208,-7.09,4.47,-0.33555555555555555
19.228,-7.2,4.34,-0.2588888888888889
19.248,-7.27,4.33,-0.18
19.268,-7.27,4.34,-0.10222222222222223
19.288,-7.25,4.34,-0.023333333333333334
19.308,-7.26,4.31,0.05333333333333334
19.328,-7.27,4.34,0.13111111111111112
19.348,-7.24,4.33,0.21333333333333335
19.368,-7.21,4.37,0.29
19.388,-7.05,4.45,0.37222222222222223
19.408,-7.01,4.52,0.4533333333333333
19.428,-6.91,4.54,0.5355555555555556
19.448,-6.84,4.61,0.6166666666666667
19.468,-6.68,4.7,0.6988888888888889
19.488,-6.54,4.77,0.78
19.508,-6.27,4.93,0.8644444444444445
19.528,-6.12,5.03,0.95
19.548,-5.89,5.12,1.0355555555555556
19.568,-5.7,5.21,1.1266666666666667
19.588,-5.36,5.39,1.2155555555555555
19.608,-4.98,5.57,1.3044444444444445
19.628,-4.63,5.73,1.3944444444444444
19.648,-4.3,5.84,1.4844444444444445
19.668,-3.91,6.11,1.5777777777777777
19.688,-3.53,6.15,1.6755555555555555
19.708,-2.94,6.37,1.7722222222222221
19.728,-2.59,6.53,1.87
19.748,-1.99,6.71,1.9677777777777778
19.768,-1.48,6.95,2.06
19.788,-0.72,7.37,2.15
19.808,-0.36,7.46,2.232222222222222
19.828,0.18,7.66,2.31
19.848,0.7,7.62,2.3866666666666667
19.868,1.75,7.89,2.4677777777777776
19.888,2.47,7.86,2.5533333333333332
19.908,3.1,7.83,2.6355555555555554
19.928,3.61,7.91,2.7177777777777776
19.948,4.53,7.83,2.798888888888889
19.968,5.05,7.86,2.881111111111111
19.988,6.27,7.71,2.9644444444444447
20.008,6.85,7.67,3.0477777777777777
20.028,7.77,7.41,3.1255555555555556
20.048,8.43,7.38,3.2022222222222223
20.068,9.32,7.0,3.281111111111111
20.088,10.14,6.84,3.3544444444444443
20.108,11.12,6.44,3.4466666666666668
20.128,11.65,6.23,3.4944444444444445
20.148,12.51,5.68,3.56
20.168,12.99,5.47,3.618888888888889
20.188,13.78,4.87,3.672222222222222
20.208,14.36,4.38,3.7144444444444447
20.228,14.93,3.8,3.7622222222222224
20.248,15.29,3.35,3.8
20.268,15.74,2.66,3.8333333333333335
20.288,15.99,2.18,3.8544444444444443
20.308,16.3,1.52,3.878888888888889
20.328,16.38,0.84,3.8855555555555554
20.348,16.49,0.12,3.8855555555555554
20.368,16.44,-0.45,3.8866666666666667
20.388,16.33,-1.15,3.8766666666666665
20.408,16.13,-1.66,3.86
20.428,15.81,-2.44,3.841111111111111
20.448,15.49,-2.92,3.827777777777778
20.468,14.95,-3.57,3.7744444444444443
20.488,14.57,-4.03,3.7344444444444442
20.508,13.62,-4.76,3.688888888888889
20.528,13.08,-5.15,3.6622222222222223
20.548,12.26,-5.69,3.5755555555555554
20.568,11.58,-6.0,3.5411111111111113
20.588,10.64,-6.44,3.45
20.608,10.07,-6.85,3.4166666666666665
20.628,9.1,-6.96,3.3044444444444445
20.648,8.5,-7.27,3.2311111111111113
20.668,7.4,-7.38,3.1533333333333333
20.688,6.77,-7.56,3.0755555555555554
20.708,5.81,-7.73,2.988888888888889
20.728,5.11,-7.76,2.901111111111111
20.748,4.25,-7.77,2.82
20.768,3.56,-7.87,2.7344444444444442
20.788,2.69,-7.78,2.687777777777778
20.808,2.11,-7.79,2.55
20.828,1.26,-7.85,2.506666666666667
20.848,0.7,-7.66,2.431111111111111
20.868,0.0,-7.53,2.3444444444444446
20.888,-0.6,-7.58,2.2455555555555557
20.908,-1.25,-7.3,2.1766666666666667
20.928,-1.59,-7.22,2.0933333333333333
20.948,-2.27,-7.19,1.9722222222222223
20.968,-2.64,-6.96,1.9366666666666668
20.988,-3.19,-6.83,1.818888888888889
21.008,-3.51,-6.72,1.781111111111111
21.028,-3.96,-6.57,1.67
21.048,-4.28,-6.48,1.6344444444444444
21.068,-4.76,-6.21,1.528888888888889
21.088,-4.99,-6.13,1.491111111111111
21.108,-5.36,-5.92,1.3922222222222222
21.128,-5.54,-5.84,1.3533333333333333
21.148,-5.89,-5.61,1.2477777777777779
21.168,-6.1,-5.6,1.2177777777777778
21.188,-6.35,-5.42,1.1544444444444444
21.208,-6.55,-5.24,1.09
21.228,-6.73,-5.11,1.0255555555555556
21.248,-6.9,-5.05,0.9666666666666667
21.268,-7.1,-4.89,0.9088888888888889
21.288,-7.24,-4.77,0.8233333333333334
21.308,-7.39,-4.68,0.7955555555555556
21.328,-7.51,-4.58,0.7411111111111112
21.348,-7.64,-4.44,0.6877777777777778
21.368,-7.73,-4.42,0.6333333333333333
21.388,-7.82,-4.32,0.58
21.408,-7.89,-4.23,0.5288888888888889
21.428,-8.02,-4.15,0.48
21.448,-8.05,-4.09,0.4311111111111111
21.468,-8.1,-4.03,0.3811111111111111
21.488,-8.14,-4.01,0.3322222222222222
21.508,-8.2,-3.96,0.2833333333333333
21.528,-8.22,-3.92,0.23777777777777778
21.548,-8.24,-3.89,0.19
21.568,-8.26,-3.86,0.1411111111111111
21.588,-8.29,-3.84,0.07333333333333333
21.608,-8.3,-3.85,0.05
21.628,-8.29,-3.88,0.0044444444444444444
21.648,-8.28,-3.88,-0.04111111111111111
21.668,-8.28,-3.91,-0.08555555555555555
21.688,-8.24,-3.93,-0.13111111111111112
21.708,-8.23,-3.99,-0.17555555555555555
21.728,-8.19,-3.97,-0.22111111111111112
21.748,-8.14,-4.02,-0.26666666666666666
21.768,-8.1,-4.07,-0.31222222222222223
21.788,-8.05,-4.14,-0.3566666666666667
21.808,-8.01,-4.18,-0.4077777777777778
21.828,-7.9,-4.25,-0.45444444444444443
21.848,-7.85,-4.3,-0.5022222222222222
21.868,-7.75,-4.43,-0.55
21.888,-7.69,-4.49,-0.6
21.908,-7.56,-4.56,-0.6511111111111111
21.928,-7.46,-4.66,-0.7011111111111111
21.948,-7.32,-4.79,-0.7544444444444445
21.968,-7.2,-4.84,-0.8066666666666666
21.988,-7.0,-5.01,-0.8633333333333333
22.008,-6.87,-5.08,-0.9177777777777778
22.028,-6.67,-5.24,-0.9744444444444444
22.048,-6.5,-5.33,-1.0333333333333334
22.068,-6.27,-5.53,-1.0922222222222222
22.088,-6.08,-5.59,-1.1555555555555554
22.108,-5.78,-5.81,-1.2166666666666666
22.128,-5.58,-5.89,-1.281111111111111
22.148,-5.23,-6.09,-1.3477777777777777
22.168,-5.0,-6.19,-1.4133333333333333
22.188,-4.77,-6.27,-1.478888888888889
22.208,-4.34,-6.49,-1.55
22.228,-3.88,-6.67,-1.6211111111111112
22.248,-3.58,-6.81,-1.6944444444444444
22.268,-3.05,-6.96,-1.7644444444444445
22.288,-2.72,-7.08,-1.8411111111111111
22.308,-2.14,-7.21,-1.9222222222222223
22.328,-1.77,-7.32,-2.0
22.348,-0.82,-7.55,-2.0855555555555556
22.368,-0.36,-7.62,-2.1655555555555557
22.388,0.28,-7.68,-2.2511111111111113
22.408,0.86,-7.74,-2.3344444444444443
22.428,1.7,-7.89,-2.42
22.448,2.26,-7.8,-2.4855555555555555
22.468,3.08,-7.85,-2.566666666666667
22.488,3.69,-7.86,-2.648888888888889
22.508,4.56,-7.81,-2.7311111111111113
22.528,5.23,-7.82,-2.8155555555555556
22.548,6.15,-7.65,-2.898888888888889
22.568,6.76,-7.59,-2.9755555555555557
22.588,7.41,-7.47,-3.0555555555555554
22.608,8.42,-7.23,-3.13
22.628,9.03,-7.03,-3.2088888888888887
22.648,9.98,-6.75,-3.28
22.668,10.57,-6.42,-3.3444444444444446
22.688,11.53,-6.15,-3.4122222222222223
22.708,12.07,-5.8,-3.47
22.728,13.05,-4.97,-3.4966666666666666
22.748,13.33,-4.88,-3.582222222222222
22.768,14.11,-4.31,-3.6255555555555556
22.788,14.51,-3.63,-3.637777777777778
22.808,15.06,-3.12,-3.7044444444444444
22.828,15.35,-2.77,-3.7311111111111113
22.848,15.67,-2.07,-3.756666666666667
22.868,15.98,-1.21,-3.758888888888889
22.888,16.07,-0.82,-3.781111111111111
22.908,16.11,0.02,-3.7855555555555553
22.928,16.05,0.4,-3.7844444444444445
22.948,15.92,1.16,-3.776666666666667
22.968,15.76,1.64,-3.7577777777777777
22.988,15.49,2.32,-3.7344444444444442
23.008,15.17,2.81,-3.71
23.028,14.87,3.33,-3.671111111111111
23.048,14.28,3.94,-3.6277777777777778
23.068,13.84,4.36,-3.577777777777778
23.088,13.16,4.87,-3.53
23.108,12.75,5.2,-3.47
23.128,11.85,5.69,-3.411111111111111
23.148,11.26,6.11,-3.3455555555555554
23.168,10.36,6.42,-3.2744444444444443
23.188,9.79,6.67,-3.201111111111111
23.208,8.86,6.97,-3.1255555555555556
23.228,8.32,6.85,-3.0555555555555554
23.248,7.39,7.3,-2.9655555555555555
23.268,6.57,7.54,-2.8833333333333333
23.288,5.43,7.6,-2.807777777777778
23.308,4.97,7.74,-2.721111111111111
23.328,4.03,7.71,-2.6333333333333333
23.348,3.44,7.88,-2.548888888888889
23.368,2.64,7.8,-2.4644444444444447
23.388,2.12,7.74,-2.38
23.408,1.42,7.94,-2.2888888888888888
23.428,0.84,7.67,-2.2066666666666666
23.448,0.17,7.52,-2.1222222222222222
23.468,-0.31,7.68,-2.0366666666666666
23.488,-0.92,7.41,-1.95
23.508,-1.33,7.49,-1.87
23.528,-1.9,7.25,-1.791111111111111
23.548,-2.24,7.23,-1.711111111111111
23.568,-2.73,7.05,-1.6322222222222222
23.588,-3.02,6.95,-1.558888888888889
23.608,-3.46,6.85,-1.481111111111111
23.628,-3.76,6.69,-1.4077777777777778
23.648,-4.16,6.57,-1.3355555555555556
23.668,-4.35,6.48,-1.2666666666666666
23.688,-4.75,6.36,-1.1977777777777778
23.708,-4.89,6.27,-1.1266666666666667
23.728,-5.24,5.93,-1.0577777777777777
23.748,-5.33,5.96,-0.9822222222222222
23.768,-5.51,5.81,-0.91
23.788,-5.77,5.66,-0.8344444444444444
23.808,-6.02,5.54,-0.7622222222222222
23.828,-6.22,5.38,-0.6888888888888889
23.848,-6.34,5.38,-0.6177777777777778
23.868,-6.35,5.35,-0.5477777777777778
23.888,-6.54,5.21,-0.4722222222222222
23.908,-6.57,5.17,-0.40444444444444444
23.928,-6.66,5.07,-0.3277777777777778
23.948,-6.69,5.0,-0.2544444444444444
23.968,-6.7,4.99,-0.17666666666666667
23.988,-6.71,4.95,-0.10222222222222223
24.008,-6.73,4.95,-0.022222222222222223
24.028,-6.74,4.91,0.056666666666666664
24.048,-6.72,4.95,0.13333333333333333
24.068,-6.7,4.94,0.2111111111111111
24.088,-6.62,4.95,0.29
24.108,-6.56,4.97,0.37
24.128,-6.44,5.01,0.4533333333333333
24.148,-6.34,5.04,0.54
24.168,-6.16,5.11,0.6244444444444445
24.188,-6.06,5.18,0.7133333333333334
24.208,-5.78,5.27,0.8022222222222222
24.228,-5.6,5.34,0.8933333333333333
24.248,-5.28,5.47,0.9866666666666667
24.268,-5.09,5.53,1.08
24.288,-4.79,5.62,1.1744444444444444
24.308,-4.47,5.74,1.2744444444444445
24.328,-4.04,5.93,1.3777777777777778
24.348,-3.72,6.03,1.48
24.368,-3.2,6.18,1.5833333333333333
24.388,-2.92,6.34,1.6877777777777778
24.408,-2.33,6.45,1.7922222222222222
24.428,-1.88,6.59,1.8988888888888888
24.448,-1.16,6.76,2.0033333333333334
24.468,-0.67,6.86,2.1144444444444446
24.488,0.16,7.06,2.22
24.508,0.74,7.35,2.321111111111111
24.528,1.55,7.69,2.4244444444444446
24.548,1.76,7.61,2.513333333333333
24.568,2.88,8.03,2.5933333333333333
24.588,3.5,7.83,2.6766666666666667
24.608,4.3,7.88,2.76
24.628,5.21,7.9,2.841111111111111
24.648,5.97,7.59,2.928888888888889
24.668,6.52,7.72,3.006666666666667
24.688,7.53,7.57,3.0877777777777777
24.708,8.24,7.46,3.1644444444444444
24.728,9.31,7.07,3.243333333333333
24.748,9.92,6.91,3.32
24.768,10.7,6.68,3.398888888888889
24.788,11.48,6.3,3.466666666666667
24.808,12.34,5.84,3.54
24.828,12.88,5.55,3.601111111111111
24.848,13.79,4.99,3.6555555555555554
24.868,14.2,4.52,3.703333333333333
24.888,14.85,4.02,3.7466666666666666
24.908,15.19,3.48,3.7911111111111113
24.928,15.78,2.8,3.8233333333333333
24.948,15.98,2.28,3.8544444444444443
24.968,16.36,1.58,3.8777777777777778
24.988,16.43,0.99,3.89
25.008,16.55,0.32,3.901111111111111
25.028,16.46,-0.28,3.901111111111111
25.048,16.4,-0.97,3.8944444444444444
25.068,16.26,-1.56,3.8833333333333333
25.088,15.91,-2.23,3.868888888888889
25.108,15.46,-2.97,3.84
25.128,14.88,-3.65,3.8088888888888888
25.148,14.48,-4.1,3.77
25.168,13.75,-4.7,3.73
25.188,13.25,-5.09,3.6744444444444446
25.208,12.44,-5.59,3.62
25.228,11.79,-5.93,3.561111111111111
25.248,10.88,-6.5,3.5
25.268,10.29,-6.52,3.4322222222222223
25.288,9.28,-6.93,3.362222222222222
25.308,8.63,-7.13,3.2844444444444445
25.328,7.74,-7.41,3.21
25.348,7.04,-7.64,3.13
25.368,5.99,-7.65,3.048888888888889
25.388,5.35,-7.77,2.9633333333333334
25.408,4.38,-7.85,2.8777777777777778
25.428,3.74,-7.8,2.7911111111111113
25.448,2.86,-7.82,2.7044444444444444
25.468,2.23,-7.75,2.618888888888889
25.488,1.37,-7.73,2.522222222222222
25.508,0.89,-7.79,2.4466666666666668
25.528,0.08,-7.61,2.3655555555555554
25.548,-0.43,-7.45,2.2655555555555558
25.568,-1.1,-7.46,2.19
25.588,-1.53,-7.28,2.11
25.608,-2.23,-7.22,2.0255555555555556
25.628,-2.56,-7.02,1.95
25.648,-3.1,-6.91,1.8733333333333333
25.668,-3.47,-6.72,1.7966666666666666
25.688,-3.96,-6.65,1.721111111111111
25.708,-4.31,-6.41,1.6511111111111112
25.728,-4.71,-6.21,1.5788888888888888
25.748,-4.96,-6.15,1.5077777777777779
25.768,-5.34,-5.93,1.4466666666666668
25.788,-5.61,-5.8,1.3688888888888888
25.808,-5.86,-5.65,1.301111111111111
25.828,-6.09,-5.48,1.2366666666666666
25.848,-6.3,-5.43,1.1744444444444444
25.868,-6.57,-5.25,1.11
25.888,-6.76,-5.08,1.0466666666666666
25.908,-6.93,-4.98,0.9877777777777778
25.928,-7.14,-4.88,0.9311111111111111
25.948,-7.29,-4.71,0.8711111111111111
25.968,-7.42,-4.6,0.8188888888888889
25.988,-7.54,-4.51,0.7644444444444445
26.008,-7.66,-4.39,0.71
26.028,-7.75,-4.33,0.66
26.048,-7.88,-4.22,0.6088888888888889
26.068,-7.98,-4.13,0.5544444444444444
26.088,-8.05,-4.06,0.5077777777777778
26.108,-8.1,-4.0,0.4577777777777778
26.128,-8.15,-3.94,0.41
26.148,-8.2,-3.91,0.3611111111111111
26.168,-8.26,-3.83,0.31666666666666665
26.188,-8.28,-3.83,0.27
26.208,-8.32,-3.77,0.22444444444444445
26.228,-8.34,-3.74,0.17888888888888888
26.248,-8.34,-3.72,0.13333333333333333
26.268,-8.35,-3.73,0.09
26.288,-8.37,-3.72,0.042222222222222223
26.308,-8.38,-3.72,0.0
26.328,-8.35,-3.76,-0.044444444444444446
26.348,-8.38,-3.77,-0.08888888888888889
26.368,-8.34,-3.77,-0.13
26.388,-8.33,-3.82,-0.17555555555555555
26.408,-8.3,-3.87,-0.21666666666666667
26.428,-8.27,-3.88,-0.26222222222222225
26.448,-8.22,-3.95,-0.31
26.468,-8.17,-3.99,-0.3511111111111111
26.488,-8.1,-4.05,-0.39666666666666667
26.508,-8.05,-4.09,-0.44333333333333336
26.528,-7.97,-4.18,-0.4911111111111111
26.548,-7.92,-4.22,-0.54
26.568,-7.8,-4.32,-0.5866666666666667
26.588,-7.71,-4.39,-0.6322222222222222
26.608,-7.58,-4.49,-0.6844444444444444
26.628,-7.49,-4.6,-0.7366666666666667
26.648,-7.32,-4.7,-0.7888888888888889
26.668,-7.2,-4.8,-0.8433333333333334
26.688,-7.03,-4.96,-0.8977777777777778
26.708,-6.9,-5.06,-0.9511111111111111
26.728,-6.71,-5.19,-1.0077777777777779
26.748,-6.54,-5.3,-1.0655555555555556
26.768,-6.29,-5.48,-1.1244444444444444
26.788,-6.1,-5.56,-1.1866666666666668
26.808,-5.81,-5.73,-1.25
26.828,-5.59,-5.88,-1.3111111111111111
26.848,-5.37,-5.98,-1.3777777777777778
26.868,-5.02,-6.16,-1.4422222222222223
26.888,-4.75,-6.26,-1.511111111111111
26.908,-4.37,-6.46,-1.58
26.928,-4.01,-6.56,-1.6511111111111112
26.948,-3.38,-6.85,-1.7244444444444444
26.968,-3.05,-6.93,-1.8
26.988,-2.48,-7.11,-1.8755555555555556
27.008,-2.07,-7.21,-1.9555555555555555
27.028,-1.49,-7.39,-2.033333333333333
27.048,-0.79,-7.53,-2.1155555555555554
27.068,-0.3,-7.59,-2.2
27.088,0.33,-7.67,-2.2822222222222224
27.108,0.9,-7.76,-2.368888888888889
27.128,1.74,-7.88,-2.45
27.148,2.28,-7.81,-2.5166666666666666
27.168,3.13,-7.89,-2.6033333333333335
27.188,3.72,-7.91,-2.683333333333333
27.208,4.35,-7.8,-2.767777777777778
27.228,5.29,-7.75,-2.8455555555555554
27.248,5.89,-7.71,-2.928888888888889
27.268,6.84,-7.52,-3.011111111111111
27.288,7.47,-7.45,-3.0877777777777777
27.308,8.51,-7.18,-3.1655555555555557
27.328,9.11,-7.02,-3.2355555555555555
27.348,10.08,-6.7,-3.307777777777778
27.368,10.7,-6.48,-3.3744444444444444
27.388,11.61,-6.09,-3.4366666666666665
27.408,12.18,-5.75,-3.491111111111111
27.428,13.13,-4.93,-3.5211111111111113
27.448,13.46,-4.82,-3.6066666666666665
27.468,14.21,-4.3,-3.6455555555555557
27.488,14.66,-3.54,-3.6655555555555557
27.508,15.12,-3.05,-3.727777777777778
27.528,15.44,-2.76,-3.752222222222222
27.548,15.72,-2.04,-3.77
27.568,16.0,-1.4,-3.783333333333333
27.588,16.1,-0.79,-3.7955555555555556
27.608,16.16,-0.22,-3.8
27.628,16.07,0.46,-3.79
27.648,16.02,0.95,-3.78
27.668,15.73,1.73,-3.761111111111111
27.688,15.58,2.14,-3.738888888888889
27.708,15.17,2.86,-3.703333333333333
27.728,14.82,3.42,-3.67
27.748,14.24,4.01,-3.6244444444444444
27.768,13.83,4.47,-3.5744444444444445
27.788,13.11,4.87,-3.522222222222222
27.808,12.66,5.32,-3.4633333333333334
27.828,11.73,5.76,-3.4033333333333333
27.848,11.2,6.15,-3.3333333333333335
27.868,9.98,6.62,-3.2644444444444445
27.888,9.38,6.8,-3.1933333333333334
27.908,8.44,7.13,-3.1133333333333333
27.928,7.79,7.14,-3.0433333333333334
27.948,6.91,7.27,-2.9544444444444444
27.968,6.27,7.55,-2.8722222222222222
27.988,5.44,7.66,-2.792222222222222
28.008,4.78,7.64,-2.7
28.028,3.96,7.75,-2.6222222222222222
28.048,3.33,7.81,-2.531111111111111
28.068,2.46,7.79,-2.45
28.088,2.03,7.72,-2.36
28.108,1.27,7.9,-2.2777777777777777
28.128,0.68,7.8,-2.19
28.148,0.07,7.5,-2.1033333333333335
28.168,-0.44,7.7,-2.022222222222222
28.188,-1.05,7.41,-1.9366666666666668
28.208,-1.46,7.45,-1.8577777777777778
28.228,-2.01,7.29,-1.7777777777777777
28.248,-2.35,7.16,-1.7
28.268,-2.8,6.99,-1.6222222222222222
28.288,-3.17,6.9,-1.5455555555555556
28.308,-3.54,6.8,-1.4733333333333334
28.328,-3.85,6.71,-1.3988888888888888
28.348,-4.26,6.55,-1.3288888888888888
28.368,-4.45,6.41,-1.2555555555555555
28.388,-4.8,6.32,-1.1888888888888889
28.408,-4.95,6.21,-1.12
28.428,-5.25,6.09,-1.0555555555555556
28.448,-5.48,6.01,-0.9888888888888889
28.468,-5.68,5.85,-0.9255555555555556
28.488,-5.89,5.84,-0.8611111111111112
28.508,-6.08,5.7,-0.7977777777777778
28.528,-6.23,5.7,-0.7377777777777778
28.548,-6.38,5.59,-0.6788888888888889
28.568,-6.45,5.36,-0.6188888888888889
28.588,-6.59,5.22,-0.5577777777777778
28.608,-6.55,5.27,-0.4911111111111111
28.628,-6.71,5.07,-0.42333333333333334
28.648,-6.79,5.07,-0.35777777777777775
28.668,-6.92,4.98,-0.2911111111111111
28.688,-7.0,4.79,-0.2222222222222222
28.708,-7.0,4.88,-0.15444444444444444
28.728,-7.01,4.8,-0.08555555555555555
28.748,-7.09,4.79,-0.017777777777777778
28.768,-7.01,4.82,0.051111111111111114
28.788,-6.99,4.76,0.12777777777777777
28.808,-6.96,4.73,0.1988888888888889
28.828,-6.85,4.69,0.2777777777777778
28.848,-6.79,4.75,0.3566666666666667
28.868,-6.68,4.75,0.44
28.888,-6.6,4.76,0.5244444444444445
28.908,-6.49,4.81,0.61
28.928,-6.32,4.86,0.6988888888888889
28.948,-6.08,5.01,0.79
28.968,-5.91,5.09,0.88
28.988,-5.66,5.2,0.9744444444444444
29.008,-5.48,5.27,1.0677777777777777
29.028,-5.17,5.47,1.1622222222222223
29.048,-4.9,5.57,1.258888888888889
29.068,-4.53,5.72,1.3544444444444443
29.088,-4.19,5.81,1.45
29.108,-3.73,5.98,1.5522222222222222
29.128,-3.38,6.12,1.6522222222222223
29.148,-2.86,6.27,1.7544444444444445
29.168,-2.46,6.46,1.8566666666666667
29.188,-1.77,6.58,1.96
29.208,-1.32,6.7,2.0655555555555556
29.228,-0.49,6.98,2.167777777777778
29.248,0.1,7.33,2.2733333333333334
29.268,0.75,7.59,2.3644444444444446
29.288,1.11,7.73,2.451111111111111
29.308,1.9,7.86,2.533333333333333
29.328,2.54,7.87,2.6144444444444446
29.348,3.49,7.89,2.7
29.368,4.26,7.91,2.781111111111111
29.388,5.07,7.78,2.862222222222222
29.408,5.58,7.87,2.9455555555555555
29.428,6.64,7.81,3.028888888888889
29.448,7.28,7.54,3.1044444444444443
29.468,8.43,7.3,3.1855555555555557
29.488,9.12,7.18,3.2622222222222224
29.508,9.92,6.9,3.3366666666666664
29.528,10.59,6.71,3.4122222222222223
29.548,11.54,6.22,3.4944444444444445
29.568,12.18,5.96,3.5533333333333332
29.588,12.87,5.39,3.6166666666666667
29.608,13.64,5.18,3.67
29.628,14.25,4.52,3.718888888888889
29.648,14.71,4.18,3.76
29.668,15.25,3.39,3.8044444444444445
29.688,15.8,2.74,3.84
29.708,16.14,2.04,3.868888888888889
29.728,16.33,1.52,3.8922222222222222
29.748,16.51,0.72,3.9044444444444446
29.768,16.51,0.15,3.911111111111111
29.788,16.52,-0.64,3.911111111111111
29.808,16.4,-1.09,3.9077777777777776
29.828,16.15,-1.86,3.891111111111111
29.848,15.94,-2.37,3.8766666666666665
29.868,15.46,-3.08,3.847777777777778
29.888,15.14,-3.47,3.8144444444444443
29.908,14.55,-4.06,3.78
29.928,14.03,-4.51,3.736666666666667
29.948,13.16,-5.16,3.6844444444444444
29.968,12.57,-5.54,3.6266666666666665
29.988,11.73,-6.03,3.57
30.008,11.16,-6.3,3.502222222222222
30.028,10.31,-6.59,3.437777777777778
30.048,9.55,-6.9,3.3655555555555554
30.068,8.54,-7.19,3.2888888888888888
30.088,7.76,-7.31,3.21
30.108,6.93,-7.59,3.132222222222222
30.128,6.16,-7.51,3.046666666666667
30.148,5.22,-7.77,2.9644444444444447
30.168,4.6,-7.77,2.88
30.188,3.56,-7.86,2.79
30.208,3.04,-7.85,2.707777777777778
30.228,2.14,-7.78,2.62
30.248,1.6,-7.88,2.528888888888889
30.268,0.77,-7.71,2.4477777777777776
30.288,0.24,-7.59,2.362222222222222
30.308,-0.55,-7.54,2.256666666666667
30.328,-0.86,-7.5,2.1966666666666668
30.348,-1.59,-7.26,2.112222222222222
30.368,-2.07,-7.18,2.03
30.388,-2.67,-6.99,1.9522222222222223
30.408,-3.02,-6.86,1.8777777777777778
30.428,-3.56,-6.69,1.8
30.448,-3.9,-6.53,1.73
30.468,-4.38,-6.36,1.6577777777777778
30.488,-4.67,-6.19,1.5877777777777777
30.508,-5.03,-6.13,1.5144444444444445
30.528,-5.29,-5.93,1.4522222222222223
30.548,-5.65,-5.76,1.3766666666666667
30.568,-5.85,-5.64,1.308888888888889
30.588,-6.25,-5.45,1.2444444444444445
30.608,-6.5,-5.22,1.1833333333333333
30.628,-6.7,-5.11,1.1177777777777778
30.648,-6.84,-4.97,1.0566666666666666
30.668,-7.07,-4.83,0.9988888888888889
30.688,-7.16,-4.74,0.9411111111111111
30.708,-7.39,-4.61,0.8855555555555555
30.728,-7.48,-4.49,0.8311111111111111
30.748,-7.63,-4.41,0.7788888888888889
30.768,-7.7,-4.31,0.7288888888888889
30.788,-7.86,-4.21,0.6755555555555556
30.808,-7.9,-4.13,0.6255555555555555
30.828,-8.02,-4.07,0.5733333333333334
30.848,-8.08,-3.98,0.5277777777777778
30.868,-8.16,-3.9,0.47888888888888886
30.888,-8.2,-3.85,0.43222222222222223
30.908,-8.29,-3.77,0.3877777777777778
30.928,-8.31,-3.74,0.3411111111111111
30.948,-8.37,-3.69,0.2966666666666667
30.968,-8.4,-3.64,0.25333333333333335
30.988,-8.42,-3.62,0.20555555555555555
31.008,-8.44,-3.57,0.16555555555555557
31.028,-8.46,-3.57,0.1411111111111111
31.048,-8.48,-3.56,0.07666666666666666
31.068,-8.49,-3.55,0.05444444444444444
31.088,-8.48,-3.57,-0.008888888888888889
31.108,-8.5,-3.55,-0.03
31.128,-8.48,-3.59,-0.09
31.148,-8.45,-3.61,-0.11444444444444445
31.168,-8.41,-3.68,-0.17777777777777778
31.188,-8.4,-3.69,-0.21888888888888888
31.208,-8.36,-3.73,-0.26222222222222225
31.228,-8.32,-3.77,-0.3055555555555556
31.248,-8.28,-3.78,-0.3477777777777778
31.268,-8.24,-3.86,-0.39222222222222225
31.288,-8.17,-3.91,-0.43444444444444447
31.308,-8.09,-4.0,-0.48
31.328,-8.04,-4.04,-0.5288888888888889
31.348,-7.95,-4.11,-0.5711111111111111
31.368,-7.87,-4.23,-0.5977777777777777
31.388,-7.79,-4.3,-0.67
31.408,-7.67,-4.45,-0.6922222222222222
31.428,-7.57,-4.49,-0.7666666666666667
31.448,-7.4,-4.63,-0.7944444444444444
31.468,-7.29,-4.72,-0.8455555555555555
31.488,-7.11,-4.88,-0.8988888888888888
31.508,-6.97,-4.97,-0.9555555555555556
31.528,-6.68,-5.19,-1.038888888888889
31.548,-6.55,-5.25,-1.0666666666666667
31.568,-6.3,-5.42,-1.1555555555555554
31.588,-6.1,-5.58,-1.1855555555555555
31.608,-5.8,-5.71,-1.2755555555555556
31.628,-5.58,-5.86,-1.3077777777777777
31.648,-5.21,-6.06,-1.4033333333333333
31.668,-4.99,-6.17,-1.4377777777777778
31.688,-4.53,-6.36,-1.538888888888889
31.708,-4.3,-6.51,-1.5744444444444445
31.728,-3.8,-6.65,-1.68
31.748,-3.48,-6.81,-1.7177777777777778
31.768,-2.96,-6.95,-1.79
31.788,-2.6,-7.09,-1.8677777777777778
31.808,-2.01,-7.22,-1.9455555555555555
31.828,-1.61,-7.31,-2.0655555555555556
31.848,-0.95,-7.47,-2.1066666666666665
31.868,-0.47,-7.55,-2.1866666666666665
31.888,0.25,-7.69,-2.2711111111111113
31.908,0.73,-7.71,-2.3533333333333335
31.928,1.56,-7.9,-2.442222222222222
31.948,2.16,-7.79,-2.5077777777777777
31.968,2.99,-7.93,-2.5877777777777777
31.988,3.56,-7.87,-2.67
32.008,4.47,-7.82,-2.7533333333333334
32.028,5.13,-7.85,-2.8355555555555556
32.048,6.06,-7.7,-2.917777777777778
32.068,6.71,-7.61,-2.9988888888888887
32.088,7.71,-7.41,-3.078888888888889
32.108,8.34,-7.22,-3.152222222222222
32.128,9.32,-6.98,-3.2244444444444444
32.148,9.95,-6.75,-3.298888888888889
32.168,10.95,-6.4,-3.4
32.188,11.48,-6.24,-3.43
32.208,12.33,-5.75,-3.493333333333333
32.228,13.08,-4.92,-3.52
32.248,13.66,-4.82,-3.6044444444444443
32.268,14.08,-4.38,-3.647777777777778
32.288,14.82,-3.6,-3.6644444444444444
32.308,15.09,-3.19,-3.7222222222222223
32.328,15.55,-2.61,-3.7577777777777777
32.348,15.76,-2.12,-3.7777777777777777
32.368,16.04,-1.25,-3.78
32.388,16.15,-0.86,-3.8066666666666666
32.408,16.18,0.0,-3.81
32.428,16.15,0.36,-3.807777777777778
32.448,15.97,1.37,-3.7944444444444443
32.468,15.72,1.88,-3.78
32.488,15.43,2.53,-3.7544444444444443
32.508,15.1,3.03,-3.7255555555555557
32.528,14.57,3.75,-3.6911111111111112
32.548,14.14,4.15,-3.647777777777778
32.568,13.48,4.67,-3.601111111111111
32.588,12.91,5.02,-3.55
32.608,12.17,5.59,-3.49
32.628,11.56,5.89,-3.4233333333333333
32.648,10.71,6.31,-3.361111111111111
32.668,10.09,6.57,-3.29
32.688,9.18,6.88,-3.218888888888889
32.708,8.65,7.09,-3.1444444444444444
32.728,7.6,7.15,-3.066666666666667
32.748,6.99,7.54,-2.9877777777777776
32.768,6.06,7.62,-2.9
32.788,5.5,7.77,-2.82
32.808,4.64,7.66,-2.7355555555555555
32.828,3.97,7.85,-2.652222222222222
32.848,3.16,7.86,-2.56
32.868,2.55,7.85,-2.4833333333333334
32.888,1.8,7.84,-2.39
32.908,1.32,7.95,-2.3055555555555554
32.928,0.54,7.76,-2.221111111111111
32.948,0.08,7.59,-2.1355555555555554
32.968,-0.55,7.58,-2.046666666666667
32.988,-1.03,7.42,-1.968888888888889
33.008,-1.56,7.36,-1.89
33.028,-1.95,7.25,-1.8077777777777777
33.048,-2.5,7.11,-1.73
33.068,-2.75,7.0,-1.6522222222222223
33.088,-3.23,6.87,-1.5766666666666667
33.108,-3.52,6.79,-1.5
33.128,-3.95,6.63,-1.43
33.148,-4.27,6.57,-1.3577777777777778
33.168,-4.56,6.41,-1.2844444444444445
33.188,-4.8,6.27,-1.2177777777777778
33.208,-5.11,6.2,-1.15
33.228,-5.31,6.01,-1.0833333333333333
33.248,-5.56,5.84,-1.0144444444444445
33.268,-5.66,5.83,-0.9466666666666667
33.288,-5.93,5.52,-0.8766666666666667
33.308,-6.08,5.54,-0.8055555555555556
33.328,-6.37,5.36,-0.7377777777777778
33.348,-6.49,5.15,-0.6644444444444444
33.368,-6.58,5.14,-0.5966666666666667
33.388,-6.63,5.12,-0.5244444444444445
33.408,-6.77,4.89,-0.4533333333333333
33.428,-6.89,4.79,-0.38333333333333336
33.448,-6.91,4.77,-0.3088888888888889
33.468,-6.94,4.7,-0.23333333333333334
33.488,-6.99,4.61,-0.15888888888888889
33.508,-6.99,4.65,-0.07888888888888888
33.528,-6.91,4.67,0.0011111111111111111
33.548,-6.93,4.6,0.08444444444444445
33.568,-6.91,4.52,0.16777777777777778
33.588,-6.86,4.56,0.25333333333333335
33.608,-6.75,4.56,0.34444444444444444
33.628,-6.66,4.61,0.43444444444444447
33.648,-6.47,4.72,0.5277777777777778
33.668,-6.38,4.73,0.62
33.688,-6.16,4.8,0.7155555555555555
33.708,-6.04,4.92,0.8111111111111111
33.728,-5.77,5.02,0.91
33.748,-5.62,5.14,1.008888888888889
33.768,-5.27,5.28,1.1077777777777778
33.788,-5.03,5.41,1.2066666666666668
33.808,-4.67,5.5,1.308888888888889
33.828,-4.28,5.65,1.4111111111111112
33.848,-3.77,5.87,1.5177777777777777
33.868,-3.42,5.89,1.6244444444444444
33.888,-2.91,6.18,1.731111111111111
33.908,-2.52,6.32,1.8422222222222222
33.928,-1.82,6.66,1.95
33.948,-1.33,6.95,2.0477777777777777
33.968,-0.63,7.32,2.14
33.988,-0.26,7.41,2.2288888888888887
34.008,0.44,7.76,2.3066666666666666
34.028,1.04,7.68,2.3866666666666667
34.048,1.89,7.82,2.468888888888889
34.068,2.66,7.92,2.551111111111111
34.088,3.28,7.8,2.63
34.108,3.84,7.93,2.7133333333333334
34.128,4.79,7.87,2.8
34.148,5.41,7.89,2.882222222222222
34.168,6.44,7.69,2.9633333333333334
34.188,7.11,7.64,3.042222222222222
34.208,8.03,7.32,3.1277777777777778
34.228,8.69,7.38,3.2
34.248,9.64,6.95,3.278888888888889
34.268,10.34,6.73,3.3533333333333335
34.288,11.6,6.15,3.4477777777777776
34.308,12.16,5.93,3.4955555555555557
34.328,12.9,5.46,3.566666666666667
34.348,13.57,5.05,3.621111111111111
34.368,14.34,4.41,3.6777777777777776
34.388,14.78,4.04,3.72
34.408,15.34,3.34,3.7688888888888887
34.428,15.68,2.95,3.8033333333333332
34.448,16.07,2.2,3.841111111111111
34.468,16.28,1.76,3.862222222222222
34.488,16.42,0.92,3.882222222222222
34.508,16.53,0.48,3.8955555555555557
34.528,16.45,-0.36,3.898888888888889
34.548,16.4,-0.83,3.897777777777778
34.568,16.16,-1.6,3.89
34.588,15.96,-2.11,3.8755555555555556
34.608,15.5,-2.85,3.852222222222222
34.628,15.17,-3.31,3.827777777777778
34.648,14.59,-4.03,3.7911111111111113
34.668,14.14,-4.43,3.752222222222222
34.688,13.44,-4.99,3.703333333333333
34.708,12.91,-5.38,3.6544444444444446
34.728,12.01,-5.85,3.597777777777778
34.748,11.39,-6.15,3.531111111111111
34.768,10.42,-6.57,3.4677777777777776
34.788,9.84,-6.94,3.402222222222222
34.808,8.86,-7.1,3.3244444444444445
34.828,8.28,-7.38,3.2533333333333334
34.848,7.18,-7.48,3.172222222222222
34.868,6.52,-7.59,3.091111111111111
34.888,5.53,-7.75,3.006666666666667
34.908,4.83,-7.78,2.9255555555555555
34.928,3.92,-7.79,2.84
34.948,3.32,-7.86,2.7533333333333334
34.968,2.42,-7.78,2.6655555555555557
34.988,1.78,-7.78,2.5755555555555554
35.008,0.95,-7.76,2.4922222222222223
35.028,0.47,-7.55,2.41
35.048,-0.27,-7.43,2.32
35.068,-0.78,-7.53,2.22
35.088,-1.19,-7.42,2.1566666666666667
35.108,-1.81,-7.18,2.0744444444444445
35.128,-2.29,-7.2,1.99
35.148,-2.82,-6.92,1.9166666666666667
35.168,-3.18,-6.87,1.84
35.188,-3.85,-6.59,1.7622222222222221
35.208,-4.09,-6.52,1.691111111111111
35.228,-4.62,-6.24,1.6211111111111112
35.248,-4.89,-6.13,1.548888888888889
35.268,-5.27,-5.93,1.478888888888889
35.288,-5.55,-5.82,1.4166666666666667
35.308,-5.81,-5.67,1.3377777777777777
35.328,-6.04,-5.58,1.27
35.348,-6.31,-5.37,1.2077777777777778
35.368,-6.6,-5.2,1.1488888888888888
35.388,-6.74,-5.08,1.08
35.408,-6.95,-5.02,1.02
35.428,-7.1,-4.84,0.9611111111111111
35.448,-7.29,-4.73,0.9044444444444445
35.468,-7.4,-4.6,0.85
35.488,-7.56,-4.51,0.7944444444444444
35.508,-7.64,-4.44,0.74
35.528,-7.73,-4.37,0.6888888888888889
35.548,-7.85,-4.22,0.6355555555555555
35.568,-7.92,-4.2,0.5844444444444444
35.588,-8.0,-4.06,0.5366666666666666
35.608,-8.06,-4.06,0.4855555555555556
35.628,-8.15,-3.95,0.43666666666666665
35.648,-8.16,-3.91,0.39
35.668,-8.22,-3.87,0.34555555555555556
35.688,-8.25,-3.82,0.29777777777777775
35.708,-8.3,-3.81,0.25
35.728,-8.33,-3.76,0.20333333333333334
35.748,-8.34,-3.73,0.1622222222222222
35.768,-8.35,-3.7,0.11444444444444445
35.788,-8.38,-3.68,0.07
35.808,-8.38,-3.68,0.024444444444444446
35.828,-8.4,-3.71,-0.016666666666666666
35.848,-8.36,-3.74,-0.06222222222222222
35.868,-8.37,-3.75,-0.10555555555555556
35.888,-8.36,-3.79,-0.14888888888888888
35.908,-8.32,-3.81,-0.1922222222222222
35.928,-8.3,-3.86,-0.23444444444444446
35.948,-8.25,-3.89,-0.28
35.968,-8.22,-3.93,-0.3244444444444444
35.988,-8.16,-4.01,-0.37
36.008,-8.11,-4.04,-0.4122222222222222
36.028,-8.01,-4.1,-0.46
36.048,-7.95,-4.18,-0.5088888888888888
36.068,-7.88,-4.27,-0.5555555555555556
36.088,-7.77,-4.31,-0.6033333333333334
36.108,-7.68,-4.42,-0.6777777777777778
36.128,-7.54,-4.54,-0.7
36.148,-7.39,-4.67,-0.78
36.168,-7.27,-4.78,-0.8055555555555556
36.188,-7.11,-4.9,-0.8855555555555555
36.208,-6.95,-4.99,-0.9155555555555556
36.228,-6.76,-5.13,-1.0
36.248,-6.61,-5.24,-1.0277777777777777
36.268,-6.38,-5.42,-1.1155555555555556
36.288,-6.19,-5.53,-1.1444444444444444
36.308,-5.92,-5.68,-1.2377777777777779
36.328,-5.7,-5.81,-1.3
36.348,-5.35,-6.03,-1.3655555555555556
36.368,-5.13,-6.12,-1.4322222222222223
36.388,-4.77,-6.22,-1.5
36.408,-4.44,-6.46,-1.5677777777777777
36.428,-4.02,-6.61,-1.6377777777777778
36.448,-3.73,-6.72,-1.7122222222222223
36.468,-3.2,-6.87,-1.7844444444444445
36.488,-2.84,-7.04,-1.86
36.508,-2.27,-7.17,-1.94
36.528,-1.88,-7.27,-2.0188888888888887
36.548,-1.22,-7.4,-2.101111111111111
36.568,-0.73,-7.55,-2.178888888888889
36.588,-0.03,-7.64,-2.2666666666666666
36.608,0.39,-7.69,-2.3533333333333335
36.628,1.26,-7.85,-2.437777777777778
36.648,1.74,-7.88,-2.5011111111111113
36.668,2.62,-7.95,-2.5855555555555556
36.688,3.15,-7.89,-2.667777777777778
36.708,4.14,-7.95,-2.747777777777778
36.728,4.63,-7.83,-2.832222222222222
36.748,5.58,-7.7,-2.9133333333333336
36.768,6.22,-7.68,-2.991111111111111
36.788,7.18,-7.51,-3.07
36.808,7.86,-7.32,-3.1466666666666665
36.828,8.86,-7.11,-3.223333333333333
36.848,9.49,-6.88,-3.292222222222222
36.868,10.35,-6.55,-3.36
36.888,10.97,-6.18,-3.4255555555555555
36.908,11.88,-5.85,-3.486666666666667
36.928,12.31,-5.51,-3.52
36.948,13.24,-4.94,-3.591111111111111
36.968,13.77,-4.64,-3.6444444444444444
36.988,14.31,-4.06,-3.661111111111111
37.008,14.93,-3.39,-3.7155555555555555
37.028,15.43,-2.73,-3.7466666666666666
37.048,15.69,-2.19,-3.7711111111111113
37.068,15.95,-1.29,-3.7755555555555556
37.088,16.11,-0.91,-3.792222222222222
37.108,16.17,-0.2,-3.798888888888889
37.128,16.14,0.32,-3.792222222222222
37.148,16.02,0.94,-3.781111111111111
37.168,15.85,1.5,-3.767777777777778
37.188,15.59,2.16,-3.74
37.208,15.29,2.67,-3.7144444444444447
37.228,14.78,3.44,-3.672222222222222
37.248,14.47,3.86,-3.631111111111111
37.268,13.79,4.47,-3.58
37.288,13.37,4.77,-3.533333333333333
37.308,12.66,5.3,-3.4744444444444444
37.328,11.99,5.65,-3.4133333333333336
37.348,11.17,6.17,-3.347777777777778
37.368,10.55,6.35,-3.2755555555555556
37.388,9.69,6.68,-3.2066666666666666
37.408,9.05,6.93,-3.1277777777777778
37.428,8.1,7.3,-3.05
37.448,7.54,7.14,-2.98
37.468,6.51,7.29,-2.881111111111111
37.488,5.95,7.63,-2.807777777777778
37.508,5.06,7.64,-2.72
37.528,4.47,7.74,-2.6355555555555554
37.548,3.64,7.77,-2.5544444444444445
37.568,3.0,7.82,-2.4677777777777776
37.588,2.18,7.76,-2.3766666666666665
37.608,1.66,7.77,-2.292222222222222
37.628,1.02,7.47,-2.2088888888888887
37.648,0.39,7.79,-2.1222222222222222
37.668,-0.18,7.58,-2.0355555555555553
37.688,-0.61,7.52,-1.9544444444444444
37.708,-1.22,7.43,-1.8733333333333333
37.728,-1.58,7.3,-1.7955555555555556
37.748,-2.17,7.19,-1.7155555555555555
37.768,-2.54,7.05,-1.6366666666666667
37.788,-3.07,7.07,-1.5611111111111111
37.808,-3.29,6.77,-1.4866666666666666
37.828,-3.72,6.73,-1.4133333333333333
37.848,-3.94,6.61,-1.34
37.868,-4.34,6.43,-1.27
37.888,-4.54,6.39,-1.201111111111111
37.908,-4.87,6.25,-1.1311111111111112
37.928,-5.13,6.17,-1.0666666666666667
37.948,-5.38,6.05,-1.001111111111111
37.968,-5.55,5.95,-0.9355555555555556
37.988,-5.88,5.77,-0.8744444444444445
38.008,-6.04,5.75,-0.8122222222222222
38.028,-6.18,5.54,-0.7511111111111111
38.048,-6.33,5.63,-0.69
38.068,-6.45,5.51,-0.6333333333333333
38.088,-6.56,5.39,-0.5722222222222222
38.108,-6.65,5.37,-0.5155555555555555
38.128,-6.73,5.26,-0.46
38.148,-6.83,5.19,-0.4022222222222222
38.168,-6.9,5.22,-0.3477777777777778
38.188,-6.95,5.14,-0.29333333333333333
38.208,-6.98,5.14,-0.23777777777777778
38.228,-7.01,5.12,-0.18222222222222223
38.248,-7.04,5.1,-0.1288888888888889
38.268,-7.16,4.89,-0.07444444444444444
38.288,-7.06,4.98,-0.016666666666666666
38.308,-7.07,4.92,0.04111111111111111
38.328,-7.09,4.91,0.1
38.348,-7.02,4.9,0.1622222222222222
38.368,-7.09,4.84,0.22555555555555556
38.388,-6.98,4.87,0.29333333333333333
38.408,-6.87,4.87,0.3611111111111111
38.428,-6.8,4.78,0.43777777777777777
38.448,-6.7,4.8,0.5166666666666667
38.468,-6.52,4.8,0.6
38.488,-6.42,4.85,0.6855555555555556
38.508,-6.25,4.88,0.7744444444444445
38.528,-6.09,4.96,0.8677777777777778
38.548,-5.86,5.03,0.9633333333333334
38.568,-5.7,5.09,1.058888888888889
38.588,-5.32,5.28,1.1566666666666667
38.608,-5.05,5.46,1.2533333333333334
38.628,-4.71,5.61,1.3533333333333333
38.648,-4.52,5.65,1.4533333333333334
38.668,-4.0,5.85,1.551111111111111
38.688,-3.65,6.04,1.6511111111111112
38.708,-3.05,6.35,1.751111111111111
38.728,-2.65,6.38,1.85
38.748,-2.17,6.6,1.9444444444444444
38.768,-1.71,6.73,2.0455555555555556
38.788,-0.96,6.9,2.1444444444444444
38.808,-0.31,7.06,2.247777777777778
38.828,0.34,7.35,2.3455555555555554
38.848,0.82,7.44,2.438888888888889
38.868,1.59,7.67,2.53
38.888,2.06,7.85,2.6066666666666665
38.908,3.08,7.87,2.6911111111111112
38.928,3.67,7.86,2.7733333333333334
38.948,4.7,7.77,2.8577777777777778
38.968,5.54,7.98,2.9444444444444446
38.988,6.5,7.74,3.02
39.008,7.14,7.52,3.1033333333333335
39.028,8.22,7.49,3.1766666666666667
39.048,8.82,7.12,3.26
39.068,9.83,6.98,3.332222222222222
39.088,10.47,6.69,3.4066666666666667
39.108,11.55,6.33,3.5055555555555555
39.128,11.95,6.11,3.5477777777777777
39.148,12.91,5.58,3.6133333333333333
39.168,13.48,5.21,3.672222222222222
39.188,14.14,4.6,3.718888888888889
39.208,14.62,4.23,3.7622222222222224
39.228,15.24,3.53,3.8055555555555554
39.248,15.6,3.07,3.8422222222222224
39.268,16.07,2.34,3.871111111111111
39.288,16.27,1.83,3.891111111111111
39.308,16.47,1.08,3.908888888888889
39.328,16.59,0.58,3.9166666666666665
39.348,16.55,-0.22,3.92
39.368,16.51,-0.66,3.9122222222222223
39.388,16.32,-1.48,3.902222222222222
39.408,16.07,-1.99,3.8844444444444446
39.428,15.64,-2.74,3.86
39.448,15.34,-3.17,3.828888888888889
39.468,14.77,-3.85,3.787777777777778
39.488,14.38,-4.26,3.747777777777778
39.508,13.6,-4.88,3.698888888888889
39.528,13.06,-5.28,3.6433333333333335
39.548,12.14,-5.84,3.5833333333333335
39.568,11.55,-6.15,3.517777777777778
39.588,10.63,-6.66,3.4522222222222223
39.608,10.08,-6.81,3.3855555555555554
39.628,9.03,-7.01,3.3066666666666666
39.648,8.42,-7.32,3.23
39.668,7.39,-7.53,3.15
39.688,6.69,-7.62,3.0644444444444443
39.708,5.72,-7.73,2.9855555555555555
39.728,5.01,-7.79,2.901111111111111
39.748,4.13,-7.78,2.8133333333333335
39.768,3.41,-7.88,2.73
39.788,2.52,-7.8,2.64
39.808,1.94,-7.76,2.546666666666667
39.828,1.06,-7.83,2.468888888888889
39.848,0.55,-7.63,2.3844444444444446
39.868,-0.1,-7.45,2.2822222222222224
39.888,-0.73,-7.62,2.2144444444444447
39.908,-1.57,-7.29,2.1344444444444446
39.928,-2.0,-7.09,2.05
39.948,-2.62,-7.0,1.9722222222222223
39.968,-2.99,-6.85,1.8966666666666667
39.988,-3.52,-6.68,1.82
40.008,-3.85,-6.56,1.7455555555555555
40.028,-4.37,-6.38,1.6777777777777778
40.048,-4.62,-6.19,1.6044444444444443
40.068,-5.01,-6.1,1.5344444444444445
40.088,-5.26,-5.92,1.4744444444444444
40.108,-5.56,-5.75,1.3955555555555557
40.128,-5.83,-5.69,1.3288888888888888
40.148,-6.17,-5.44,1.2677777777777777
40.168,-6.34,-5.28,1.2044444444444444
40.188,-6.66,-5.12,1.1388888888888888
40.208,-6.77,-5.04,1.0788888888888888
40.228,-7.01,-4.9,1.0233333333333334
40.248,-7.14,-4.78,0.9633333333333334
40.268,-7.33,-4.61,0.91
40.288,-7.43,-4.53,0.8533333333333334
40.308,-7.62,-4.38,0.8011111111111111
40.328,-7.7,-4.31,0.75
40.348,-7.85,-4.2,0.7
40.368,-7.92,-4.1,0.6488888888888888
40.388,-8.01,-4.02,0.6
40.408,-8.08,-3.95,0.55
40.428,-8.18,-3.87,0.5055555555555555
40.448,-8.24,-3.79,0.46
40.468,-8.3,-3.71,0.41444444444444445
40.488,-8.33,-3.68,0.37
40.508,-8.36,-3.62,0.3244444444444444
40.528,-8.41,-3.58,0.2811111111111111
40.548,-8.45,-3.53,0.2388888888888889
40.568,-8.48,-3.5,0.19444444444444445
40.588,-8.49,-3.47,0.15222222222222223
40.608,-8.51,-3.45,0.1111111111111111
40.628,-8.53,-3.43,0.07111111111111111
40.648,-8.55,-3.42,0.027777777777777776
40.668,-8.54,-3.41,-0.014444444444444444
40.688,-8.55,-3.41,-0.05333333333333334
40.708,-8.55,-3.47,-0.09333333333333334
40.728,-8.53,-3.49,-0.13666666666666666
40.748,-8.51,-3.54,-0.17444444444444446
40.768,-8.47,-3.54,-0.21777777777777776
40.788,-8.48,-3.6,-0.2577777777777778
40.808,-8.41,-3.63,-0.3
40.828,-8.35,-3.68,-0.3422222222222222
40.848,-8.33,-3.74,-0.38333333333333336
40.868,-8.24,-3.8,-0.42777777777777776
40.888,-8.19,-3.87,-0.4711111111111111
40.908,-8.15,-3.92,-0.5144444444444445
40.928,-8.05,-4.04,-0.5611111111111111
40.948,-7.98,-4.07,-0.6077777777777778
40.968,-7.86,-4.17,-0.6544444444444445
40.988,-7.8,-4.24,-0.7011111111111111
41.008,-7.64,-4.39,-0.7511111111111111
41.028,-7.56,-4.49,-0.8011111111111111
41.048,-7.4,-4.62,-0.8511111111111112
41.068,-7.3,-4.72,-0.9055555555555556
41.088,-7.09,-4.84,-0.96
41.108,-6.97,-4.96,-1.0166666666666666
41.128,-6.76,-5.12,-1.07
41.148,-6.6,-5.23,-1.1288888888888888
41.168,-6.31,-5.4,-1.1855555555555555
41.188,-6.15,-5.51,-1.2466666666666666
41.208,-5.85,-5.68,-1.31
41.228,-5.64,-5.84,-1.3722222222222222
41.248,-5.25,-5.98,-1.4366666666666668
41.268,-5.04,-6.1,-1.5033333333333334
41.288,-4.64,-6.27,-1.5711111111111111
41.308,-4.35,-6.45,-1.6433333333333333
41.328,-3.89,-6.61,-1.7166666666666666
41.348,-3.54,-6.74,-1.7866666666666666
41.368,-3.06,-6.92,-1.8622222222222222
41.388,-2.62,-7.03,-1.94
41.408,-2.05,-7.23,-2.02
41.428,-1.65,-7.3,-2.1
41.448,-0.99,-7.48,-2.18
41.468,-0.52,-7.55,-2.263333333333333
41.488,0.21,-7.72,-2.3466666666666667
41.508,0.7,-7.72,-2.437777777777778
41.528,1.66,-7.96,-2.5011111111111113
41.548,2.09,-7.91,-2.582222222222222
41.568,2.91,-7.94,-2.6666666666666665
41.588,3.54,-7.88,-2.7466666666666666
41.608,4.43,-7.86,-2.83
41.628,5.1,-7.87,-2.9144444444444444
41.648,6.01,-7.75,-2.993333333333333
41.668,6.67,-7.62,-3.0722222222222224
41.688,7.64,-7.47,-3.148888888888889
41.708,8.31,-7.25,-3.2244444444444444
41.728,9.28,-7.04,-3.3
41.748,10.24,-6.7,-3.3655555555555554
41.768,11.18,-6.21,-3.43
41.788,11.71,-6.03,-3.491111111111111
41.808,12.5,-5.7,-3.5344444444444445
41.828,13.35,-4.77,-3.59
41.848,13.89,-4.6,-3.651111111111111
41.868,14.29,-4.2,-3.6855555555555557
41.888,15.03,-3.4,-3.718888888888889
41.908,15.25,-2.99,-3.76
41.928,15.69,-2.36,-3.7844444444444445
41.948,15.83,-1.9,-3.7955555555555556
41.968,16.1,-1.06,-3.812222222222222
41.988,16.18,-0.69,-3.8177777777777777
42.008,16.19,0.2,-3.8133333333333335
42.028,16.13,0.57,-3.8033333333333332
42.048,15.98,1.33,-3.7888888888888888
42.068,15.75,1.82,-3.763333333333333
42.088,15.48,2.5,-3.736666666666667
42.108,15.14,3.06,-3.7
42.128,14.61,3.77,-3.66
42.148,14.17,4.11,-3.6144444444444446
42.168,13.55,4.65,-3.5644444444444443
42.188,13.06,5.01,-3.506666666666667
42.208,12.28,5.64,-3.4466666666666668
42.228,11.64,5.87,-3.38
42.248,10.82,6.29,-3.31
42.268,10.14,6.51,-3.24
42.288,9.27,6.9,-3.1633333333333336
42.308,8.64,7.02,-3.0833333333333335
42.328,7.75,7.14,-3.0122222222222224
42.348,6.94,7.67,-2.92
42.368,6.04,7.68,-2.8422222222222224
42.388,5.55,7.76,-2.752222222222222
42.408,4.58,7.72,-2.671111111111111
42.428,4.02,7.87,-2.582222222222222
42.448,3.18,7.81,-2.5
42.468,2.56,7.84,-2.41
42.488,1.83,7.82,-2.33
42.508,1.29,7.85,-2.24
42.528,0.47,7.82,-2.1555555555555554
42.548,0.05,7.65,-2.07
42.568,-0.56,7.65,-1.988888888888889
42.588,-1.1,7.41,-1.95
42.608,-1.59,7.4,-1.83
42.628,-1.95,7.23,-1.7866666666666666
42.648,-2.54,7.16,-1.6722222222222223
42.668,-2.94,6.96,-1.6322222222222222
42.688,-3.39,6.79,-1.5222222222222221
42.708,-3.71,6.73,-1.448888888888889
42.728,-4.07,6.57,-1.3766666666666667
42.748,-4.36,6.47,-1.3066666666666666
42.768,-4.73,6.33,-1.2377777777777779
42.788,-4.91,6.22,-1.1711111111111112
42.808,-5.28,6.08,-1.1044444444444443
42.828,-5.41,6.0,-1.038888888888889
42.848,-5.75,5.84,-0.9733333333333334
42.868,-5.82,5.76,-0.9133333333333333
42.888,-6.06,5.66,-0.85
42.908,-6.18,5.61,-0.7911111111111111
42.928,-6.38,5.51,-0.76
42.948,-6.5,5.42,-0.6755555555555556
42.968,-6.67,5.19,-0.6444444444444445
42.988,-6.68,5.24,-0.5833333333333334
43.008,-6.82,5.07,-0.5222222222222223
43.028,-6.87,4.99,-0.43
43.048,-7.01,4.93,-0.37
43.068,-7.1,4.84,-0.3377777777777778
43.088,-7.14,4.83,-0.24444444444444444
43.108,-7.15,4.8,-0.21444444444444444
43.128,-7.17,4.77,-0.12
43.148,-7.2,4.72,-0.08666666666666667
43.168,-7.24,4.61,0.008888888888888889
43.188,-7.22,4.62,0.044444444444444446
43.208,-7.16,4.67,0.14333333333333334
43.228,-7.1,4.68,0.17777777777777778
43.248,-7.07,4.7,0.28444444444444444
43.268,-7.07,4.59,0.31777777777777777
43.288,-6.98,4.64,0.43
43.308,-6.89,4.7,0.4666666666666667
43.328,-6.75,4.76,0.5433333333333333
43.348,-6.64,4.78,0.6633333333333333
43.368,-6.47,4.83,0.7044444444444444
43.388,-6.35,4.96,0.83
43.408,-6.1,5.01,0.8733333333333333
43.428,-5.95,5.1,0.9622222222222222
43.448,-5.65,5.27,1.048888888888889
43.468,-5.45,5.36,1.1366666666666667
43.488,-5.13,5.51,1.2266666666666666
43.508,-4.9,5.59,1.3177777777777777
43.528,-4.44,5.82,1.4144444444444444
43.548,-4.18,5.91,1.5066666666666666
43.568,-3.7,6.08,1.6011111111111112
43.588,-3.19,6.36,1.6933333333333334
43.608,-2.56,6.59,1.7844444444444445
43.628,-2.17,6.7,1.8822222222222222
43.648,-1.54,6.92,1.9766666666666666
43.668,-1.06,7.11,2.068888888888889
43.688,-0.27,7.47,2.2044444444444444
43.708,0.12,7.55,2.247777777777778
43.728,0.77,7.78,2.367777777777778
43.748,1.34,7.75,2.4077777777777776
43.768,2.06,7.87,2.53
43.788,2.83,7.87,2.568888888888889
43.808,3.71,7.89,2.6566666666666667
43.828,4.25,7.9,2.74
43.848,5.0,7.83,2.8222222222222224
43.868,5.79,7.82,2.9
43.888,6.73,7.55,2.988888888888889
43.908,7.47,7.57,3.0677777777777777
43.928,8.41,7.35,3.1455555555555557
43.948,8.99,7.09,3.2244444444444444
43.968,10.02,6.87,3.3
43.988,10.62,6.62,3.367777777777778
44.008,11.65,6.13,3.4655555555555555
44.028,12.17,5.89,3.51
44.048,12.94,5.46,3.5744444444444445
44.068,13.54,5.02,3.63
44.088,14.25,4.42,3.68
44.108,14.69,4.09,3.72
44.128,15.3,3.3,3.7644444444444445
44.148,15.59,2.96,3.7977777777777777
44.168,15.95,2.22,3.828888888888889
44.188,16.2,1.71,3.8544444444444443
44.208,16.33,0.94,3.87
44.228,16.42,0.44,3.8766666666666665
44.248,16.37,-0.45,3.8744444444444444
44.268,16.29,-0.79,3.8733333333333335
44.288,16.07,-1.64,3.8633333333333333
44.308,15.89,-2.16,3.8444444444444446
44.328,15.44,-2.88,3.82
44.348,15.14,-3.37,3.79
44.368,14.59,-3.94,3.7544444444444443
44.388,14.16,-4.32,3.707777777777778
44.408,13.46,-4.91,3.66
44.428,12.85,-5.34,3.61
44.448,11.96,-5.87,3.551111111111111
44.468,11.31,-6.18,3.486666666666667
44.488,10.42,-6.27,3.42
44.508,9.86,-6.87,3.347777777777778
44.528,8.56,-7.15,3.2744444444444443
44.548,7.76,-7.27,3.1944444444444446
44.568,6.71,-7.47,3.118888888888889
44.588,6.17,-7.51,3.0366666666666666
44.608,5.12,-7.71,2.951111111111111
44.628,4.64,-7.81,2.867777777777778
44.648,3.61,-7.84,2.7844444444444445
44.668,3.03,-7.82,2.6977777777777776
44.688,2.15,-7.84,2.6066666666666665
44.708,1.61,-7.78,2.5155555555555558
44.728,0.76,-7.75,2.4344444444444444
44.748,0.25,-7.55,2.3533333333333335
44.768,-0.46,-7.52,2.258888888888889
44.788,-0.82,-7.54,2.171111111111111
44.808,-1.37,-7.37,2.101111111111111
44.828,-1.94,-7.16,2.0155555555555558
44.848,-2.39,-7.16,1.9366666666666668
44.868,-2.92,-6.95,1.8611111111111112
44.888,-3.28,-6.83,1.7822222222222222
44.908,-3.78,-6.63,1.708888888888889
44.928,-4.06,-6.58,1.6366666666666667
44.948,-4.56,-6.34,1.5644444444444445
44.968,-4.94,-6.15,1.491111111111111
44.988,-5.13,-6.07,1.4222222222222223
45.008,-5.57,-5.81,1.3611111111111112
45.028,-5.73,-5.76,1.2833333333333334
45.048,-6.05,-5.58,1.2177777777777778
45.068,-6.27,-5.47,1.1533333333333333
45.088,-6.54,-5.31,1.0911111111111111
45.108,-6.67,-5.22,1.0233333333333334
45.128,-6.9,-5.06,0.9655555555555555
45.148,-6.96,-5.02,0.9066666666666666
45.168,-7.16,-4.87,0.8477777777777777
45.188,-7.3,-4.77,0.79
45.208,-7.41,-4.67,0.7366666666666667
45.228,-7.56,-4.56,0.68
45.248,-7.64,-4.46,0.6266666666666667
45.268,-7.73,-4.39,0.5744444444444444
45.288,-7.8,-4.32,0.5222222222222223
45.308,-7.9,-4.23,0.47
45.328,-7.94,-4.22,0.42
45.348,-8.0,-4.15,0.3711111111111111
45.368,-8.06,-4.09,0.3211111111111111
45.388,-8.09,-4.06,0.27111111111111114
45.408,-8.13,-4.03,0.22333333333333333
45.428,-8.16,-3.99,0.17555555555555555
45.448,-8.18,-3.97,0.12777777777777777
45.468,-8.21,-3.95,0.08
45.488,-8.21,-3.95,0.034444444444444444
45.508,-8.22,-3.95,-0.013333333333333334
45.528,-8.22,-3.98,-0.06
45.548,-8.21,-4.01,-0.10333333333333333
45.568,-8.2,-4.0,-0.15
45.588,-8.13,-4.07,-0.19555555555555557
45.608,-8.1,-4.12,-0.24333333333333335
45.628,-8.06,-4.14,-0.2911111111111111
45.648,-8.04,-4.19,-0.33666666666666667
45.668,-7.96,-4.24,-0.3844444444444444
45.688,-7.91,-4.3,-0.43333333333333335
45.708,-7.82,-4.38,-0.48
45.728,-7.77,-4.41,-0.5311111111111111
45.748,-7.66,-4.51,-0.5811111111111111
45.768,-7.57,-4.58,-0.6311111111111111
45.788,-7.47,-4.7,-0.6844444444444444
45.808,-7.35,-4.78,-0.7388888888888889
45.828,-7.19,-4.89,-0.7911111111111111
45.848,-7.07,-4.97,-0.8477777777777777
45.868,-6.87,-5.11,-0.9033333333333333
45.888,-6.71,-5.22,-0.96
45.908,-6.51,-5.35,-1.02
45.928,-6.36,-5.48,-1.0788888888888888
45.948,-6.07,-5.63,-1.1388888888888888
45.968,-5.91,-5.74,-1.201111111111111
45.988,-5.59,-5.92,-1.2655555555555555
46.008,-5.34,-6.03,-1.3322222222222222
46.028,-5.01,-6.24,-1.3988888888888888
46.048,-4.78,-6.24,-1.4677777777777778
46.068,-4.36,-6.55,-1.5366666666666666
46.088,-4.05,-6.62,-1.6044444444444443
46.108,-3.58,-6.81,-1.6788888888888889
46.128,-3.27,-6.88,-1.7533333333333334
46.148,-2.74,-7.08,-1.83
46.168,-2.38,-7.11,-1.9077777777777778
46.188,-1.74,-7.3,-1.99
46.208,-1.34,-7.43,-2.07
46.228,-0.67,-7.6,-2.151111111111111
46.248,-0.15,-7.58,-2.2344444444444442
46.268,0.49,-7.71,-2.32
46.288,0.99,-7.74,-2.4055555555555554
46.308,1.84,-7.84,-2.4722222222222223
46.328,2.38,-7.83,-2.5522222222222224
46.348,3.26,-7.86,-2.638888888888889
46.368,3.88,-7.85,-2.718888888888889
46.388,5.11,-7.84,-2.801111111111111
46.408,5.69,-7.73,-2.878888888888889
46.428,6.65,-7.59,-2.9611111111111112
46.448,7.28,-7.46,-3.042222222222222
46.468,8.25,-7.25,-3.1222222222222222
46.488,8.89,-7.07,-3.1933333333333334
46.508,9.84,-6.79,-3.2655555555555558
46.528,10.39,-6.46,-3.3355555555555556
46.548,11.36,-6.16,-3.3955555555555557
46.568,11.87,-5.74,-3.4588888888888887
46.588,12.56,-5.7,-3.508888888888889
46.608,13.32,-4.71,-3.546666666666667
46.628,13.96,-4.43,-3.617777777777778
46.648,14.38,-3.93,-3.652222222222222
46.668,15.0,-3.24,-3.671111111111111
46.688,15.25,-2.81,-3.7222222222222223
46.708,15.66,-2.17,-3.7466666666666666
46.728,15.82,-1.75,-3.763333333333333
46.748,16.05,-0.87,-3.77
46.768,16.05,-0.57,-3.778888888888889
46.788,16.08,0.34,-3.7744444444444443
46.808,15.97,0.69,-3.7622222222222224
46.828,15.77,1.53,-3.7488888888888887
46.848,15.61,1.94,-3.7244444444444444
46.868,15.23,2.65,-3.7
46.888,14.93,3.23,-3.661111111111111
46.908,14.33,3.86,-3.62
46.928,13.92,4.25,-3.5766666666666667
46.948,13.26,4.75,-3.5211111111111113
46.968,12.78,5.16,-3.466666666666667
46.988,11.92,5.66,-3.4066666666666667
47.008,11.41,5.94,-3.3433333333333333
47.028,10.52,6.35,-3.27
47.048,9.88,6.57,-3.2
47.068,9.03,6.94,-3.12
47.088,8.46,7.15,-3.0444444444444443
47.108,7.47,7.39,-2.9766666666666666
47.128,6.91,7.34,-2.882222222222222
47.148,5.87,7.44,-2.8022222222222224
47.168,5.41,7.69,-2.718888888888889
47.188,4.55,7.72,-2.6355555555555554
47.208,3.9,7.77,-2.546666666666667
47.228,3.09,7.87,-2.4655555555555555
47.248,2.43,7.79,-2.3766666666666665
47.268,1.71,7.76,-2.2888888888888888
47.288,1.28,7.74,-2.203333333333333
47.308,0.45,7.74,-2.117777777777778
47.328,-0.14,7.58,-2.033333333333333
47.348,-0.87,7.45,-1.95
47.368,-1.15,7.41,-1.87
47.388,-1.72,7.28,-1.79
47.408,-2.11,7.19,-1.71
47.428,-2.58,7.08,-1.6333333333333333
47.448,-3.01,7.07,-1.5533333333333332
47.468,-3.36,6.84,-1.48
47.488,-3.68,6.81,-1.4055555555555554
47.508,-4.06,6.64,-1.3355555555555556
47.528,-4.28,6.52,-1.2622222222222221
47.548,-4.59,6.4,-1.191111111111111
47.568,-4.8,6.34,-1.1222222222222222
47.588,-5.1,6.19,-1.0555555555555556
47.608,-5.27,6.12,-0.9888888888888889
47.628,-5.58,5.98,-0.9233333333333333
47.648,-5.69,5.91,-0.8588888888888889
47.668,-6.04,5.52,-0.7933333333333333
47.688,-6.0,5.64,-0.73
47.708,-6.03,5.47,-0.6611111111111111
47.728,-6.34,5.42,-0.59
47.748,-6.3,5.46,-0.5222222222222223
47.768,-6.58,5.33,-0.45111111111111113
47.788,-6.68,5.13,-0.38
47.808,-6.69,5.23,-0.31555555555555553
47.828,-6.83,5.05,-0.24444444444444444
47.848,-6.82,5.06,-0.17555555555555555
47.868,-6.75,5.15,-0.10555555555555556
47.888,-6.76,5.03,-0.03333333333333333
47.908,-6.8,4.92,0.03888888888888889
47.928,-6.82,4.9,0.11222222222222222
47.948,-6.73,4.9,0.18888888888888888
47.968,-6.64,4.97,0.26555555555555554
47.988,-6.52,5.0,0.34444444444444444
48.008,-6.51,5.01,0.43
48.028,-6.45,4.99,0.5111111111111111
48.048,-6.32,5.01,0.5944444444444444
48.068,-6.09,5.16,0.68
48.088,-5.93,5.2,0.7688888888888888
48.108,-5.78,5.3,0.8566666666666667
48.128,-5.59,5.37,0.95
48.148,-5.36,5.43,1.041111111111111
48.168,-5.12,5.52,1.1322222222222222
48.188,-4.71,5.73,1.231111111111111
48.208,-4.48,5.77,1.3277777777777777
48.228,-4.03,5.97,1.4277777777777778
48.248,-3.74,6.0,1.531111111111111
48.268,-3.24,6.14,1.6366666666666667
48.288,-2.93,6.29,1.74
48.308,-2.11,6.52,1.8477777777777777
48.328,-1.68,6.55,1.9522222222222223
48.348,-0.93,6.73,2.061111111111111
48.368,-0.36,6.8,2.1733333333333333
48.388,0.45,6.93,2.2866666666666666
48.408,1.06,7.15,2.401111111111111
48.428,1.82,7.24,2.5122222222222224
48.448,2.56,7.5,2.6222222222222222
48.468,3.22,7.37,2.721111111111111
48.488,4.1,7.98,2.8033333333333332
48.508,4.94,7.54,2.887777777777778
48.528,5.3,8.04,2.971111111111111
48.548,7.13,7.39,3.05
48.568,7.59,7.63,3.13
48.588,8.09,7.5,3.2088888888888887
48.608,9.09,7.51,3.283333333333333
48.628,9.87,7.01,3.3644444444444446
48.648,10.52,6.65,3.437777777777778
48.668,11.7,6.22,3.53
48.688,12.07,6.1,3.5766666666666667
48.708,13.0,5.71,3.647777777777778
48.728,13.55,5.14,3.7088888888888887
48.748,14.25,4.59,3.7544444444444443
48.768,14.82,4.09,3.8033333333333332
48.788,15.43,3.56,3.8377777777777777
48.808,15.67,3.15,3.8777777777777778
48.828,16.19,2.32,3.908888888888889
48.848,16.35,1.66,3.9322222222222223
48.868,16.71,0.91,3.9455555555555555
48.888,16.73,0.44,3.9522222222222223
48.908,16.72,-0.24,3.9555555555555557
48.928,16.65,-0.79,3.9466666666666668
48.948,16.42,-1.54,3.94
48.968,16.21,-2.03,3.92
48.988,15.82,-2.77,3.8933333333333335
49.008,15.44,-3.16,3.861111111111111
49.028,14.81,-3.87,3.8255555555555554
49.048,14.29,-4.45,3.7844444444444445
49.068,13.5,-4.99,3.73
49.088,12.94,-5.39,3.6777777777777776
49.108,12.13,-5.83,3.617777777777778
49.128,11.58,-6.15,3.551111111111111
49.148,10.55,-6.73,3.482222222222222
49.168,9.92,-7.02,3.4122222222222223
49.188,8.84,-7.13,3.3344444444444443
49.208,8.3,-7.41,3.2577777777777777
49.228,7.2,-7.44,3.18
49.248,6.56,-7.55,3.0966666666666667
49.268,5.24,-7.9,3.0122222222222224
49.288,4.5,-7.76,2.9255555555555555
49.308,3.6,-7.91,2.84
49.328,2.99,-7.8,2.7555555555555555
49.348,2.11,-7.82,2.6655555555555557
49.368,1.55,-7.73,2.571111111111111
49.388,0.71,-7.73,2.497777777777778
49.408,0.15,-7.54,2.411111111111111
49.428,-0.57,-7.46,2.3144444444444443
49.448,-1.12,-7.36,2.24
49.468,-1.77,-7.16,2.1644444444444444
49.488,-2.19,-7.01,2.082222222222222
49.508,-2.85,-6.86,2.0055555555555555
49.528,-3.17,-6.74,1.9277777777777778
49.548,-3.71,-6.55,1.8544444444444443
49.568,-4.05,-6.42,1.7833333333333334
49.588,-4.46,-6.31,1.7133333333333334
49.608,-4.77,-6.07,1.6411111111111112
49.628,-5.17,-5.97,1.5788888888888888
49.648,-5.49,-5.73,1.5077777777777779
49.668,-5.8,-5.64,1.4344444444444444
49.688,-5.98,-5.47,1.3711111111111112
49.708,-6.29,-5.3,1.31
49.728,-6.48,-5.11,1.2422222222222221
49.748,-6.77,-4.98,1.181111111111111
49.768,-6.93,-4.79,1.1244444444444444
49.788,-7.16,-4.65,1.0711111111111111
49.808,-7.27,-4.53,1.0166666666666666
49.828,-7.47,-4.42,0.96
49.848,-7.57,-4.29,0.9111111111111111
49.868,-7.77,-4.14,0.86
49.888,-7.9,-3.99,0.81
49.908,-8.04,-3.87,0.7611111111111111
49.928,-8.1,-3.79,0.7177777777777777
49.948,-8.2,-3.7,0.67
49.968,-8.29,-3.65,0.6255555555555555
49.988,-8.39,-3.54,0.58
50.008,-8.4,-3.49,0.5377777777777778
50.028,-8.47,-3.4,0.49666666666666665
50.048,-8.55,-3.3,0.45222222222222225
50.068,-8.61,-3.2,0.4122222222222222
50.088,-8.63,-3.15,0.3711111111111111
50.108,-8.67,-3.09,0.33555555555555555
50.128,-8.69,-3.08,0.2966666666666667
50.148,-8.72,-3.02,0.25666666666666665
50.168,-8.71,-3.02,0.21777777777777776
50.188,-8.76,-2.98,0.18444444444444444
50.208,-8.77,-2.93,0.14444444444444443
50.228,-8.79,-2.94,0.10888888888888888
50.248,-8.79,-2.92,0.07222222222222222
50.268,-8.8,-2.89,0.03888888888888889
50.288,-8.81,-2.93,0.0
50.308,-8.84,-2.94,-0.035555555555555556
50.328,-8.83,-2.95,-0.07222222222222222
50.348,-8.82,-2.96,-0.10444444444444445
50.368,-8.79,-2.98,-0.14222222222222222
50.388,-8.77,-3.05,-0.17444444444444446
50.408,-8.78,-3.03,-0.2111111111111111
50.428,-8.74,-3.11,-0.24555555555555555
50.448,-8.71,-3.12,-0.2822222222222222
50.468,-8.67,-3.18,-0.3188888888888889
50.488,-8.64,-3.24,-0.35777777777777775
50.508,-8.57,-3.31,-0.39444444444444443
50.528,-8.53,-3.35,-0.43222222222222223
50.548,-8.46,-3.44,-0.47333333333333333
50.568,-8.41,-3.49,-0.5122222222222222
50.588,-8.32,-3.6,-0.5511111111111111
50.608,-8.28,-3.66,-0.5922222222222222
50.628,-8.17,-3.78,-0.6388888888888888
50.648,-8.09,-3.84,-0.68
50.668,-7.96,-3.99,-0.7233333333333334
50.688,-7.89,-4.08,-0.77
50.708,-7.76,-4.18,-0.8155555555555556
50.728,-7.64,-4.33,-0.8644444444444445
50.748,-7.5,-4.45,-0.9122222222222223
50.768,-7.39,-4.55,-0.9633333333333334
50.788,-7.18,-4.72,-1.0133333333333334
50.808,-7.04,-4.83,-1.068888888888889
50.828,-6.79,-5.01,-1.1233333333333333
50.848,-6.64,-5.13,-1.1788888888888889
50.868,-6.37,-5.27,-1.2366666666666666
50.888,-6.17,-5.43,-1.2955555555555556
50.908,-5.87,-5.61,-1.3533333333333333
50.928,-5.66,-5.75,-1.4188888888888889
50.948,-5.27,-5.95,-1.4844444444444445
50.968,-5.04,-6.03,-1.5466666666666666
50.988,-4.64,-6.21,-1.6155555555555556
51.008,-4.34,-6.33,-1.6833333333333333
51.028,-3.86,-6.55,-1.7577777777777779
51.048,-3.53,-6.73,-1.8266666666666667
51.068,-2.98,-6.92,-1.9022222222222223
51.088,-2.6,-7.01,-1.98
51.108,-2.0,-7.13,-2.06
51.128,-1.59,-7.15,-2.1366666666666667
51.148,-0.88,-7.46,-2.216666666666667
51.168,-0.44,-7.49,-2.3
51.188,0.25,-7.64,-2.388888888888889
51.208,1.14,-7.73,-2.4755555555555557
51.228,1.98,-7.94,-2.5366666666666666
51.248,2.52,-7.83,-2.62
51.268,3.42,-7.86,-2.7055555555555557
51.288,4.11,-7.86,-2.783333333333333
51.308,5.0,-7.84,-2.87
51.328,5.62,-7.75,-2.95
51.348,6.59,-7.63,-3.03
51.368,7.22,-7.5,-3.108888888888889
51.388,8.27,-7.27,-3.1866666666666665
51.408,8.93,-7.1,-3.2655555555555558
51.428,9.94,-6.83,-3.3333333333333335
51.448,10.52,-6.54,-3.401111111111111
51.468,11.38,-6.27,-3.466666666666667
51.488,12.0,-5.84,-3.5277777777777777
51.508,12.74,-5.74,-3.5755555555555554
51.528,13.39,-4.98,-3.628888888888889
51.548,13.93,-4.59,-3.6855555555555557
51.568,14.56,-4.16,-3.721111111111111
51.588,15.11,-3.3,-3.752222222222222
51.608,15.51,-2.88,-3.7955555555555556
51.628,15.76,-2.43,-3.8155555555555556
51.648,16.01,-1.84,-3.827777777777778
51.668,16.3,-0.88,-3.8466666666666667
51.688,16.31,-0.46,-3.848888888888889
51.708,16.31,0.38,-3.8444444444444446
51.728,16.22,0.83,-3.838888888888889
51.748,16.0,1.55,-3.82
51.768,15.83,2.05,-3.798888888888889
51.788,15.41,2.76,-3.763333333333333
51.808,15.11,3.32,-3.73
51.828,14.5,3.92,-3.6911111111111112
51.848,14.12,4.36,-3.637777777777778
51.868,13.37,4.82,-3.588888888888889
51.888,12.92,5.21,-3.528888888888889
51.908,12.02,5.77,-3.4644444444444447
51.928,11.41,6.07,-3.4033333333333333
51.948,10.83,6.33,-3.3344444444444443
51.968,9.91,6.65,-3.258888888888889
51.988,9.35,6.94,-3.18
52.008,8.34,7.21,-3.101111111111111
52.028,7.66,7.39,-3.0344444444444445
52.048,6.7,7.72,-2.9344444444444444
52.068,6.07,7.57,-2.858888888888889
52.088,5.26,7.75,-2.7733333333333334
52.108,4.52,7.83,-2.69
52.128,3.65,7.92,-2.6044444444444443
52.148,2.8,7.84,-2.52
52.168,2.05,7.76,-2.4277777777777776
52.188,1.5,7.83,-2.3422222222222224
52.208,0.77,7.53,-2.26
52.228,0.22,7.65,-2.172222222222222
52.248,-0.43,7.52,-2.0877777777777777
52.268,-0.84,7.41,-2.0055555555555555
52.288,-1.46,7.34,-1.9255555555555555
52.308,-2.05,7.18,-1.8477777777777777
52.328,-2.41,7.07,-1.768888888888889
52.348,-2.89,6.9,-1.6933333333333334
52.368,-3.27,6.83,-1.62
52.388,-3.51,6.74,-1.5444444444444445
52.408,-3.99,6.57,-1.471111111111111
52.428,-4.24,6.49,-1.4
52.448,-4.62,6.3,-1.3311111111111111
52.468,-4.84,6.19,-1.2666666666666666
52.488,-5.18,6.08,-1.2
52.508,-5.38,5.93,-1.1344444444444444
52.528,-5.67,5.81,-1.0711111111111111
52.548,-5.88,5.7,-1.01
52.568,-6.08,5.59,-0.9477777777777778
52.588,-6.27,5.44,-0.8911111111111111
52.608,-6.45,5.33,-0.8344444444444444
52.628,-6.55,5.33,-0.7744444444444445
52.648,-6.76,5.04,-0.72
52.668,-6.86,4.95,-0.66
52.688,-6.89,5.04,-0.5988888888888889
52.708,-6.97,4.78,-0.5366666666666666
52.728,-7.13,4.69,-0.47444444444444445
52.748,-7.25,4.52,-0.41
52.768,-7.39,4.43,-0.34444444444444444
52.788,-7.34,4.55,-0.2822222222222222
52.808,-7.36,4.52,-0.21888888888888888
52.828,-7.45,4.36,-0.1511111111111111
52.848,-7.53,4.24,-0.08666666666666667
52.868,-7.52,4.17,-0.016666666666666666
52.888,-7.43,4.27,0.05555555555555555
52.908,-7.37,4.33,0.1288888888888889
52.928,-7.37,4.23,0.20222222222222222
52.948,-7.4,4.14,0.28
52.968,-7.36,4.09,0.3566666666666667
52.988,-7.26,4.18,0.43555555555555553
53.008,-7.05,4.33,0.52
53.028,-6.98,4.35,0.6066666666666667
53.048,-6.88,4.33,0.6944444444444444
53.068,-6.81,4.36,0.7822222222222223
53.088,-6.45,4.61,0.8722222222222222
53.108,-6.25,4.76,0.9633333333333334
53.128,-6.06,4.82,1.0577777777777777
53.148,-5.88,4.89,1.15
53.168,-5.58,5.11,1.2433333333333334
53.188,-5.26,5.25,1.3366666666666667
53.208,-4.81,5.48,1.4355555555555555
53.228,-4.54,5.62,1.53
53.248,-4.09,5.82,1.6255555555555556
53.268,-3.8,5.98,1.7244444444444444
53.288,-3.1,6.15,1.8211111111111111
53.308,-2.77,6.41,1.92
53.328,-2.05,6.67,2.011111111111111
53.348,-1.6,6.99,2.102222222222222
53.368,-1.02,7.25,2.19
53.388,-0.66,7.27,2.27
53.408,0.15,7.72,2.347777777777778
53.428,0.7,7.64,2.428888888888889
53.448,1.48,7.76,2.5077777777777777
53.468,2.31,7.89,2.59
53.488,2.9,7.8,2.67
53.508,3.43,7.86,2.7533333333333334
53.528,4.46,7.9,2.8377777777777777
53.548,5.04,7.86,2.921111111111111
53.568,6.13,7.77,3.0
53.588,6.8,7.75,3.0877777777777777
53.608,7.59,7.47,3.16
53.628,8.29,7.45,3.243333333333333
53.648,9.31,7.11,3.321111111111111
53.668,9.97,6.84,3.3933333333333335
53.688,10.95,6.48,3.482222222222222
53.708,11.62,6.27,3.5366666666666666
53.728,12.51,5.82,3.6055555555555556
53.748,13.0,5.45,3.6633333333333336
53.768,13.92,4.88,3.7133333333333334
53.788,14.39,4.47,3.76
53.808,15.07,3.85,3.8
53.828,15.43,3.41,3.8433333333333333
53.848,15.96,2.72,3.867777777777778
53.868,16.18,2.21,3.8944444444444444
53.888,16.46,1.54,3.9144444444444444
53.908,16.56,0.93,3.9233333333333333
53.928,16.57,0.13,3.928888888888889
53.948,16.58,-0.3,3.93
53.968,16.41,-1.14,3.92
53.988,16.26,-1.58,3.9044444444444446
54.008,15.88,-2.45,3.88
54.028,15.4,-3.1,3.8544444444444443
54.048,14.88,-3.84,3.8155555555555556
54.068,14.41,-4.22,3.7744444444444443
54.088,13.74,-4.8,3.73
54.108,13.24,-5.22,3.6733333333333333
54.128,12.34,-5.74,3.6166666666666667
54.148,11.74,-6.04,3.5522222222222224
54.168,10.81,-6.61,3.4855555555555555
54.188,10.23,-6.34,3.422222222222222
54.208,9.16,-7.0,3.347777777777778
54.228,8.47,-7.12,3.27
54.248,7.57,-7.39,3.1866666666666665
54.268,6.88,-7.67,3.1077777777777778
54.288,5.81,-7.58,3.022222222222222
54.308,5.15,-7.87,2.938888888888889
54.328,4.24,-7.83,2.852222222222222
54.348,3.53,-7.86,2.7688888888888887
54.368,2.65,-7.8,2.68
54.388,1.98,-7.77,2.59
54.408,1.09,-7.67,2.5044444444444443
54.428,0.61,-7.64,2.422222222222222
54.448,-0.06,-7.47,2.3333333333333335
54.468,-0.64,-7.47,2.2355555555555555
54.488,-1.35,-7.32,2.172222222222222
54.508,-1.69,-7.21,2.088888888888889
54.528,-2.38,-7.1,2.01
54.548,-2.72,-6.91,1.9333333333333333
54.568,-3.27,-6.8,1.8577777777777778
54.588,-3.63,-6.62,1.7833333333333334
54.608,-4.05,-6.54,1.711111111111111
54.628,-4.46,-6.35,1.6411111111111112
54.648,-4.88,-6.08,1.5733333333333333
54.668,-5.14,-6.04,1.508888888888889
54.688,-5.56,-5.75,1.4333333333333333
54.708,-5.74,-5.66,1.3644444444444443
54.728,-6.02,-5.5,1.3022222222222222
54.748,-6.23,-5.36,1.24
54.768,-6.6,-5.14,1.1766666666666667
54.788,-6.7,-5.04,1.1133333333333333
54.808,-6.94,-4.89,1.058888888888889
54.828,-7.14,-4.75,1.0
54.848,-7.3,-4.63,0.9455555555555556
54.868,-7.43,-4.52,0.8911111111111111
54.888,-7.59,-4.38,0.84
54.908,-7.69,-4.31,0.7855555555555556
54.928,-7.84,-4.17,0.7355555555555555
54.948,-7.91,-4.1,0.6866666666666666
54.968,-8.08,-3.93,0.64
54.988,-8.13,-3.85,0.5922222222222222
55.008,-8.22,-3.76,0.5455555555555556
55.028,-8.29,-3.7,0.5011111111111111
55.048,-8.34,-3.62,0.45555555555555555
55.068,-8.39,-3.59,0.4088888888888889
55.088,-8.44,-3.51,0.3655555555555556
55.108,-8.47,-3.49,0.3233333333333333
55.128,-8.5,-3.41,0.2822222222222222
55.148,-8.55,-3.37,0.2411111111111111
55.168,-8.55,-3.35,0.2
55.188,-8.58,-3.32,0.15888888888888889
55.208,-8.62,-3.28,0.11666666666666667
55.228,-8.63,-3.27,0.07666666666666666
55.248,-8.66,-3.28,0.035555555555555556
55.268,-8.65,-3.27,-0.0022222222222222222
55.288,-8.66,-3.27,-0.04111111111111111
55.308,-8.65,-3.34,-0.08
55.328,-8.62,-3.32,-0.12111111111111111
55.348,-8.6,-3.38,-0.15666666666666668
55.368,-8.59,-3.41,-0.19777777777777777
55.388,-8.55,-3.42,-0.23777777777777778
55.408,-8.52,-3.49,-0.2788888888888889
55.428,-8.46,-3.49,-0.31666666666666665
55.448,-8.44,-3.56,-0.35888888888888887
55.468,-8.38,-3.6,-0.4
55.488,-8.34,-3.65,-0.44222222222222224
55.508,-8.27,-3.72,-0.48444444444444446
55.528,-8.21,-3.83,-0.5288888888888889
55.548,-8.13,-3.89,-0.5711111111111111
55.568,-8.03,-3.99,-0.6166666666666667
55.588,-7.96,-4.07,-0.6622222222222223
55.608,-7.83,-4.19,-0.71
55.628,-7.76,-4.26,-0.7588888888888888
55.648,-7.62,-4.4,-0.8088888888888889
55.668,-7.52,-4.5,-0.8577777777777778
55.688,-7.35,-4.63,-0.91
55.708,-7.24,-4.75,-0.9611111111111111
55.728,-7.01,-4.91,-1.0155555555555555
55.748,-6.89,-5.01,-1.07
55.768,-6.65,-5.18,-1.1277777777777778
55.788,-6.47,-5.29,-1.1877777777777778
55.808,-6.21,-5.5,-1.2455555555555555
55.828,-5.98,-5.6,-1.31
55.848,-5.7,-5.79,-1.37
55.868,-5.46,-5.9,-1.4344444444444444
55.888,-5.11,-6.08,-1.5
55.908,-4.68,-6.21,-1.568888888888889
55.928,-4.23,-6.49,-1.6355555555555557
55.948,-3.94,-6.55,-1.708888888888889
55.968,-3.45,-6.83,-1.78
55.988,-3.09,-6.86,-1.8511111111111112
56.008,-2.51,-7.07,-1.9322222222222223
56.028,-2.14,-7.17,-2.011111111111111
56.048,-1.53,-7.35,-2.09
56.068,-1.07,-7.43,-2.168888888888889
56.088,-0.36,-7.58,-2.2511111111111113
56.108,0.12,-7.64,-2.3377777777777777
56.128,0.85,-7.71,-2.4277777777777776
56.148,1.7,-8.0,-2.4988888888888887
56.168,2.24,-7.75,-2.5722222222222224
56.188,2.88,-7.97,-2.6555555555555554
56.208,3.76,-7.78,-2.74
56.228,4.4,-7.9,-2.82
56.248,5.35,-7.78,-2.9
56.268,5.96,-7.77,-2.9844444444444442
56.288,6.93,-7.57,-3.0633333333333335
56.308,7.57,-7.47,-3.1422222222222222
56.328,8.56,-7.18,-3.2177777777777776
56.348,9.22,-7.04,-3.2911111111111113
56.368,10.21,-6.73,-3.36
56.388,10.79,-6.42,-3.4255555555555555
56.408,11.69,-6.07,-3.4855555555555555
56.428,12.31,-5.71,-3.5477777777777777
56.448,13.29,-4.79,-3.56
56.468,13.62,-4.81,-3.65
56.488,14.24,-4.22,-3.692222222222222
56.508,14.64,-3.98,-3.703333333333333
56.528,15.23,-3.06,-3.7622222222222224
56.548,15.5,-2.68,-3.7911111111111113
56.568,15.86,-1.93,-3.8055555555555554
56.588,16.17,-1.36,-3.8233333333333333
56.608,16.2,-0.69,-3.8244444444444445
56.628,16.25,-0.17,-3.8244444444444445
56.648,16.19,0.48,-3.8155555555555556
56.668,16.09,1.04,-3.8022222222222224
56.688,15.83,1.76,-3.7822222222222224
56.708,15.67,2.21,-3.7533333333333334
56.728,15.21,3.03,-3.72
56.748,14.86,3.55,-3.681111111111111
56.768,14.25,4.09,-3.64
56.788,13.81,4.48,-3.581111111111111
56.808,13.12,5.0,-3.53
56.828,12.59,5.36,-3.468888888888889
56.848,11.38,6.02,-3.4044444444444446
56.868,10.83,6.34,-3.3366666666666664
56.888,9.91,6.61,-3.263333333333333
56.908,9.36,6.94,-3.1855555555555557
56.928,8.41,7.19,-3.111111111111111
56.948,7.71,7.43,-3.031111111111111
56.968,6.73,7.72,-2.95
56.988,6.13,7.52,-2.867777777777778
57.008,5.56,7.63,-2.783333333333333
57.028,4.64,7.75,-2.698888888888889
57.048,4.09,7.79,-2.6133333333333333
57.068,3.2,7.81,-2.53
57.088,2.65,7.79,-2.44
57.108,1.86,7.77,-2.3544444444444443
57.128,1.06,7.63,-2.27
57.148,0.61,7.75,-2.1822222222222223
57.168,-0.05,7.66,-2.098888888888889
57.188,-0.51,7.41,-2.013333333333333
57.208,-1.16,7.38,-1.9333333333333333
57.228,-1.55,7.26,-1.8555555555555556
57.248,-2.08,7.16,-1.7777777777777777
57.268,-2.48,7.09,-1.698888888888889
57.288,-3.01,7.05,-1.6233333333333333
57.308,-3.19,6.86,-1.55
57.328,-3.73,6.69,-1.4744444444444444
57.348,-3.97,6.62,-1.4022222222222223
57.368,-4.33,6.41,-1.3322222222222222
57.388,-4.65,6.36,-1.2633333333333334
57.408,-4.91,6.16,-1.1944444444444444
57.428,-5.2,6.14,-1.13
57.448,-5.36,6.01,-1.068888888888889
57.468,-5.66,5.92,-1.001111111111111
57.488,-5.81,5.74,-0.94
57.508,-6.03,5.67,-0.8777777777777778
57.528,-6.18,5.58,-0.82
57.548,-6.36,5.46,-0.7622222222222222
57.568,-6.52,5.4,-0.73
57.588,-6.64,5.28,-0.6455555555555555
57.608,-6.74,5.15,-0.6122222222222222
57.628,-6.82,5.1,-0.5288888888888889
57.648,-6.9,5.05,-0.49777777777777776
57.668,-7.01,4.94,-0.41
57.688,-7.09,4.85,-0.38
57.708,-7.18,4.76,-0.2911111111111111
57.728,-7.21,4.69,-0.26
57.748,-7.25,4.67,-0.16555555555555557
57.768,-7.27,4.62,-0.09888888888888889
57.788,-7.3,4.58,-0.03333333333333333
57.808,-7.3,4.51,0.03111111111111111
57.828,-7.32,4.47,0.1
57.848,-7.3,4.43,0.17
57.868,-7.23,4.52,0.24222222222222223
57.888,-7.13,4.57,0.31555555555555553
57.908,-7.11,4.53,0.35555555555555557
57.928,-7.04,4.53,0.4688888888888889
57.948,-6.91,4.57,0.5066666666666667
57.968,-6.83,4.63,0.6277777777777778
57.988,-6.59,4.69,0.6677777777777778
58.008,-6.47,4.77,0.75
58.028,-6.25,4.8,0.84
58.048,-6.12,4.84,0.9755555555555555
58.068,-5.81,4.96,1.07
58.088,-5.56,5.11,1.12
58.108,-5.21,5.23,1.268888888888889
58.128,-4.97,5.33,1.32
58.148,-4.59,5.53,1.4733333333333334
58.168,-4.3,5.57,1.5233333333333334
58.188,-3.85,5.85,1.681111111111111
58.208,-3.4,5.93,1.7355555555555555
58.228,-2.86,6.1,1.9
58.248,-2.41,6.23,1.9544444444444444
58.268,-1.71,6.42,2.1166666666666667
58.288,-1.2,6.61,2.171111111111111
58.308,-0.35,6.87,2.3377777777777777
58.328,0.16,7.02,2.391111111111111
58.348,1.11,7.59,2.491111111111111
58.368,1.37,7.58,2.582222222222222
58.388,2.41,7.93,2.667777777777778
58.408,3.0,8.11,2.75
58.428,3.65,7.94,2.831111111111111
58.448,4.73,7.65,2.9133333333333336
58.468,5.69,8.04,2.9955555555555557
58.488,6.04,7.47,3.08
58.508,7.39,7.72,3.158888888888889
58.528,7.98,7.52,3.238888888888889
58.548,8.91,7.26,3.32
58.568,9.87,7.06,3.3922222222222222
58.588,10.55,6.69,3.468888888888889
58.608,11.11,6.62,3.5544444444444445
58.628,12.24,6.01,3.6066666666666665
58.648,12.74,5.74,3.68
58.668,13.67,5.26,3.7355555555555555
58.688,14.23,4.78,3.7911111111111113
58.708,14.83,4.21,3.852222222222222
58.728,15.31,3.83,3.88
58.748,15.98,2.79,3.9133333333333336
58.768,16.34,2.3,3.948888888888889
58.788,16.58,1.51,3.968888888888889
58.808,16.8,1.04,3.9833333333333334
58.828,16.91,0.17,3.9966666666666666
58.848,16.84,-0.26,3.9955555555555557
58.868,16.77,-1.12,3.9922222222222223
58.888,16.54,-1.62,3.977777777777778
58.908,16.17,-2.34,3.96
58.928,15.89,-2.82,3.94
58.948,15.33,-3.54,3.9055555555555554
58.968,14.94,-3.95,3.87
58.988,14.21,-4.62,3.83
59.008,13.59,-5.05,3.7755555555555556
59.028,12.72,-5.61,3.7222222222222223
59.048,12.15,-5.98,3.66
59.068,11.26,-6.4,3.6
59.088,10.63,-6.37,3.53
59.108,9.58,-6.99,3.4611111111111112
59.128,8.86,-7.13,3.38
59.148,7.84,-7.35,3.3055555555555554
59.168,7.18,-7.57,3.2222222222222223
59.188,6.17,-7.6,3.1422222222222222
59.208,5.55,-7.83,3.0555555555555554
59.228,4.54,-7.83,2.973333333333333
59.248,3.83,-7.88,2.8866666666666667
59.268,2.86,-7.83,2.7977777777777777
59.288,2.26,-7.78,2.712222222222222
59.308,1.48,-7.77,2.617777777777778
59.328,0.87,-7.82,2.5388888888888888
59.348,0.09,-7.54,2.457777777777778
59.368,-0.45,-7.32,2.361111111111111
59.388,-1.16,-7.32,2.2844444444444445
59.408,-1.63,-7.17,2.21
59.428,-2.31,-6.99,2.1266666666666665
59.448,-2.73,-6.87,2.051111111111111
59.468,-3.31,-6.68,1.9755555555555555
59.488,-3.69,-6.53,1.9033333333333333
59.508,-4.17,-6.33,1.8322222222222222
59.528,-4.53,-6.23,1.7644444444444445
59.548,-4.94,-5.95,1.6955555555555555
59.568,-5.21,-5.89,1.6344444444444444
59.588,-5.59,-5.63,1.5555555555555556
59.608,-5.85,-5.57,1.49
59.628,-6.19,-5.26,1.4288888888888889
59.648,-6.44,-5.1,1.3677777777777778
59.668,-6.69,-4.92,1.3044444444444445
59.688,-6.83,-4.79,1.2477777777777779
59.708,-7.18,-4.56,1.1922222222222223
59.728,-7.3,-4.38,1.14
59.748,-7.53,-4.22,1.0833333333333333
59.768,-7.64,-4.09,1.0344444444444445
59.788,-7.81,-3.94,0.9877777777777778
59.808,-7.91,-3.81,0.94
59.828,-8.09,-3.62,0.8955555555555555
59.848,-8.16,-3.55,0.8466666666666667
59.868,-8.29,-3.41,0.8044444444444444
59.888,-8.38,-3.35,0.7611111111111111
59.908,-8.46,-3.25,0.7211111111111111
59.928,-8.5,-3.13,0.6788888888888889
59.948,-8.62,-3.03,0.64
59.968,-8.67,-2.96,0.6044444444444445
59.988,-8.71,-2.82,0.5677777777777778
60.008,-8.76,-2.75,0.53
