4.068,5.04,7.76,-2.8233333333333333
4.088,4.12,7.76,-2.6955555555555555
4.108,3.54,7.96,-2.651111111111111
4.128,2.65,7.75,-2.5211111111111113
4.148,2.13,7.82,-2.482222222222222
4.168,1.32,7.78,-2.352222222222222
4.188,0.83,7.64,-2.31
4.208,0.18,7.5,-2.1822222222222223
4.228,-0.38,7.58,-2.14
4.248,-0.95,7.4,-2.022222222222222
4.268,-1.4,7.34,-1.98
4.288,-2.0,7.19,-1.86
4.308,-2.36,7.09,-1.7866666666666666
4.328,-2.87,6.98,-1.708888888888889
4.348,-3.2,6.84,-1.6333333333333333
4.368,-3.67,6.64,-1.5611111111111111
4.388,-3.96,6.63,-1.49
4.408,-4.41,6.41,-1.42
4.428,-4.64,6.28,-1.3544444444444443
4.448,-5.01,6.14,-1.288888888888889
4.468,-5.22,5.97,-1.2222222222222223
4.488,-5.51,5.87,-1.16
4.508,-5.81,5.52,-1.0933333333333333
4.528,-5.96,5.38,-1.0266666666666666
4.548,-6.0,5.46,-0.9577777777777777
4.568,-6.32,5.25,-0.89
4.588,-6.49,5.19,-0.8211111111111111
4.608,-6.69,5.12,-0.7622222222222222
4.628,-6.9,4.95,-0.7011111111111111
4.648,-6.99,4.84,-0.6411111111111111
4.668,-7.07,4.74,-0.58
4.688,-7.19,4.56,-0.5177777777777778
4.708,-7.29,4.54,-0.45666666666666667
4.728,-7.28,4.46,-0.3933333333333333
4.748,-7.28,4.48,-0.32222222222222224
4.768,-7.35,4.38,-0.25222222222222224
4.788,-7.4,4.26,-0.18222222222222223
4.808,-7.5,4.17,-0.11
4.828,-7.51,4.1,-0.04
4.848,-7.51,4.11,0.03
4.868,-7.48,4.24,0.1
4.888,-7.44,4.1,0.17444444444444446
4.908,-7.45,4.11,0.2511111111111111
4.928,-7.41,4.1,0.33
4.948,-7.36,4.14,0.4122222222222222
4.968,-7.24,4.31,0.49333333333333335
4.988,-7.21,4.21,0.57
5.008,-7.04,4.32,0.6522222222222223
5.028,-6.85,4.43,0.74
5.048,-6.69,4.52,0.8233333333333334
5.068,-6.52,4.6,0.9111111111111111
5.088,-6.31,4.77,0.9955555555555555
5.108,-6.09,4.88,1.0822222222222222
5.128,-5.71,5.03,1.1711111111111112
5.148,-5.44,5.22,1.2622222222222221
5.168,-5.09,5.37,1.3588888888888888
5.188,-4.81,5.49,1.4544444444444444
5.208,-4.47,5.71,1.5477777777777777
5.228,-4.14,5.86,1.6411111111111112
5.248,-3.56,6.09,1.7333333333333334
5.268,-3.18,6.24,1.83
5.288,-2.5,6.42,1.9277777777777778
5.308,-2.1,6.55,2.0244444444444443
5.328,-1.49,6.5,2.13
5.348,-0.95,6.65,2.2422222222222223
5.368,-0.06,6.88,2.352222222222222
5.388,0.37,6.96,2.4633333333333334
5.408,1.24,7.18,2.5744444444444445
5.428,1.85,7.26,2.6766666666666667
5.448,2.79,7.55,2.7777777777777777
5.468,3.54,7.73,2.8722222222222222
5.488,4.57,7.79,2.9611111111111112
5.508,5.15,7.98,3.046666666666667
5.528,6.17,7.81,3.1255555555555556
5.548,6.77,7.71,3.21
5.568,7.97,7.59,3.2888888888888888
5.588,8.63,7.47,3.367777777777778
5.608,9.66,7.28,3.4455555555555555
5.628,10.23,6.84,3.5188888888888887
5.648,11.32,6.81,3.591111111111111
5.668,11.87,6.18,3.671111111111111
5.688,13.05,5.74,3.7288888888888887
5.708,13.46,5.48,3.7944444444444443
5.728,14.34,4.96,3.84
5.748,14.79,4.36,3.891111111111111
5.768,15.49,3.84,3.9344444444444444
5.788,15.86,3.36,3.968888888888889
5.808,16.41,2.57,4.001111111111111
5.828,16.58,2.06,4.025555555555556
5.848,16.88,1.34,4.041111111111111
5.868,16.94,0.76,4.057777777777778
5.888,17.03,-0.04,4.061111111111111
5.908,17.0,-0.61,4.053333333333334
5.928,16.77,-1.48,4.04
5.948,16.57,-1.94,4.02
5.968,16.2,-2.79,3.997777777777778
5.988,15.88,-3.13,3.968888888888889
6.008,15.5,-3.54,3.93
6.028,14.95,-4.13,3.887777777777778
6.048,14.0,-4.92,3.84
6.068,13.4,-5.47,3.78
6.088,12.56,-5.93,3.721111111111111
6.108,12.09,-6.29,3.658888888888889
6.128,11.17,-6.56,3.5866666666666664
6.148,10.36,-6.72,3.52
6.168,9.23,-7.26,3.4411111111111112
6.188,8.44,-7.28,3.361111111111111
6.208,7.54,-7.6,3.283333333333333
6.228,6.89,-7.59,3.2
6.248,5.8,-7.71,3.1166666666666667
6.268,5.21,-7.8,3.0322222222222224
6.288,3.99,-7.86,2.9466666666666668
6.308,3.36,-7.84,2.8566666666666665
6.328,2.46,-7.77,2.7711111111111113
6.348,1.91,-7.84,2.6733333333333333
6.368,0.97,-7.72,2.5922222222222224
6.388,0.43,-7.66,2.517777777777778
6.408,-0.62,-7.18,2.417777777777778
6.428,-1.17,-7.41,2.35
6.448,-1.81,-6.93,2.278888888888889
6.468,-2.25,-7.08,2.1966666666666668
6.488,-2.79,-6.77,2.121111111111111
6.508,-3.31,-6.61,2.0477777777777777
6.528,-3.86,-6.32,1.9722222222222223
6.548,-4.23,-6.27,1.9011111111111112
6.568,-4.71,-5.95,1.8355555555555556
6.588,-5.01,-5.89,1.771111111111111
6.608,-5.42,-5.56,1.71
6.628,-5.71,-5.43,1.6533333333333333
6.648,-6.06,-5.24,1.5733333333333333
6.668,-6.24,-5.11,1.5144444444444445
6.688,-6.58,-4.88,1.46
6.708,-6.84,-4.63,1.4011111111111112
6.728,-7.02,-4.47,1.3477777777777777
6.748,-7.18,-4.32,1.2944444444444445
6.768,-7.45,-4.09,1.2455555555555555
6.788,-7.57,-3.95,1.1977777777777778
6.808,-7.8,-3.76,1.1511111111111112
6.828,-7.93,-3.57,1.1077777777777778
6.848,-8.12,-3.42,1.0655555555555556
6.868,-8.22,-3.21,1.0266666666666666
6.888,-8.36,-3.08,0.9855555555555555
6.908,-8.44,-2.96,0.95
6.928,-8.5,-2.83,0.91
6.948,-8.65,-2.4,0.8766666666666667
6.968,-8.76,-2.2,0.8377777777777777
6.988,-8.49,-2.63,0.7977777777777778
7.008,-8.71,-2.49,0.7633333333333333
7.028,-9.01,-1.69,0.7255555555555555
7.048,-8.93,-1.58,0.6866666666666666
7.068,-9.03,-1.52,0.6455555555555555
7.088,-9.07,-1.36,0.62
7.108,-9.05,-1.51,0.5533333333333333
7.128,-9.19,-1.38,0.53
7.148,-9.27,-0.84,0.46
7.168,-9.31,-0.71,0.4388888888888889
7.188,-9.3,-0.79,0.39111111111111113
7.208,-9.3,-0.8,0.34444444444444444
7.228,-9.36,-0.67,0.2922222222222222
7.248,-9.39,-0.63,0.23666666666666666
7.268,-9.34,-0.54,0.18
7.288,-9.35,-0.44,0.12444444444444444
7.308,-9.37,-0.51,0.07
7.328,-9.36,-0.6,0.012222222222222223
7.348,-9.36,-0.57,-0.03777777777777778
7.368,-9.36,-0.5,-0.09
7.388,-9.33,-0.53,-0.14444444444444443
7.408,-9.33,-0.59,-0.2
7.428,-9.3,-0.62,-0.25555555555555554
7.448,-9.3,-0.68,-0.3088888888888889
7.468,-9.26,-0.66,-0.3655555555555556
7.488,-9.24,-0.72,-0.4211111111111111
7.508,-9.19,-0.89,-0.48
7.528,-9.14,-1.06,-0.5377777777777778
7.548,-9.12,-1.14,-0.5911111111111111
7.568,-9.07,-1.19,-0.6488888888888888
7.588,-8.96,-1.32,-0.7055555555555556
7.608,-8.91,-1.45,-0.7655555555555555
7.628,-8.78,-1.62,-0.8266666666666667
7.648,-8.67,-1.79,-0.8844444444444445
7.668,-8.56,-2.02,-0.95
7.688,-8.44,-2.21,-1.0077777777777779
7.708,-8.26,-2.65,-1.068888888888889
7.728,-8.09,-3.14,-1.1222222222222222
7.748,-8.0,-3.21,-1.1655555555555555
7.768,-7.87,-3.44,-1.2055555555555555
7.788,-7.79,-3.64,-1.2433333333333334
7.808,-7.67,-3.58,-1.2866666666666666
7.828,-7.44,-4.01,-1.33
7.848,-7.22,-4.19,-1.3755555555555556
7.868,-6.92,-4.43,-1.4233333333333333
7.888,-6.68,-4.66,-1.4733333333333334
7.908,-6.37,-4.93,-1.5233333333333334
7.928,-6.15,-5.05,-1.5777777777777777
7.948,-5.85,-5.32,-1.6344444444444444
7.968,-5.58,-5.4,-1.6944444444444444
7.988,-5.22,-5.71,-1.7566666666666666
8.008,-4.92,-5.83,-1.8177777777777777
8.028,-4.51,-6.06,-1.8811111111111112
8.048,-4.07,-6.3,-1.9477777777777778
8.068,-3.44,-6.58,-2.017777777777778
8.088,-3.06,-6.71,-2.088888888888889
8.108,-2.5,-6.92,-2.1633333333333336
8.128,-2.11,-7.02,-2.24
8.148,-1.49,-7.18,-2.312222222222222
8.168,-1.04,-7.3,-2.397777777777778
8.188,-0.12,-7.54,-2.497777777777778
8.208,0.44,-7.59,-2.577777777777778
8.228,1.32,-7.93,-2.6466666666666665
8.248,1.88,-7.71,-2.7133333333333334
8.268,2.68,-7.86,-2.798888888888889
8.288,3.41,-7.94,-2.881111111111111
8.308,4.4,-7.89,-2.9644444444444447
8.328,5.1,-7.81,-3.0477777777777777
8.348,6.12,-7.8,-3.128888888888889
8.368,6.8,-7.63,-3.212222222222222
8.388,7.83,-7.5,-3.2955555555555556
8.408,8.55,-7.36,-3.3666666666666667
8.428,9.64,-7.07,-3.4466666666666668
8.448,10.45,-7.02,-3.5155555555555558
8.468,11.32,-6.45,-3.5844444444444443
8.488,11.98,-6.28,-3.6555555555555554
8.508,12.88,-5.78,-3.7133333333333334
8.528,13.5,-5.38,-3.7733333333333334
8.548,14.3,-4.86,-3.8244444444444445
8.568,14.8,-4.45,-3.87
8.588,15.54,-3.27,-3.87
8.608,15.8,-3.3,-3.948888888888889
8.628,16.3,-2.52,-3.982222222222222
8.648,16.43,-2.06,-3.9988888888888887
8.668,16.76,-1.25,-4.011111111111111
8.688,17.07,-0.34,-4.0
8.708,16.89,0.14,-4.02
8.728,16.89,0.66,-4.012222222222222
8.748,16.66,1.48,-4.002222222222223
8.768,16.42,1.97,-3.9788888888888887
8.788,16.16,2.58,-3.951111111111111
8.808,15.83,2.98,-3.9166666666666665
8.828,15.26,3.76,-3.8755555555555556
8.848,14.78,4.35,-3.832222222222222
8.868,13.91,4.98,-3.778888888888889
8.888,13.46,5.36,-3.72
8.908,12.57,5.68,-3.661111111111111
8.928,12.02,6.02,-3.5955555555555554
8.948,10.97,6.55,-3.526666666666667
8.968,10.23,6.86,-3.4566666666666666
8.988,9.13,7.23,-3.3733333333333335
9.008,8.59,7.18,-3.296666666666667
9.028,7.31,7.56,-3.216666666666667
9.048,6.57,7.68,-3.14
9.068,5.57,7.87,-3.0522222222222224
9.088,4.85,7.79,-2.97
9.108,3.96,7.84,-2.881111111111111
9.128,3.36,7.85,-2.7933333333333334
9.148,2.47,7.83,-2.71
9.168,1.91,7.59,-2.6266666666666665
9.188,0.95,7.69,-2.54
9.208,0.5,7.42,-2.4555555555555557
9.228,-0.21,7.34,-2.3744444444444444
9.248,-0.68,7.37,-2.2933333333333334
9.268,-1.37,7.07,-2.2144444444444447
9.288,-1.82,7.14,-2.1366666666666667
9.308,-2.47,6.85,-2.061111111111111
9.328,-2.87,6.8,-1.9855555555555555
9.348,-3.4,6.55,-1.9155555555555555
9.368,-3.79,6.46,-1.8422222222222222
9.388,-4.26,6.21,-1.7744444444444445
9.408,-4.58,6.05,-1.71
9.428,-4.98,5.83,-1.6455555555555557
9.448,-5.26,5.73,-1.58
9.468,-5.61,5.51,-1.52
9.488,-5.83,5.42,-1.4633333333333334
9.508,-6.14,5.21,-1.4077777777777778
9.528,-6.33,5.05,-1.3511111111111112
9.548,-6.62,4.83,-1.298888888888889
9.568,-6.79,4.68,-1.2455555555555555
9.588,-7.06,4.49,-1.2
9.608,-7.15,4.39,-1.1511111111111112
9.628,-7.33,4.21,-1.1066666666666667
9.648,-7.46,4.08,-1.0611111111111111
9.668,-7.65,3.91,-1.02
9.688,-7.81,3.63,-0.9777777777777777
9.708,-7.93,3.42,-0.9333333333333333
9.728,-7.55,3.35,-0.8688888888888889
9.748,-8.15,3.21,-0.8266666666666667
9.768,-8.21,3.13,-0.8066666666666666
9.788,-8.42,3.01,-0.7622222222222222
9.808,-8.44,2.84,-0.72
9.828,-8.52,2.65,-0.6777777777777778
9.848,-8.64,2.48,-0.6344444444444445
9.868,-8.69,2.38,-0.59
9.888,-8.72,2.38,-0.55
9.908,-8.78,2.24,-0.5088888888888888
9.928,-8.84,2.15,-0.46555555555555556
9.948,-8.87,2.07,-0.4255555555555556
9.968,-8.91,2.03,-0.38333333333333336
9.988,-8.96,1.9,-0.3422222222222222
10.008,-8.96,1.9,-0.3
10.028,-9.0,1.81,-0.2611111111111111
10.048,-9.02,1.74,-0.21888888888888888
10.068,-9.06,1.62,-0.17555555555555555
10.088,-9.09,1.6,-0.13
10.108,-9.12,1.59,-0.08222222222222222
10.128,-9.05,1.59,-0.034444444444444444
10.148,-9.12,1.48,0.01
10.168,-9.1,1.45,0.06
10.188,-9.1,1.57,0.10888888888888888
10.208,-9.05,1.61,0.15777777777777777
10.228,-9.04,1.58,0.20777777777777778
10.248,-9.01,1.53,0.2588888888888889
10.268,-9.0,1.61,0.3111111111111111
10.288,-8.93,1.71,0.3655555555555556
10.308,-8.87,1.82,0.42
10.328,-8.87,1.83,0.47333333333333333
10.348,-8.75,1.93,0.5277777777777778
10.368,-8.7,2.05,0.5833333333333334
10.388,-8.61,2.2,0.64
10.408,-8.53,2.25,0.6966666666666667
10.428,-8.4,2.39,0.7511111111111111
10.448,-8.33,2.48,0.8122222222222222
10.468,-8.22,2.67,0.8722222222222222
10.488,-8.12,2.81,0.9311111111111111
10.508,-7.92,3.0,0.9933333333333333
10.528,-7.79,3.14,1.0566666666666666
10.548,-7.61,3.3,1.12
10.568,-7.42,3.51,1.1822222222222223
10.588,-7.17,3.72,1.248888888888889
10.608,-6.99,3.88,1.3155555555555556
10.628,-6.68,4.12,1.3833333333333333
10.648,-6.46,4.33,1.4533333333333334
10.668,-6.16,4.53,1.5255555555555556
10.688,-5.93,4.67,1.6022222222222222
10.708,-5.52,5.02,1.6744444444444444
10.728,-5.16,5.09,1.751111111111111
10.748,-4.73,5.45,1.83
10.768,-4.37,5.75,1.9033333333333333
10.788,-3.79,6.11,1.9766666666666666
10.808,-3.65,6.24,2.0455555555555556
10.828,-2.93,6.68,2.111111111111111
10.848,-2.49,6.75,2.1766666666666667
10.868,-2.0,6.9,2.25
10.888,-1.3,7.26,2.3155555555555556
10.908,-1.25,7.19,2.3777777777777778
10.928,-0.28,7.4,2.453333333333333
10.948,0.86,7.57,2.5522222222222224
10.968,1.13,7.74,2.631111111111111
10.988,1.97,7.7,2.7133333333333334
11.008,2.58,7.89,2.7933333333333334
11.028,3.51,7.87,2.8744444444444444
11.048,4.61,7.86,2.96
11.068,5.35,7.89,3.0444444444444443
11.088,6.19,7.67,3.1222222222222222
11.108,7.01,7.67,3.2055555555555557
11.128,7.63,7.64,3.2888888888888888
11.148,8.66,7.48,3.37
11.168,9.38,7.19,3.4477777777777776
11.188,10.54,7.01,3.52
11.208,11.06,6.63,3.5944444444444446
11.228,12.11,6.39,3.6744444444444446
11.248,12.71,5.87,3.7255555555555557
11.268,13.64,5.53,3.8
11.288,14.16,4.93,3.848888888888889
11.308,14.95,4.51,3.897777777777778
11.328,15.38,3.9,3.9466666666666668
11.348,16.08,3.3,3.98
11.368,16.27,2.8,4.011111111111111
11.388,16.72,2.09,4.04
11.408,16.89,1.45,4.06
11.428,16.99,0.66,4.073333333333333
11.448,17.1,0.19,4.075555555555556
11.468,17.0,-0.7,4.0744444444444445
11.488,16.9,-1.27,4.064444444444445
11.508,16.54,-2.07,4.05
11.528,16.38,-2.62,4.024444444444445
11.548,15.84,-3.34,3.9955555555555557
11.568,15.74,-3.49,3.957777777777778
11.588,15.0,-4.32,3.9155555555555557
11.608,14.34,-4.69,3.87
11.628,13.41,-5.54,3.816666666666667
11.648,12.52,-5.74,3.76
11.668,11.72,-6.34,3.688888888888889
11.688,10.8,-6.7,3.6222222222222222
11.708,9.89,-6.85,3.5555555555555554
11.728,8.75,-7.39,3.4811111111111113
11.748,7.99,-7.38,3.4033333333333333
11.768,7.06,-7.64,3.3177777777777777
11.788,6.42,-7.67,3.24
11.808,5.33,-7.75,3.1544444444444446
11.828,4.69,-7.87,3.07
11.848,3.57,-7.88,2.9833333333333334
11.868,2.89,-7.75,2.8966666666666665
11.888,1.99,-7.75,2.81
11.908,1.44,-7.63,2.721111111111111
11.928,0.57,-7.58,2.6355555555555554
11.948,0.04,-7.41,2.528888888888889
11.968,-0.84,-7.39,2.4677777777777776
11.988,-1.28,-7.17,2.39
12.008,-1.99,-7.11,2.312222222222222
12.028,-2.3,-6.92,2.232222222222222
12.048,-2.97,-6.82,2.1566666666666667
12.068,-3.37,-6.48,2.082222222222222
12.088,-3.96,-6.35,2.006666666666667
12.108,-4.29,-6.12,1.9366666666666668
12.128,-4.81,-5.95,1.8722222222222222
12.148,-5.06,-5.74,1.81
12.168,-5.58,-5.48,1.7555555555555555
12.188,-5.85,-5.25,1.6833333333333333
12.208,-6.16,-5.06,1.61
12.228,-6.33,-5.0,1.5555555555555556
12.248,-6.72,-4.6,1.5022222222222221
12.268,-6.89,-4.56,1.4422222222222223
12.288,-7.08,-4.35,1.3877777777777778
12.308,-7.3,-4.17,1.3366666666666667
12.328,-7.54,-3.94,1.29
12.348,-7.69,-3.8,1.24
12.368,-7.89,-3.55,1.1966666666666668
12.388,-8.01,-3.43,1.1522222222222223
12.408,-8.15,-3.24,1.1111111111111112
12.428,-8.27,-3.07,1.0711111111111111
12.448,-8.38,-2.93,1.0333333333333334
12.468,-8.46,-2.83,0.9977777777777778
12.488,-8.76,-1.94,0.9622222222222222
12.508,-8.85,-1.78,0.9133333333333333
12.528,-8.43,-1.89,0.8588888888888889
12.548,-8.71,-2.21,0.7988888888888889
12.568,-8.71,-1.54,0.7333333333333333
12.588,-8.99,-1.37,0.6755555555555556
12.608,-9.11,-0.77,0.6177777777777778
12.628,-9.22,-0.76,0.56
12.648,-9.18,-0.98,0.4988888888888889
12.668,-9.28,-1.19,0.43666666666666665
12.688,-9.27,-0.74,0.37444444444444447
12.708,-9.39,-0.56,0.31
12.728,-9.36,-0.37,0.2477777777777778
12.748,-9.34,-0.45,0.18333333333333332
12.768,-9.28,-0.63,0.11555555555555555
12.788,-9.3,-0.68,0.04888888888888889
12.808,-9.3,-0.57,-0.014444444444444444
12.828,-9.31,-0.5,-0.08
12.848,-9.32,-0.58,-0.14
12.868,-9.35,-0.63,-0.19777777777777777
12.888,-9.29,-0.79,-0.25333333333333335
12.908,-9.27,-0.83,-0.3111111111111111
12.928,-9.21,-0.91,-0.37
12.948,-9.21,-0.96,-0.4266666666666667
12.968,-9.16,-1.13,-0.48333333333333334
12.988,-9.11,-1.21,-0.5355555555555556
13.008,-9.05,-1.36,-0.59
13.028,-8.96,-1.44,-0.6444444444444445
13.048,-8.89,-1.6,-0.7011111111111111
13.068,-8.83,-1.67,-0.76
13.088,-8.7,-1.9,-0.8177777777777778
13.108,-8.62,-2.05,-0.8755555555555555
13.128,-8.48,-2.31,-0.9333333333333333
13.148,-8.37,-2.61,-0.99
13.168,-8.28,-3.05,-1.04
13.188,-8.03,-3.59,-1.0777777777777777
13.208,-8.09,-3.04,-1.1166666666666667
13.228,-8.06,-3.49,-1.1533333333333333
13.248,-7.72,-3.56,-1.1922222222222223
13.268,-7.61,-3.89,-1.2355555555555555
13.288,-7.42,-4.04,-1.2577777777777779
13.308,-7.15,-4.35,-1.3266666666666667
13.328,-6.89,-4.56,-1.3544444444444443
13.348,-6.78,-4.65,-1.4022222222222223
13.368,-6.5,-4.84,-1.4555555555555555
13.388,-6.29,-5.04,-1.508888888888889
13.408,-6.0,-5.29,-1.5666666666666667
13.428,-5.77,-5.36,-1.6244444444444444
13.448,-5.36,-5.66,-1.6822222222222223
13.468,-5.04,-5.84,-1.7433333333333334
13.488,-4.54,-6.11,-1.81
13.508,-4.18,-6.27,-1.8766666666666667
13.528,-3.64,-6.59,-1.9422222222222223
13.548,-3.32,-6.49,-2.013333333333333
13.568,-2.82,-6.84,-2.0855555555555556
13.588,-2.4,-6.92,-2.16
13.608,-1.68,-7.19,-2.2355555555555555
13.628,-1.27,-7.24,-2.311111111111111
13.648,-0.32,-7.54,-2.401111111111111
13.668,0.11,-7.56,-2.49
13.688,0.98,-7.74,-2.5744444444444445
13.708,1.42,-7.76,-2.6422222222222222
13.728,2.3,-7.86,-2.7144444444444447
13.748,2.96,-7.89,-2.8
13.768,3.99,-7.88,-2.88
13.788,4.67,-7.92,-2.9633333333333334
13.808,5.61,-7.8,-3.05
13.828,6.28,-7.79,-3.128888888888889
13.848,7.32,-7.61,-3.2111111111111112
13.868,8.08,-7.46,-3.2933333333333334
13.888,9.14,-7.19,-3.3666666666666667
13.908,9.84,-6.99,-3.4466666666666668
13.928,10.88,-6.63,-3.5144444444444445
13.948,11.51,-6.35,-3.581111111111111
13.968,12.44,-5.95,-3.6455555555555557
13.988,13.05,-5.62,-3.707777777777778
14.008,13.88,-5.05,-3.763333333333333
14.028,14.33,-4.69,-3.811111111111111
14.048,15.04,-4.06,-3.86
14.068,15.32,-3.7,-3.8722222222222222
14.088,15.96,-2.83,-3.922222222222222
14.108,16.25,-2.39,-3.96
14.128,16.54,-1.62,-3.9833333333333334
14.148,16.73,-1.08,-3.9955555555555557
14.168,16.99,0.05,-3.988888888888889
14.188,16.88,0.25,-3.9988888888888887
14.208,16.7,1.07,-3.982222222222222
14.228,16.57,1.59,-3.973333333333333
14.248,16.25,2.2,-3.9477777777777776
14.268,16.01,2.64,-3.921111111111111
14.288,15.45,3.44,-3.8866666666666667
14.308,14.78,4.26,-3.848888888888889
14.328,14.0,4.84,-3.7977777777777777
14.348,13.52,5.14,-3.7422222222222223
14.368,12.71,5.62,-3.688888888888889
14.388,12.14,5.99,-3.6255555555555556
14.408,11.09,6.48,-3.561111111111111
14.428,10.34,6.79,-3.491111111111111
14.448,9.33,7.01,-3.42
14.468,8.78,7.1,-3.34
14.488,7.74,7.39,-3.261111111111111
14.508,7.17,7.55,-3.18
14.528,6.1,7.66,-3.1033333333333335
14.548,5.39,7.76,-3.017777777777778
14.568,4.44,7.82,-2.9322222222222223
14.588,3.83,7.83,-2.8422222222222224
14.608,2.95,7.95,-2.758888888888889
14.628,2.38,7.75,-2.6744444444444446
14.648,1.51,7.52,-2.59
14.668,0.91,7.69,-2.5
14.688,0.16,7.52,-2.42
14.708,-0.31,7.45,-2.296666666666667
14.728,-1.01,7.3,-2.256666666666667
14.748,-1.43,7.23,-2.1366666666666667
14.768,-2.13,7.01,-2.101111111111111
14.788,-2.53,6.98,-2.0211111111111113
14.808,-3.06,6.74,-1.95
14.828,-3.42,6.61,-1.8777777777777778
14.848,-3.88,6.41,-1.8066666666666666
14.868,-4.26,6.25,-1.74
14.888,-4.7,6.05,-1.6388888888888888
14.908,-4.95,5.9,-1.6055555555555556
14.928,-5.4,5.69,-1.51
14.948,-5.61,5.52,-1.48
14.968,-5.93,5.36,-1.3944444444444444
14.988,-6.11,5.24,-1.3655555555555556
15.008,-6.38,5.01,-1.2822222222222222
15.028,-6.59,4.99,-1.2566666666666666
15.048,-6.82,4.73,-1.1788888888888889
15.068,-7.02,4.59,-1.1511111111111112
15.088,-7.35,4.07,-1.0822222222222222
15.108,-7.31,4.14,-1.0566666666666666
15.128,-7.39,3.95,-0.9766666666666667
15.148,-7.64,3.79,-0.9511111111111111
15.168,-7.76,3.65,-0.8688888888888889
15.188,-7.61,3.43,-0.8033333333333333
15.208,-8.52,3.45,-0.7266666666666667
15.228,-8.11,3.4,-0.7111111111111111
15.248,-8.24,3.21,-0.6622222222222223
15.268,-8.42,2.94,-0.6122222222222222
15.288,-8.45,2.81,-0.5666666666666667
15.308,-8.52,2.81,-0.5188888888888888
15.328,-8.5,2.87,-0.47
15.348,-8.52,2.71,-0.42
15.368,-8.64,2.61,-0.37222222222222223
15.388,-8.69,2.48,-0.3244444444444444
15.408,-8.72,2.44,-0.27666666666666667
15.428,-8.76,2.42,-0.22777777777777777
15.448,-8.73,2.46,-0.18
15.468,-8.77,2.41,-0.13444444444444445
15.488,-8.79,2.32,-0.08333333333333333
15.508,-8.81,2.28,-0.035555555555555556
15.528,-8.84,2.28,0.011111111111111112
15.548,-8.81,2.37,0.06111111111111111
15.568,-8.81,2.35,0.11
15.588,-8.79,2.32,0.16
15.608,-8.78,2.32,0.21
15.628,-8.78,2.39,0.2644444444444444
15.648,-8.67,2.47,0.31666666666666665
15.668,-8.64,2.47,0.3688888888888889
15.688,-8.59,2.52,0.4222222222222222
15.708,-8.54,2.6,0.4777777777777778
15.728,-8.44,2.68,0.5344444444444445
15.748,-8.36,2.78,0.5911111111111111
15.768,-8.25,2.88,0.6488888888888888
15.788,-8.21,3.0,0.7055555555555556
15.808,-8.06,3.11,0.7666666666666667
15.828,-7.92,3.23,0.8266666666666667
15.848,-7.79,3.36,0.8855555555555555
15.868,-7.59,3.57,0.95
15.888,-7.47,3.7,1.0133333333333334
15.908,-7.29,3.83,1.0766666666666667
15.928,-7.14,3.98,1.1411111111111112
15.948,-6.87,4.27,1.211111111111111
15.968,-6.64,4.35,1.28
15.988,-6.41,4.57,1.3477777777777777
16.008,-6.19,4.79,1.4188888888888889
16.028,-5.77,5.13,1.4866666666666666
16.048,-5.53,5.43,1.5533333333333332
16.068,-5.17,5.72,1.6188888888888888
16.088,-4.9,5.85,1.6766666666666667
16.108,-4.56,6.06,1.738888888888889
16.128,-4.28,6.08,1.798888888888889
16.148,-3.66,6.4,1.8622222222222222
16.168,-3.31,6.63,1.93
16.188,-2.8,6.73,1.9966666666666666
16.208,-2.38,7.03,2.0655555555555556
16.228,-1.76,7.18,2.138888888888889
16.248,-1.21,7.25,2.2
16.268,-0.28,7.45,2.24
16.288,-0.12,7.6,2.3733333333333335
16.308,0.51,7.62,2.45
16.328,1.11,7.68,2.53
16.348,2.03,7.88,2.612222222222222
16.368,2.65,7.78,2.6955555555555555
16.388,3.66,7.89,2.7755555555555556
16.408,4.19,7.88,2.86
16.428,4.98,7.72,2.942222222222222
16.448,5.75,7.88,3.028888888888889
16.468,6.79,7.55,3.11
16.488,7.48,7.69,3.1844444444444444
16.508,8.5,7.33,3.2655555555555558
16.528,9.17,7.29,3.341111111111111
16.548,10.11,6.89,3.4166666666666665
16.568,10.83,6.73,3.488888888888889
16.588,11.74,6.15,3.5633333333333335
16.608,12.51,6.08,3.6333333333333333
16.628,13.23,5.44,3.69
16.648,13.75,5.18,3.75
16.668,14.6,4.49,3.7933333333333334
16.688,15.0,4.12,3.8422222222222224
16.708,15.63,3.41,3.88
16.728,15.91,2.94,3.91
16.748,16.31,2.18,3.9444444444444446
16.768,16.5,1.75,3.96
16.788,16.67,0.83,3.9755555555555557
16.808,16.74,0.31,3.982222222222222
16.828,16.69,-0.54,3.9833333333333334
16.848,16.63,-1.05,3.9722222222222223
16.868,16.4,-1.79,3.9588888888888887
16.888,16.15,-2.33,3.937777777777778
16.908,15.87,-2.89,3.9066666666666667
16.928,15.39,-3.46,3.8766666666666665
16.948,14.52,-4.4,3.84
16.968,13.96,-4.87,3.7888888888888888
16.988,13.14,-5.42,3.7377777777777776
17.008,12.61,-5.88,3.68
17.028,11.86,-6.11,3.6222222222222222
17.048,11.17,-6.33,3.5566666666666666
17.068,10.03,-6.93,3.4833333333333334
17.088,9.31,-7.1,3.4133333333333336
17.108,8.33,-7.34,3.338888888888889
17.128,7.7,-7.41,3.256666666666667
17.148,6.77,-7.71,3.178888888888889
17.168,6.04,-7.64,3.0922222222222224
17.188,4.95,-7.89,3.008888888888889
17.208,4.26,-7.82,2.9233333333333333
17.228,3.3,-7.83,2.838888888888889
17.248,2.79,-7.87,2.7533333333333334
17.268,1.94,-7.77,2.6633333333333336
17.288,1.3,-7.65,2.5588888888888888
17.308,0.4,-7.7,2.486666666666667
17.328,-0.08,-7.58,2.4133333333333336
17.348,-0.8,-7.37,2.3255555555555554
17.368,-1.28,-7.52,2.2288888888888887
17.388,-1.88,-7.2,2.167777777777778
17.408,-2.3,-7.01,2.0877777777777777
17.428,-2.95,-6.84,2.011111111111111
17.448,-3.31,-6.67,1.9355555555555555
17.468,-3.87,-6.53,1.8633333333333333
17.488,-4.21,-6.29,1.79
17.508,-4.73,-6.14,1.721111111111111
17.528,-4.96,-5.93,1.6522222222222223
17.548,-5.42,-5.8,1.5933333333333333
17.568,-5.62,-5.62,1.5322222222222222
17.588,-6.01,-5.46,1.4533333333333334
17.608,-6.2,-5.3,1.3911111111111112
17.628,-6.5,-5.13,1.3333333333333333
17.648,-6.67,-4.97,1.2755555555555556
17.668,-6.92,-4.82,1.2144444444444444
17.688,-7.07,-4.65,1.1588888888888889
17.708,-7.34,-4.52,1.1055555555555556
17.728,-7.44,-4.3,1.051111111111111
17.748,-7.65,-4.21,1.0033333333333334
17.768,-7.75,-4.04,0.9555555555555556
17.788,-7.94,-3.89,0.9077777777777778
17.808,-8.0,-3.76,0.8611111111111112
17.828,-8.16,-3.65,0.8188888888888889
17.848,-8.22,-3.51,0.7733333333333333
17.868,-8.38,-3.34,0.7333333333333333
17.888,-8.44,-3.17,0.6888888888888889
17.908,-8.56,-3.0,0.6455555555555555
17.928,-8.59,-2.94,0.6022222222222222
17.948,-8.6,-2.92,0.5588888888888889
17.968,-8.56,-2.96,0.51
17.988,-8.75,-2.71,0.4622222222222222
18.008,-8.81,-2.42,0.41444444444444445
18.028,-8.92,-2.24,0.36333333333333334
18.048,-8.92,-2.15,0.3088888888888889
18.068,-8.86,-2.22,0.25222222222222224
18.088,-8.87,-2.3,0.19444444444444445
18.108,-8.96,-2.15,0.1322222222222222
18.128,-9.02,-1.98,0.07333333333333333
18.148,-9.04,-1.94,0.01888888888888889
18.168,-9.04,-2.08,-0.034444444444444444
18.188,-9.0,-2.14,-0.09
18.208,-8.98,-2.16,-0.14555555555555555
18.228,-8.95,-2.18,-0.20222222222222222
18.248,-8.97,-2.08,-0.25555555555555554
18.268,-8.91,-2.15,-0.31333333333333335
18.288,-8.83,-2.27,-0.37222222222222223
18.308,-8.73,-2.33,-0.43555555555555553
18.328,-8.67,-2.36,-0.4988888888888889
18.348,-8.61,-2.42,-0.5633333333333334
18.368,-8.55,-2.53,-0.6288888888888889
18.388,-8.46,-2.65,-0.6955555555555556
18.408,-8.41,-2.73,-0.7588888888888888
18.428,-8.26,-2.96,-0.8233333333333334
18.448,-8.17,-3.12,-0.89
18.468,-8.01,-3.3,-0.9511111111111111
18.488,-7.91,-3.45,-1.0144444444444445
18.508,-7.73,-3.62,-1.0733333333333333
18.528,-7.57,-3.76,-1.1377777777777778
18.548,-7.32,-4.0,-1.2044444444444444
18.568,-7.08,-4.2,-1.2722222222222221
18.588,-6.82,-4.44,-1.3411111111111111
18.608,-6.63,-4.61,-1.4077777777777778
18.628,-6.3,-4.99,-1.471111111111111
18.648,-6.13,-5.17,-1.5333333333333334
18.668,-5.82,-5.41,-1.5955555555555556
18.688,-5.57,-5.62,-1.6544444444444444
18.708,-5.18,-5.81,-1.7155555555555555
18.728,-4.89,-5.91,-1.78
18.748,-4.42,-6.11,-1.8488888888888888
18.768,-4.02,-6.46,-1.9177777777777778
18.788,-3.47,-6.59,-1.99
18.808,-3.08,-6.76,-2.0633333333333335
18.828,-2.46,-6.94,-2.1366666666666667
18.848,-2.04,-7.15,-2.212222222222222
18.868,-1.38,-7.24,-2.2933333333333334
18.888,-1.05,-7.33,-2.39
18.908,-0.13,-7.58,-2.4566666666666666
18.928,0.21,-7.51,-2.557777777777778
18.948,1.55,-8.09,-2.628888888888889
18.968,1.76,-7.77,-2.692222222222222
18.988,2.66,-7.92,-2.78
19.008,3.26,-7.79,-2.861111111111111
19.028,4.22,-7.8,-2.9466666666666668
19.048,4.93,-7.9,-3.03
19.068,5.95,-7.73,-3.11
19.088,6.65,-7.7,-3.1955555555555555
19.108,7.64,-7.54,-3.272222222222222
19.128,8.33,-7.38,-3.351111111111111
19.148,9.39,-7.14,-3.4244444444444446
19.168,9.97,-6.81,-3.4955555555555557
19.188,11.05,-6.48,-3.562222222222222
19.208,11.74,-6.28,-3.6266666666666665
19.228,12.46,-5.72,-3.6866666666666665
19.248,13.24,-5.47,-3.738888888888889
19.268,13.98,-4.87,-3.7944444444444443
19.288,14.52,-4.6,-3.831111111111111
19.308,15.15,-3.9,-3.8233333333333333
19.328,15.54,-3.35,-3.91
19.348,16.07,-2.71,-3.938888888888889
19.368,16.3,-2.11,-3.9522222222222223
19.388,16.56,-1.43,-3.968888888888889
19.408,16.4,-1.06,-3.9566666666666666
19.428,16.74,0.0,-3.97
19.448,16.72,0.51,-3.962222222222222
19.468,16.51,1.32,-3.9444444444444446
19.488,16.42,1.74,-3.933333333333333
19.508,16.06,2.34,-3.91
19.528,15.79,2.82,-3.88
19.548,14.94,4.04,-3.8377777777777777
19.568,14.51,4.37,-3.7955555555555556
19.588,13.77,4.94,-3.7466666666666666
19.608,13.29,5.3,-3.687777777777778
19.628,12.44,5.7,-3.63
19.648,11.81,6.06,-3.5677777777777777
19.668,10.8,6.62,-3.5011111111111113
19.688,10.12,6.76,-3.43
19.708,9.15,7.16,-3.36
19.728,8.51,7.26,-3.2711111111111113
19.748,7.52,7.47,-3.1966666666666668
19.768,6.83,7.61,-3.1144444444444446
19.788,5.85,7.72,-3.0344444444444445
19.808,5.2,7.75,-2.951111111111111
19.828,4.26,7.84,-2.861111111111111
19.848,3.67,7.83,-2.776666666666667
19.868,2.75,7.86,-2.6911111111111112
19.888,2.18,7.8,-2.6033333333333335
19.908,1.37,7.65,-2.5211111111111113
19.928,0.8,7.52,-2.4366666666666665
19.948,0.07,7.63,-2.352222222222222
19.968,-0.43,7.42,-2.27
19.988,-1.11,7.33,-2.187777777777778
20.008,-1.74,7.18,-2.11
20.028,-2.18,7.07,-2.037777777777778
20.048,-2.77,6.87,-1.9577777777777778
20.068,-3.12,6.72,-1.8855555555555557
20.088,-3.65,6.55,-1.81
20.108,-3.94,6.38,-1.741111111111111
20.128,-4.44,6.24,-1.6722222222222223
20.148,-4.7,6.07,-1.6066666666666667
20.168,-5.13,5.86,-1.54
20.188,-5.37,5.75,-1.478888888888889
20.208,-5.71,5.57,-1.4166666666666667
20.228,-5.88,5.41,-1.3577777777777778
20.248,-6.18,5.31,-1.3
20.268,-6.37,5.12,-1.2433333333333334
20.288,-6.63,4.93,-1.191111111111111
20.308,-6.8,4.86,-1.1377777777777778
20.328,-7.03,4.64,-1.0877777777777777
20.348,-7.14,4.53,-1.0366666666666666
20.368,-7.32,4.4,-0.99
20.388,-7.43,4.28,-0.9422222222222222
20.408,-7.61,4.16,-0.8988888888888888
20.428,-7.75,3.97,-0.8577777777777778
20.448,-7.64,3.74,-0.8111111111111111
20.468,-8.15,3.76,-0.74
20.488,-8.05,3.61,-0.7211111111111111
20.508,-8.09,3.49,-0.6777777777777778
20.528,-8.21,3.42,-0.6333333333333333
20.548,-8.32,3.24,-0.59
20.568,-8.38,3.21,-0.5477777777777778
20.588,-8.4,3.2,-0.5066666666666667
20.608,-8.54,3.03,-0.46555555555555556
20.628,-8.55,3.01,-0.43
20.648,-8.63,2.88,-0.39222222222222225
20.668,-8.66,2.84,-0.35555555555555557
20.688,-8.65,2.85,-0.32
20.708,-8.71,2.77,-0.28555555555555556
20.728,-8.74,2.69,-0.25
20.748,-8.73,2.69,-0.21333333333333335
20.768,-8.77,2.63,-0.17555555555555555
20.788,-8.74,2.56,-0.13555555555555557
20.808,-8.77,2.54,-0.09555555555555556
20.828,-8.82,2.41,-0.05555555555555555
20.848,-8.8,2.46,-0.015555555555555555
20.868,-8.8,2.47,0.024444444444444446
20.888,-8.8,2.41,0.07111111111111111
20.908,-8.77,2.45,0.11555555555555555
20.928,-8.78,2.37,0.16
20.948,-8.77,2.39,0.21
20.968,-8.71,2.45,0.2577777777777778
20.988,-8.7,2.48,0.31
21.008,-8.58,2.54,0.3622222222222222
21.028,-8.59,2.57,0.4166666666666667
21.048,-8.5,2.64,0.4711111111111111
21.068,-8.42,2.67,0.5277777777777778
21.088,-8.3,2.87,0.5833333333333334
21.108,-8.25,2.94,0.6433333333333333
21.128,-8.13,3.07,0.7022222222222222
21.148,-8.04,3.14,0.7633333333333333
21.168,-7.92,3.26,0.8222222222222222
21.188,-7.8,3.42,0.8822222222222222
21.208,-7.58,3.63,0.9444444444444444
21.228,-7.46,3.75,1.0066666666666666
21.248,-7.25,3.91,1.07
21.268,-7.11,4.05,1.1322222222222222
21.288,-6.86,4.26,1.198888888888889
21.308,-6.64,4.4,1.2655555555555555
21.328,-6.33,4.67,1.3344444444444445
21.348,-6.13,4.78,1.4022222222222223
21.368,-5.77,5.01,1.4755555555555555
21.388,-5.57,5.13,1.5455555555555556
21.408,-5.08,5.38,1.6188888888888888
21.428,-4.79,5.62,1.6955555555555555
21.448,-4.3,5.8,1.77
21.468,-3.93,6.0,1.8488888888888888
21.488,-3.38,6.32,1.9277777777777778
21.508,-3.0,6.61,2.008888888888889
21.528,-2.51,6.68,2.08
21.548,-2.08,7.0,2.151111111111111
21.568,-1.4,7.18,2.2255555555555557
21.588,-1.05,7.25,2.2855555555555553
21.608,-0.24,7.52,2.3222222222222224
21.628,0.37,7.65,2.453333333333333
21.648,1.1,7.68,2.5344444444444445
21.668,1.68,7.77,2.611111111111111
21.688,2.64,7.91,2.6955555555555555
21.708,3.1,7.77,2.778888888888889
21.728,4.18,7.89,2.86
21.748,4.76,7.87,2.9444444444444446
21.768,5.68,7.93,3.0244444444444443
21.788,6.45,7.52,3.111111111111111
21.808,7.48,7.64,3.19
21.828,8.13,7.42,3.267777777777778
21.848,9.2,7.23,3.3455555555555554
21.868,9.9,6.99,3.4233333333333333
21.888,10.86,6.67,3.5
21.908,11.59,6.4,3.568888888888889
21.928,12.54,6.04,3.6544444444444446
21.948,13.02,5.69,3.6966666666666668
21.968,13.93,5.15,3.7711111111111113
21.988,14.48,4.68,3.811111111111111
22.008,15.14,4.02,3.8566666666666665
22.028,15.48,3.66,3.9077777777777776
22.048,15.99,2.87,3.937777777777778
22.068,16.33,2.44,3.966666666666667
22.088,16.62,1.66,3.9922222222222223
22.108,16.82,1.14,4.01
22.128,16.86,0.28,4.017777777777778
22.148,16.88,-0.26,4.02
22.168,16.75,-1.08,4.012222222222222
22.188,16.62,-1.61,4.002222222222223
22.208,16.28,-2.45,3.9844444444444442
22.228,15.93,-2.88,3.9544444444444444
22.248,15.45,-3.44,3.9255555555555555
22.268,14.96,-4.07,3.89
22.288,14.04,-4.83,3.8466666666666667
22.308,13.4,-5.36,3.7933333333333334
22.328,12.52,-5.73,3.738888888888889
22.348,11.99,-6.19,3.683333333333333
22.368,11.17,-6.35,3.6144444444444446
22.388,10.47,-6.75,3.5477777777777777
22.408,9.33,-7.13,3.4744444444444444
22.428,8.58,-7.39,3.401111111111111
22.448,7.58,-7.53,3.32
22.468,6.95,-7.61,3.24
22.488,5.94,-7.69,3.1544444444444446
22.508,5.19,-7.67,3.0744444444444445
22.528,4.17,-7.9,2.99
22.548,3.43,-7.76,2.902222222222222
22.568,2.52,-7.76,2.8144444444444443
22.588,2.05,-7.81,2.7266666666666666
22.608,1.2,-7.7,2.631111111111111
22.628,0.59,-7.71,2.54
22.648,-0.24,-7.6,2.466666666666667
22.668,-0.77,-7.39,2.391111111111111
22.688,-1.44,-7.24,2.3066666666666666
22.708,-1.77,-7.17,2.2244444444444444
22.728,-2.52,-6.87,2.15
22.748,-2.82,-6.84,2.0755555555555554
22.768,-3.47,-6.61,1.998888888888889
22.788,-3.87,-6.37,1.9222222222222223
22.808,-4.39,-6.21,1.8544444444444443
22.828,-4.7,-6.04,1.7866666666666666
22.848,-5.16,-5.81,1.721111111111111
22.868,-5.41,-5.68,1.66
22.888,-5.88,-5.4,1.6
22.908,-6.01,-5.31,1.5233333333333334
22.928,-6.32,-5.11,1.46
22.948,-6.51,-4.98,1.4055555555555554
22.968,-6.84,-4.78,1.35
22.988,-6.97,-4.65,1.2866666666666666
23.008,-7.22,-4.45,1.2333333333333334
23.028,-7.4,-4.28,1.18
23.048,-7.62,-4.07,1.1311111111111112
23.068,-7.73,-3.95,1.0822222222222222
23.088,-7.93,-3.76,1.0366666666666666
23.108,-8.04,-3.61,0.9911111111111112
23.128,-8.18,-3.46,0.9488888888888889
23.148,-8.25,-3.35,0.9077777777777778
23.168,-8.39,-3.22,0.8655555555555555
23.188,-8.44,-3.1,0.8288888888888889
23.208,-8.54,-2.94,0.79
23.228,-8.59,-2.91,0.7544444444444445
23.248,-8.68,-2.72,0.7188888888888889
23.268,-8.75,-2.66,0.6833333333333333
23.288,-8.81,-2.49,0.6533333333333333
23.308,-8.88,-2.47,0.6188888888888889
23.328,-9.02,-1.91,0.5877777777777777
23.348,-9.15,-1.62,0.5488888888888889
23.368,-8.89,-1.52,0.5011111111111111
23.388,-8.75,-2.31,0.45555555555555555
23.408,-8.89,-1.62,0.39
23.428,-9.09,-1.22,0.33
23.448,-9.28,-1.01,0.2677777777777778
23.468,-9.32,-0.94,0.21
23.488,-9.24,-1.13,0.15444444444444444
23.508,-9.35,-1.48,0.09777777777777778
23.528,-9.29,-1.18,0.04
23.548,-9.36,-1.18,-0.014444444444444444
23.568,-9.33,-1.09,-0.07
23.588,-9.22,-1.25,-0.12222222222222222
23.608,-9.17,-1.39,-0.18
23.628,-9.16,-1.49,-0.23777777777777778
23.648,-9.09,-1.44,-0.2922222222222222
23.668,-9.14,-1.45,-0.34555555555555556
23.688,-9.07,-1.44,-0.39555555555555555
23.708,-9.0,-1.79,-0.44222222222222224
23.728,-8.89,-1.96,-0.49333333333333335
23.748,-8.84,-2.03,-0.5411111111111111
23.768,-8.8,-2.05,-0.5911111111111111
23.788,-8.76,-2.19,-0.6411111111111111
23.808,-8.69,-2.21,-0.6922222222222222
23.828,-8.61,-2.38,-0.7444444444444445
23.848,-8.58,-2.42,-0.7966666666666666
23.868,-8.45,-2.59,-0.85
23.888,-8.33,-2.71,-0.9088888888888889
23.908,-8.14,-3.04,-0.9666666666666667
23.928,-8.07,-3.07,-1.0255555555555556
23.948,-7.98,-3.11,-1.0888888888888888
23.968,-7.81,-3.32,-1.1522222222222223
23.988,-7.68,-3.41,-1.22
24.008,-7.4,-3.64,-1.2877777777777777
24.028,-7.14,-3.9,-1.36
24.048,-6.76,-4.26,-1.4355555555555555
24.068,-6.56,-4.56,-1.5066666666666666
24.088,-6.4,-4.72,-1.5722222222222222
24.108,-6.08,-5.22,-1.63
24.128,-5.82,-5.26,-1.6855555555555555
24.148,-5.44,-5.61,-1.7433333333333334
24.168,-5.03,-5.77,-1.8077777777777777
24.188,-4.45,-6.11,-1.8722222222222222
24.208,-4.17,-6.15,-1.9377777777777778
24.228,-3.76,-6.34,-2.002222222222222
24.248,-3.26,-6.61,-2.0766666666666667
24.268,-2.79,-6.79,-2.148888888888889
24.288,-2.31,-6.95,-2.22
24.308,-1.69,-7.2,-2.3
24.328,-1.23,-7.23,-2.3755555555555556
24.348,-0.04,-7.59,-2.4855555555555555
24.368,0.59,-7.82,-2.5722222222222224
24.388,1.1,-7.76,-2.6222222222222222
24.408,1.4,-7.66,-2.7066666666666666
24.428,2.22,-7.85,-2.7855555555555553
24.448,3.04,-7.84,-2.867777777777778
24.468,4.22,-7.87,-2.953333333333333
24.488,4.98,-7.86,-3.031111111111111
24.508,5.79,-7.81,-3.1166666666666667
24.528,6.4,-7.7,-3.198888888888889
24.548,7.43,-7.63,-3.28
24.568,8.27,-7.41,-3.358888888888889
24.588,9.41,-7.16,-3.4322222222222223
24.608,10.07,-6.93,-3.51
24.628,11.06,-6.55,-3.5722222222222224
24.648,11.61,-6.38,-3.641111111111111
24.668,12.56,-5.87,-3.7088888888888887
24.688,13.29,-5.55,-3.763333333333333
24.708,14.07,-4.87,-3.82
24.728,14.63,-4.64,-3.8655555555555554
24.748,15.17,-4.11,-3.9
24.768,16.0,-2.92,-3.8944444444444444
24.788,16.18,-2.76,-3.982222222222222
24.808,16.45,-2.21,-3.9988888888888887
24.828,16.74,-1.44,-4.018888888888889
24.848,16.8,-0.88,-4.014444444444444
24.868,16.95,-0.11,-4.016666666666667
24.888,16.87,0.45,-4.017777777777778
24.908,16.69,1.19,-4.004444444444444
24.928,16.54,1.64,-3.9855555555555555
24.948,16.12,2.59,-3.9644444444444447
24.968,15.85,3.3,-3.93
24.988,15.14,3.96,-3.8944444444444444
25.008,14.64,4.52,-3.8433333333333333
25.028,13.95,4.94,-3.7933333333333334
25.048,13.54,5.17,-3.74
25.068,12.59,5.79,-3.6744444444444446
25.088,11.89,6.19,-3.6133333333333333
25.108,10.84,6.58,-3.5444444444444443
25.128,10.21,6.71,-3.4755555555555557
25.148,9.28,7.05,-3.4
25.168,8.56,7.4,-3.318888888888889
25.188,7.49,7.51,-3.241111111111111
25.208,6.81,7.63,-3.1622222222222223
25.228,5.76,7.76,-3.0744444444444445
25.248,5.2,7.77,-2.9944444444444445
25.268,4.28,7.81,-2.9055555555555554
25.288,3.62,7.87,-2.818888888888889
25.308,2.64,7.87,-2.778888888888889
25.328,2.1,7.72,-2.692222222222222
25.348,1.36,7.94,-2.6077777777777778
25.368,0.7,7.62,-2.517777777777778
25.388,0.0,7.48,-2.4355555555555557
25.408,-0.56,7.43,-2.3544444444444443
25.428,-1.24,7.19,-2.2344444444444442
25.448,-1.68,7.19,-2.1966666666666668
25.468,-2.32,6.94,-2.081111111111111
25.488,-2.67,6.82,-2.046666666666667
25.508,-3.27,6.64,-1.9355555555555555
25.528,-3.62,6.47,-1.9
25.548,-4.03,6.24,-1.7955555555555556
25.568,-4.43,6.13,-1.761111111111111
25.588,-4.82,5.88,-1.66
25.608,-5.15,5.78,-1.6333333333333333
25.628,-5.52,5.55,-1.54
25.648,-5.75,5.43,-1.511111111111111
25.668,-6.05,5.23,-1.4222222222222223
25.688,-6.27,5.08,-1.3977777777777778
25.708,-6.57,4.91,-1.3133333333333332
25.728,-6.76,4.67,-1.2866666666666666
25.748,-7.04,4.49,-1.2177777777777778
25.768,-7.13,4.39,-1.1688888888888889
25.788,-7.35,4.23,-1.1233333333333333
25.808,-7.45,4.13,-1.0777777777777777
25.828,-7.63,3.96,-1.0355555555555556
25.848,-7.75,3.76,-0.9955555555555555
25.868,-7.7,3.58,-0.94
25.888,-8.36,3.52,-0.8988888888888888
25.908,-8.12,3.34,-0.8822222222222222
25.928,-8.22,3.27,-0.8488888888888889
25.948,-8.35,3.16,-0.8144444444444444
25.968,-8.39,3.0,-0.7833333333333333
25.988,-8.51,2.77,-0.7522222222222222
26.008,-8.56,2.68,-0.72
26.028,-8.63,2.51,-0.6888888888888889
26.048,-8.73,2.45,-0.6588888888888889
26.068,-8.78,2.42,-0.6266666666666667
26.088,-8.83,2.41,-0.5988888888888889
26.108,-8.88,2.24,-0.5666666666666667
26.128,-8.91,2.06,-0.54
26.148,-8.97,1.91,-0.5111111111111111
26.168,-9.2,1.82,-0.4822222222222222
26.188,-9.05,1.77,-0.46555555555555556
26.208,-9.07,1.78,-0.45111111111111113
26.228,-9.06,1.76,-0.4122222222222222
26.248,-9.11,1.6,-0.3977777777777778
26.268,-9.17,1.38,-0.35888888888888887
26.288,-9.2,1.36,-0.33444444444444443
26.308,-9.21,1.34,-0.31
26.328,-9.21,1.29,-0.28444444444444444
26.348,-9.27,1.21,-0.25555555555555554
26.368,-9.3,1.14,-0.22666666666666666
26.388,-9.3,0.99,-0.19777777777777777
26.408,-9.34,0.92,-0.16555555555555557
26.428,-9.33,0.9,-0.13333333333333333
26.448,-9.3,0.95,-0.09888888888888889
26.468,-9.32,0.91,-0.06222222222222222
26.488,-9.34,0.77,-0.03
26.508,-9.36,0.71,0.006666666666666667
26.528,-9.33,0.79,0.04111111111111111
26.548,-9.26,0.83,0.08
26.568,-9.27,0.91,0.12
26.588,-9.29,0.86,0.16
26.608,-9.25,0.85,0.2
26.628,-9.27,0.84,0.24
26.648,-9.26,0.9,0.2811111111111111
26.668,-9.19,1.07,0.32
26.688,-9.16,1.1,0.36333333333333334
26.708,-9.16,1.09,0.4033333333333333
26.728,-9.12,1.13,0.44666666666666666
26.748,-9.08,1.29,0.4922222222222222
26.768,-9.02,1.37,0.5355555555555556
26.788,-8.97,1.48,0.58
26.808,-8.93,1.54,0.6266666666666667
26.828,-8.86,1.68,0.6711111111111111
26.848,-8.79,1.79,0.7222222222222222
26.868,-8.69,1.94,0.77
26.888,-8.61,2.08,0.8166666666666667
26.908,-8.5,2.26,0.8688888888888889
26.928,-8.41,2.33,0.92
26.948,-8.27,2.53,0.97
26.968,-8.14,2.73,1.02
26.988,-7.99,2.94,1.0733333333333333
27.008,-7.87,3.07,1.1244444444444444
27.028,-7.67,3.32,1.1777777777777778
27.048,-7.54,3.47,1.231111111111111
27.068,-7.31,3.74,1.2877777777777777
27.088,-7.15,3.92,1.3411111111111111
27.108,-6.85,4.22,1.3988888888888888
27.128,-6.65,4.41,1.4533333333333334
27.148,-6.33,4.7,1.5122222222222221
27.168,-6.06,4.99,1.5633333333333332
27.188,-5.84,5.12,1.6211111111111112
27.208,-5.59,5.31,1.6711111111111112
27.228,-5.16,5.63,1.73
27.248,-4.93,5.7,1.7833333333333334
27.268,-4.42,5.99,1.8455555555555556
27.288,-4.09,6.21,1.9055555555555554
27.308,-3.67,6.3,1.9722222222222223
27.328,-3.26,6.55,2.0366666666666666
27.348,-2.58,6.84,2.1044444444444443
27.368,-2.17,6.9,2.1766666666666667
27.388,-1.59,7.07,2.2511111111111113
27.408,-1.16,7.28,2.3244444444444445
27.428,-0.94,7.35,2.3644444444444446
27.448,0.39,7.41,2.4755555555555557
27.468,1.04,7.61,2.56
27.488,1.53,7.73,2.6433333333333335
27.508,2.45,7.75,2.721111111111111
27.528,3.04,7.9,2.8044444444444445
27.548,3.85,7.86,2.8855555555555554
27.568,4.53,7.87,2.9744444444444444
27.588,5.62,7.89,3.0533333333333332
27.608,6.14,7.88,3.1344444444444446
27.628,7.65,7.54,3.2133333333333334
27.648,8.31,7.46,3.292222222222222
27.668,9.32,7.06,3.3766666666666665
27.688,10.41,6.89,3.4477777777777776
27.708,10.98,6.65,3.52
27.728,12.01,6.26,3.588888888888889
27.748,12.68,5.96,3.681111111111111
27.768,13.45,5.44,3.72
27.788,14.03,5.02,3.79
27.808,14.76,4.43,3.8333333333333335
27.828,15.17,4.05,3.881111111111111
27.848,15.84,3.3,3.928888888888889
27.868,16.14,2.78,3.9566666666666666
27.888,16.52,2.06,3.991111111111111
27.908,16.68,1.61,4.01
27.928,16.89,0.64,4.026666666666666
27.948,16.97,0.18,4.0311111111111115
27.968,16.86,-0.7,4.036666666666667
27.988,16.81,-1.16,4.026666666666666
28.008,16.51,-2.0,4.017777777777778
28.028,16.3,-2.41,3.9955555555555557
28.048,15.99,-2.9,3.966666666666667
28.068,15.59,-3.34,3.9355555555555557
28.088,14.72,-4.31,3.897777777777778
28.108,14.19,-4.85,3.85
28.128,13.34,-5.4,3.8
28.148,12.84,-5.65,3.7455555555555557
28.168,12.1,-6.02,3.6844444444444444
28.188,11.34,-6.3,3.617777777777778
28.208,10.18,-6.85,3.546666666666667
28.228,9.45,-7.12,3.4788888888888887
28.248,8.52,-7.34,3.4
28.268,7.91,-7.5,3.316666666666667
28.288,6.91,-7.65,3.24
28.308,6.07,-7.54,3.16
28.328,4.94,-7.74,3.0755555555555554
28.348,4.29,-7.9,2.988888888888889
28.368,3.32,-7.72,2.9
28.388,2.88,-7.91,2.812222222222222
28.408,1.95,-7.73,2.7266666666666666
28.428,1.37,-7.67,2.6222222222222222
28.448,0.44,-7.72,2.5477777777777777
28.468,-0.09,-7.52,2.4755555555555557
28.488,-0.86,-7.33,2.3922222222222222
28.508,-1.26,-7.29,2.2911111111111113
28.528,-1.89,-7.07,2.2333333333333334
28.548,-2.33,-7.01,2.152222222222222
28.568,-3.02,-6.79,2.0766666666666667
28.588,-3.46,-6.55,2.0033333333333334
28.608,-4.01,-6.34,1.93
28.628,-4.34,-6.22,1.86
28.648,-4.84,-6.0,1.791111111111111
28.668,-5.09,-5.83,1.73
28.688,-5.5,-5.67,1.6677777777777778
28.708,-5.83,-5.4,1.6
28.728,-6.08,-5.28,1.53
28.748,-6.3,-5.18,1.47
28.768,-6.6,-4.89,1.4155555555555555
28.788,-6.92,-4.69,1.3577777777777778
28.808,-7.07,-4.53,1.3
28.828,-7.23,-4.41,1.2466666666666666
28.848,-7.48,-4.19,1.1966666666666668
28.868,-7.6,-4.04,1.1477777777777778
28.888,-7.79,-3.83,1.1011111111111112
28.908,-7.89,-3.7,1.0566666666666666
28.928,-8.06,-3.5,1.011111111111111
28.948,-8.17,-3.38,0.97
28.968,-8.32,-3.22,0.9288888888888889
28.988,-8.38,-3.11,0.8911111111111111
29.008,-8.69,-2.43,0.8544444444444445
29.028,-8.72,-2.28,0.8055555555555556
29.048,-8.65,-1.99,0.7511111111111111
29.068,-8.43,-3.14,0.6944444444444444
29.088,-8.62,-2.04,0.6288888888888889
29.108,-8.99,-1.78,0.5755555555555556
29.128,-9.2,-1.3,0.5166666666666667
29.148,-9.2,-1.41,0.46555555555555556
29.168,-9.0,-1.71,0.41444444444444445
29.188,-9.17,-2.04,0.3622222222222222
29.208,-9.1,-1.44,0.30444444444444446
29.228,-9.26,-1.27,0.24888888888888888
29.248,-9.27,-1.04,0.19
29.268,-9.18,-1.1,0.1288888888888889
29.288,-9.11,-1.49,0.07111111111111111
29.308,-9.13,-1.57,0.01
29.328,-9.13,-1.23,-0.04888888888888889
29.348,-9.27,-1.3,-0.10333333333333333
29.368,-9.21,-1.18,-0.15777777777777777
29.388,-9.17,-1.4,-0.2088888888888889
29.408,-9.08,-1.73,-0.26
29.428,-9.06,-1.8,-0.31333333333333335
29.448,-9.02,-1.56,-0.37
29.468,-9.03,-1.73,-0.42
29.488,-9.0,-1.77,-0.47444444444444445
29.508,-8.96,-1.8,-0.5255555555555556
29.528,-8.89,-2.08,-0.5777777777777777
29.548,-8.77,-2.23,-0.6311111111111111
29.568,-8.72,-2.19,-0.6866666666666666
29.588,-8.69,-2.25,-0.74
29.608,-8.55,-2.44,-0.7988888888888889
29.628,-8.44,-2.63,-0.8577777777777778
29.648,-8.29,-2.96,-0.9155555555555556
29.668,-8.24,-2.97,-0.9733333333333334
29.688,-8.14,-2.99,-1.03
29.708,-7.97,-3.18,-1.09
29.728,-7.64,-3.7,-1.1511111111111112
29.748,-7.52,-3.95,-1.2077777777777778
29.768,-7.26,-4.24,-1.2633333333333334
29.788,-7.21,-4.22,-1.3177777777777777
29.808,-7.03,-4.45,-1.37
29.828,-6.95,-4.47,-1.4233333333333333
29.848,-6.54,-4.84,-1.4733333333333334
29.868,-6.3,-5.13,-1.53
29.888,-5.81,-5.33,-1.5855555555555556
29.908,-5.58,-5.63,-1.6466666666666667
29.928,-5.22,-5.73,-1.71
29.948,-5.07,-5.83,-1.7722222222222221
29.968,-4.56,-6.03,-1.8422222222222222
29.988,-4.25,-6.41,-1.9077777777777778
30.008,-3.61,-6.5,-1.978888888888889
30.028,-3.17,-6.78,-2.0522222222222224
30.048,-2.6,-6.89,-2.1277777777777778
30.068,-2.33,-7.07,-2.2022222222222223
30.088,-1.74,-7.07,-2.276666666666667
30.108,-1.31,-7.31,-2.36
30.128,-0.29,-7.48,-2.4633333333333334
30.148,0.11,-7.56,-2.531111111111111
30.168,1.31,-7.9,-2.6266666666666665
30.188,1.5,-7.73,-2.678888888888889
30.208,2.28,-7.86,-2.7622222222222224
30.228,2.94,-7.86,-2.8433333333333333
30.248,3.98,-7.83,-2.93
30.268,4.7,-7.92,-3.0122222222222224
30.288,5.7,-7.76,-3.0955555555555554
30.308,6.34,-7.74,-3.1766666666666667
30.328,7.34,-7.61,-3.2544444444444443
30.348,8.04,-7.5,-3.3344444444444443
30.368,9.17,-7.2,-3.411111111111111
30.388,9.82,-7.0,-3.4855555555555555
30.408,10.91,-6.66,-3.548888888888889
30.428,11.47,-6.37,-3.617777777777778
30.448,12.63,-5.78,-3.681111111111111
30.468,13.34,-5.43,-3.7355555555555555
30.488,14.06,-4.85,-3.79
30.508,14.62,-4.39,-3.8333333333333335
30.528,15.06,-4.18,-3.8655555555555554
30.548,15.9,-2.8,-3.867777777777778
30.568,16.03,-2.66,-3.9411111111111112
30.588,16.29,-2.11,-3.9655555555555555
30.608,16.56,-1.33,-3.977777777777778
30.628,16.66,-0.69,-3.9833333333333334
30.648,16.76,-0.05,-3.977777777777778
30.668,16.79,0.57,-3.98
30.688,16.59,1.33,-3.96
30.708,16.44,1.93,-3.9433333333333334
30.728,16.09,2.54,-3.9144444444444444
30.748,15.8,3.01,-3.8833333333333333
30.768,15.32,3.47,-3.8455555555555554
30.788,14.84,4.07,-3.8
30.808,14.01,4.89,-3.7544444444444443
30.828,13.46,5.25,-3.6955555555555555
30.848,12.6,5.69,-3.6333333333333333
30.868,12.0,5.93,-3.5677777777777777
30.888,11.16,6.38,-3.5011111111111113
30.908,10.38,6.83,-3.433333333333333
30.928,9.31,7.16,-3.358888888888889
30.948,8.7,6.97,-3.2711111111111113
30.968,7.69,7.4,-3.1966666666666668
30.988,7.18,7.47,-3.1166666666666667
31.008,6.16,7.71,-3.0322222222222224
31.028,5.47,7.68,-2.99
31.048,4.47,7.8,-2.858888888888889
31.068,3.79,7.81,-2.8155555555555556
31.088,2.96,7.85,-2.7377777777777776
31.108,2.5,7.75,-2.6455555555555557
31.128,1.58,7.66,-2.5633333333333335
31.148,0.95,7.73,-2.4766666666666666
31.168,0.21,7.58,-2.3922222222222222
31.188,-0.5,7.34,-2.3133333333333335
31.208,-0.94,7.34,-2.2311111111111113
31.228,-1.6,7.17,-2.151111111111111
31.248,-1.99,7.04,-2.0733333333333333
31.268,-2.63,6.86,-1.9977777777777779
31.288,-3.01,6.73,-1.9233333333333333
31.308,-3.54,6.52,-1.85
31.328,-3.91,6.45,-1.7766666666666666
31.348,-4.4,6.27,-1.71
31.368,-4.69,6.09,-1.6444444444444444
31.388,-5.13,5.86,-1.5788888888888888
31.408,-5.31,5.71,-1.5155555555555555
31.428,-5.67,5.56,-1.4544444444444444
31.448,-5.83,5.45,-1.3966666666666667
31.468,-6.07,5.37,-1.3355555555555556
31.488,-6.34,5.13,-1.281111111111111
31.508,-6.53,5.04,-1.2266666666666666
31.528,-6.81,4.78,-1.1766666666666667
31.548,-6.94,4.66,-1.1233333333333333
31.568,-7.14,4.55,-1.0744444444444445
31.588,-7.26,4.38,-1.0277777777777777
31.608,-7.41,4.26,-0.9844444444444445
31.628,-7.53,4.15,-0.9366666666666666
31.648,-7.73,3.96,-0.8944444444444445
31.668,-7.75,3.89,-0.85
31.688,-7.78,3.75,-0.8088888888888889
31.708,-8.17,3.68,-0.7466666666666667
31.728,-8.11,3.46,-0.7355555555555555
31.748,-8.22,3.39,-0.6966666666666667
31.768,-8.37,3.27,-0.6588888888888889
31.788,-8.41,3.11,-0.6222222222222222
31.808,-8.59,2.96,-0.5833333333333334
31.828,-8.66,2.8,-0.5477777777777778
31.848,-8.64,2.83,-0.51
31.868,-8.74,2.66,-0.47555555555555556
31.888,-8.74,2.68,-0.44222222222222224
31.908,-8.76,2.57,-0.4077777777777778
31.928,-8.78,2.49,-0.37222222222222223
31.948,-8.8,2.42,-0.33666666666666667
31.968,-8.82,2.37,-0.29777777777777775
31.988,-8.85,2.38,-0.2588888888888889
32.008,-8.89,2.24,-0.22333333333333333
32.028,-8.9,2.16,-0.18666666666666668
32.048,-8.93,2.13,-0.15
32.068,-8.96,2.16,-0.11
32.088,-8.94,2.18,-0.07333333333333333
32.108,-8.98,2.1,-0.034444444444444444
32.128,-8.95,2.11,0.0044444444444444444
32.148,-8.96,2.1,0.04111111111111111
32.168,-8.95,2.12,0.08
32.188,-8.95,2.12,0.12222222222222222
32.208,-8.95,2.1,0.16666666666666666
32.228,-8.91,2.16,0.2088888888888889
32.248,-8.88,2.17,0.25
32.268,-8.85,2.22,0.2966666666666667
32.288,-8.8,2.27,0.34
32.308,-8.74,2.32,0.3844444444444444
32.328,-8.68,2.37,0.43333333333333335
32.348,-8.62,2.48,0.4811111111111111
32.368,-8.58,2.57,0.53
32.388,-8.47,2.63,0.5811111111111111
32.408,-8.4,2.7,0.6344444444444445
32.428,-8.29,2.85,0.6855555555555556
32.448,-8.21,2.96,0.74
32.468,-8.06,3.13,0.7933333333333333
32.488,-7.96,3.22,0.85
32.508,-7.85,3.34,0.9066666666666666
32.528,-7.7,3.48,0.9611111111111111
32.548,-7.49,3.74,1.02
32.568,-7.39,3.84,1.08
32.588,-7.18,4.0,1.14
32.608,-7.0,4.14,1.201111111111111
32.628,-6.73,4.39,1.2644444444444445
32.648,-6.53,4.52,1.33
32.668,-6.18,4.76,1.3933333333333333
32.688,-5.95,4.92,1.461111111111111
32.708,-5.6,5.16,1.5333333333333334
32.728,-5.31,5.38,1.6033333333333333
32.748,-4.89,5.7,1.6722222222222223
32.768,-4.6,5.87,1.74
32.788,-4.14,6.17,1.808888888888889
32.808,-3.86,6.33,1.8733333333333333
32.828,-3.17,6.61,1.94
32.848,-2.83,6.75,2.0077777777777777
32.868,-2.37,6.88,2.0766666666666667
32.888,-1.89,7.09,2.147777777777778
32.908,-1.3,7.25,2.218888888888889
32.928,-0.91,7.29,2.276666666666667
32.948,0.08,7.59,2.34
32.968,0.62,7.61,2.4544444444444444
32.988,1.27,7.74,2.533333333333333
33.008,1.82,7.79,2.612222222222222
33.028,2.74,7.83,2.6966666666666668
33.048,3.31,7.86,2.781111111111111
33.068,4.39,7.82,2.86
33.088,5.0,7.87,2.9455555555555555
33.108,5.81,7.97,3.026666666666667
33.128,6.64,7.63,3.1077777777777778
33.148,7.61,7.46,3.188888888888889
33.168,8.72,7.41,3.27
33.188,9.7,6.99,3.3466666666666667
33.208,10.38,6.94,3.4233333333333333
33.228,11.35,6.46,3.4944444444444445
33.248,11.99,6.26,3.5644444444444443
33.268,12.94,5.67,3.65
33.288,13.46,5.36,3.6966666666666668
33.308,14.37,4.83,3.7622222222222224
33.328,14.74,4.35,3.8033333333333332
33.348,15.4,3.7,3.852222222222222
33.368,15.8,3.23,3.901111111111111
33.388,16.25,2.53,3.922222222222222
33.408,16.44,2.0,3.957777777777778
33.428,16.67,1.3,3.98
33.448,16.78,0.61,3.9944444444444445
33.468,16.83,-0.12,4.0
33.488,16.72,-0.66,4.004444444444444
33.508,16.59,-1.47,3.993333333333333
33.528,16.32,-2.06,3.9844444444444442
33.548,15.92,-2.73,3.96
33.568,15.74,-3.27,3.933333333333333
33.588,15.33,-3.52,3.898888888888889
33.608,14.82,-4.22,3.867777777777778
33.628,13.81,-5.04,3.821111111111111
33.648,13.21,-5.49,3.77
33.668,12.47,-6.08,3.7133333333333334
33.688,11.93,-6.1,3.648888888888889
33.708,11.14,-6.53,3.5855555555555556
33.728,10.26,-6.68,3.517777777777778
33.748,9.06,-7.22,3.4455555555555555
33.768,8.37,-7.3,3.3666666666666667
33.788,7.41,-7.51,3.2933333333333334
33.808,6.92,-7.63,3.2088888888888887
33.828,5.84,-7.77,3.1277777777777778
33.848,5.14,-7.77,3.0411111111111113
33.868,4.04,-7.96,2.96
33.888,3.25,-7.78,2.87
33.908,2.46,-7.78,2.7844444444444445
33.928,1.95,-7.71,2.6955555555555555
33.948,1.11,-7.65,2.6
33.968,0.44,-7.64,2.506666666666667
33.988,-0.33,-7.52,2.4411111111111112
34.008,-0.84,-7.36,2.36
34.028,-1.51,-7.14,2.281111111111111
34.048,-1.75,-7.16,2.1955555555555555
34.068,-2.59,-6.87,2.121111111111111
34.088,-2.87,-6.84,2.0444444444444443
34.108,-3.49,-6.62,1.968888888888889
34.128,-3.85,-6.4,1.8955555555555557
34.148,-4.38,-6.24,1.8266666666666667
34.168,-4.71,-6.06,1.7544444444444445
34.188,-5.18,-5.86,1.69
34.208,-5.41,-5.73,1.6288888888888888
34.228,-5.88,-5.44,1.5644444444444445
34.248,-6.0,-5.35,1.491111111111111
34.268,-6.3,-5.23,1.4288888888888889
34.288,-6.51,-5.02,1.3722222222222222
34.308,-6.79,-4.82,1.3177777777777777
34.328,-6.97,-4.7,1.2522222222222221
34.348,-7.21,-4.5,1.2
34.368,-7.36,-4.35,1.1455555555555557
34.388,-7.58,-4.14,1.0944444444444446
34.408,-7.71,-4.0,1.0466666666666666
34.428,-7.88,-3.86,1.0
34.448,-7.98,-3.73,0.9544444444444444
34.468,-8.13,-3.46,0.91
34.488,-8.42,-2.97,0.8633333333333333
34.508,-8.42,-2.64,0.81
34.528,-8.13,-3.14,0.7544444444444445
34.548,-8.39,-3.0,0.6933333333333334
34.568,-8.49,-2.34,0.6255555555555555
34.588,-8.86,-2.3,0.5622222222222222
34.608,-8.89,-1.95,0.5
34.628,-8.88,-2.1,0.43777777777777777
34.648,-8.82,-2.28,0.37333333333333335
34.668,-8.97,-2.24,0.31
34.688,-8.96,-1.93,0.24666666666666667
34.708,-9.07,-1.89,0.18555555555555556
34.728,-9.0,-1.78,0.09
34.748,-9.03,-2.0,0.058888888888888886
34.768,-8.97,-2.05,-0.0011111111111111111
34.788,-8.93,-2.1,-0.06333333333333334
34.808,-8.9,-2.04,-0.13111111111111112
34.828,-8.97,-2.0,-0.18777777777777777
34.848,-8.94,-1.97,-0.25
34.868,-8.84,-2.32,-0.30444444444444446
34.888,-8.75,-2.43,-0.36
34.908,-8.72,-2.46,-0.41888888888888887
34.928,-8.68,-2.51,-0.47555555555555556
34.948,-8.62,-2.64,-0.5288888888888889
34.968,-8.57,-2.63,-0.5866666666666667
34.988,-8.5,-2.82,-0.6433333333333333
35.008,-8.42,-2.89,-0.73
35.028,-8.3,-3.05,-0.7877777777777778
35.048,-8.2,-3.13,-0.8444444444444444
35.068,-8.08,-3.36,-0.9044444444444445
35.088,-7.96,-3.5,-0.9333333333333333
35.108,-7.82,-3.67,-1.0233333333333334
35.128,-7.7,-3.79,-1.0533333333333332
35.148,-7.46,-4.0,-1.1433333333333333
35.168,-7.3,-4.15,-1.1744444444444444
35.188,-7.02,-4.43,-1.271111111111111
35.208,-6.84,-4.58,-1.3033333333333332
35.228,-6.61,-4.71,-1.3966666666666667
35.248,-6.35,-5.0,-1.431111111111111
35.268,-6.05,-5.15,-1.531111111111111
35.288,-5.9,-5.14,-1.5633333333333332
35.308,-5.36,-5.57,-1.6611111111111112
35.328,-5.01,-6.0,-1.6955555555555555
35.348,-4.55,-6.13,-1.79
35.368,-4.2,-6.35,-1.8611111111111112
35.388,-3.78,-6.48,-1.9322222222222223
35.408,-3.38,-6.7,-2.0033333333333334
35.428,-2.99,-6.81,-2.077777777777778
35.448,-2.4,-7.03,-2.1533333333333333
35.468,-1.86,-7.15,-2.232222222222222
35.488,-0.92,-7.48,-2.331111111111111
35.508,-0.48,-7.51,-2.388888888888889
35.528,-0.08,-7.59,-2.471111111111111
35.548,0.21,-7.55,-2.568888888888889
35.568,1.9,-8.34,-2.6577777777777776
35.588,2.03,-7.84,-2.7144444444444447
35.608,3.17,-7.88,-2.7944444444444443
35.628,3.67,-7.91,-2.881111111111111
35.648,4.46,-7.83,-2.9644444444444447
35.668,5.02,-7.87,-3.0455555555555556
35.688,6.17,-7.71,-3.128888888888889
35.708,6.98,-7.64,-3.2088888888888887
35.728,8.06,-7.39,-3.29
35.748,8.7,-7.28,-3.3644444444444446
35.768,9.63,-7.03,-3.4355555555555557
35.788,10.26,-6.92,-3.508888888888889
35.808,11.23,-6.38,-3.57
35.828,12.09,-6.16,-3.6355555555555554
35.848,13.21,-5.5,-3.69
35.868,13.69,-5.09,-3.7466666666666666
35.888,14.43,-4.56,-3.7977777777777777
35.908,14.77,-4.23,-3.828888888888889
35.928,15.72,-2.98,-3.83
35.948,15.79,-2.93,-3.9077777777777776
35.968,16.19,-2.18,-3.93
35.988,16.4,-1.79,-3.9466666666666668
36.008,16.51,-0.78,-3.957777777777778
36.028,16.86,-0.05,-3.9411111111111112
36.048,16.63,0.42,-3.96
36.068,16.57,0.89,-3.9455555555555555
36.088,16.42,1.69,-3.9244444444444446
36.108,16.2,2.15,-3.902222222222222
36.128,15.82,2.95,-3.871111111111111
36.148,15.43,3.39,-3.8344444444444443
36.168,14.83,4.08,-3.7944444444444443
36.188,14.28,4.45,-3.74
36.208,13.62,5.0,-3.688888888888889
36.228,13.05,5.31,-3.63
36.248,12.14,5.87,-3.5644444444444443
36.268,11.47,6.17,-3.497777777777778
36.288,10.49,6.63,-3.4322222222222223
36.308,10.02,6.67,-3.3633333333333333
36.328,8.9,7.11,-3.276666666666667
36.348,8.14,7.34,-3.2022222222222223
36.368,7.22,7.5,-3.117777777777778
36.388,6.48,7.64,-3.0366666666666666
36.408,5.55,7.68,-2.9544444444444444
36.428,5.0,7.79,-2.867777777777778
36.448,4.06,7.78,-2.78
36.468,3.46,7.87,-2.6955555555555555
36.488,2.52,7.79,-2.61
36.508,1.94,7.78,-2.522222222222222
36.528,1.09,7.57,-2.433333333333333
36.548,0.67,7.65,-2.3533333333333335
36.568,0.0,7.3,-2.2711111111111113
36.588,-0.5,7.56,-2.1933333333333334
36.608,-1.19,7.22,-2.1133333333333333
36.628,-1.66,7.21,-2.0355555555555553
36.648,-2.28,7.04,-1.958888888888889
36.668,-2.65,6.9,-1.8822222222222222
36.688,-3.19,6.67,-1.8077777777777777
36.708,-3.52,6.61,-1.74
36.728,-3.95,6.35,-1.67
36.748,-4.33,6.33,-1.6
36.768,-4.71,6.04,-1.54
36.788,-5.08,5.99,-1.5066666666666666
36.808,-5.41,5.73,-1.4433333333333334
36.828,-5.67,5.57,-1.3511111111111112
36.848,-5.99,5.37,-1.3211111111111111
36.868,-6.15,5.33,-1.2644444444444445
36.888,-6.39,5.2,-1.211111111111111
36.908,-6.53,5.08,-1.1533333333333333
36.928,-6.78,4.88,-1.1
36.948,-6.97,4.76,-1.05
36.968,-7.17,4.54,-1.0
36.988,-7.29,4.48,-0.9511111111111111
37.008,-7.41,4.33,-0.9066666666666666
37.028,-7.51,4.23,-0.86
37.048,-7.66,4.1,-0.8166666666666667
37.068,-7.76,3.99,-0.7744444444444445
37.088,-7.86,3.86,-0.73
37.108,-7.89,3.82,-0.6877777777777778
37.128,-7.97,3.67,-0.6355555555555555
37.148,-8.29,3.54,-0.5977777777777777
37.168,-8.23,3.49,-0.5677777777777778
37.188,-8.34,3.32,-0.5277777777777778
37.208,-8.43,3.2,-0.48777777777777775
37.228,-8.51,3.12,-0.45
37.248,-8.55,2.98,-0.4111111111111111
37.268,-8.58,3.01,-0.3688888888888889
37.288,-8.62,2.96,-0.33
37.308,-8.59,2.95,-0.28888888888888886
37.328,-8.64,2.84,-0.24666666666666667
37.348,-8.68,2.73,-0.20333333333333334
37.368,-8.73,2.65,-0.1622222222222222
37.388,-8.71,2.68,-0.12111111111111111
37.408,-8.73,2.67,-0.08
37.428,-8.7,2.72,-0.03666666666666667
37.448,-8.7,2.69,0.0044444444444444444
37.468,-8.71,2.63,0.05
37.488,-8.67,2.62,0.09555555555555556
37.508,-8.68,2.66,0.14
37.528,-8.63,2.69,0.18555555555555556
37.548,-8.61,2.73,0.2311111111111111
37.568,-8.59,2.74,0.28
37.588,-8.54,2.8,0.33
37.608,-8.53,2.81,0.3788888888888889
37.628,-8.47,2.85,0.43
37.648,-8.39,2.96,0.4811111111111111
37.668,-8.33,3.03,0.5355555555555556
37.688,-8.22,3.13,0.59
37.708,-8.15,3.2,0.6433333333333333
37.728,-8.03,3.3,0.7
37.748,-7.96,3.43,0.7577777777777778
37.768,-7.78,3.58,0.8155555555555556
37.788,-7.67,3.66,0.8755555555555555
37.808,-7.52,3.79,0.9344444444444444
37.828,-7.36,3.89,0.9977777777777778
37.848,-7.08,4.22,1.0577777777777777
37.868,-6.93,4.25,1.1222222222222222
37.888,-6.71,4.41,1.1888888888888889
37.908,-6.55,4.55,1.2555555555555555
37.928,-6.21,4.76,1.32
37.948,-5.99,4.96,1.3922222222222222
37.968,-5.62,5.15,1.4622222222222223
37.988,-5.37,5.33,1.538888888888889
38.008,-5.01,5.5,1.6144444444444443
38.028,-4.69,5.61,1.6944444444444444
38.048,-4.19,5.9,1.77
38.068,-3.81,6.06,1.8544444444444443
38.088,-3.3,6.21,1.9366666666666668
38.108,-2.96,6.46,2.0233333333333334
38.128,-2.27,6.7,2.108888888888889
38.148,-1.81,6.88,2.192222222222222
38.168,-1.16,7.22,2.272222222222222
38.188,-0.81,7.3,2.3344444444444443
38.208,0.03,7.52,2.42
38.228,0.55,7.57,2.5077777777777777
38.248,1.39,7.73,2.5866666666666664
38.268,2.21,7.81,2.6666666666666665
38.288,2.98,7.79,2.7511111111111113
38.308,3.5,7.88,2.8355555555555556
38.328,4.48,7.89,2.917777777777778
38.348,5.07,7.9,3.0
38.368,6.05,7.73,3.081111111111111
38.388,7.09,7.78,3.1622222222222223
38.408,7.82,7.36,3.243333333333333
38.428,8.61,7.55,3.3233333333333333
38.448,9.54,7.07,3.3966666666666665
38.468,10.28,7.04,3.4722222222222223
38.488,11.31,6.54,3.5433333333333334
38.508,11.98,6.26,3.6166666666666667
38.528,12.81,5.83,3.6866666666666665
38.548,13.42,5.45,3.7466666666666666
38.568,14.15,4.82,3.7955555555555556
38.588,14.84,4.3,3.8466666666666667
38.608,15.55,3.64,3.8944444444444444
38.628,15.92,3.07,3.93
38.648,16.35,2.35,3.9611111111111112
38.668,16.53,1.85,3.986666666666667
38.688,16.83,1.01,4.004444444444444
38.708,16.89,0.45,4.018888888888889
38.728,16.89,-0.38,4.025555555555556
38.748,16.88,-0.89,4.018888888888889
38.768,16.61,-1.69,4.013333333333334
38.788,16.41,-2.16,3.99
38.808,15.99,-2.91,3.97
38.828,15.82,-3.12,3.9366666666666665
38.848,15.13,-3.97,3.9066666666666667
38.868,14.52,-4.42,3.8633333333333333
38.888,13.61,-5.23,3.82
38.908,13.11,-5.31,3.7644444444444445
38.928,12.3,-5.92,3.701111111111111
38.948,11.78,-6.15,3.64
38.968,10.69,-6.57,3.571111111111111
38.988,9.93,-6.97,3.502222222222222
39.008,8.88,-7.22,3.4233333333333333
39.028,8.2,-7.37,3.35
39.048,7.3,-7.58,3.2711111111111113
39.068,6.63,-7.69,3.187777777777778
39.088,5.64,-7.85,3.1066666666666665
39.108,4.85,-7.88,3.022222222222222
39.128,3.82,-7.81,2.9322222222222223
39.148,3.15,-7.93,2.8466666666666667
39.168,2.32,-7.83,2.7622222222222224
39.188,1.64,-7.57,2.6655555555555557
39.208,0.79,-7.78,2.57
39.228,0.2,-7.57,2.5077777777777777
39.248,-0.55,-7.42,2.421111111111111
39.268,-0.97,-7.24,2.3344444444444443
39.288,-1.66,-7.2,2.26
39.308,-2.17,-7.0,2.181111111111111
39.328,-2.75,-6.83,2.1066666666666665
39.348,-3.18,-6.71,2.026666666666667
39.368,-3.73,-6.47,1.9544444444444444
39.388,-4.09,-6.34,1.8844444444444444
39.408,-4.58,-6.1,1.8122222222222222
39.428,-4.91,-5.96,1.748888888888889
39.448,-5.34,-5.71,1.6822222222222223
39.468,-5.57,-5.64,1.6244444444444444
39.488,-6.0,-5.38,1.5522222222222222
39.508,-6.28,-5.2,1.4866666666666666
39.528,-6.41,-5.02,1.4277777777777778
39.548,-6.71,-4.86,1.3711111111111112
39.568,-6.92,-4.67,1.3144444444444445
39.588,-7.17,-4.53,1.2577777777777779
39.608,-7.32,-4.3,1.2055555555555555
39.628,-7.55,-4.12,1.1522222222222223
39.648,-7.68,-3.98,1.1033333333333333
39.668,-7.89,-3.77,1.0577777777777777
39.688,-7.98,-3.66,1.011111111111111
39.708,-8.13,-3.48,0.9688888888888889
39.728,-8.21,-3.37,0.9288888888888889
39.748,-8.34,-3.25,0.8877777777777778
39.768,-8.44,-3.12,0.8488888888888889
39.788,-8.51,-2.97,0.81
39.808,-8.57,-2.93,0.7711111111111111
39.828,-8.67,-2.75,0.7366666666666667
39.848,-8.73,-2.65,0.7022222222222222
39.868,-8.79,-2.57,0.67
39.888,-8.87,-2.46,0.6366666666666667
39.908,-8.93,-2.34,0.6077777777777778
39.928,-8.95,-2.28,0.5755555555555556
39.948,-9.04,-2.12,0.5477777777777778
39.968,-9.07,-2.03,0.52
39.988,-9.1,-1.58,0.4911111111111111
40.008,-9.27,-1.35,0.45444444444444443
40.028,-9.11,-1.4,0.41
40.048,-9.03,-1.87,0.36666666666666664
40.068,-9.13,-1.26,0.31333333333333335
40.088,-9.28,-1.1,0.2611111111111111
40.108,-9.35,-0.79,0.21
40.128,-9.36,-0.8,0.1622222222222222
40.148,-9.28,-0.99,0.11555555555555555
40.168,-9.29,-1.2,0.06222222222222222
40.188,-9.25,-0.96,0.0044444444444444444
40.208,-9.3,-0.82,-0.05
40.228,-9.29,-0.77,-0.10666666666666667
40.248,-9.3,-0.88,-0.16111111111111112
40.268,-9.27,-1.08,-0.21444444444444444
40.288,-9.24,-1.25,-0.27
40.308,-9.22,-1.29,-0.32
40.328,-9.24,-1.3,-0.3688888888888889
40.348,-9.2,-1.23,-0.4177777777777778
40.368,-9.14,-1.38,-0.46
40.388,-8.99,-1.59,-0.5111111111111111
40.408,-8.92,-1.76,-0.5622222222222222
40.428,-8.81,-1.83,-0.6133333333333333
40.448,-8.8,-1.93,-0.67
40.468,-8.76,-1.99,-0.7255555555555555
40.488,-8.7,-2.19,-0.7788888888888889
40.508,-8.64,-2.4,-0.8288888888888889
40.528,-8.6,-2.43,-0.8788888888888889
40.548,-8.47,-2.46,-0.9266666666666666
40.568,-8.4,-2.62,-0.9822222222222222
40.588,-8.17,-2.92,-1.0366666666666666
40.608,-7.91,-3.34,-1.0911111111111111
40.628,-7.65,-3.98,-1.14
40.648,-7.62,-3.92,-1.19
40.668,-7.59,-4.0,-1.2355555555555555
40.688,-7.55,-4.03,-1.2822222222222222
40.708,-7.31,-4.2,-1.3266666666666667
40.728,-7.11,-4.47,-1.3711111111111112
40.748,-6.73,-4.76,-1.4277777777777778
40.768,-6.49,-4.98,-1.478888888888889
40.788,-5.97,-5.3,-1.5366666666666666
40.808,-5.78,-5.51,-1.5955555555555556
40.828,-5.48,-5.56,-1.6544444444444444
40.848,-5.3,-5.77,-1.7177777777777778
40.868,-4.88,-5.89,-1.78
40.888,-4.67,-6.02,-1.8466666666666667
40.908,-4.15,-6.24,-1.9133333333333333
40.928,-3.76,-6.49,-1.9855555555555555
40.948,-3.15,-6.68,-2.0566666666666666
40.968,-2.73,-6.87,-2.128888888888889
40.988,-2.05,-7.01,-2.2022222222222223
41.008,-1.47,-7.22,-2.28
41.028,-0.7,-7.42,-2.38
41.048,-0.42,-7.49,-2.4433333333333334
41.068,0.12,-7.51,-2.5255555555555556
41.088,0.51,-7.42,-2.651111111111111
41.108,1.67,-7.87,-2.681111111111111
41.128,2.53,-7.85,-2.77
41.148,3.43,-7.9,-2.8533333333333335
41.168,3.96,-7.95,-2.9344444444444444
41.188,4.84,-7.87,-3.017777777777778
41.208,5.49,-7.85,-3.1
41.228,6.69,-7.71,-3.18
41.248,7.38,-7.57,-3.261111111111111
41.268,8.49,-7.37,-3.34
41.288,9.11,-7.25,-3.4133333333333336
41.308,10.57,-7.02,-3.486666666666667
41.328,11.11,-6.5,-3.56
41.348,12.2,-6.13,-3.6222222222222222
41.368,12.67,-5.68,-3.6844444444444444
41.388,13.59,-5.23,-3.7355555555555555
41.408,14.06,-4.88,-3.7944444444444443
41.428,14.71,-4.21,-3.838888888888889
41.448,15.12,-4.02,-3.8444444444444446
41.468,15.77,-3.06,-3.911111111111111
41.488,16.13,-2.62,-3.9444444444444446
41.508,16.38,-1.92,-3.9644444444444447
41.528,16.63,-1.43,-3.9844444444444442
41.548,16.85,-0.1,-3.9744444444444444
41.568,16.72,0.0,-3.9844444444444442
41.588,16.7,0.81,-3.9833333333333334
41.608,16.53,1.38,-3.966666666666667
41.628,16.31,2.04,-3.9455555555555555
41.648,16.12,2.4,-3.922222222222222
41.668,15.64,3.13,-3.891111111111111
41.688,15.22,3.74,-3.851111111111111
41.708,14.5,4.44,-3.801111111111111
41.728,14.03,4.89,-3.75
41.748,13.32,5.28,-3.6955555555555555
41.768,12.76,5.56,-3.631111111111111
41.788,11.77,6.11,-3.57
41.808,11.1,6.48,-3.502222222222222
41.828,10.03,6.73,-3.4322222222222223
41.848,9.36,7.14,-3.358888888888889
41.868,8.47,7.37,-3.2777777777777777
41.888,7.79,7.4,-3.1966666666666668
41.908,6.72,7.56,-3.1166666666666667
41.928,6.11,7.75,-3.0366666666666666
41.948,5.1,7.76,-2.95
41.968,4.55,7.81,-2.861111111111111
41.988,3.6,7.83,-2.7755555555555556
42.008,3.0,7.83,-2.6933333333333334
42.028,2.1,7.67,-2.6066666666666665
42.048,1.51,7.72,-2.52
42.068,0.71,7.66,-2.4355555555555557
42.088,0.18,7.66,-2.352222222222222
42.108,-0.52,7.44,-2.272222222222222
42.128,-0.99,7.34,-2.1911111111111112
42.148,-1.67,7.21,-2.112222222222222
42.168,-2.03,7.03,-2.037777777777778
42.188,-2.62,6.87,-1.9633333333333334
42.208,-3.01,6.74,-1.89
42.228,-3.54,6.54,-1.818888888888889
42.248,-3.91,6.36,-1.748888888888889
42.268,-4.35,6.21,-1.681111111111111
42.288,-4.64,6.06,-1.6111111111111112
42.308,-5.06,5.88,-1.55
42.328,-5.27,5.73,-1.49
42.348,-5.65,5.54,-1.4277777777777778
42.368,-5.86,5.39,-1.3722222222222222
42.388,-6.17,5.22,-1.3111111111111111
42.408,-6.38,5.07,-1.258888888888889
42.428,-6.69,4.79,-1.208888888888889
42.448,-6.8,4.77,-1.1566666666666667
42.468,-7.03,4.6,-1.1077777777777778
42.488,-7.15,4.49,-1.058888888888889
42.508,-7.32,4.33,-1.011111111111111
42.528,-7.46,4.17,-0.97
42.548,-7.62,4.03,-0.9244444444444444
42.568,-7.82,3.76,-0.8811111111111111
42.588,-7.77,3.76,-0.8322222222222222
42.608,-7.87,3.72,-0.7733333333333333
42.628,-8.12,3.42,-0.7544444444444445
42.648,-8.2,3.37,-0.7155555555555555
42.668,-8.36,3.18,-0.6744444444444444
42.688,-8.44,3.04,-0.6366666666666667
42.708,-8.44,3.12,-0.6011111111111112
42.728,-8.52,2.9,-0.5633333333333334
42.748,-8.66,2.74,-0.5255555555555556
42.768,-8.64,2.76,-0.48777777777777775
42.788,-8.67,2.7,-0.45
42.808,-8.71,2.61,-0.4122222222222222
42.828,-8.71,2.53,-0.37666666666666665
42.848,-8.83,2.36,-0.34
42.868,-8.87,2.21,-0.3011111111111111
42.888,-8.86,2.22,-0.2633333333333333
42.908,-8.86,2.16,-0.22111111111111112
42.928,-8.85,2.18,-0.17777777777777778
42.948,-8.89,2.06,-0.1322222222222222
42.968,-8.95,1.93,-0.08666666666666667
42.988,-8.98,1.91,-0.03888888888888889
43.008,-8.98,1.89,0.006666666666666667
43.028,-8.96,1.89,0.058888888888888886
43.048,-8.93,1.91,0.10888888888888888
43.068,-8.92,1.87,0.13666666666666666
43.088,-8.9,1.92,0.19
43.108,-8.88,1.86,0.24666666666666667
43.128,-8.83,1.87,0.30444444444444446
43.148,-8.78,2.0,0.36444444444444446
43.168,-8.72,2.09,0.42444444444444446
43.188,-8.64,2.13,0.4855555555555556
43.208,-8.61,2.12,0.55
43.228,-8.53,2.23,0.6122222222222222
43.248,-8.42,2.44,0.6755555555555556
43.268,-8.29,2.6,0.7422222222222222
43.288,-8.18,2.66,0.8066666666666666
43.308,-8.03,2.82,0.8744444444444445
43.328,-7.95,2.93,0.9388888888888889
43.348,-7.72,3.15,1.0055555555555555
43.368,-7.56,3.36,1.0755555555555556
43.388,-7.35,3.55,1.1433333333333333
43.408,-7.2,3.69,1.211111111111111
43.428,-6.93,3.9,1.2833333333333334
43.448,-6.71,4.1,1.3544444444444443
43.468,-6.39,4.31,1.4266666666666667
43.488,-6.15,4.52,1.5022222222222221
43.508,-5.79,4.79,1.58
43.528,-5.54,4.9,1.6566666666666667
43.548,-5.08,5.24,1.731111111111111
43.568,-4.74,5.52,1.808888888888889
43.588,-4.2,5.99,1.8866666666666667
43.608,-3.96,6.13,1.951111111111111
43.628,-3.43,6.44,2.0188888888888887
43.648,-2.99,6.61,2.0855555555555556
43.668,-2.51,6.74,2.152222222222222
43.688,-1.65,7.08,2.223333333333333
43.708,-1.34,7.18,2.2933333333333334
43.728,-0.91,7.4,2.361111111111111
43.748,0.09,7.54,2.3922222222222222
43.768,0.77,7.59,2.5277777777777777
43.788,1.28,7.69,2.6044444444444443
43.808,2.16,7.82,2.6855555555555557
43.828,2.71,7.82,2.7666666666666666
43.848,3.76,7.8,2.848888888888889
43.868,4.59,7.89,2.933333333333333
43.888,5.47,7.89,3.0166666666666666
43.908,6.02,7.9,3.098888888888889
43.928,6.77,7.72,3.18
43.948,7.75,7.54,3.261111111111111
43.968,8.99,7.33,3.341111111111111
43.988,9.96,6.96,3.4166666666666665
44.008,10.63,6.94,3.49
44.028,11.63,6.38,3.566666666666667
44.048,12.23,6.2,3.6333333333333333
44.068,13.19,5.65,3.727777777777778
44.088,13.81,5.32,3.767777777777778
44.108,14.62,4.79,3.8344444444444443
44.128,15.03,4.3,3.8733333333333335
44.148,15.66,3.7,3.9266666666666667
44.168,16.06,3.11,3.9633333333333334
44.188,16.51,2.38,3.9944444444444445
44.208,16.71,1.85,4.022222222222222
44.228,16.93,1.16,4.041111111111111
44.248,17.04,0.47,4.058888888888889
44.268,17.05,-0.28,4.06
44.288,16.98,-0.84,4.061111111111111
44.308,16.75,-1.69,4.058888888888889
44.328,16.38,-2.46,4.038888888888889
44.348,16.01,-2.92,4.015555555555555
44.368,15.77,-3.37,3.99
44.388,15.32,-3.71,3.9522222222222223
44.408,14.39,-4.62,3.9144444444444444
44.428,13.74,-5.31,3.868888888888889
44.448,12.89,-5.66,3.8155555555555556
44.468,12.3,-6.1,3.758888888888889
44.488,11.64,-6.33,3.6933333333333334
44.508,10.83,-6.58,3.6266666666666665
44.528,9.68,-7.06,3.557777777777778
44.548,8.86,-7.3,3.4788888888888887
44.568,7.85,-7.56,3.4055555555555554
44.588,7.25,-7.59,3.328888888888889
44.608,6.16,-7.64,3.243333333333333
44.628,5.7,-7.88,3.16
44.648,4.44,-7.87,3.0766666666666667
44.668,3.78,-7.87,2.9922222222222223
44.688,2.71,-7.88,2.902222222222222
44.708,2.32,-7.88,2.8155555555555556
44.728,1.36,-7.71,2.727777777777778
44.748,0.78,-7.6,2.632222222222222
44.768,-0.05,-7.66,2.5388888888888888
44.788,-0.65,-7.4,2.4755555555555557
44.808,-1.38,-7.31,2.4
44.828,-1.89,-7.11,2.3133333333333335
44.848,-2.47,-6.88,2.24
44.868,-2.8,-6.77,2.16
44.888,-3.46,-6.59,2.088888888888889
44.908,-3.8,-6.32,2.011111111111111
44.928,-4.38,-6.21,1.9422222222222223
44.948,-4.69,-5.96,1.8722222222222222
44.968,-5.2,-5.76,1.808888888888889
44.988,-5.4,-5.54,1.7477777777777779
45.008,-5.94,-5.29,1.6877777777777778
45.028,-6.06,-5.15,1.6122222222222222
45.048,-6.35,-5.05,1.551111111111111
45.068,-6.55,-4.8,1.498888888888889
45.088,-6.87,-4.61,1.441111111111111
45.108,-7.04,-4.44,1.38
45.128,-7.32,-4.2,1.3288888888888888
45.148,-7.44,-4.02,1.28
45.168,-7.68,-3.84,1.231111111111111
45.188,-7.82,-3.66,1.1855555555555555
45.208,-8.0,-3.49,1.14
45.228,-8.1,-3.34,1.1
45.248,-8.26,-3.19,1.0555555555555556
45.268,-8.34,-3.06,1.0
45.288,-8.45,-2.91,0.9822222222222222
45.308,-8.52,-2.75,0.9455555555555556
45.328,-8.66,-2.55,0.91
45.348,-8.7,-2.4,0.8777777777777778
45.368,-8.82,-2.3,0.8455555555555555
45.388,-8.86,-2.16,0.8166666666666667
45.408,-8.94,-1.98,0.7888888888888889
45.428,-8.98,-1.92,0.76
45.448,-8.98,-1.17,0.7344444444444445
45.468,-9.26,-0.8,0.7
45.488,-8.78,-1.23,0.6511111111111111
45.508,-9.09,-1.75,0.6011111111111112
45.528,-9.1,-0.63,0.5411111111111111
45.548,-9.4,-0.64,0.4822222222222222
45.568,-9.41,-0.05,0.4255555555555556
45.588,-9.47,-0.3,0.3711111111111111
45.608,-9.36,-0.37,0.2911111111111111
45.628,-9.44,-0.63,0.2644444444444444
45.648,-9.35,-0.12,0.17
45.668,-9.46,-0.12,0.14
45.688,-9.34,0.23,0.042222222222222223
45.708,-9.48,-0.05,0.011111111111111112
45.728,-9.35,-0.02,-0.08333333333333333
45.748,-9.38,-0.27,-0.11444444444444445
45.768,-9.25,-0.28,-0.21333333333333335
45.788,-9.33,-0.34,-0.2477777777777778
45.808,-9.31,-0.11,-0.34
45.828,-9.33,-0.35,-0.37
45.848,-9.25,-0.59,-0.46
45.868,-9.25,-0.7,-0.4888888888888889
45.888,-9.19,-0.79,-0.5722222222222222
45.908,-9.18,-0.89,-0.63
45.928,-9.08,-0.87,-0.6833333333333333
45.948,-9.04,-1.02,-0.74
45.968,-8.88,-1.2,-0.7977777777777778
45.988,-8.78,-1.33,-0.8633333333333333
46.008,-8.66,-1.51,-0.9322222222222222
46.028,-8.58,-1.75,-1.0
46.048,-8.47,-2.0,-1.0666666666666667
46.068,-8.39,-2.27,-1.1255555555555556
46.088,-8.24,-2.81,-1.1744444444444444
46.108,-8.23,-2.88,-1.2144444444444444
46.128,-8.02,-3.39,-1.2533333333333334
46.148,-7.83,-3.19,-1.2922222222222222
46.168,-7.78,-3.72,-1.3311111111111111
46.188,-7.43,-3.74,-1.3777777777777778
46.208,-7.24,-4.33,-1.42
46.228,-7.05,-4.25,-1.47
46.248,-6.8,-4.49,-1.5177777777777777
46.268,-6.53,-4.75,-1.5677777777777777
46.288,-6.3,-4.98,-1.6255555555555556
46.308,-6.09,-5.01,-1.68
46.328,-5.77,-5.32,-1.7377777777777779
46.348,-5.44,-5.52,-1.798888888888889
46.368,-5.03,-5.78,-1.8622222222222222
46.388,-4.7,-5.96,-1.9244444444444444
46.408,-4.17,-6.17,-1.9922222222222221
46.428,-3.66,-6.57,-2.06
46.448,-3.08,-6.65,-2.1333333333333333
46.468,-2.8,-6.81,-2.21
46.488,-2.26,-6.95,-2.28
46.508,-1.83,-7.12,-2.3577777777777778
46.528,-1.12,-7.25,-2.4411111111111112
46.548,-0.48,-7.42,-2.5444444444444443
46.568,0.37,-7.61,-2.618888888888889
46.588,0.97,-7.67,-2.6977777777777776
46.608,1.64,-7.74,-2.76
46.628,2.27,-7.92,-2.841111111111111
46.648,3.29,-7.89,-2.9244444444444446
46.668,4.0,-7.87,-3.01
46.688,5.38,-7.86,-3.0933333333333333
46.708,6.03,-7.79,-3.1744444444444446
46.728,7.0,-7.64,-3.2544444444444443
46.748,7.75,-7.56,-3.3377777777777777
46.768,8.92,-7.37,-3.4133333333333336
46.788,9.61,-7.14,-3.49
46.808,10.77,-7.0,-3.5588888888888888
46.828,11.25,-6.46,-3.6266666666666665
46.848,12.31,-6.17,-3.6933333333333334
46.868,12.8,-5.75,-3.7544444444444443
46.888,13.78,-5.2,-3.8088888888888888
46.908,14.28,-4.83,-3.86
46.928,15.02,-4.13,-3.8966666666666665
46.948,15.44,-3.93,-3.931111111111111
46.968,16.12,-2.91,-3.938888888888889
46.988,16.32,-2.59,-3.9988888888888887
47.008,16.7,-1.84,-4.025555555555556
47.028,16.76,-1.31,-4.033333333333333
47.048,16.94,-0.47,-4.0377777777777775
47.068,16.95,0.15,-4.032222222222222
47.088,16.89,0.97,-4.027777777777778
47.108,16.74,1.47,-4.01
47.128,16.44,2.26,-3.9855555555555555
47.148,16.2,2.55,-3.9566666666666666
47.168,15.72,3.13,-3.92
47.188,15.36,3.72,-3.881111111111111
47.208,14.57,4.58,-3.832222222222222
47.228,13.97,4.98,-3.778888888888889
47.248,13.23,5.44,-3.72
47.268,12.68,5.67,-3.6566666666666667
47.288,11.78,6.16,-3.588888888888889
47.308,11.07,6.55,-3.52
47.328,10.03,6.65,-3.46
47.348,9.27,7.19,-3.361111111111111
47.368,8.29,7.35,-3.29
47.388,7.65,7.47,-3.207777777777778
47.408,6.59,7.64,-3.13
47.428,5.97,7.75,-3.0411111111111113
47.448,4.89,7.79,-2.9544444444444444
47.468,4.29,7.85,-2.87
47.488,3.39,7.86,-2.7822222222222224
47.508,2.81,7.81,-2.7
47.528,1.94,7.71,-2.6144444444444446
47.548,1.3,7.7,-2.526666666666667
47.568,0.47,7.55,-2.4444444444444446
47.588,0.0,7.64,-2.362222222222222
47.608,-0.75,7.42,-2.2822222222222224
47.628,-1.19,7.26,-2.207777777777778
47.648,-1.87,7.13,-2.128888888888889
47.668,-2.28,6.94,-2.0533333333333332
47.688,-2.86,6.75,-1.98
47.708,-3.25,6.58,-1.91
47.728,-3.79,6.38,-1.8455555555555556
47.748,-4.16,6.21,-1.7744444444444445
47.768,-4.6,6.01,-1.711111111111111
47.788,-4.9,5.86,-1.6444444444444444
47.808,-5.26,5.65,-1.5855555555555556
47.828,-5.65,5.45,-1.5277777777777777
47.848,-5.87,5.31,-1.47
47.868,-6.2,5.08,-1.4177777777777778
47.888,-6.41,4.95,-1.3622222222222222
47.908,-6.7,4.74,-1.31
47.928,-6.87,4.61,-1.2622222222222221
47.948,-7.09,4.38,-1.2122222222222223
47.968,-7.21,4.27,-1.1655555555555555
47.988,-7.42,4.08,-1.1255555555555556
48.008,-7.54,3.95,-1.0844444444444445
48.028,-7.71,3.76,-1.0433333333333332
48.048,-7.69,3.57,-1.0
48.068,-8.39,3.36,-0.9288888888888889
48.088,-8.09,3.29,-0.9322222222222222
48.108,-8.28,2.97,-0.8988888888888888
48.128,-8.3,3.06,-0.8644444444444445
48.148,-8.37,2.77,-0.83
48.168,-8.55,2.72,-0.7977777777777778
48.188,-8.59,2.54,-0.7611111111111111
48.208,-8.71,2.43,-0.73
48.228,-8.8,2.32,-0.7
48.248,-8.81,2.18,-0.67
48.268,-8.86,2.11,-0.6411111111111111
48.288,-8.94,1.88,-0.6122222222222222
48.308,-8.97,1.8,-0.5811111111111111
48.328,-9.04,1.65,-0.5588888888888889
48.348,-9.05,1.63,-0.5277777777777778
48.368,-9.01,1.69,-0.5
48.388,-9.09,1.57,-0.4666666666666667
48.408,-9.17,1.33,-0.43555555555555553
48.428,-9.18,1.2,-0.41
48.448,-9.2,1.06,-0.38
48.468,-9.24,1.09,-0.3511111111111111
48.488,-9.23,1.1,-0.3211111111111111
48.508,-9.26,0.95,-0.29
48.528,-9.3,0.82,-0.2588888888888889
48.548,-9.33,0.7,-0.22777777777777777
48.568,-9.35,0.73,-0.19666666666666666
48.588,-9.34,0.74,-0.1622222222222222
48.608,-9.33,0.69,-0.12666666666666668
48.628,-9.35,0.62,-0.09111111111111111
48.648,-9.36,0.57,-0.058888888888888886
48.668,-9.34,0.56,-0.022222222222222223
48.688,-9.36,0.62,0.01
48.708,-9.35,0.61,0.04666666666666667
48.728,-9.35,0.61,0.08222222222222222
48.748,-9.36,0.65,0.11555555555555555
48.768,-9.35,0.61,0.15
48.788,-9.35,0.61,0.18777777777777777
48.808,-9.34,0.69,0.22555555555555556
48.828,-9.31,0.79,0.26222222222222225
48.848,-9.27,0.8,0.3022222222222222
48.868,-9.27,0.76,0.34
48.888,-9.23,0.82,0.37777777777777777
48.908,-9.19,0.96,0.42
48.928,-9.15,1.02,0.46444444444444444
48.948,-9.11,1.09,0.5055555555555555
48.968,-9.11,1.17,0.5488888888888889
48.988,-9.03,1.24,0.5922222222222222
49.008,-9.02,1.36,0.6355555555555555
49.028,-8.93,1.48,0.6811111111111111
49.048,-8.86,1.61,0.7277777777777777
49.068,-8.74,1.79,0.7733333333333333
49.088,-8.69,1.86,0.7988888888888889
49.108,-8.59,2.03,0.8677777777777778
49.128,-8.51,2.13,0.8933333333333333
49.148,-8.36,2.38,0.9444444444444444
49.168,-8.26,2.52,0.9933333333333333
49.188,-8.1,2.73,1.0455555555555556
49.208,-7.99,2.84,1.0955555555555556
49.228,-7.81,3.07,1.1477777777777778
49.248,-7.66,3.29,1.2022222222222223
49.268,-7.41,3.6,1.2555555555555555
49.288,-7.28,3.79,1.31
49.308,-7.05,4.08,1.3611111111111112
49.328,-6.87,4.24,1.4155555555555555
49.348,-6.58,4.62,1.4644444444444444
49.368,-6.41,4.75,1.5133333333333334
49.388,-5.93,5.15,1.5622222222222222
49.408,-5.72,5.22,1.6133333333333333
49.428,-5.39,5.49,1.6677777777777778
49.448,-5.1,5.62,1.721111111111111
49.468,-4.67,5.85,1.778888888888889
49.488,-4.35,6.03,1.8388888888888888
49.508,-3.75,6.42,1.9
49.528,-3.41,6.49,1.9622222222222223
49.548,-2.91,6.71,2.033333333333333
49.568,-2.5,6.86,2.1
49.588,-1.91,7.02,2.1666666666666665
49.608,-1.47,7.14,2.238888888888889
49.628,-0.77,7.32,2.3155555555555556
49.648,-0.81,7.41,2.382222222222222
49.668,0.51,7.73,2.418888888888889
49.688,1.22,7.6,2.551111111111111
49.708,2.14,7.8,2.631111111111111
49.728,2.65,7.8,2.7111111111111112
49.748,3.5,7.75,2.7955555555555556
49.768,3.98,7.81,2.878888888888889
49.788,5.13,7.88,2.96
49.808,5.9,7.83,3.0411111111111113
49.828,6.94,7.87,3.1233333333333335
49.848,7.49,7.57,3.2022222222222223
49.868,8.58,7.52,3.283333333333333
49.888,9.1,7.13,3.362222222222222
49.908,10.3,7.05,3.44
49.928,10.9,6.61,3.5122222222222224
49.948,11.91,6.35,3.5833333333333335
49.968,12.48,5.96,3.667777777777778
49.988,13.34,5.58,3.7144444444444447
50.008,13.92,5.07,3.7844444444444445
50.028,14.7,4.51,3.8255555555555554
50.048,15.14,4.02,3.8777777777777778
50.068,15.78,3.38,3.9233333333333333
50.088,16.08,2.87,3.953333333333333
50.108,16.49,2.16,3.9833333333333334
50.128,16.65,1.64,4.006666666666667
50.148,16.86,0.68,4.022222222222222
50.168,16.99,0.23,4.0311111111111115
50.188,16.9,-0.68,4.035555555555556
50.208,16.85,-1.1,4.027777777777778
50.228,16.54,-1.93,4.016666666666667
50.248,16.35,-2.35,3.9955555555555557
50.268,16.04,-2.83,3.97
50.288,15.66,-3.32,3.94
50.308,14.85,-4.24,3.902222222222222
50.328,14.22,-4.81,3.861111111111111
50.348,13.43,-5.21,3.807777777777778
50.368,12.9,-5.76,3.7511111111111113
50.388,12.17,-5.96,3.688888888888889
50.408,11.47,-6.38,3.628888888888889
50.428,10.35,-6.84,3.56
50.448,9.57,-7.11,3.4877777777777776
50.468,8.6,-7.38,3.4077777777777776
50.488,7.97,-7.44,3.3266666666666667
50.508,7.05,-7.66,3.2511111111111113
50.528,6.26,-7.71,3.1666666666666665
50.548,5.12,-7.77,3.082222222222222
50.568,4.48,-7.92,2.9966666666666666
50.588,3.44,-7.92,2.91
50.608,2.91,-7.8,2.8255555555555554
50.628,2.04,-7.78,2.736666666666667
50.648,1.49,-7.61,2.6333333333333333
50.668,0.45,-7.69,2.5522222222222224
50.688,-0.02,-7.53,2.4844444444444442
50.708,-0.78,-7.35,2.401111111111111
50.728,-1.2,-7.26,2.3055555555555554
50.748,-1.84,-7.18,2.24
50.768,-2.34,-7.04,2.1644444444444444
50.788,-3.2,-6.72,2.0855555555555556
50.808,-3.58,-6.48,2.01
50.828,-4.17,-6.3,1.9377777777777778
50.848,-4.44,-6.19,1.87
50.868,-4.92,-5.95,1.801111111111111
50.888,-5.21,-5.77,1.7366666666666666
50.908,-5.62,-5.53,1.6788888888888889
50.928,-5.88,-5.37,1.6066666666666667
50.948,-6.19,-5.2,1.5377777777777777
50.968,-6.35,-5.05,1.4755555555555555
50.988,-6.69,-4.8,1.4255555555555555
51.008,-6.89,-4.69,1.36
51.028,-7.12,-4.47,1.3066666666666666
51.048,-7.28,-4.34,1.2544444444444445
51.068,-7.5,-4.11,1.2033333333333334
51.088,-7.67,-4.01,1.1522222222222223
51.108,-7.82,-3.75,1.1077777777777778
51.128,-7.99,-3.66,1.058888888888889
51.148,-8.12,-3.41,1.018888888888889
51.168,-8.23,-3.37,0.9744444444444444
51.188,-8.34,-3.14,0.9344444444444444
51.208,-8.43,-3.08,0.8977777777777778
51.228,-8.5,-2.89,0.86
51.248,-8.71,-2.61,0.8222222222222222
51.268,-8.78,-2.3,0.7833333333333333
51.288,-8.8,-2.26,0.74
51.308,-8.63,-2.58,0.7
51.328,-8.82,-2.34,0.6522222222222223
51.348,-8.96,-1.71,0.6011111111111112
51.368,-9.07,-1.71,0.5555555555555556
51.388,-9.09,-1.48,0.5022222222222222
51.408,-9.14,-1.49,0.4577777777777778
51.428,-9.13,-1.59,0.4066666666666667
51.448,-9.17,-1.53,0.3566666666666667
51.468,-9.19,-1.27,0.30444444444444446
51.488,-9.26,-1.19,0.2544444444444444
51.508,-9.27,-1.18,0.20333333333333334
51.528,-9.29,-1.22,0.15444444444444444
51.548,-9.29,-1.22,0.11
51.568,-9.28,-1.2,0.057777777777777775
51.588,-9.3,-1.15,0.01
51.608,-9.28,-1.1,-0.04
51.628,-9.24,-1.19,-0.09
51.648,-9.23,-1.29,-0.14
51.668,-9.23,-1.31,-0.1922222222222222
51.688,-9.21,-1.25,-0.24
51.708,-9.2,-1.31,-0.2877777777777778
51.728,-9.18,-1.38,-0.33555555555555555
51.748,-9.14,-1.46,-0.38333333333333336
51.768,-9.07,-1.6,-0.43222222222222223
51.788,-9.0,-1.65,-0.48333333333333334
51.808,-8.99,-1.64,-0.5377777777777778
51.828,-8.96,-1.73,-0.5888888888888889
51.848,-8.86,-1.86,-0.6411111111111111
51.868,-8.78,-1.99,-0.7
51.888,-8.71,-2.01,-0.7566666666666667
51.908,-8.64,-2.16,-0.82
51.928,-8.53,-2.21,-0.8822222222222222
51.948,-8.35,-2.46,-0.9466666666666667
51.968,-8.23,-2.63,-1.0155555555555555
51.988,-8.08,-2.84,-1.0822222222222222
52.008,-7.94,-3.06,-1.1466666666666667
52.028,-7.82,-3.21,-1.211111111111111
52.048,-7.53,-3.56,-1.2766666666666666
52.068,-7.37,-3.8,-1.34
52.088,-7.09,-4.08,-1.3988888888888888
52.108,-6.95,-4.33,-1.4577777777777778
52.128,-6.57,-4.78,-1.5155555555555555
52.148,-6.4,-4.78,-1.57
52.168,-5.97,-5.23,-1.6277777777777778
52.188,-5.66,-5.33,-1.6833333333333333
52.208,-5.3,-5.67,-1.7422222222222221
52.228,-5.02,-5.74,-1.8066666666666666
52.248,-4.52,-6.09,-1.8677777777777778
52.268,-4.26,-6.13,-1.9333333333333333
52.288,-3.65,-6.46,-2.002222222222222
52.308,-3.26,-6.61,-2.0722222222222224
52.328,-2.65,-6.9,-2.1444444444444444
52.348,-2.24,-6.92,-2.218888888888889
52.368,-1.46,-7.27,-2.2944444444444443
52.388,-0.99,-7.27,-2.381111111111111
52.408,-0.33,-7.5,-2.466666666666667
52.428,0.09,-7.52,-2.533333333333333
52.448,0.79,-7.55,-2.637777777777778
52.468,1.59,-7.82,-2.716666666666667
52.488,2.66,-7.99,-2.7744444444444443
52.508,3.32,-7.83,-2.86
52.528,4.2,-7.96,-2.942222222222222
52.548,4.78,-7.85,-3.0244444444444443
52.568,5.8,-7.81,-3.111111111111111
52.588,6.58,-7.75,-3.19
52.608,7.71,-7.56,-3.2733333333333334
52.628,8.47,-7.38,-3.35
52.648,9.44,-7.23,-3.4266666666666667
52.668,9.99,-6.89,-3.502222222222222
52.688,11.06,-6.56,-3.5744444444444445
52.708,11.76,-6.25,-3.6366666666666667
52.728,12.7,-5.72,-3.6966666666666668
52.748,13.41,-5.48,-3.7577777777777777
52.768,14.1,-4.89,-3.8133333333333335
52.788,14.72,-4.67,-3.86
52.808,15.28,-4.02,-3.9
52.828,15.86,-2.91,-3.8722222222222222
52.848,16.21,-2.65,-3.9722222222222223
52.868,16.35,-2.14,-3.9922222222222223
52.888,16.7,-1.48,-4.012222222222222
52.908,16.83,-0.75,-4.02
52.928,16.89,0.04,-4.018888888888889
52.948,16.89,0.48,-4.017777777777778
52.968,16.73,1.25,-4.006666666666667
52.988,16.54,1.71,-3.99
53.008,16.27,2.39,-3.966666666666667
53.028,15.9,3.02,-3.933333333333333
53.048,15.32,3.77,-3.8944444444444444
53.068,14.9,4.27,-3.848888888888889
53.088,14.15,4.81,-3.8
53.108,13.68,5.1,-3.7444444444444445
53.128,12.85,5.58,-3.681111111111111
53.148,12.15,6.02,-3.62
53.168,11.12,6.51,-3.5544444444444445
53.188,10.47,6.74,-3.4855555555555555
53.208,9.6,7.11,-3.4044444444444446
53.228,8.81,7.24,-3.33
53.248,7.77,7.42,-3.252222222222222
53.268,7.08,7.54,-3.17
53.288,6.05,7.8,-3.09
53.308,5.45,7.71,-3.002222222222222
53.328,4.51,7.84,-2.9155555555555557
53.348,3.88,7.84,-2.827777777777778
53.368,2.9,7.84,-2.7455555555555557
53.388,2.33,7.74,-2.6577777777777776
53.408,1.45,7.65,-2.57
53.428,0.87,7.37,-2.488888888888889
53.448,0.16,7.63,-2.4044444444444446
53.468,-0.32,7.31,-2.3244444444444445
53.488,-1.32,7.16,-2.2444444444444445
53.508,-1.71,7.21,-2.1666666666666665
53.528,-2.37,6.93,-2.088888888888889
53.548,-2.69,6.8,-2.013333333333333
53.568,-3.27,6.58,-1.9422222222222223
53.588,-3.64,6.49,-1.8733333333333333
53.608,-4.07,6.21,-1.8022222222222222
53.628,-4.48,6.14,-1.738888888888889
53.648,-4.86,5.9,-1.67
53.668,-5.19,5.72,-1.6077777777777778
53.688,-5.53,5.53,-1.5477777777777777
53.708,-5.79,5.42,-1.4877777777777779
53.728,-6.15,5.11,-1.4322222222222223
53.748,-6.34,5.01,-1.3788888888888888
53.768,-6.54,4.88,-1.3233333333333333
53.788,-6.78,4.66,-1.2744444444444445
53.808,-6.98,4.54,-1.2244444444444444
53.828,-7.15,4.49,-1.1755555555555555
53.848,-7.36,4.17,-1.1322222222222222
53.868,-7.51,4.05,-1.0855555555555556
53.888,-7.68,3.89,-1.0455555555555556
53.908,-7.75,3.76,-1.0022222222222221
53.928,-7.73,3.62,-0.9622222222222222
53.948,-8.21,3.58,-0.89
53.968,-8.12,3.35,-0.8911111111111111
53.988,-8.21,3.23,-0.8577777777777778
54.008,-8.32,3.11,-0.8255555555555556
54.028,-8.41,2.92,-0.7922222222222223
54.048,-8.51,2.77,-0.76
54.068,-8.56,2.68,-0.7266666666666667
54.088,-8.67,2.55,-0.7
54.108,-8.71,2.49,-0.6666666666666666
54.128,-8.81,2.33,-0.6355555555555555
54.148,-8.87,2.24,-0.6066666666666667
54.168,-8.91,2.08,-0.58
54.188,-8.96,2.01,-0.5511111111111111
54.208,-8.99,1.89,-0.5255555555555556
54.228,-9.01,1.77,-0.49666666666666665
54.248,-9.09,1.68,-0.4677777777777778
54.268,-9.05,1.69,-0.44
54.288,-9.11,1.58,-0.41
54.308,-9.13,1.5,-0.38333333333333336
54.328,-9.14,1.37,-0.35555555555555557
54.348,-9.17,1.27,-0.32555555555555554
54.368,-9.24,1.15,-0.29777777777777775
54.388,-9.25,1.13,-0.2677777777777778
54.408,-9.26,1.1,-0.23333333333333334
54.428,-9.3,1.04,-0.2011111111111111
54.448,-9.3,0.97,-0.16666666666666666
54.468,-9.34,0.88,-0.13333333333333333
54.488,-9.31,0.83,-0.1
54.508,-9.31,0.83,-0.06
54.528,-9.33,0.85,-0.025555555555555557
54.548,-9.31,0.9,0.01
54.568,-9.33,0.81,0.04888888888888889
54.588,-9.33,0.73,0.08444444444444445
54.608,-9.33,0.83,0.12333333333333334
54.628,-9.26,0.85,0.16111111111111112
54.648,-9.22,0.9,0.20333333333333334
54.668,-9.25,0.91,0.24444444444444444
54.688,-9.23,0.91,0.28888888888888886
54.708,-9.2,0.93,0.33
54.728,-9.16,1.02,0.37444444444444447
54.748,-9.15,1.07,0.41888888888888887
54.768,-9.1,1.18,0.46444444444444444
54.788,-9.06,1.26,0.5133333333333333
54.808,-9.02,1.34,0.56
54.828,-8.97,1.43,0.61
54.848,-8.88,1.58,0.6588888888888889
54.868,-8.8,1.68,0.7066666666666667
54.888,-8.71,1.8,0.7611111111111111
54.908,-8.64,1.91,0.8133333333333334
54.928,-8.5,2.12,0.8666666666666667
54.948,-8.41,2.24,0.9177777777777778
54.968,-8.25,2.44,0.9733333333333334
54.988,-8.15,2.6,1.03
55.008,-7.98,2.82,1.0555555555555556
55.028,-7.85,2.96,1.14
55.048,-7.64,3.19,1.1677777777777778
55.068,-7.48,3.36,1.2577777777777779
55.088,-7.25,3.62,1.2855555555555556
55.108,-7.09,3.8,1.3455555555555556
55.128,-6.75,4.16,1.4066666666666667
55.148,-6.51,4.52,1.4655555555555555
55.168,-6.28,4.91,1.5255555555555556
55.188,-6.04,4.98,1.5744444444444445
55.208,-5.74,5.24,1.65
55.228,-5.52,5.21,1.68
55.248,-5.0,5.66,1.7322222222222223
55.268,-4.79,5.84,1.788888888888889
55.288,-4.41,5.96,1.8477777777777777
55.308,-3.98,6.32,1.9066666666666667
55.328,-3.46,6.5,1.971111111111111
55.348,-3.1,6.6,2.037777777777778
55.368,-2.43,6.9,2.102222222222222
55.388,-2.06,6.88,2.1755555555555555
55.408,-1.45,7.14,2.2444444444444445
55.428,-0.96,7.28,2.32
55.448,-0.86,7.41,2.39
55.468,0.2,7.56,2.398888888888889
55.488,1.29,7.64,2.551111111111111
55.508,1.98,7.76,2.6733333333333333
55.528,2.76,7.82,2.7133333333333334
55.548,3.29,7.88,2.84
55.568,4.12,7.75,2.878888888888889
55.588,4.81,7.92,2.96
55.608,6.07,7.9,3.0455555555555556
55.628,6.66,7.66,3.1255555555555556
55.648,7.63,7.55,3.21
55.668,8.32,7.46,3.2866666666666666
55.688,9.28,7.17,3.3666666666666667
55.708,10.09,7.0,3.442222222222222
55.728,11.08,6.61,3.5144444444444445
55.748,11.78,6.5,3.5877777777777777
55.768,12.69,5.84,3.6655555555555557
55.788,13.22,5.77,3.7177777777777776
55.808,14.06,4.99,3.7888888888888888
55.828,14.56,4.69,3.8333333333333335
55.848,15.28,3.93,3.91
55.868,15.71,3.59,3.9522222222222223
55.888,16.13,2.78,3.9755555555555557
55.908,16.48,2.33,3.9922222222222223
55.928,16.8,1.5,4.024444444444445
55.948,16.88,1.02,4.036666666666667
55.968,17.04,0.11,4.0488888888888885
55.988,16.99,-0.45,4.045555555555556
56.008,16.85,-1.23,4.0344444444444445
56.028,16.68,-1.74,4.027777777777778
56.048,16.38,-2.45,4.0
56.068,16.18,-2.67,3.9855555555555555
56.088,15.25,-3.8,3.9433333333333334
56.108,14.71,-4.42,3.922222222222222
56.128,13.81,-5.15,3.851111111111111
56.148,13.1,-5.62,3.798888888888889
56.168,12.69,-5.81,3.74
56.188,11.68,-6.24,3.678888888888889
56.208,10.93,-6.6,3.6133333333333333
56.228,9.76,-7.08,3.54
56.248,9.11,-7.19,3.47
56.268,8.19,-7.49,3.3944444444444444
56.288,7.56,-7.51,3.3088888888888888
56.308,6.4,-7.55,3.2266666666666666
56.328,5.81,-7.81,3.1466666666666665
56.348,4.61,-7.84,3.062222222222222
56.368,3.99,-7.85,2.9744444444444444
56.388,3.1,-7.89,2.89
56.408,2.48,-7.83,2.8044444444444445
56.428,1.52,-7.57,2.712222222222222
56.448,0.93,-7.77,2.601111111111111
56.468,0.06,-7.56,2.5455555555555556
56.488,-0.4,-7.42,2.4677777777777776
56.508,-1.09,-7.24,2.38
56.528,-1.59,-7.17,2.2944444444444443
56.548,-2.26,-7.03,2.2222222222222223
56.568,-2.71,-6.79,2.1455555555555557
56.588,-3.37,-6.62,2.07
56.608,-3.69,-6.44,1.998888888888889
56.628,-4.05,-6.3,1.9244444444444444
56.648,-4.57,-6.07,1.8566666666666667
56.668,-4.87,-5.92,1.79
56.688,-5.3,-5.7,1.73
56.708,-5.58,-5.53,1.6688888888888889
56.728,-5.93,-5.36,1.5933333333333333
56.748,-6.13,-5.15,1.528888888888889
56.768,-6.49,-5.0,1.4733333333333334
56.788,-6.8,-4.72,1.4177777777777778
56.808,-6.95,-4.6,1.3577777777777778
56.828,-7.21,-4.35,1.3055555555555556
56.848,-7.35,-4.24,1.2544444444444445
56.868,-7.55,-4.01,1.2033333333333334
56.888,-7.71,-3.87,1.1555555555555554
56.908,-7.91,-3.64,1.1111111111111112
56.928,-8.02,-3.52,1.0677777777777777
56.948,-8.17,-3.3,1.0244444444444445
56.968,-8.26,-3.21,0.9877777777777778
56.988,-8.4,-3.04,0.9488888888888889
57.008,-8.45,-2.98,0.91
57.028,-8.55,-2.57,0.8711111111111111
57.048,-8.79,-2.28,0.83
57.068,-8.75,-2.05,0.7822222222222223
57.088,-8.61,-2.2,0.73
57.108,-8.77,-2.2,0.6766666666666666
57.128,-8.88,-1.6,0.6155555555555555
57.148,-9.07,-1.47,0.5577777777777778
57.168,-9.13,-1.17,0.49777777777777776
57.188,-9.19,-1.09,0.4388888888888889
57.208,-9.17,-1.1,0.37777777777777777
57.228,-9.22,-1.19,0.3111111111111111
57.248,-9.21,-0.92,0.24333333333333335
57.268,-9.29,-0.72,0.17777777777777778
57.288,-9.23,-0.65,0.10444444444444445
57.308,-9.25,-0.77,0.035555555555555556
57.328,-9.25,-0.79,-0.03666666666666667
57.348,-9.23,-0.87,-0.10777777777777778
57.368,-9.23,-0.82,-0.17777777777777778
57.388,-9.23,-0.79,-0.24555555555555555
57.408,-9.17,-0.98,-0.31333333333333335
57.428,-9.14,-1.2,-0.3788888888888889
57.448,-9.09,-1.27,-0.44
57.468,-9.01,-1.33,-0.5077777777777778
57.488,-8.97,-1.46,-0.57
57.508,-8.92,-1.58,-0.6311111111111111
57.528,-8.84,-1.66,-0.6933333333333334
57.548,-8.76,-1.91,-0.7533333333333333
57.568,-8.63,-2.01,-0.8177777777777778
57.588,-8.49,-2.25,-0.8777777777777778
57.608,-8.42,-2.39,-0.94
57.628,-8.34,-2.56,-1.001111111111111
57.648,-8.21,-2.65,-1.0655555555555556
57.668,-8.01,-2.96,-1.1244444444444444
57.688,-7.79,-3.29,-1.1866666666666668
57.708,-7.57,-3.75,-1.2455555555555555
57.728,-7.3,-4.26,-1.298888888888889
57.748,-7.17,-4.28,-1.3455555555555556
57.768,-7.28,-4.27,-1.39
57.788,-6.9,-4.37,-1.4422222222222223
57.808,-6.73,-4.86,-1.4922222222222221
57.828,-6.34,-4.86,-1.5466666666666666
57.848,-6.19,-5.13,-1.6
57.868,-5.7,-5.42,-1.66
57.888,-5.47,-5.61,-1.7177777777777778
57.908,-5.01,-5.78,-1.78
57.928,-4.74,-5.95,-1.8444444444444446
57.948,-4.31,-6.12,-1.91
57.968,-3.96,-6.35,-1.98
57.988,-3.35,-6.59,-2.05
58.008,-3.05,-6.69,-2.1244444444444444
58.028,-2.36,-6.87,-2.1955555555555555
58.048,-1.86,-7.15,-2.2711111111111113
58.068,-1.2,-7.22,-2.3533333333333335
58.088,-0.68,-7.4,-2.4544444444444444
58.108,0.05,-7.53,-2.5166666666666666
58.128,0.37,-7.46,-2.6155555555555554
58.148,1.44,-7.81,-2.69
58.168,2.08,-7.79,-2.7577777777777777
58.188,3.04,-7.84,-2.84
58.208,3.65,-7.95,-2.9233333333333333
58.228,4.58,-7.85,-3.0033333333333334
58.248,5.27,-7.86,-3.0866666666666664
58.268,6.31,-7.73,-3.168888888888889
58.288,7.04,-7.64,-3.25
58.308,8.12,-7.46,-3.33
58.328,8.77,-7.3,-3.408888888888889
58.348,9.77,-6.97,-3.48
58.368,10.65,-7.0,-3.5533333333333332
58.388,11.49,-6.4,-3.6166666666666667
58.408,12.21,-6.09,-3.681111111111111
58.428,13.16,-5.66,-3.741111111111111
58.448,13.66,-5.19,-3.7955555555555556
58.468,14.5,-4.68,-3.8466666666666667
58.488,14.91,-4.23,-3.88
58.508,15.39,-3.85,-3.8644444444444446
58.528,15.92,-3.16,-3.96
58.548,16.3,-2.36,-3.9788888888888887
58.568,16.53,-1.86,-4.0
58.588,16.76,-1.09,-4.007777777777778
58.608,16.81,-0.55,-4.007777777777778
58.628,16.89,0.23,-4.01
58.648,16.76,0.9,-4.0
58.668,16.54,1.68,-3.9788888888888887
58.688,16.37,2.15,-3.9544444444444444
58.708,16.09,2.75,-3.921111111111111
58.728,15.5,3.25,-3.887777777777778
58.748,14.88,4.29,-3.8433333333333333
58.768,14.29,4.73,-3.7933333333333334
58.788,13.53,5.32,-3.74
58.808,13.0,5.55,-3.68
58.828,12.15,5.93,-3.6144444444444446
58.848,11.53,6.28,-3.55
58.868,10.38,6.87,-3.4811111111111113
58.888,9.6,6.96,-3.4122222222222223
58.908,8.7,7.17,-3.3266666666666667
58.928,8.12,7.27,-3.2466666666666666
58.948,7.1,7.52,-3.1655555555555557
58.968,6.46,7.68,-3.09
58.988,5.38,7.73,-3.0011111111111113
59.008,4.69,7.76,-2.91
59.028,3.82,7.84,-2.8266666666666667
59.048,3.21,7.85,-2.7422222222222223
59.068,2.34,7.77,-2.6566666666666667
59.088,1.71,7.78,-2.57
59.108,0.84,7.33,-2.486666666666667
59.128,0.32,7.56,-2.4044444444444446
59.148,-0.37,7.26,-2.321111111111111
59.168,-0.76,7.44,-2.243333333333333
59.188,-1.48,7.1,-2.1633333333333336
59.208,-1.91,7.1,-2.088888888888889
59.228,-2.54,6.89,-2.0122222222222224
59.248,-2.95,6.72,-1.94
59.268,-3.47,6.52,-1.8666666666666667
59.288,-3.87,6.44,-1.801111111111111
59.308,-4.29,6.16,-1.73
59.328,-4.63,6.06,-1.6655555555555555
59.348,-4.99,5.79,-1.6
59.368,-5.31,5.72,-1.5422222222222222
59.388,-5.6,5.5,-1.48
59.408,-5.85,5.41,-1.4233333333333333
59.428,-6.19,5.16,-1.3677777777777778
59.448,-6.36,5.08,-1.3122222222222222
59.468,-6.65,4.85,-1.2633333333333334
59.488,-6.83,4.61,-1.211111111111111
59.508,-7.07,4.5,-1.1622222222222223
59.528,-7.19,4.35,-1.1166666666666667
59.548,-7.4,4.25,-1.07
59.568,-7.47,4.1,-1.0255555555555556
59.588,-7.67,3.96,-0.9866666666666667
59.608,-7.8,3.8,-0.9444444444444444
59.628,-7.83,3.62,-0.9011111111111111
59.648,-8.01,3.58,-0.8255555555555556
59.668,-8.12,3.34,-0.8333333333333334
59.688,-8.22,3.31,-0.8
59.708,-8.33,3.18,-0.7688888888888888
59.728,-8.43,3.07,-0.7333333333333333
59.748,-8.5,2.95,-0.7055555555555556
59.768,-8.57,2.88,-0.6766666666666666
59.788,-8.66,2.72,-0.6455555555555555
59.808,-8.72,2.61,-0.6188888888888889
59.828,-8.78,2.49,-0.5933333333333334
59.848,-8.8,2.44,-0.5677777777777778
59.868,-8.87,2.34,-0.5433333333333333
59.888,-8.91,2.31,-0.52
59.908,-8.96,2.16,-0.4988888888888889
59.928,-9.03,1.77,-0.47
59.948,-9.05,1.91,-0.44555555555555554
59.968,-9.0,1.75,-0.41888888888888887
59.988,-9.07,1.61,-0.39111111111111113
60.008,-9.09,1.65,-0.36
