3.888,9.76,-0.5,-0.0011111111111111111
3.908,9.78,-0.48,0.0
3.928,9.76,-0.49,0.0
3.948,9.78,-0.49,0.0
3.968,9.77,-0.49,0.0
3.988,9.76,-0.5,0.0011111111111111111
4.008,9.76,-0.5,0.0
4.028,9.76,-0.49,-0.0011111111111111111
4.048,9.76,-0.5,0.0
4.068,9.76,-0.51,0.0
4.088,9.76,-0.5,0.0
4.108,9.75,-0.51,0.0
4.128,9.76,-0.5,0.0
4.148,9.77,-0.53,0.0
4.168,9.77,-0.51,0.0
4.188,9.76,-0.52,0.0
4.208,9.78,-0.52,0.0
4.228,9.78,-0.53,0.0
4.248,9.78,-0.51,0.0011111111111111111
4.268,9.76,-0.5,-0.0011111111111111111
4.288,9.8,-0.49,0.0
4.308,9.77,-0.51,0.0
4.328,9.75,-0.51,0.0
4.348,9.77,-0.49,0.0011111111111111111
4.368,9.74,-0.49,0.0
4.388,9.74,-0.5,0.0011111111111111111
4.408,9.75,-0.49,0.0
4.428,9.76,-0.52,0.0
4.448,9.76,-0.5,0.0
4.468,9.76,-0.53,0.0
4.488,9.78,-0.5,-0.0011111111111111111
4.508,9.78,-0.51,0.0
4.528,9.76,-0.5,0.0
4.548,9.77,-0.5,0.0
4.568,9.77,-0.51,0.0
4.588,9.78,-0.51,0.0
4.608,9.78,-0.5,0.0
4.628,9.75,-0.48,0.0
4.648,9.73,-0.5,0.0
4.668,9.75,-0.51,0.0
4.688,9.77,-0.51,0.0
4.708,9.76,-0.5,0.0
4.728,9.77,-0.5,0.0
4.748,9.77,-0.49,0.0
4.768,9.76,-0.51,-0.0011111111111111111
4.788,9.8,-0.5,0.0
4.808,9.77,-0.51,0.0
4.828,9.76,-0.49,0.0
4.848,9.77,-0.49,0.0
4.868,9.76,-0.62,0.0
4.888,9.79,-0.42,0.0
4.908,9.76,-0.52,0.0
4.928,9.76,-0.53,0.0033333333333333335
4.948,9.74,-0.6,0.0
4.968,9.75,-0.6,0.0044444444444444444
4.988,9.73,-0.64,0.01
5.008,9.77,-0.67,0.016666666666666666
5.028,9.76,-0.68,0.025555555555555557
5.048,9.77,-0.71,0.03777777777777778
5.068,9.75,-0.75,0.04888888888888889
5.088,9.77,-0.85,0.06333333333333334
5.108,9.78,-0.8,0.07888888888888888
5.128,9.78,-0.8,0.09444444444444444
5.148,9.79,-0.88,0.11
5.168,9.76,-0.96,0.12777777777777777
5.188,9.76,-1.01,0.14333333333333334
5.208,9.76,-0.99,0.16111111111111112
5.228,9.78,-1.0,0.18
5.248,9.77,-1.09,0.19666666666666666
5.268,9.75,-1.16,0.21222222222222223
5.288,9.75,-1.2,0.23
5.308,9.75,-1.17,0.24666666666666667
5.328,9.76,-1.24,0.26
5.348,9.78,-1.27,0.28
5.368,9.75,-1.35,0.2922222222222222
5.388,9.76,-1.41,0.3088888888888889
5.408,9.73,-1.41,0.3211111111111111
5.428,9.71,-1.5,0.33666666666666667
5.448,9.76,-1.49,0.3511111111111111
5.468,9.74,-1.42,0.36333333333333334
5.488,9.75,-1.32,0.37
5.508,9.74,-1.45,0.37777777777777777
5.528,9.69,-1.59,0.3711111111111111
5.548,9.61,-1.8,0.35888888888888887
5.568,9.62,-1.57,0.3433333333333333
5.588,9.64,-1.31,0.33
5.608,9.67,-1.46,0.32
5.628,9.63,-1.78,0.30777777777777776
5.648,9.54,-1.91,0.29333333333333333
5.668,9.56,-1.66,0.28
5.688,9.58,-1.7,0.2633333333333333
5.708,9.56,-1.86,0.25
5.728,9.55,-1.99,0.23333333333333334
5.748,9.52,-1.99,0.21777777777777776
5.768,9.5,-1.88,0.2
5.788,9.53,-1.99,0.18222222222222223
5.808,9.51,-1.99,0.16555555555555557
5.828,9.44,-2.05,0.14777777777777779
5.848,9.47,-2.1,0.13
5.868,9.44,-2.03,0.11
5.888,9.44,-2.06,0.09444444444444444
5.908,9.46,-2.14,0.07555555555555556
5.928,9.39,-2.11,0.05555555555555555
5.948,9.4,-2.11,0.03666666666666667
5.968,9.42,-2.14,0.02
5.988,9.44,-2.12,0.0011111111111111111
6.008,9.46,-2.13,-0.015555555555555555
6.028,9.46,-2.15,-0.03333333333333333
6.048,9.46,-2.12,-0.052222222222222225
6.068,9.48,-2.13,-0.06888888888888889
6.088,9.46,-2.1,-0.08555555555555555
6.108,9.46,-2.06,-0.10111111111111111
6.128,9.47,-2.05,-0.12
6.148,9.45,-2.07,-0.13777777777777778
6.168,9.48,-2.04,-0.15222222222222223
6.188,9.46,-1.97,-0.16777777777777778
6.208,9.47,-1.95,-0.18555555555555556
6.228,9.52,-1.93,-0.2
6.248,9.5,-1.9,-0.21444444444444444
6.268,9.55,-1.87,-0.22777777777777777
6.288,9.58,-1.8,-0.24555555555555555
6.308,9.57,-1.78,-0.25666666666666665
6.328,9.61,-1.74,-0.2688888888888889
6.348,9.63,-1.7,-0.2833333333333333
6.368,9.65,-1.63,-0.29555555555555557
6.388,9.64,-1.6,-0.30777777777777776
6.408,9.54,-0.95,-0.3188888888888889
6.428,9.78,-1.36,-0.33666666666666667
6.448,9.71,-1.39,-0.3611111111111111
6.468,9.7,-1.19,-0.38333333333333336
6.488,9.66,-0.83,-0.4088888888888889
6.508,9.72,-0.7,-0.4288888888888889
6.528,9.76,-0.88,-0.4477777777777778
6.548,9.77,-0.6,-0.47333333333333333
6.568,9.82,-0.29,-0.5
6.588,9.87,-0.11,-0.5311111111111111
6.608,9.96,-0.06,-0.57
6.628,9.98,-0.01,-0.61
6.648,10.08,0.18,-0.6522222222222223
6.668,10.07,0.34,-0.6922222222222222
6.688,10.04,0.0,-0.73
6.708,10.05,-0.37,-0.7544444444444445
6.728,10.08,0.13,-0.7622222222222222
6.748,9.85,0.57,-0.7566666666666667
6.768,10.02,0.22,-0.7444444444444445
6.788,10.03,-0.11,-0.7355555555555555
6.808,9.85,0.25,-0.73
6.828,9.91,0.6,-0.7211111111111111
6.848,9.96,0.85,-0.7077777777777777
6.868,9.95,0.83,-0.6933333333333334
6.888,9.92,0.78,-0.68
6.908,9.94,0.82,-0.6633333333333333
6.928,9.87,1.16,-0.6488888888888888
6.948,9.85,1.27,-0.63
6.968,9.86,1.31,-0.61
6.988,9.79,1.32,-0.59
7.008,9.7,1.44,-0.57
7.028,9.65,1.51,-0.55
7.048,9.67,1.69,-0.5255555555555556
7.068,9.59,1.75,-0.5011111111111111
7.088,9.53,1.78,-0.4777777777777778
7.108,9.51,1.84,-0.45222222222222225
7.128,9.49,1.93,-0.4255555555555556
7.148,9.49,2.01,-0.3988888888888889
7.168,9.47,2.13,-0.37
7.188,9.43,2.15,-0.3411111111111111
7.208,9.43,2.16,-0.31333333333333335
7.228,9.42,2.2,-0.28555555555555556
7.248,9.36,2.29,-0.25333333333333335
7.268,9.35,2.35,-0.22555555555555556
7.288,9.32,2.34,-0.19555555555555557
7.308,9.31,2.3,-0.16111111111111112
7.328,9.29,2.37,-0.1322222222222222
7.348,9.28,2.4,-0.09888888888888889
7.368,9.25,2.48,-0.06777777777777778
7.388,9.27,2.42,-0.03666666666666667
7.408,9.27,2.4,-0.0044444444444444444
7.428,9.28,2.43,0.023333333333333334
7.448,9.27,2.43,0.058888888888888886
7.468,9.31,2.22,0.08777777777777777
7.488,9.37,2.31,0.12111111111111111
7.508,9.33,2.24,0.16
7.528,9.35,2.17,0.2
7.548,9.33,2.15,0.23777777777777778
7.568,9.37,1.9,0.2788888888888889
7.588,9.41,1.86,0.31777777777777777
7.608,9.46,1.94,0.35777777777777775
7.628,9.46,1.83,0.3988888888888889
7.648,9.48,1.7,0.44
7.668,9.53,1.6,0.4822222222222222
7.688,9.61,1.45,0.5244444444444445
7.708,9.69,1.44,0.5622222222222222
7.728,9.76,1.28,0.62
7.748,9.8,1.17,0.6433333333333333
7.768,9.86,1.03,0.7055555555555556
7.788,9.91,0.75,0.73
7.808,9.97,0.73,0.7955555555555556
7.828,10.0,0.61,0.8411111111111111
7.848,10.01,0.54,0.88
7.868,10.04,0.4,0.9155555555555556
7.888,10.07,0.26,0.9433333333333334
7.908,10.08,0.36,0.9633333333333334
7.928,10.14,0.36,0.9755555555555555
7.948,10.23,0.07,0.9844444444444445
7.968,10.22,-0.19,0.9888888888888889
7.988,10.2,-0.13,0.99
8.008,10.23,-0.26,0.9911111111111112
8.028,10.27,-0.58,0.99
8.048,10.25,-0.68,0.9877777777777778
8.068,10.18,-0.92,0.9811111111111112
8.088,10.15,-0.93,0.9766666666666667
8.108,10.12,-1.06,0.9666666666666667
8.128,10.07,-1.27,0.96
8.148,10.0,-1.56,0.95
8.168,9.9,-1.65,0.9366666666666666
8.188,9.84,-1.72,0.9188888888888889
8.208,9.83,-1.86,0.9044444444444445
8.228,9.74,-2.1,0.8855555555555555
8.248,9.7,-2.22,0.8677777777777778
8.268,9.63,-2.39,0.8455555555555555
8.288,9.6,-2.48,0.8233333333333334
8.308,9.54,-2.61,0.8
8.328,9.52,-2.73,0.7755555555555556
8.348,9.42,-2.87,0.7466666666666667
8.368,9.37,-2.97,0.72
8.388,9.27,-3.08,0.69
8.408,9.22,-3.16,0.66
8.428,9.11,-3.28,0.63
8.448,9.04,-3.36,0.5977777777777777
8.468,8.91,-3.53,0.5655555555555556
8.488,8.88,-3.46,0.5288888888888889
8.508,8.79,-3.68,0.49444444444444446
8.528,8.79,-3.65,0.46
8.548,8.66,-3.77,0.4222222222222222
8.568,8.64,-3.85,0.38333333333333336
8.588,8.6,-3.92,0.3477777777777778
8.608,8.56,-3.93,0.30777777777777776
8.628,8.55,-3.97,0.2688888888888889
8.648,8.52,-3.98,0.23
8.668,8.48,-4.05,0.19
8.688,8.46,-4.09,0.14888888888888888
8.708,8.42,-4.09,0.11
8.728,8.41,-4.11,0.06888888888888889
8.748,8.41,-4.1,0.028888888888888888
8.768,8.37,-3.88,-0.012222222222222223
8.788,8.42,-4.0,-0.058888888888888886
8.808,8.38,-3.95,-0.10777777777777778
8.828,8.35,-3.92,-0.15777777777777777
8.848,8.51,-3.76,-0.2088888888888889
8.868,8.51,-3.58,-0.2611111111111111
8.888,8.54,-3.51,-0.31444444444444447
8.908,8.61,-3.45,-0.3788888888888889
8.928,8.59,-3.38,-0.41
8.948,8.78,-3.03,-0.5144444444444445
8.968,8.85,-2.99,-0.5488888888888889
8.988,8.9,-2.9,-0.6544444444444445
9.008,8.97,-2.89,-0.6911111111111111
9.028,9.15,-2.66,-0.7955555555555556
9.048,9.23,-2.45,-0.8311111111111111
9.068,9.35,-2.39,-0.9277777777777778
9.088,9.44,-2.34,-0.9622222222222222
9.108,9.59,-2.18,-1.0522222222222222
9.128,9.74,-1.98,-1.11
9.148,9.93,-1.82,-1.1377777777777778
9.168,10.08,-1.72,-1.19
9.188,10.21,-1.61,-1.24
9.208,10.3,-1.54,-1.2866666666666666
9.228,10.38,-1.54,-1.3244444444444445
9.248,10.44,-1.51,-1.3488888888888888
9.268,10.56,-1.05,-1.3611111111111112
9.288,10.52,-0.79,-1.3633333333333333
9.308,10.5,-0.79,-1.37
9.328,10.57,-0.85,-1.3711111111111112
9.348,10.52,-0.43,-1.3733333333333333
9.368,10.51,-0.01,-1.3711111111111112
9.388,10.55,0.22,-1.3633333333333333
9.408,10.59,0.28,-1.3566666666666667
9.428,10.54,0.47,-1.3433333333333333
9.448,10.53,0.68,-1.3344444444444445
9.468,10.5,1.06,-1.32
9.488,10.44,1.28,-1.3
9.508,10.36,1.46,-1.28
9.528,10.27,1.6,-1.26
9.548,10.14,1.88,-1.2377777777777779
9.568,10.07,2.05,-1.21
9.588,9.91,2.31,-1.1844444444444444
9.608,9.82,2.4,-1.1533333333333333
9.628,9.64,2.59,-1.1222222222222222
9.648,9.58,2.75,-1.0888888888888888
9.668,9.46,3.0,-1.051111111111111
9.688,9.36,3.15,-1.0133333333333334
9.708,9.22,3.28,-0.9777777777777777
9.728,9.16,3.39,-0.9344444444444444
9.748,9.04,3.51,-0.8922222222222222
9.768,8.96,3.67,-0.85
9.788,8.89,3.72,-0.8055555555555556
9.808,8.74,3.87,-0.7588888888888888
9.828,8.68,3.88,-0.7111111111111111
9.848,8.56,4.01,-0.6633333333333333
9.868,8.45,4.12,-0.6155555555555555
9.888,8.34,4.22,-0.5633333333333334
9.908,8.23,4.0,-0.5122222222222222
9.928,8.2,4.3,-0.45555555555555555
9.948,8.07,4.18,-0.39666666666666667
9.968,8.0,4.32,-0.3377777777777778
9.988,8.01,4.34,-0.2777777777777778
10.008,7.95,4.28,-0.21666666666666667
10.028,7.96,4.31,-0.15
10.048,7.9,4.31,-0.08888888888888889
10.068,7.9,4.33,-0.022222222222222223
10.088,7.95,4.3,0.04555555555555556
10.108,7.94,4.22,0.11
10.128,7.98,4.21,0.18
10.148,7.96,4.19,0.25
10.168,8.01,4.12,0.32
10.188,8.06,4.07,0.39
10.208,8.18,3.9,0.46111111111111114
10.228,8.28,3.84,0.5333333333333333
10.248,8.42,3.66,0.6066666666666667
10.268,8.51,3.57,0.6788888888888889
10.288,8.71,3.37,0.7566666666666667
10.308,8.85,3.26,0.8311111111111111
10.328,9.03,3.11,0.9055555555555556
10.348,9.13,3.03,0.98
10.368,9.32,2.91,1.051111111111111
10.388,9.44,2.76,1.1211111111111112
10.408,9.66,2.57,1.1877777777777778
10.428,9.74,2.39,1.248888888888889
10.448,9.92,2.29,1.3055555555555556
10.468,10.01,2.18,1.3622222222222222
10.488,10.16,2.13,1.4122222222222223
10.508,10.29,2.14,1.451111111111111
10.528,10.54,1.51,1.478888888888889
10.548,10.62,1.37,1.4966666666666666
10.568,10.62,1.38,1.5166666666666666
10.588,10.74,1.37,1.5344444444444445
10.608,10.81,0.76,1.551111111111111
10.628,10.92,0.49,1.5655555555555556
10.648,10.91,0.16,1.5711111111111111
10.668,10.86,0.19,1.5788888888888888
10.688,10.92,-0.09,1.58
10.708,10.87,-0.45,1.5844444444444445
10.728,10.81,-0.79,1.5811111111111111
10.748,10.76,-1.03,1.5755555555555556
10.768,10.7,-1.23,1.57
10.788,10.68,-1.42,1.56
10.808,10.57,-1.76,1.5433333333333332
10.828,10.48,-2.05,1.531111111111111
10.848,10.36,-2.28,1.51
10.868,10.26,-2.46,1.4877777777777779
10.888,10.15,-2.7,1.4677777777777778
10.908,10.03,-2.94,1.44
10.928,9.84,-3.2,1.41
10.948,9.72,-3.36,1.38
10.968,9.53,-3.59,1.3444444444444446
10.988,9.41,-3.71,1.31
11.008,9.12,-4.05,1.271111111111111
11.028,8.93,-4.21,1.23
11.048,8.75,-4.41,1.1888888888888889
11.068,8.59,-4.54,1.1444444444444444
11.088,8.39,-4.71,1.1
11.108,8.26,-4.8,1.0544444444444445
11.128,8.03,-4.98,1.0033333333333334
11.148,7.92,-5.09,0.9544444444444444
11.168,7.75,-5.21,0.9055555555555556
11.188,7.62,-5.29,0.85
11.208,7.46,-5.41,0.7955555555555556
11.228,7.32,-5.51,0.7411111111111112
11.248,7.18,-5.48,0.6844444444444444
11.268,7.11,-5.56,0.6233333333333333
11.288,6.95,-5.67,0.5622222222222222
11.308,6.82,-5.66,0.49666666666666665
11.328,6.78,-5.71,0.43222222222222223
11.348,6.66,-5.7,0.36666666666666664
11.368,6.59,-5.81,0.3
11.388,6.56,-5.78,0.23444444444444446
11.408,6.52,-5.81,0.16444444444444445
11.428,6.53,-5.74,0.09444444444444444
11.448,6.52,-5.72,0.022222222222222223
11.468,6.51,-5.71,-0.04888888888888889
11.488,6.52,-5.7,-0.12
11.508,6.56,-5.68,-0.19555555555555557
11.528,6.65,-5.6,-0.27
11.548,6.72,-5.54,-0.34555555555555556
11.568,6.8,-5.47,-0.42333333333333334
11.588,6.91,-5.37,-0.5
11.608,6.97,-5.32,-0.5766666666666667
11.628,7.13,-5.21,-0.6555555555555556
11.648,7.25,-5.13,-0.7344444444444445
11.668,7.44,-4.94,-0.8155555555555556
11.688,7.65,-4.87,-0.8922222222222222
11.708,7.81,-4.77,-0.9688888888888889
11.728,7.98,-4.69,-1.0422222222222222
11.748,8.26,-4.46,-1.1166666666666667
11.768,8.52,-4.28,-1.1855555555555555
11.788,8.77,-4.14,-1.2577777777777779
11.808,8.96,-3.94,-1.3233333333333333
11.828,9.24,-3.74,-1.39
11.848,9.45,-3.54,-1.4555555555555555
11.868,9.72,-3.34,-1.5133333333333334
11.888,9.89,-3.15,-1.5711111111111111
11.908,10.15,-2.85,-1.6255555555555556
11.928,10.29,-2.63,-1.6755555555555555
11.948,10.53,-2.33,-1.72
11.968,10.67,-2.21,-1.7633333333333334
11.988,10.9,-1.9,-1.8033333333333332
12.008,11.01,-1.79,-1.84
12.028,11.13,-1.58,-1.8688888888888888
12.048,11.17,-1.23,-1.8833333333333333
12.068,11.28,-0.78,-1.8888888888888888
12.088,11.34,-0.67,-1.8933333333333333
12.108,11.35,-0.54,-1.89
12.128,11.35,-0.24,-1.8911111111111112
12.148,11.31,0.34,-1.8855555555555557
12.168,11.26,0.66,-1.8744444444444444
12.188,11.26,0.89,-1.8622222222222222
12.208,11.22,1.02,-1.8466666666666667
12.228,11.06,1.45,-1.8266666666666667
12.248,10.94,1.78,-1.8022222222222222
12.268,10.8,2.13,-1.7777777777777777
12.288,10.7,2.29,-1.751111111111111
12.308,10.51,2.55,-1.718888888888889
12.328,10.34,2.79,-1.6844444444444444
12.348,10.08,3.16,-1.6455555555555557
12.368,9.95,3.33,-1.6088888888888888
12.388,9.72,3.63,-1.5644444444444445
12.408,9.56,3.75,-1.518888888888889
12.428,9.27,4.04,-1.471111111111111
12.448,9.09,4.2,-1.4222222222222223
12.468,8.85,4.45,-1.3711111111111112
12.488,8.66,4.55,-1.32
12.508,8.39,4.76,-1.2633333333333334
12.528,8.21,4.93,-1.208888888888889
12.548,7.83,5.12,-1.1455555555555557
12.568,7.65,4.7,-1.0877777777777777
12.588,7.65,5.44,-1.0166666666666666
12.608,7.29,4.85,-0.9377777777777778
12.628,7.08,5.13,-0.8544444444444445
12.648,6.92,5.55,-0.77
12.668,6.74,5.3,-0.69
12.688,6.66,5.36,-0.6077777777777778
12.708,6.51,5.5,-0.5266666666666666
12.728,6.33,5.64,-0.4444444444444444
12.748,6.31,5.62,-0.35777777777777775
12.768,6.27,5.55,-0.27444444444444444
12.788,6.18,5.67,-0.19
12.808,6.15,5.66,-0.10222222222222223
12.828,6.14,5.65,-0.01888888888888889
12.848,6.19,5.74,0.06777777777777778
12.868,6.23,5.6,0.15444444444444444
12.888,6.32,5.66,0.23777777777777778
12.908,6.38,5.57,0.3244444444444444
12.928,6.43,5.6,0.4066666666666667
12.948,6.59,5.53,0.49
12.968,6.73,5.46,0.5722222222222222
12.988,6.88,5.37,0.6544444444444445
13.008,6.99,5.35,0.7333333333333333
13.028,7.18,5.21,0.8144444444444444
13.048,7.34,5.07,0.8933333333333333
13.068,7.63,4.91,0.9744444444444444
13.088,7.8,4.8,1.0555555555555556
13.108,8.03,4.63,1.1322222222222222
13.128,8.19,4.5,1.2155555555555555
13.148,8.5,4.37,1.2933333333333332
13.168,8.67,4.16,1.37
13.188,9.03,3.97,1.4433333333333334
13.208,9.19,3.81,1.5133333333333334
13.228,9.41,3.72,1.5811111111111111
13.248,9.72,3.4,1.6444444444444444
13.268,10.06,2.94,1.7066666666666668
13.288,10.26,2.91,1.768888888888889
13.308,10.6,3.03,1.82
13.328,10.83,2.22,1.8566666666666667
13.348,11.04,2.1,1.8855555555555557
13.368,11.07,1.99,1.9122222222222223
13.388,11.18,1.84,1.9377777777777778
13.408,11.42,1.58,1.958888888888889
13.428,11.41,0.8,1.9777777777777779
13.448,11.49,0.76,1.9922222222222221
13.468,11.5,0.28,2.0011111111111113
13.488,11.52,0.17,2.01
13.508,11.58,-0.05,2.0144444444444445
13.528,11.5,-0.68,2.0166666666666666
13.548,11.49,-0.84,2.0155555555555558
13.568,11.4,-1.25,2.0077777777777777
13.588,11.37,-1.56,1.998888888888889
13.608,11.29,-1.82,1.978888888888889
13.628,11.11,-2.19,1.971111111111111
13.648,10.93,-2.55,1.94
13.668,10.8,-2.76,1.9288888888888889
13.688,10.58,-3.12,1.8877777777777778
13.708,10.46,-3.3,1.8711111111111112
13.728,10.11,-3.69,1.8222222222222222
13.748,9.94,-3.85,1.8055555555555556
13.768,9.62,-4.22,1.768888888888889
13.788,9.43,-4.38,1.7033333333333334
13.808,9.13,-4.63,1.681111111111111
13.828,8.88,-4.86,1.61
13.848,8.58,-5.09,1.56
13.868,8.33,-5.28,1.5077777777777779
13.888,8.05,-5.48,1.4533333333333334
13.908,7.85,-5.54,1.3966666666666667
13.928,7.47,-5.81,1.3377777777777777
13.948,7.29,-5.9,1.2777777777777777
13.968,6.96,-6.1,1.2155555555555555
13.988,6.77,-6.19,1.1522222222222223
14.008,6.49,-6.33,1.0888888888888888
14.028,6.27,-6.4,1.0222222222222221
14.048,6.04,-6.53,0.9566666666666667
14.068,5.8,-6.64,0.8888888888888888
14.088,5.62,-6.7,0.8188888888888889
14.108,5.47,-6.73,0.7477777777777778
14.128,5.21,-6.71,0.67
14.148,5.09,-6.77,0.5966666666666667
14.168,4.97,-6.75,0.5155555555555555
14.188,4.87,-6.71,0.43444444444444447
14.208,4.76,-6.77,0.35
14.228,4.65,-6.69,0.2633333333333333
14.248,4.6,-6.79,0.17555555555555555
14.268,4.62,-6.74,0.08777777777777777
14.288,4.63,-6.78,0.0
14.308,4.66,-6.76,-0.08666666666666667
14.328,4.65,-6.76,-0.17
14.348,4.7,-6.7,-0.2577777777777778
14.368,4.8,-6.71,-0.34555555555555556
14.388,4.87,-6.67,-0.43
14.408,5.05,-6.57,-0.5166666666666667
14.428,5.15,-6.54,-0.6044444444444445
14.448,5.34,-6.48,-0.69
14.468,5.53,-6.42,-0.7788888888888889
14.488,5.81,-6.31,-0.8611111111111112
14.508,5.96,-6.24,-0.95
14.528,6.21,-6.11,-1.0344444444444445
14.548,6.48,-6.04,-1.1144444444444443
14.568,6.81,-5.87,-1.198888888888889
14.588,7.05,-5.77,-1.2766666666666666
14.608,7.41,-5.6,-1.3544444444444443
14.628,7.62,-5.49,-1.43
14.648,7.98,-5.33,-1.5033333333333334
14.668,8.25,-5.19,-1.5755555555555556
14.688,8.63,-4.91,-1.6433333333333333
14.708,8.9,-4.76,-1.708888888888889
14.728,9.25,-4.56,-1.7666666666666666
14.748,9.49,-4.39,-1.8255555555555556
14.768,9.88,-4.02,-1.88
14.788,10.12,-3.84,-1.93
14.808,10.41,-3.54,-1.9777777777777779
14.828,10.71,-3.29,-2.02
14.848,10.95,-2.95,-2.0588888888888888
14.868,11.09,-2.6,-2.088888888888889
14.888,11.38,-2.3,-2.11
14.908,11.48,-1.99,-2.13
14.928,11.62,-1.67,-2.1466666666666665
14.948,11.72,-1.35,-2.1566666666666667
14.968,11.77,-0.85,-2.1655555555555557
14.988,11.86,-0.6,-2.17
15.008,11.91,-0.25,-2.167777777777778
15.028,11.87,0.03,-2.1644444444444444
15.048,11.81,0.5,-2.1566666666666667
15.068,11.75,0.79,-2.1466666666666665
15.088,11.66,1.21,-2.128888888888889
15.108,11.56,1.46,-2.108888888888889
15.128,11.36,1.89,-2.0866666666666664
15.148,11.21,2.12,-2.06
15.168,11.08,2.39,-2.028888888888889
15.188,10.85,2.79,-1.9955555555555555
15.208,10.66,3.06,-1.9577777777777778
15.228,10.38,3.38,-1.92
15.248,10.2,3.61,-1.8755555555555556
15.268,9.91,3.9,-1.83
15.288,9.69,4.11,-1.7866666666666666
15.308,9.36,4.41,-1.73
15.328,9.12,4.57,-1.6766666666666667
15.348,8.82,4.83,-1.6211111111111112
15.368,8.59,5.03,-1.5633333333333332
15.388,8.23,5.22,-1.5044444444444445
15.408,8.03,5.39,-1.441111111111111
15.428,7.65,5.55,-1.3777777777777778
15.448,7.41,5.61,-1.3144444444444445
15.468,7.03,5.84,-1.2433333333333334
15.488,6.91,5.9,-1.1755555555555555
15.508,6.55,6.11,-1.1044444444444443
15.528,6.39,6.19,-1.0333333333333334
15.548,6.08,5.73,-0.9611111111111111
15.568,6.0,6.42,-0.8766666666666667
15.588,5.59,6.29,-0.7855555555555556
15.608,5.42,6.09,-0.6966666666666667
15.628,5.28,6.07,-0.6011111111111112
15.648,5.16,6.21,-0.5033333333333333
15.668,5.01,6.33,-0.41
15.688,4.98,6.11,-0.31
15.708,4.84,6.29,-0.20777777777777778
15.728,4.79,6.14,-0.10777777777777778
15.748,4.85,6.23,-0.0033333333333333335
15.768,4.86,6.18,0.09777777777777778
15.788,4.95,6.18,0.1988888888888889
15.808,4.94,6.16,0.3
15.828,5.05,6.12,0.4033333333333333
15.848,5.17,6.1,0.5055555555555555
15.868,5.4,6.0,0.6066666666666667
15.888,5.53,5.98,0.7077777777777777
15.908,5.79,5.89,0.81
15.928,5.99,5.78,0.9077777777777778
15.948,6.28,5.62,1.008888888888889
15.968,6.5,5.55,1.1088888888888888
15.988,6.84,5.41,1.21
16.008,7.15,5.3,1.3066666666666666
16.028,7.56,5.08,1.4022222222222223
16.048,7.89,4.97,1.5033333333333334
16.068,8.26,4.7,1.6
16.088,8.51,4.58,1.6977777777777778
16.108,8.96,4.32,1.79
16.128,9.25,4.07,1.8833333333333333
16.148,9.74,3.85,1.968888888888889
16.168,10.01,3.72,2.0522222222222224
16.188,10.4,3.48,2.13
16.208,10.67,3.26,2.2066666666666666
16.228,11.09,2.92,2.267777777777778
16.248,11.39,2.88,2.3244444444444445
16.268,11.68,2.56,2.36
16.288,11.87,2.38,2.391111111111111
16.308,12.11,1.78,2.4144444444444444
16.328,12.22,1.48,2.438888888888889
16.348,12.43,1.16,2.4544444444444444
16.368,12.5,0.49,2.4677777777777776
16.388,12.52,0.1,2.4788888888888887
16.408,12.54,-0.38,2.4788888888888887
16.428,12.49,-0.6,2.477777777777778
16.448,12.4,-1.02,2.471111111111111
16.468,12.29,-1.5,2.466666666666667
16.488,12.13,-1.86,2.451111111111111
16.508,11.86,-2.38,2.4344444444444444
16.528,11.75,-2.63,2.408888888888889
16.548,11.43,-3.16,2.3844444444444446
16.568,11.28,-3.33,2.3544444444444443
16.588,10.9,-3.85,2.32
16.608,10.65,-4.05,2.281111111111111
16.628,10.31,-4.46,2.24
16.648,10.0,-4.67,2.1955555555555555
16.668,9.63,-5.01,2.1444444444444444
16.688,9.27,-5.24,2.0922222222222224
16.708,8.84,-5.56,2.04
16.728,8.55,-5.7,1.981111111111111
16.748,8.03,-6.0,1.9222222222222223
16.768,7.75,-6.13,1.86
16.788,7.25,-6.38,1.7944444444444445
16.808,6.94,-6.5,1.728888888888889
16.828,6.48,-6.71,1.66
16.848,6.18,-6.83,1.5911111111111111
16.868,5.73,-7.01,1.518888888888889
16.888,5.41,-7.05,1.4455555555555555
16.908,5.17,-7.19,1.3688888888888888
16.928,4.91,-7.46,1.29
16.948,4.36,-6.98,1.2055555555555555
16.968,4.05,-7.17,1.1188888888888888
16.988,3.89,-7.3,1.0255555555555556
17.008,3.46,-7.23,0.9322222222222222
17.028,3.35,-7.23,0.8377777777777777
17.048,2.99,-7.34,0.7377777777777778
17.068,2.92,-7.18,0.6377777777777778
17.088,2.69,-7.21,0.5366666666666666
17.108,2.52,-7.32,0.43
17.128,2.4,-7.24,0.3277777777777778
17.148,2.39,-7.04,0.2222222222222222
17.168,2.44,-7.49,0.10444444444444445
17.188,2.33,-7.15,0.01
17.208,2.4,-7.47,-0.09111111111111111
17.228,2.44,-7.14,-0.19666666666666666
17.248,2.5,-7.36,-0.3
17.268,2.61,-7.1,-0.4022222222222222
17.288,2.68,-7.27,-0.5033333333333333
17.308,2.87,-7.11,-0.6066666666666667
17.328,3.07,-7.16,-0.7088888888888889
17.348,3.27,-7.11,-0.8088888888888889
17.368,3.56,-7.07,-0.91
17.388,3.77,-7.09,-1.01
17.408,4.14,-6.99,-1.1066666666666667
17.428,4.39,-7.0,-1.201111111111111
17.448,4.87,-6.81,-1.2966666666666666
17.468,5.14,-6.83,-1.3888888888888888
17.488,5.58,-6.65,-1.4844444444444445
17.508,5.88,-6.61,-1.5766666666666667
17.528,6.41,-6.42,-1.6633333333333333
17.548,6.77,-6.31,-1.7522222222222221
17.568,7.3,-6.08,-1.8366666666666667
17.588,7.66,-5.96,-1.9188888888888889
17.608,8.15,-5.72,-2.0033333333333334
17.628,8.53,-5.53,-2.082222222222222
17.648,9.08,-5.24,-2.1544444444444446
17.668,9.42,-5.04,-2.227777777777778
17.688,9.92,-4.69,-2.298888888888889
17.708,10.27,-4.46,-2.36
17.728,10.76,-4.08,-2.421111111111111
17.748,11.04,-3.81,-2.4788888888888887
17.768,11.5,-3.41,-2.5277777777777777
17.788,11.8,-3.11,-2.5755555555555554
17.808,12.17,-2.77,-2.6155555555555554
17.828,12.38,-2.5,-2.6455555555555557
17.848,12.67,-2.03,-2.6655555555555557
17.868,12.75,-1.49,-2.68
17.888,12.88,-1.24,-2.687777777777778
17.908,13.03,-0.73,-2.6911111111111112
17.928,13.01,-0.12,-2.6911111111111112
17.948,12.92,0.27,-2.69
17.968,12.92,0.81,-2.6755555555555555
17.988,12.81,1.03,-2.661111111111111
18.008,12.62,1.56,-2.651111111111111
18.028,12.44,1.9,-2.62
18.048,12.17,2.46,-2.5955555555555554
18.068,12.01,2.76,-2.571111111111111
18.088,11.66,3.25,-2.5188888888888887
18.108,11.4,3.49,-2.4988888888888887
18.128,10.97,3.95,-2.4322222222222223
18.148,10.68,4.23,-2.408888888888889
18.168,10.25,4.62,-2.33
18.188,9.91,4.83,-2.3033333333333332
18.208,9.42,5.17,-2.216666666666667
18.228,9.1,5.35,-2.188888888888889
18.248,8.64,5.62,-2.0933333333333333
18.268,8.28,5.85,-2.062222222222222
18.288,7.72,6.06,-1.99
18.308,7.42,6.26,-1.9211111111111112
18.328,6.91,6.39,-1.8466666666666667
18.348,6.61,6.56,-1.7766666666666666
18.368,6.06,6.74,-1.701111111111111
18.388,5.73,6.84,-1.6233333333333333
18.408,5.81,6.68,-1.541111111111111
18.428,4.98,6.73,-1.448888888888889
18.448,4.81,6.91,-1.34
18.468,4.06,6.24,-1.23
18.488,3.85,6.66,-1.1188888888888888
18.508,3.44,6.47,-0.9988888888888889
18.528,3.15,6.76,-0.8866666666666667
18.548,3.08,6.6,-0.7711111111111111
18.568,2.68,7.01,-0.6566666666666666
18.588,2.7,6.61,-0.5377777777777778
18.608,2.59,6.98,-0.4211111111111111
18.628,2.51,6.68,-0.3055555555555556
18.648,2.52,6.97,-0.19111111111111112
18.668,2.42,6.97,-0.07444444444444444
18.688,2.48,6.76,0.03888888888888889
18.708,2.55,6.99,0.1511111111111111
18.728,2.59,6.8,0.26666666666666666
18.748,2.66,6.87,0.3811111111111111
18.768,2.84,6.82,0.49666666666666665
18.788,3.03,6.76,0.61
18.808,3.34,6.67,0.7266666666666667
18.828,3.54,6.61,0.84
18.848,3.92,6.56,0.9566666666666667
18.868,4.24,6.46,1.0722222222222222
18.888,4.72,6.48,1.19
18.908,5.0,6.33,1.3055555555555556
18.928,5.26,6.3,1.42
18.948,5.75,6.15,1.5322222222222222
18.968,6.13,6.04,1.6433333333333333
18.988,6.68,5.88,1.7533333333333334
19.008,7.04,5.79,1.8611111111111112
19.028,7.66,5.57,1.97
19.048,8.08,5.39,2.0744444444444445
19.068,8.7,5.19,2.18
19.088,9.15,5.1,2.2744444444444443
19.108,9.73,4.92,2.368888888888889
19.128,10.03,4.73,2.453333333333333
19.148,11.12,5.0,2.5166666666666666
19.168,11.04,4.29,2.5766666666666667
19.188,11.8,4.14,2.62
19.208,11.71,3.51,2.6644444444444444
19.228,12.33,3.3,2.7066666666666666
19.248,12.39,2.56,2.738888888888889
19.268,12.84,2.46,2.772222222222222
19.288,12.99,1.69,2.8
19.308,13.11,1.58,2.8222222222222224
19.328,13.24,1.13,2.8444444444444446
19.348,13.33,0.38,2.858888888888889
19.368,13.34,0.05,2.8655555555555554
19.388,13.32,-0.62,2.867777777777778
19.408,13.29,-0.8,2.8633333333333333
19.428,13.18,-1.53,2.86
19.448,13.09,-1.9,2.8455555555555554
19.468,12.8,-2.55,2.831111111111111
19.488,12.56,-2.85,2.807777777777778
19.508,12.35,-3.26,2.78
19.528,11.9,-3.77,2.75
19.548,11.58,-4.15,2.712222222222222
19.568,11.13,-4.48,2.668888888888889
19.588,10.64,-4.88,2.6255555555555556
19.608,10.29,-5.14,2.5766666666666667
19.628,9.69,-5.51,2.5244444444444443
19.648,9.3,-5.75,2.47
19.668,8.67,-6.11,2.41
19.688,8.29,-6.29,2.3466666666666667
19.708,7.73,-6.54,2.281111111111111
19.728,7.32,-6.74,2.2133333333333334
19.748,6.72,-6.95,2.1433333333333335
19.768,6.29,-6.98,2.071111111111111
19.788,5.72,-7.2,1.9933333333333334
19.808,5.36,-7.37,1.9211111111111112
19.828,4.78,-7.43,1.8433333333333333
19.848,4.37,-7.57,1.761111111111111
19.868,3.84,-7.68,1.6833333333333333
19.888,3.5,-7.69,1.6011111111111112
19.908,3.0,-7.78,1.52
19.928,2.66,-7.62,1.4377777777777778
19.948,2.25,-7.68,1.35
19.968,2.0,-7.77,1.26
19.988,1.6,-7.69,1.1666666666666667
20.008,1.39,-7.77,1.0733333333333333
20.028,1.03,-7.73,0.98
20.048,0.8,-7.71,0.8844444444444445
20.068,0.52,-7.69,0.74
20.088,0.33,-7.74,0.64
20.108,0.12,-7.7,0.5444444444444444
20.128,0.06,-7.7,0.44333333333333336
20.148,-0.11,-7.65,0.3488888888888889
20.168,-0.18,-7.67,0.25
20.188,-0.22,-7.67,0.14888888888888888
20.208,-0.3,-7.66,0.04666666666666667
20.228,-0.24,-7.67,-0.051111111111111114
20.248,-0.21,-7.64,-0.15222222222222223
20.268,-0.1,-7.61,-0.25666666666666665
20.288,-0.01,-7.58,-0.35555555555555557
20.308,0.1,-7.59,-0.46111111111111114
20.328,0.22,-7.53,-0.5677777777777778
20.348,0.48,-7.57,-0.6733333333333333
20.368,0.67,-7.54,-0.7788888888888889
20.388,0.94,-7.49,-0.8833333333333333
20.408,1.18,-7.47,-0.9911111111111112
20.428,1.56,-7.46,-1.0988888888888888
20.448,1.83,-7.44,-1.2055555555555555
20.468,2.3,-7.43,-1.3133333333333332
20.488,2.62,-7.33,-1.4188888888888889
20.508,3.14,-7.3,-1.5255555555555556
20.528,3.54,-7.29,-1.63
20.548,4.11,-7.16,-1.7366666666666666
20.568,4.55,-7.16,-1.8366666666666667
20.588,5.15,-7.02,-1.9344444444444444
20.608,5.58,-6.95,-2.037777777777778
20.628,6.28,-6.75,-2.1344444444444446
20.648,6.73,-6.67,-2.2244444444444444
20.668,7.43,-6.44,-2.316666666666667
20.688,7.91,-6.32,-2.402222222222222
20.708,8.65,-6.01,-2.4855555555555555
20.728,9.13,-5.81,-2.568888888888889
20.748,9.61,-5.58,-2.6444444444444444
20.768,10.29,-5.27,-2.721111111111111
20.788,10.75,-4.86,-2.79
20.808,11.4,-4.57,-2.8544444444444443
20.828,11.78,-4.31,-2.917777777777778
20.848,12.26,-3.96,-2.9766666666666666
20.868,12.67,-3.6,-3.022222222222222
20.888,13.06,-3.01,-3.06
20.908,13.23,-2.53,-3.09
20.928,13.65,-2.21,-3.1066666666666665
20.948,13.91,-1.74,-3.1233333333333335
20.968,13.94,-1.23,-3.1333333333333333
20.988,14.11,-0.78,-3.1355555555555554
21.008,14.14,0.09,-3.131111111111111
21.028,14.07,0.48,-3.1233333333333335
21.048,13.96,1.08,-3.108888888888889
21.068,13.86,1.44,-3.09
21.088,13.56,2.06,-3.0644444444444443
21.108,13.35,2.47,-3.04
21.128,13.02,2.97,-2.9988888888888887
21.148,12.69,3.31,-2.9611111111111112
21.168,12.19,3.89,-2.9166666666666665
21.188,11.81,4.19,-2.87
21.208,11.33,4.59,-2.812222222222222
21.228,10.92,4.96,-2.761111111111111
21.248,10.27,5.36,-2.7
21.268,9.84,5.6,-2.6344444444444446
21.288,9.22,5.92,-2.5655555555555556
21.308,8.8,6.15,-2.4955555555555557
21.328,8.1,6.47,-2.4255555555555555
21.348,7.62,6.57,-2.3533333333333335
21.368,6.91,6.84,-2.28
21.388,6.45,6.97,-2.198888888888889
21.408,5.79,7.15,-2.1155555555555554
21.428,5.41,7.23,-2.037777777777778
21.448,4.76,7.38,-1.9533333333333334
21.468,4.39,7.42,-1.8722222222222222
21.488,3.76,7.44,-1.7877777777777777
21.508,3.5,6.99,-1.6955555555555555
21.528,2.95,7.32,-1.5866666666666667
21.548,2.89,7.02,-1.478888888888889
21.568,1.93,7.03,-1.3655555555555556
21.588,1.61,7.23,-1.2522222222222221
21.608,1.02,6.98,-1.14
21.628,0.71,7.2,-1.0355555555555556
21.648,0.59,7.15,-0.9211111111111111
21.668,0.14,7.33,-0.8144444444444444
21.688,0.05,7.21,-0.71
21.708,-0.12,7.3,-0.6066666666666667
21.728,-0.22,7.25,-0.5044444444444445
21.748,-0.28,7.35,-0.4022222222222222
21.768,-0.48,7.29,-0.29888888888888887
21.788,-0.59,7.33,-0.1988888888888889
21.808,-0.6,7.33,-0.09555555555555556
21.828,-0.6,7.32,0.0044444444444444444
21.848,-0.63,7.34,0.10888888888888888
21.868,-0.55,7.26,0.21222222222222223
21.888,-0.44,7.24,0.32222222222222224
21.908,-0.27,7.21,0.4288888888888889
21.928,-0.07,7.21,0.5366666666666666
21.948,0.01,7.2,0.6477777777777778
21.968,0.21,7.19,0.7566666666666667
21.988,0.45,7.2,0.8677777777777778
22.008,0.79,7.19,0.9766666666666667
22.028,1.02,7.16,1.0877777777777777
22.048,1.38,7.16,1.1977777777777778
22.068,1.73,7.15,1.3066666666666666
22.088,2.25,7.14,1.42
22.108,2.6,7.1,1.53
22.128,3.12,7.05,1.6388888888888888
22.148,3.56,7.04,1.748888888888889
22.168,4.29,7.01,1.8611111111111112
22.188,4.74,6.96,1.97
22.208,5.29,6.91,2.0755555555555554
22.228,5.71,6.85,2.171111111111111
22.248,6.44,6.76,2.27
22.268,6.99,6.63,2.36
22.288,7.64,6.38,2.4466666666666668
22.308,8.22,6.51,2.526666666666667
22.328,9.09,6.26,2.5966666666666667
22.348,9.56,5.83,2.6655555555555557
22.368,10.15,5.71,2.74
22.388,10.56,5.47,2.7888888888888888
22.408,11.16,4.98,2.851111111111111
22.428,11.7,4.74,2.9044444444444446
22.448,12.15,4.18,2.9555555555555557
22.468,12.42,4.01,3.0
22.488,12.88,3.4,3.0411111111111113
22.508,13.13,3.02,3.0744444444444445
22.528,13.41,2.62,3.1044444444444443
22.548,13.7,1.97,3.1344444444444446
22.568,14.0,1.21,3.151111111111111
22.588,14.14,0.77,3.1666666666666665
22.608,14.29,0.1,3.1766666666666667
22.628,14.28,-0.31,3.1822222222222223
22.648,14.24,-0.8,3.18
22.668,14.15,-1.29,3.17
22.688,13.91,-1.93,3.16
22.708,13.74,-2.34,3.14
22.728,13.34,-2.94,3.1155555555555554
22.748,13.1,-3.27,3.0844444444444443
22.768,12.68,-3.69,3.0566666666666666
22.788,12.24,-4.22,3.0122222222222224
22.808,11.85,-4.5,2.9655555555555555
22.828,11.29,-4.96,2.942222222222222
22.848,10.92,-5.27,2.8655555555555554
22.868,10.27,-5.65,2.8088888888888888
22.888,9.83,-6.0,2.781111111111111
22.908,9.15,-6.27,2.6844444444444444
22.928,8.66,-6.51,2.651111111111111
22.948,8.0,-6.75,2.5477777777777777
22.968,7.48,-7.05,2.511111111111111
22.988,6.71,-7.27,2.4
23.008,6.2,-7.28,2.36
23.028,5.48,-7.51,2.2444444444444445
23.048,5.05,-7.58,2.2055555555555557
23.068,4.29,-7.75,2.0855555555555556
23.088,3.92,-7.76,2.0433333333333334
23.108,3.22,-7.91,1.961111111111111
23.128,2.84,-7.86,1.8777777777777778
23.148,2.27,-7.97,1.7922222222222222
23.168,1.89,-7.9,1.708888888888889
23.188,1.15,-7.4,1.6244444444444444
23.208,1.06,-7.72,1.53
23.228,0.6,-7.75,1.4333333333333333
23.248,0.16,-7.44,1.3333333333333333
23.268,-0.12,-7.42,1.2266666666666666
23.288,-0.54,-7.66,1.1233333333333333
23.308,-0.96,-7.61,1.021111111111111
23.328,-1.29,-7.56,0.9233333333333333
23.348,-1.57,-7.61,0.83
23.368,-1.67,-7.73,0.7344444444444445
23.388,-1.93,-7.69,0.6444444444444445
23.408,-2.04,-7.61,0.5555555555555556
23.428,-2.2,-7.55,0.46555555555555556
23.448,-2.2,-7.57,0.37222222222222223
23.468,-2.21,-7.54,0.28
23.488,-2.25,-7.49,0.19
23.508,-2.31,-7.46,0.09333333333333334
23.528,-2.38,-7.47,0.0
23.548,-2.29,-7.48,-0.09555555555555556
23.568,-2.23,-7.45,-0.19
23.588,-2.22,-7.44,-0.2877777777777778
23.608,-2.13,-7.39,-0.3877777777777778
23.628,-2.02,-7.41,-0.4888888888888889
23.648,-1.81,-7.41,-0.59
23.668,-1.53,-7.44,-0.6922222222222222
23.688,-1.31,-7.41,-0.7966666666666666
23.708,-1.03,-7.42,-0.9
23.728,-0.79,-7.43,-1.0055555555555555
23.748,-0.33,-7.45,-1.1111111111111112
23.768,-0.03,-7.45,-1.2222222222222223
23.788,0.33,-7.47,-1.33
23.808,0.64,-7.45,-1.4388888888888889
23.828,1.12,-7.48,-1.5466666666666666
23.848,1.55,-7.48,-1.6555555555555554
23.868,2.22,-7.44,-1.7622222222222221
23.888,2.63,-7.39,-1.87
23.908,3.34,-7.36,-1.978888888888889
23.928,3.86,-7.33,-2.0855555555555556
23.948,4.68,-7.19,-2.19
23.968,5.24,-7.17,-2.3
23.988,6.06,-7.02,-2.398888888888889
24.008,6.56,-6.98,-2.4966666666666666
24.028,7.41,-6.78,-2.591111111111111
24.048,7.98,-6.68,-2.6822222222222223
24.068,8.77,-6.34,-2.7655555555555558
24.088,9.42,-6.25,-2.8466666666666667
24.108,10.13,-6.04,-2.92
24.128,10.61,-5.85,-2.9855555555555555
24.148,11.44,-5.49,-3.042222222222222
24.168,12.04,-4.96,-3.098888888888889
24.188,12.48,-4.57,-3.147777777777778
24.208,12.88,-4.28,-3.19
24.228,13.35,-3.62,-3.2288888888888887
24.248,13.64,-3.19,-3.263333333333333
24.268,14.06,-2.49,-3.292222222222222
24.288,14.17,-2.16,-3.3133333333333335
24.308,14.49,-1.53,-3.33
24.328,14.63,-0.96,-3.34
24.348,14.71,-0.28,-3.35
24.368,14.8,0.13,-3.341111111111111
24.388,15.05,0.54,-3.3366666666666664
24.408,13.58,0.73,-3.301111111111111
24.428,13.91,2.09,-3.2933333333333334
24.448,14.18,2.1,-3.27
24.468,13.28,2.17,-3.2355555555555555
24.488,13.6,3.79,-3.2066666666666666
24.508,12.43,3.57,-3.161111111111111
24.528,12.63,4.14,-3.121111111111111
24.548,12.02,4.36,-3.066666666666667
24.568,11.33,5.18,-3.0155555555555558
24.588,10.95,5.32,-2.953333333333333
24.608,10.2,5.78,-2.891111111111111
24.628,9.72,5.82,-2.8244444444444445
24.648,9.15,6.43,-2.76
24.668,8.78,6.31,-2.6844444444444444
24.688,7.98,6.94,-2.611111111111111
24.708,7.33,6.73,-2.5433333333333334
24.728,6.92,7.17,-2.4588888888888887
24.748,6.02,7.04,-2.3722222222222222
24.768,5.52,7.48,-2.292222222222222
24.788,4.76,7.53,-2.212222222222222
24.808,4.23,7.47,-2.128888888888889
24.828,3.74,7.67,-2.0411111111111113
24.848,3.09,7.62,-1.9555555555555555
24.868,2.58,7.69,-1.8722222222222222
24.888,2.1,7.71,-1.7833333333333334
24.908,1.57,7.76,-1.698888888888889
24.928,1.11,7.68,-1.6144444444444443
24.948,0.5,7.41,-1.5255555555555556
24.968,0.21,7.41,-1.4355555555555555
24.988,-0.02,7.57,-1.3411111111111111
25.008,-0.55,7.3,-1.248888888888889
25.028,-0.85,7.5,-1.1522222222222223
25.048,-1.29,7.32,-1.058888888888889
25.068,-1.46,7.39,-0.9633333333333334
25.088,-1.64,7.38,-0.8722222222222222
25.108,-1.91,7.33,-0.78
25.128,-2.08,7.45,-0.6888888888888889
25.148,-2.23,6.26,-0.61
25.168,-2.39,6.38,-0.51
25.188,-2.25,7.77,-0.42
25.208,-2.4,6.63,-0.3288888888888889
25.228,-2.62,7.41,-0.23777777777777778
25.248,-2.57,7.14,-0.14555555555555555
25.268,-2.69,7.05,-0.05
25.288,-2.66,7.07,0.042222222222222223
25.308,-2.75,7.04,0.1388888888888889
25.328,-2.57,7.08,0.23444444444444446
25.348,-2.5,6.99,0.3333333333333333
25.368,-2.36,7.06,0.43444444444444447
25.388,-2.22,7.02,0.5355555555555556
25.408,-2.05,7.0,0.6377777777777778
25.428,-1.77,7.05,0.74
25.448,-1.48,7.13,0.8422222222222222
25.468,-1.27,7.07,0.9455555555555556
25.488,-0.99,7.22,1.05
25.508,-0.74,7.16,1.1544444444444444
25.528,-0.26,7.23,1.26
25.548,0.03,7.22,1.3611111111111112
25.568,0.51,7.26,1.4666666666666666
25.588,0.86,7.3,1.5722222222222222
25.608,1.47,7.22,1.681111111111111
25.628,1.93,7.26,1.79
25.648,2.62,7.2,1.9
25.668,3.11,7.2,2.01
25.688,3.73,7.28,2.117777777777778
25.708,4.59,7.28,2.227777777777778
25.728,5.42,7.09,2.33
25.748,5.82,7.02,2.4266666666666667
25.768,6.83,7.32,2.5188888888888887
25.788,7.33,7.33,2.598888888888889
25.808,8.31,6.74,2.68
25.828,8.58,6.64,2.7533333333333334
25.848,9.46,6.51,2.8222222222222224
25.868,9.91,5.99,2.9066666666666667
25.888,10.79,5.8,2.96
25.908,11.22,5.39,3.0277777777777777
25.928,11.72,5.17,3.088888888888889
25.948,12.27,4.6,3.1466666666666665
25.968,12.92,4.23,3.1911111111111112
25.988,13.22,3.77,3.2444444444444445
26.008,13.77,3.26,3.2855555555555553
26.028,13.98,2.86,3.32
26.048,14.39,2.21,3.3566666666666665
26.068,14.58,1.67,3.38
26.088,14.82,1.04,3.4044444444444446
26.108,14.93,0.59,3.41
26.128,14.96,-0.03,3.4233333333333333
26.148,14.99,-0.54,3.4255555555555555
26.168,14.87,-1.15,3.42
26.188,14.72,-1.6,3.411111111111111
26.208,14.45,-2.28,3.3944444444444444
26.228,14.2,-2.64,3.3733333333333335
26.248,13.77,-3.3,3.3444444444444446
26.268,13.46,-3.71,3.316666666666667
26.288,12.87,-4.23,3.2755555555555556
26.308,12.48,-4.65,3.2311111111111113
26.328,11.81,-5.11,3.183333333333333
26.348,11.36,-5.49,3.128888888888889
26.368,10.66,-5.83,3.071111111111111
26.388,10.15,-6.15,3.008888888888889
26.408,9.33,-6.54,2.9433333333333334
26.428,8.8,-6.65,2.8766666666666665
26.448,7.93,-7.08,2.8044444444444445
26.468,7.43,-7.14,2.73
26.488,6.54,-7.42,2.6533333333333333
26.508,5.79,-7.53,2.5755555555555554
26.528,4.99,-7.68,2.4944444444444445
26.548,4.49,-7.8,2.4166666666666665
26.568,3.75,-7.88,2.331111111111111
26.588,3.24,-7.92,2.2488888888888887
26.608,2.6,-7.96,2.1644444444444444
26.628,2.06,-7.87,2.0766666666666667
26.648,1.43,-7.89,1.99
26.668,1.08,-7.83,1.9066666666666667
26.688,0.32,-7.81,1.8122222222222222
26.708,0.04,-7.66,1.718888888888889
26.728,-0.56,-7.69,1.6266666666666667
26.748,-0.88,-7.54,1.531111111111111
26.768,-1.46,-7.56,1.4366666666666668
26.788,-1.75,-7.43,1.3422222222222222
26.808,-2.05,-7.48,1.25
26.828,-2.39,-7.28,1.1588888888888889
26.848,-2.67,-7.29,1.0666666666666667
26.868,-3.06,-7.33,0.9611111111111111
26.888,-3.16,-7.06,0.8788888888888889
26.908,-3.32,-7.1,0.7855555555555556
26.928,-3.43,-7.01,0.6466666666666666
26.948,-3.69,-7.07,0.5988888888888889
26.968,-3.83,-6.83,0.5066666666666667
26.988,-3.94,-6.91,0.41
27.008,-4.01,-6.95,0.27
27.028,-4.08,-6.88,0.2222222222222222
27.048,-4.18,-6.83,0.0811111111111111
27.068,-4.22,-6.8,-0.011111111111111112
27.088,-4.19,-6.88,-0.10666666666666667
27.108,-4.18,-6.88,-0.20222222222222222
27.128,-4.05,-6.85,-0.29555555555555557
27.148,-3.99,-6.9,-0.39
27.168,-3.87,-6.88,-0.4866666666666667
27.188,-3.71,-6.95,-0.5822222222222222
27.208,-3.55,-6.95,-0.6788888888888889
27.228,-3.34,-7.03,-0.7733333333333333
27.248,-3.19,-7.05,-0.87
27.268,-2.92,-7.1,-0.9688888888888889
27.288,-2.7,-7.14,-1.0666666666666667
27.308,-2.19,-7.24,-1.1688888888888889
27.328,-1.89,-7.28,-1.27
27.348,-1.47,-7.35,-1.3722222222222222
27.368,-1.13,-7.37,-1.4722222222222223
27.388,-0.58,-7.45,-1.5755555555555556
27.408,-0.18,-7.5,-1.6777777777777778
27.428,0.25,-7.5,-1.7866666666666666
27.448,0.85,-7.65,-1.89
27.468,1.47,-7.62,-1.9822222222222223
27.488,1.94,-7.65,-2.081111111111111
27.508,2.66,-7.62,-2.18
27.528,3.07,-7.48,-2.2755555555555556
27.548,4.1,-7.51,-2.367777777777778
27.568,4.56,-7.64,-2.4611111111111112
27.588,5.42,-7.53,-2.5533333333333332
27.608,5.91,-7.54,-2.6344444444444446
27.628,6.9,-7.41,-2.7133333333333334
27.648,7.33,-7.36,-2.79
27.668,8.11,-7.09,-2.862222222222222
27.688,8.66,-6.93,-2.931111111111111
27.708,9.51,-6.56,-2.9988888888888887
27.728,10.07,-6.29,-3.062222222222222
27.748,10.81,-5.96,-3.1222222222222222
27.768,11.35,-5.7,-3.1766666666666667
27.788,12.01,-5.2,-3.23
27.808,12.49,-4.83,-3.272222222222222
27.828,13.14,-4.28,-3.31
27.848,13.47,-3.72,-3.341111111111111
27.868,13.99,-3.3,-3.3844444444444446
27.888,14.21,-2.91,-3.41
27.908,14.54,-2.19,-3.43
27.928,14.79,-1.8,-3.4444444444444446
27.948,14.91,-1.15,-3.45
27.968,15.08,-0.56,-3.451111111111111
27.988,15.06,-0.06,-3.4477777777777776
28.008,15.0,0.51,-3.4355555555555557
28.028,14.87,1.19,-3.421111111111111
28.048,14.74,1.54,-3.411111111111111
28.068,14.41,2.25,-3.367777777777778
28.088,14.12,2.63,-3.35
28.108,13.54,3.51,-3.2955555555555556
28.128,13.19,3.84,-3.2755555555555556
28.148,12.57,4.4,-3.2055555555555557
28.168,12.12,4.76,-3.1733333333333333
28.188,11.47,5.22,-3.091111111111111
28.208,10.98,5.51,-3.06
28.228,10.26,5.9,-2.9644444444444447
28.248,9.7,6.13,-2.93
28.268,8.89,6.4,-2.8577777777777778
28.288,8.34,6.65,-2.7822222222222224
28.308,7.61,6.91,-2.703333333333333
28.328,7.13,7.06,-2.6233333333333335
28.348,6.3,7.17,-2.546666666666667
28.368,5.85,7.36,-2.4644444444444447
28.388,5.01,7.52,-2.3866666666666667
28.408,4.6,7.5,-2.298888888888889
28.428,3.83,7.65,-2.21
28.448,3.36,7.64,-2.128888888888889
28.468,2.63,7.66,-2.0433333333333334
28.488,2.11,7.59,-1.96
28.508,1.54,7.56,-1.8655555555555556
28.528,1.09,7.57,-1.7766666666666666
28.548,0.58,7.52,-1.681111111111111
28.568,0.11,7.54,-1.5877777777777777
28.588,-0.31,7.4,-1.4944444444444445
28.608,-0.72,7.31,-1.3944444444444444
28.628,-1.08,7.31,-1.3
28.648,-1.36,7.26,-1.2044444444444444
28.668,-1.75,7.24,-1.1088888888888888
28.688,-1.91,7.35,-1.0177777777777777
28.708,-2.31,6.7,-0.9388888888888889
28.728,-2.4,7.47,-0.8322222222222222
28.748,-2.8,7.52,-0.7477777777777778
28.768,-2.93,7.05,-0.6588888888888889
28.788,-3.15,7.22,-0.5688888888888889
28.808,-3.06,6.86,-0.48
28.828,-3.43,7.12,-0.3888888888888889
28.848,-3.26,6.78,-0.3011111111111111
28.868,-3.54,7.01,-0.2111111111111111
28.888,-3.43,6.73,-0.11777777777777777
28.908,-3.44,6.75,-0.024444444444444446
28.928,-3.4,6.73,0.06777777777777778
28.948,-3.34,6.7,0.16111111111111112
28.968,-3.27,6.81,0.25666666666666665
28.988,-3.18,6.82,0.3522222222222222
29.008,-3.11,6.84,0.4477777777777778
29.028,-3.0,6.8,0.5433333333333333
29.048,-2.79,6.93,0.6422222222222222
29.068,-2.59,6.89,0.74
29.088,-2.36,7.0,0.8355555555555556
29.108,-2.16,7.0,0.9355555555555556
29.128,-1.78,7.07,1.0344444444444445
29.148,-1.51,7.09,1.1366666666666667
29.168,-1.05,7.13,1.2366666666666666
29.188,-0.81,7.11,1.34
29.208,-0.32,7.06,1.448888888888889
29.228,0.08,7.08,1.5577777777777777
29.248,0.72,7.2,1.6711111111111112
29.268,1.07,7.18,1.78
29.288,1.64,7.25,1.8911111111111112
29.308,2.09,7.22,1.9977777777777779
29.328,2.94,7.21,2.1044444444444443
29.348,3.43,7.18,2.2155555555555555
29.368,4.23,6.89,2.33
29.388,4.89,7.15,2.4355555555555557
29.408,5.73,6.78,2.5533333333333332
29.428,6.44,6.76,2.66
29.448,7.36,6.78,2.7666666666666666
29.468,7.89,6.67,2.858888888888889
29.488,8.86,7.03,2.937777777777778
29.508,9.56,6.55,3.01
29.528,10.22,6.12,3.0955555555555554
29.548,10.86,6.27,3.147777777777778
29.568,11.43,5.5,3.2133333333333334
29.588,12.09,5.28,3.2755555555555556
29.608,12.8,4.66,3.3344444444444443
29.628,13.1,4.46,3.381111111111111
29.648,13.74,3.88,3.43
29.668,14.03,3.48,3.47
29.688,14.66,2.61,3.506666666666667
29.708,14.94,2.17,3.54
29.728,15.19,1.39,3.5644444444444443
29.748,15.34,0.77,3.581111111111111
29.768,15.54,0.19,3.5922222222222224
29.788,15.57,-0.24,3.597777777777778
29.808,15.49,-0.87,3.5944444444444446
29.828,15.41,-1.32,3.5866666666666664
29.848,15.11,-2.15,3.5722222222222224
29.868,14.9,-2.47,3.5522222222222224
29.888,14.44,-3.17,3.526666666666667
29.908,14.07,-3.56,3.4922222222222223
29.928,13.47,-4.21,3.4566666666666666
29.948,13.0,-4.62,3.417777777777778
29.968,12.32,-5.1,3.3666666666666667
29.988,11.79,-5.47,3.3133333333333335
30.008,11.04,-5.93,3.2555555555555555
30.028,10.49,-6.2,3.1933333333333334
30.048,9.63,-6.59,3.1266666666666665
30.068,9.1,-6.77,3.0566666666666666
30.088,8.21,-7.09,2.9855555555555555
30.108,7.64,-7.25,2.91
30.128,6.74,-7.48,2.832222222222222
30.148,6.15,-7.56,2.752222222222222
30.168,5.3,-7.75,2.672222222222222
30.188,4.83,-7.87,2.59
30.208,3.92,-7.97,2.5077777777777777
30.228,3.44,-7.66,2.421111111111111
30.248,2.6,-7.75,2.3344444444444443
30.268,2.1,-8.05,2.2488888888888887
30.288,1.44,-7.85,2.1622222222222223
30.308,0.8,-7.89,2.077777777777778
30.328,0.24,-7.77,1.9933333333333334
30.348,-0.21,-7.82,1.9077777777777778
30.368,-0.75,-7.57,1.8222222222222222
30.388,-1.28,-7.59,1.7377777777777779
30.408,-1.7,-7.34,1.65
30.428,-2.33,-7.41,1.5633333333333332
30.448,-2.79,-7.19,1.4722222222222223
30.468,-4.02,-7.74,1.3722222222222222
30.488,-3.56,-6.86,1.301111111111111
30.508,-3.81,-7.08,1.2133333333333334
30.528,-3.98,-6.84,1.1333333333333333
30.548,-4.19,-7.01,1.0522222222222222
30.568,-4.44,-6.62,0.9711111111111111
30.588,-4.69,-6.77,0.8911111111111111
30.608,-4.82,-6.53,0.8122222222222222
30.628,-5.0,-6.6,0.7322222222222222
30.648,-5.08,-6.46,0.6566666666666666
30.668,-5.33,-6.41,0.58
30.688,-5.4,-6.23,0.5
30.708,-5.57,-6.31,0.41888888888888887
30.728,-5.61,-6.15,0.34
30.748,-5.71,-6.23,0.26
30.768,-5.74,-6.09,0.1811111111111111
30.788,-5.79,-6.15,0.09888888888888889
30.808,-5.77,-6.04,0.017777777777777778
30.828,-5.79,-6.11,-0.06222222222222222
30.848,-5.71,-6.09,-0.14555555555555555
30.868,-5.69,-6.1,-0.23
30.888,-5.62,-6.12,-0.31444444444444447
30.908,-5.51,-6.09,-0.4
30.928,-5.41,-6.15,-0.48777777777777775
30.948,-5.31,-6.13,-0.5788888888888889
30.968,-5.19,-6.14,-0.6677777777777778
30.988,-4.94,-6.21,-0.7655555555555555
31.008,-4.8,-6.28,-0.8588888888888889
31.028,-4.47,-6.35,-0.9566666666666667
31.048,-4.27,-6.42,-1.0566666666666666
31.068,-3.89,-6.48,-1.16
31.088,-3.62,-6.6,-1.26
31.108,-3.19,-6.61,-1.3666666666666667
31.128,-2.94,-6.68,-1.468888888888889
31.148,-2.34,-6.83,-1.5755555555555556
31.168,-1.95,-6.92,-1.6833333333333333
31.188,-1.36,-7.0,-1.7966666666666666
31.208,-0.78,-7.14,-1.9044444444444444
31.228,-0.14,-7.18,-2.0188888888888887
31.248,0.47,-7.29,-2.137777777777778
31.268,1.25,-7.3,-2.2422222222222223
31.288,1.96,-7.43,-2.358888888888889
31.308,2.72,-7.31,-2.4633333333333334
31.328,3.36,-7.34,-2.578888888888889
31.348,4.4,-7.25,-2.692222222222222
31.368,5.09,-7.29,-2.807777777777778
31.388,6.11,-7.35,-2.918888888888889
31.408,6.69,-7.36,-3.02
31.428,7.52,-7.23,-3.1166666666666667
31.448,8.37,-7.41,-3.1966666666666668
31.468,9.2,-7.0,-3.2666666666666666
31.488,10.04,-7.08,-3.3355555555555556
31.508,10.91,-6.58,-3.4055555555555554
31.528,11.58,-6.17,-3.4677777777777776
31.548,12.41,-5.61,-3.528888888888889
31.568,12.88,-5.42,-3.581111111111111
31.588,13.8,-4.91,-3.632222222222222
31.608,14.0,-4.66,-3.67
31.628,14.8,-3.77,-3.7111111111111112
31.648,15.12,-3.28,-3.7466666666666666
31.668,15.56,-2.67,-3.776666666666667
31.688,15.91,-2.23,-3.7977777777777777
31.708,16.08,-1.41,-3.812222222222222
31.728,16.2,-0.88,-3.82
31.748,16.29,-0.22,-3.821111111111111
31.768,16.16,0.26,-3.8177777777777777
31.788,16.03,1.09,-3.801111111111111
31.808,15.86,1.56,-3.7855555555555553
31.828,15.5,2.28,-3.7544444444444443
31.848,15.25,2.78,-3.7266666666666666
31.868,14.73,3.47,-3.6855555555555557
31.888,14.35,3.89,-3.641111111111111
31.908,13.65,4.51,-3.588888888888889
31.928,13.19,4.85,-3.5322222222222224
31.948,12.44,5.33,-3.473333333333333
31.968,11.58,5.86,-3.4122222222222223
31.988,10.68,6.24,-3.3422222222222224
32.008,10.12,6.51,-3.2755555555555556
32.028,9.27,6.61,-3.203333333333333
32.048,8.59,7.01,-3.1266666666666665
32.068,7.61,7.18,-3.037777777777778
32.088,7.02,7.29,-2.957777777777778
32.108,6.09,7.48,-2.8755555555555556
32.128,5.49,7.58,-2.7955555555555556
32.148,4.52,7.71,-2.7066666666666666
32.168,3.91,7.68,-2.618888888888889
32.188,3.06,7.75,-2.537777777777778
32.208,2.5,7.54,-2.448888888888889
32.228,1.64,7.63,-2.361111111111111
32.248,1.17,7.48,-2.267777777777778
32.268,0.3,7.36,-2.1733333333333333
32.288,0.04,7.35,-2.081111111111111
32.308,-0.65,7.26,-1.9866666666666666
32.328,-1.08,7.18,-1.8988888888888888
32.348,-1.72,7.1,-1.81
32.368,-2.14,6.98,-1.721111111111111
32.388,-2.54,7.05,-1.6355555555555557
32.408,-2.67,6.53,-1.56
32.428,-3.23,6.97,-1.4644444444444444
32.448,-3.71,6.46,-1.3888888888888888
32.468,-4.07,6.24,-1.3044444444444445
32.488,-4.33,6.29,-1.2266666666666666
32.508,-4.52,5.97,-1.14
32.528,-4.89,5.9,-1.0577777777777777
32.548,-4.98,5.6,-0.9711111111111111
32.568,-5.34,5.72,-0.8844444444444445
32.588,-5.36,5.41,-0.7966666666666666
32.608,-5.74,5.56,-0.7088888888888889
32.628,-5.86,5.22,-0.6155555555555555
32.648,-6.0,5.38,-0.5288888888888889
32.668,-6.07,5.12,-0.43777777777777777
32.688,-6.11,5.18,-0.34555555555555556
32.708,-6.17,5.05,-0.2544444444444444
32.728,-6.22,5.01,-0.16333333333333333
32.748,-6.23,5.02,-0.07222222222222222
32.768,-6.26,5.0,-0.024444444444444446
32.788,-6.26,5.06,0.11222222222222222
32.808,-6.21,5.0,0.20444444444444446
32.828,-6.2,5.07,0.25222222222222224
32.848,-6.12,5.09,0.39444444444444443
32.868,-6.03,5.16,0.4411111111111111
32.888,-5.84,5.25,0.5833333333333334
32.908,-5.63,5.35,0.6277777777777778
32.928,-5.42,5.48,0.7688888888888888
32.948,-5.28,5.55,0.8155555555555556
32.968,-5.03,5.66,0.9522222222222222
32.988,-4.85,5.73,1.0
33.008,-4.48,5.91,1.0944444444444446
33.028,-4.22,6.02,1.1877777777777778
33.048,-3.86,6.12,1.2833333333333334
33.068,-3.6,6.17,1.3788888888888888
33.088,-3.09,6.29,1.4777777777777779
33.108,-2.65,6.39,1.5777777777777777
33.128,-2.04,6.59,1.681111111111111
33.148,-1.68,6.67,1.79
33.168,-1.15,6.75,1.8933333333333333
33.188,-0.74,6.9,1.998888888888889
33.208,0.08,7.07,2.101111111111111
33.228,0.67,7.16,2.2055555555555557
33.248,1.46,7.23,2.311111111111111
33.268,1.96,7.41,2.4133333333333336
33.288,2.74,7.57,2.5144444444444445
33.308,3.47,7.59,2.608888888888889
33.328,4.44,8.25,2.69
33.348,5.23,7.53,2.7777777777777777
33.368,5.73,7.7,2.8577777777777778
33.388,6.51,7.71,2.938888888888889
33.408,7.48,7.21,3.0155555555555558
33.428,8.25,7.38,3.097777777777778
33.448,9.14,6.91,3.1733333333333333
33.468,9.69,6.93,3.25
33.488,11.0,6.21,3.328888888888889
33.508,11.62,6.1,3.402222222222222
33.528,12.43,5.52,3.468888888888889
33.548,12.99,5.27,3.5633333333333335
33.568,13.7,4.75,3.59
33.588,14.18,4.23,3.6666666666666665
33.608,14.85,3.71,3.712222222222222
33.628,15.22,3.18,3.7533333333333334
33.648,15.66,2.4,3.79
33.668,15.9,2.02,3.8144444444444443
33.688,16.21,1.24,3.8366666666666664
33.708,16.37,0.66,3.852222222222222
33.728,16.42,0.04,3.86
33.748,16.42,-0.57,3.8577777777777778
33.768,16.28,-1.25,3.8533333333333335
33.788,16.06,-1.75,3.8433333333333333
33.808,15.72,-2.48,3.82
33.828,15.41,-2.96,3.796666666666667
33.848,14.84,-3.67,3.7666666666666666
33.868,14.45,-4.12,3.7266666666666666
33.888,13.71,-4.77,3.6822222222222223
33.908,13.23,-5.07,3.6333333333333333
33.928,12.4,-5.59,3.58
33.948,11.84,-5.97,3.517777777777778
33.968,10.94,-6.41,3.453333333333333
33.988,10.31,-6.67,3.3855555555555554
34.008,9.36,-6.99,3.3144444444444443
34.028,8.68,-7.2,3.24
34.048,7.69,-7.47,3.1622222222222223
34.068,7.09,-7.47,3.0844444444444443
34.088,6.2,-7.69,3.002222222222222
34.108,5.44,-7.76,2.92
34.128,4.55,-7.71,2.832222222222222
34.148,3.96,-8.02,2.75
34.168,3.07,-7.9,2.6655555555555557
34.188,2.44,-7.92,2.578888888888889
34.208,1.61,-7.88,2.4944444444444445
34.228,1.06,-7.61,2.4055555555555554
34.248,0.06,-7.63,2.321111111111111
34.268,-0.49,-7.64,2.238888888888889
34.288,-1.12,-7.45,2.1555555555555554
34.308,-1.67,-7.44,2.0722222222222224
34.328,-2.17,-7.18,1.991111111111111
34.348,-2.69,-7.18,1.9133333333333333
34.368,-3.23,-7.07,1.8311111111111111
34.388,-3.57,-6.77,1.7577777777777779
34.408,-4.01,-6.64,1.68
34.428,-4.27,-6.5,1.61
34.448,-4.76,-6.5,1.5355555555555556
34.468,-4.97,-6.12,1.4666666666666666
34.488,-5.2,-6.17,1.3966666666666667
34.508,-5.58,-5.77,1.3322222222222222
34.528,-5.81,-5.47,1.2577777777777779
34.548,-5.97,-5.4,1.1777777777777778
34.568,-6.21,-5.45,1.1
34.588,-6.44,-5.27,1.021111111111111
34.608,-6.74,-5.0,0.9477777777777778
34.628,-6.95,-4.9,0.8744444444444445
34.648,-7.06,-4.93,0.8044444444444444
34.668,-7.18,-4.74,0.7366666666666667
34.688,-7.3,-4.71,0.6677777777777778
34.708,-7.41,-4.56,0.5988888888888889
34.728,-7.55,-4.53,0.5311111111111111
34.748,-7.63,-4.35,0.4633333333333333
34.768,-7.72,-4.33,0.3933333333333333
34.788,-7.74,-4.24,0.32666666666666666
34.808,-7.81,-4.21,0.2577777777777778
34.828,-7.85,-4.11,0.18666666666666668
34.848,-7.91,-4.08,0.11444444444444445
34.868,-7.89,-4.07,0.044444444444444446
34.888,-7.9,-4.13,-0.027777777777777776
34.908,-7.87,-4.13,-0.1
34.928,-7.85,-4.12,-0.1711111111111111
34.948,-7.79,-4.1,-0.24333333333333335
34.968,-7.75,-4.16,-0.31666666666666665
34.988,-7.63,-4.24,-0.39111111111111113
35.008,-7.53,-4.31,-0.4633333333333333
35.028,-7.47,-4.4,-0.54
35.048,-7.41,-4.43,-0.6144444444444445
35.068,-7.26,-4.56,-0.6922222222222222
35.088,-7.17,-4.61,-0.7666666666666667
35.108,-6.95,-4.72,-0.8433333333333334
35.128,-6.8,-4.77,-0.9211111111111111
35.148,-6.54,-4.96,-1.0022222222222221
35.168,-6.31,-5.04,-1.0888888888888888
35.188,-5.98,-5.23,-1.1722222222222223
35.208,-5.78,-5.38,-1.261111111111111
35.228,-5.45,-5.52,-1.35
35.248,-5.2,-5.63,-1.4377777777777778
35.268,-4.76,-5.81,-1.53
35.288,-4.43,-5.93,-1.6233333333333333
35.308,-3.98,-6.05,-1.72
35.328,-3.6,-6.17,-1.82
35.348,-3.01,-6.38,-1.9188888888888889
35.368,-2.58,-6.52,-2.0233333333333334
35.388,-1.92,-6.77,-2.1255555555555556
35.408,-1.45,-6.93,-2.2255555555555557
35.428,-0.71,-7.19,-2.327777777777778
35.448,-0.14,-7.4,-2.428888888888889
35.468,0.64,-7.64,-2.511111111111111
35.488,1.42,-7.88,-2.598888888888889
35.508,2.07,-8.04,-2.667777777777778
35.528,2.69,-7.75,-2.7533333333333334
35.548,3.63,-7.83,-2.8355555555555556
35.568,4.36,-7.77,-2.92
35.588,5.32,-7.98,-2.9966666666666666
35.608,5.91,-7.78,-3.08
35.628,6.89,-7.77,-3.1655555555555557
35.648,7.52,-7.52,-3.238888888888889
35.668,8.69,-7.43,-3.316666666666667
35.688,9.3,-7.16,-3.39
35.708,10.3,-6.93,-3.457777777777778
35.728,10.91,-6.61,-3.526666666666667
35.748,11.86,-6.22,-3.588888888888889
35.768,12.76,-5.65,-3.65
35.788,13.53,-5.19,-3.7
35.808,14.03,-4.88,-3.7488888888888887
35.828,14.76,-4.15,-3.7733333333333334
35.848,15.17,-3.7,-3.8333333333333335
35.868,15.71,-2.93,-3.8655555555555554
35.888,16.0,-2.33,-3.8766666666666665
35.908,16.35,-1.66,-3.91
35.928,16.49,-1.29,-3.922222222222222
35.948,16.61,-0.46,-3.9277777777777776
35.968,16.62,0.0,-3.922222222222222
35.988,16.54,0.78,-3.911111111111111
36.008,16.37,1.3,-3.897777777777778
36.028,16.02,2.03,-3.8722222222222222
36.048,15.75,2.52,-3.8433333333333333
36.068,15.24,3.19,-3.81
36.088,14.8,3.71,-3.7666666666666666
36.108,14.12,4.4,-3.723333333333333
36.128,13.63,4.75,-3.6666666666666665
36.148,12.84,5.3,-3.611111111111111
36.168,12.32,5.71,-3.55
36.188,11.4,6.04,-3.4811111111111113
36.208,10.82,6.39,-3.4122222222222223
36.228,10.18,6.58,-3.3377777777777777
36.248,9.21,6.97,-3.2655555555555558
36.268,8.61,7.23,-3.1822222222222223
36.288,7.63,7.25,-3.0966666666666667
36.308,6.62,7.42,-3.0144444444444445
36.328,6.05,7.6,-2.933333333333333
36.348,5.09,7.6,-2.8455555555555554
36.368,4.42,7.73,-2.758888888888889
36.388,3.53,7.68,-2.6755555555555555
36.408,2.89,7.73,-2.5877777777777777
36.428,2.08,7.68,-2.5055555555555555
36.448,1.5,7.66,-2.418888888888889
36.468,0.69,7.57,-2.331111111111111
36.488,0.18,7.54,-2.2466666666666666
36.508,-0.25,7.46,-2.1666666666666665
36.528,-1.14,7.29,-2.0877777777777777
36.548,-1.59,7.17,-2.0044444444444443
36.568,-2.2,7.01,-1.93
36.588,-2.58,6.95,-1.8522222222222222
36.608,-3.06,6.65,-1.781111111111111
36.628,-3.8,8.14,-1.6955555555555555
36.648,-3.75,6.11,-1.6255555555555556
36.668,-4.45,6.53,-1.548888888888889
36.688,-4.57,5.84,-1.4666666666666666
36.708,-4.86,6.07,-1.3877777777777778
36.728,-5.34,5.56,-1.308888888888889
36.748,-5.45,5.53,-1.23
36.768,-5.69,5.39,-1.1555555555555554
36.788,-5.92,5.36,-1.0788888888888888
36.808,-6.28,5.08,-1.0055555555555555
36.828,-6.48,4.98,-0.9333333333333333
36.848,-6.67,4.95,-0.8622222222222222
36.868,-6.64,4.75,-0.79
36.888,-6.88,4.77,-0.7188888888888889
36.908,-6.94,4.37,-0.65
36.928,-7.23,4.33,-0.5788888888888889
36.948,-7.23,4.15,-0.5077777777777778
36.968,-7.35,4.13,-0.4288888888888889
36.988,-7.41,4.03,-0.35
37.008,-7.53,3.9,-0.2688888888888889
37.028,-7.6,3.86,-0.18555555555555556
37.048,-7.55,3.86,-0.10666666666666667
37.068,-7.49,3.95,-0.03
37.088,-7.48,3.94,0.04888888888888889
37.108,-7.5,3.98,0.12555555555555556
37.128,-7.44,3.97,0.2
37.148,-7.41,4.08,0.2733333333333333
37.168,-7.32,4.1,0.35
37.188,-7.33,4.14,0.4311111111111111
37.208,-7.23,4.16,0.5088888888888888
37.228,-7.19,4.19,0.5877777777777777
37.248,-7.02,4.34,0.67
37.268,-6.87,4.39,0.7544444444444445
37.288,-6.71,4.46,0.8388888888888889
37.308,-6.48,4.61,0.9211111111111111
37.328,-6.16,4.87,1.0066666666666666
37.348,-5.96,4.96,1.0455555555555556
37.368,-5.67,5.17,1.1711111111111112
37.388,-5.47,5.29,1.2533333333333334
37.408,-5.08,5.53,1.3355555555555556
37.428,-4.79,5.7,1.3788888888888888
37.448,-4.4,5.88,1.5055555555555555
37.468,-4.15,5.94,1.5477777777777777
37.488,-3.72,6.07,1.6766666666666667
37.508,-3.3,6.23,1.721111111111111
37.528,-2.64,6.42,1.8611111111111112
37.548,-2.25,6.52,1.91
37.568,-1.73,6.61,2.0533333333333332
37.588,-1.22,6.72,2.152222222222222
37.608,-0.36,6.99,2.2044444444444444
37.628,0.17,7.0,2.3566666666666665
37.648,0.88,7.29,2.41
37.668,1.42,7.41,2.5044444444444443
37.688,2.31,7.41,2.6033333333333335
37.708,3.15,7.79,2.688888888888889
37.728,4.18,7.62,2.7733333333333334
37.748,4.55,7.63,2.858888888888889
37.768,5.7,7.86,2.94
37.788,6.31,7.49,3.022222222222222
37.808,7.38,7.59,3.1066666666666665
37.828,8.08,7.3,3.1844444444444444
37.848,9.01,7.15,3.2666666666666666
37.868,9.53,7.03,3.341111111111111
37.888,10.63,6.64,3.417777777777778
37.908,11.28,6.32,3.5
37.928,12.13,5.99,3.5633333333333335
37.948,12.71,5.66,3.628888888888889
37.968,13.56,5.12,3.6955555555555555
37.988,14.03,4.7,3.75
38.008,14.86,4.15,3.8
38.028,15.17,3.67,3.847777777777778
38.048,15.72,3.06,3.8855555555555554
38.068,16.18,2.07,3.92
38.088,16.62,1.41,3.9466666666666668
38.108,16.78,0.84,3.9644444444444447
38.128,16.89,0.2,3.9766666666666666
38.148,16.9,-0.34,3.982222222222222
38.168,16.75,-1.24,3.982222222222222
38.188,16.55,-1.67,3.9744444444444444
38.208,16.17,-2.42,3.957777777777778
38.228,15.92,-2.85,3.94
38.248,15.52,-3.3,3.911111111111111
38.268,14.84,-4.07,3.8744444444444444
38.288,14.36,-4.57,3.8355555555555556
38.308,13.6,-5.07,3.7933333333333334
38.328,13.05,-5.5,3.741111111111111
38.348,12.17,-5.92,3.68
38.368,11.52,-6.36,3.621111111111111
38.388,10.58,-6.71,3.55
38.408,9.88,-6.99,3.4811111111111113
38.428,8.92,-7.28,3.4055555555555554
38.448,8.26,-7.48,3.332222222222222
38.468,7.18,-7.67,3.2511111111111113
38.488,6.53,-7.73,3.171111111111111
38.508,5.44,-7.87,3.09
38.528,4.89,-7.97,3.0077777777777777
38.548,3.95,-7.99,2.92
38.568,3.27,-7.92,2.832222222222222
38.588,2.38,-8.04,2.747777777777778
38.608,1.8,-7.79,2.66
38.628,0.88,-7.64,2.577777777777778
38.648,0.33,-7.79,2.491111111111111
38.668,-0.39,-7.65,2.4055555555555554
38.688,-0.91,-7.17,2.3155555555555556
38.708,-1.68,-6.96,2.22
38.728,-2.09,-7.11,2.1366666666666667
38.748,-2.73,-6.89,2.05
38.768,-2.29,-6.03,1.958888888888889
38.788,-3.97,-6.35,1.8822222222222222
38.808,-3.97,-6.48,1.8
38.828,-4.68,-6.04,1.7244444444444444
38.848,-5.01,-6.19,1.65
38.868,-5.4,-5.67,1.5822222222222222
38.888,-5.64,-5.61,1.508888888888889
38.908,-5.89,-5.23,1.4344444444444444
38.928,-6.2,-5.34,1.3633333333333333
38.948,-6.35,-5.11,1.29
38.968,-6.7,-4.95,1.218888888888889
38.988,-6.93,-4.66,1.1488888888888888
39.008,-7.16,-4.62,1.0811111111111111
39.028,-7.31,-4.42,1.0133333333333334
39.048,-7.47,-4.38,0.9488888888888889
39.068,-7.58,-4.11,0.88
39.088,-7.75,-4.06,0.8133333333333334
39.108,-7.87,-3.8,0.75
39.128,-8.03,-3.84,0.6844444444444444
39.148,-8.08,-3.67,0.62
39.168,-8.2,-3.62,0.5522222222222222
39.188,-8.24,-3.57,0.4911111111111111
39.208,-8.29,-3.47,0.4255555555555556
39.228,-8.37,-3.41,0.3622222222222222
39.248,-8.41,-3.38,0.3011111111111111
39.268,-8.44,-3.39,0.2411111111111111
39.288,-8.43,-3.36,0.18
39.308,-8.44,-3.35,0.11888888888888889
39.328,-8.46,-3.32,0.057777777777777775
39.348,-8.46,-3.33,-0.0033333333333333335
39.368,-8.46,-3.33,-0.06444444444444444
39.388,-8.42,-3.33,-0.12444444444444444
39.408,-8.39,-3.37,-0.18333333333333332
39.428,-8.39,-3.43,-0.24555555555555555
39.448,-8.35,-3.42,-0.30777777777777776
39.468,-8.32,-3.5,-0.3655555555555556
39.488,-8.22,-3.55,-0.42777777777777776
39.508,-8.12,-3.68,-0.49
39.528,-8.03,-3.73,-0.5533333333333333
39.548,-7.97,-3.87,-0.6166666666666667
39.568,-7.89,-3.91,-0.6811111111111111
39.588,-7.71,-4.09,-0.7455555555555555
39.608,-7.55,-4.19,-0.8111111111111111
39.628,-7.35,-4.34,-0.8766666666666667
39.648,-7.2,-4.47,-0.9455555555555556
39.668,-7.02,-4.59,-1.0144444444444445
39.688,-6.85,-4.68,-1.0866666666666667
39.708,-6.6,-4.87,-1.1577777777777778
39.728,-6.38,-4.97,-1.23
39.748,-6.05,-5.17,-1.3444444444444446
39.768,-5.77,-5.28,-1.4211111111111112
39.788,-5.37,-5.55,-1.5022222222222221
39.808,-5.07,-5.69,-1.5811111111111111
39.828,-4.62,-5.95,-1.6666666666666667
39.848,-4.3,-6.12,-1.751111111111111
39.868,-3.82,-6.38,-1.8333333333333333
39.888,-3.47,-6.56,-1.9188888888888889
39.908,-2.94,-6.83,-2.002222222222222
39.928,-2.6,-6.9,-2.08
39.948,-2.1,-7.22,-2.1633333333333336
39.968,-1.44,-7.42,-2.241111111111111
39.988,-1.01,-7.41,-2.3222222222222224
40.008,-0.21,-7.65,-2.4133333333333336
40.028,0.44,-7.84,-2.48
40.048,1.02,-7.76,-2.56
40.068,1.87,-8.03,-2.6466666666666665
40.088,2.57,-7.93,-2.72
40.108,3.2,-7.84,-2.8066666666666666
40.128,4.12,-8.04,-2.89
40.148,5.09,-7.94,-2.9677777777777776
40.168,5.67,-7.89,-3.05
40.188,6.73,-7.86,-3.13
40.208,7.33,-7.57,-3.21
40.228,8.11,-7.42,-3.2855555555555553
40.248,9.15,-7.17,-3.361111111111111
40.268,9.81,-7.02,-3.4277777777777776
40.288,10.8,-6.62,-3.4988888888888887
40.308,11.41,-6.42,-3.5555555555555554
40.328,12.38,-5.9,-3.6166666666666667
40.348,13.22,-5.41,-3.6744444444444446
40.368,13.94,-4.97,-3.7222222222222223
40.388,14.53,-3.95,-3.7455555555555557
40.408,15.0,-3.76,-3.812222222222222
40.428,15.35,-3.42,-3.8444444444444446
40.448,15.73,-2.84,-3.8644444444444446
40.468,16.06,-2.2,-3.8866666666666667
40.488,16.31,-1.43,-3.898888888888889
40.508,16.41,-0.79,-3.9077777777777776
40.528,16.49,-0.05,-3.908888888888889
40.548,16.49,0.41,-3.902222222222222
40.568,16.34,1.22,-3.887777777777778
40.588,16.21,1.72,-3.861111111111111
40.608,15.84,2.39,-3.8355555555555556
40.628,15.57,2.9,-3.8022222222222224
40.648,15.0,3.54,-3.76
40.668,14.55,3.99,-3.7133333333333334
40.688,13.83,4.58,-3.66
40.708,13.29,4.96,-3.6033333333333335
40.728,12.45,5.47,-3.5455555555555556
40.748,11.85,5.83,-3.48
40.768,10.94,6.29,-3.4066666666666667
40.788,10.32,6.52,-3.338888888888889
40.808,9.4,6.85,-3.26
40.828,8.7,6.92,-3.188888888888889
40.848,7.71,7.27,-3.101111111111111
40.868,7.11,7.43,-3.0144444444444445
40.888,6.16,7.55,-2.937777777777778
40.908,5.52,7.64,-2.85
40.928,4.56,7.68,-2.7644444444444445
40.948,3.95,7.77,-2.6766666666666667
40.968,3.13,7.73,-2.5955555555555554
40.988,2.56,7.75,-2.5077777777777777
41.008,1.72,7.7,-2.421111111111111
41.028,1.16,7.64,-2.3333333333333335
41.048,0.4,7.56,-2.2511111111111113
41.068,0.0,7.48,-2.168888888888889
41.088,-0.73,7.35,-2.0866666666666664
41.108,-1.38,7.19,-2.0044444444444443
41.128,-1.99,7.09,-1.93
41.148,-2.33,6.99,-1.85
41.168,-2.87,6.95,-1.7755555555555556
41.188,-2.96,5.58,-1.7155555555555555
41.208,-3.57,5.52,-1.62
41.228,-3.89,6.71,-1.5444444444444445
41.248,-4.13,5.84,-1.4666666666666666
41.268,-5.01,6.07,-1.39
41.288,-4.96,5.58,-1.3122222222222222
41.308,-5.6,5.92,-1.24
41.328,-5.65,5.43,-1.1677777777777778
41.348,-5.88,5.62,-1.1
41.368,-6.11,5.22,-1.03
41.388,-6.16,5.36,-0.9688888888888889
41.408,-6.27,5.09,-0.9033333333333333
41.428,-6.51,5.15,-0.8411111111111111
41.448,-6.63,4.85,-0.78
41.468,-6.98,4.81,-0.7177777777777777
41.488,-7.05,4.64,-0.6533333333333333
41.508,-7.17,4.58,-0.59
41.528,-7.38,4.36,-0.5222222222222223
41.548,-7.35,4.2,-0.4533333333333333
41.568,-7.51,4.15,-0.3811111111111111
41.588,-7.47,3.98,-0.30666666666666664
41.608,-7.55,3.99,-0.23333333333333334
41.628,-7.59,3.86,-0.15666666666666668
41.648,-7.62,3.89,-0.0811111111111111
41.668,-7.62,3.88,-0.006666666666666667
41.688,-7.53,3.97,0.06444444444444444
41.708,-7.51,4.05,0.1388888888888889
41.728,-7.49,3.99,0.2088888888888889
41.748,-7.43,4.04,0.2833333333333333
41.768,-7.35,4.14,0.3511111111111111
41.788,-7.31,4.18,0.4266666666666667
41.808,-7.25,4.21,0.5011111111111111
41.828,-7.18,4.26,0.5777777777777777
41.848,-7.05,4.37,0.6522222222222223
41.868,-6.88,4.45,0.73
41.888,-6.69,4.58,0.81
41.908,-6.53,4.68,0.8888888888888888
41.928,-6.29,4.84,0.9688888888888889
41.948,-6.14,4.92,1.008888888888889
41.968,-5.95,5.04,1.1288888888888888
41.988,-5.64,5.22,1.17
42.008,-5.4,5.35,1.2533333333333334
42.028,-5.03,5.52,1.3366666666666667
42.048,-4.8,5.61,1.42
42.068,-4.35,5.83,1.55
42.088,-3.99,5.98,1.5933333333333333
42.108,-3.42,6.28,1.728888888888889
42.128,-3.07,6.47,1.771111111111111
42.148,-2.55,6.7,1.8966666666666667
42.168,-2.21,6.84,1.9422222222222223
42.188,-1.64,6.99,2.0655555555555556
42.208,-1.18,7.1,2.1044444444444443
42.228,-0.32,7.46,2.1855555555555557
42.248,0.1,7.52,2.263333333333333
42.268,0.7,7.58,2.3422222222222224
42.288,1.32,7.66,2.4255555555555555
42.308,2.18,7.71,2.506666666666667
42.328,2.82,7.8,2.5855555555555556
42.348,3.67,7.79,2.672222222222222
42.368,3.97,8.18,2.752222222222222
42.388,5.18,7.74,2.8377777777777777
42.408,5.84,7.79,2.92
42.428,6.83,7.55,3.002222222222222
42.448,7.31,7.52,3.081111111111111
42.468,8.35,7.3,3.1644444444444444
42.488,9.03,6.95,3.2422222222222223
42.508,10.07,6.69,3.3144444444444443
42.528,10.64,6.56,3.39
42.548,11.57,6.16,3.4644444444444447
42.568,12.16,5.83,3.528888888888889
42.588,13.04,5.36,3.59
42.608,13.55,4.9,3.65
42.628,14.47,4.22,3.7
42.648,14.87,3.75,3.75
42.668,15.43,2.98,3.783333333333333
42.688,15.81,2.55,3.8255555555555554
42.708,16.18,1.78,3.85
42.728,16.33,1.33,3.8744444444444444
42.748,16.5,0.62,3.891111111111111
42.768,16.53,0.06,3.901111111111111
42.788,16.48,-0.73,3.9
42.808,16.41,-1.21,3.898888888888889
42.828,16.09,-1.97,3.8855555555555554
42.848,15.87,-2.45,3.8666666666666667
42.868,15.38,-3.17,3.8444444444444446
42.888,15.0,-3.68,3.8088888888888888
42.908,14.36,-4.31,3.772222222222222
42.928,13.86,-4.77,3.7344444444444442
42.948,13.1,-5.23,3.683333333333333
42.968,12.54,-5.66,3.6244444444444444
42.988,11.64,-6.16,3.568888888888889
43.008,11.04,-6.42,3.502222222222222
43.028,10.09,-6.81,3.438888888888889
43.048,9.47,-7.02,3.3633333333333333
43.068,8.47,-7.21,3.29
43.088,7.83,-7.5,3.2144444444444447
43.108,6.84,-7.68,3.1355555555555554
43.128,6.16,-7.83,3.051111111111111
43.148,5.22,-7.89,2.971111111111111
43.168,4.5,-7.84,2.887777777777778
43.188,3.58,-7.99,2.8
43.208,3.0,-7.83,2.7155555555555555
43.228,2.06,-7.94,2.6277777777777778
43.248,1.52,-7.82,2.5444444444444443
43.268,0.69,-7.8,2.46
43.288,0.15,-7.61,2.368888888888889
43.308,-0.6,-7.62,2.29
43.328,-1.0,-7.49,2.2066666666666666
43.348,-1.76,-7.32,2.118888888888889
43.368,-2.17,-7.19,2.0444444444444443
43.388,-2.87,-6.74,1.9566666666666668
43.408,-3.45,-6.7,1.8566666666666667
43.428,-3.58,-6.74,1.7733333333333334
43.448,-4.26,-6.32,1.681111111111111
43.468,-4.76,-5.94,1.5955555555555556
43.488,-5.04,-6.22,1.5155555555555555
43.508,-5.26,-5.9,1.4344444444444444
43.528,-5.52,-5.87,1.3588888888888888
43.548,-5.77,-5.54,1.28
43.568,-6.22,-5.36,1.211111111111111
43.588,-6.25,-5.34,1.1255555555555556
43.608,-6.47,-5.24,1.051111111111111
43.628,-6.58,-5.13,0.9788888888888889
43.648,-6.85,-5.03,0.9055555555555556
43.668,-6.94,-4.79,0.8355555555555556
43.688,-7.18,-4.79,0.7633333333333333
43.708,-7.22,-4.65,0.6922222222222222
43.728,-7.44,-4.56,0.6211111111111111
43.748,-7.53,-4.42,0.55
43.768,-7.71,-4.28,0.4766666666666667
43.788,-7.77,-4.18,0.4022222222222222
43.808,-7.78,-4.16,0.33
43.828,-7.82,-4.13,0.25222222222222224
43.848,-7.85,-4.04,0.17888888888888888
43.868,-7.85,-4.0,0.10111111111111111
43.888,-7.83,-4.05,0.028888888888888888
43.908,-7.78,-4.01,-0.05
43.928,-7.79,-4.11,-0.12222222222222222
43.948,-7.75,-4.06,-0.2
43.968,-7.7,-4.1,-0.2788888888888889
43.988,-7.64,-4.14,-0.3611111111111111
44.008,-7.55,-4.17,-0.4388888888888889
44.028,-7.51,-4.23,-0.5222222222222223
44.048,-7.41,-4.23,-0.6066666666666667
44.068,-7.28,-4.32,-0.6877777777777778
44.088,-7.07,-4.49,-0.7711111111111111
44.108,-6.9,-4.59,-0.86
44.128,-6.67,-4.79,-0.9466666666666667
44.148,-6.54,-4.87,-1.03
44.168,-6.15,-5.12,-1.1133333333333333
44.188,-5.93,-5.26,-1.2
44.208,-5.58,-5.49,-1.2866666666666666
44.228,-5.38,-5.6,-1.3711111111111112
44.248,-5.01,-5.76,-1.46
44.268,-4.72,-5.99,-1.5477777777777777
44.288,-4.23,-6.15,-1.6366666666666667
44.308,-3.9,-6.3,-1.7266666666666666
44.328,-3.33,-6.48,-1.82
44.348,-2.99,-6.65,-1.9133333333333333
44.368,-2.38,-6.87,-2.002222222222222
44.388,-1.93,-7.04,-2.0922222222222224
44.408,-1.25,-7.11,-2.1822222222222223
44.428,-0.53,-7.65,-2.27
44.448,0.06,-7.83,-2.36
44.468,0.52,-7.57,-2.4266666666666667
44.488,1.54,-8.17,-2.52
44.508,2.14,-7.82,-2.5944444444444446
44.528,2.88,-7.95,-2.6744444444444446
44.548,3.58,-7.81,-2.76
44.568,4.4,-8.03,-2.8422222222222224
44.588,5.03,-7.71,-2.921111111111111
44.608,6.08,-7.82,-3.0044444444444443
44.628,6.65,-7.63,-3.082222222222222
44.648,7.64,-7.53,-3.161111111111111
44.668,8.32,-7.4,-3.24
44.688,9.37,-7.08,-3.3155555555555556
44.708,9.96,-6.9,-3.3833333333333333
44.728,10.91,-6.54,-3.4477777777777776
44.748,11.54,-6.41,-3.52
44.768,12.38,-5.78,-3.5766666666666667
44.788,12.99,-5.51,-3.63
44.808,13.68,-4.95,-3.68
44.828,14.13,-4.58,-3.7
44.848,14.85,-3.82,-3.77
44.868,15.18,-3.36,-3.8033333333333332
44.888,15.67,-2.75,-3.8266666666666667
44.908,16.03,-2.16,-3.8466666666666667
44.928,16.37,-1.22,-3.8666666666666667
44.948,16.48,-0.63,-3.871111111111111
44.968,15.96,-0.36,-3.871111111111111
44.988,16.85,0.69,-3.8655555555555554
45.008,16.11,0.87,-3.85
45.028,16.11,1.99,-3.8344444444444443
45.048,15.62,2.5,-3.8088888888888888
45.068,15.21,2.98,-3.7733333333333334
45.088,14.67,3.78,-3.7355555555555555
45.108,14.19,4.16,-3.6911111111111112
45.128,13.48,4.65,-3.641111111111111
45.148,13.0,5.26,-3.59
45.168,12.02,5.66,-3.5255555555555556
45.188,11.78,5.91,-3.46
45.208,10.65,6.29,-3.3933333333333335
45.228,10.29,6.62,-3.3244444444444445
45.248,9.19,6.93,-3.2488888888888887
45.268,8.63,7.07,-3.1733333333333333
45.288,7.72,7.34,-3.091111111111111
45.308,6.97,7.37,-3.0044444444444443
45.328,6.12,7.59,-2.9233333333333333
45.348,5.36,7.53,-2.8433333333333333
45.368,4.47,7.64,-2.7533333333333334
45.388,3.87,7.7,-2.67
45.408,2.95,7.7,-2.5855555555555556
45.428,2.46,7.72,-2.5
45.448,1.58,7.66,-2.411111111111111
45.468,1.14,7.64,-2.3244444444444445
45.488,0.53,7.62,-2.24
45.508,-0.08,7.43,-2.1555555555555554
45.528,-0.58,7.42,-2.0744444444444445
45.548,-1.21,7.23,-1.9922222222222221
45.568,-1.59,7.27,-1.9144444444444444
45.588,-2.21,7.05,-1.8355555555555556
45.608,-2.73,7.01,-1.7577777777777779
45.628,-3.05,6.87,-1.6888888888888889
45.648,-3.8,7.75,-1.6033333333333333
45.668,-3.94,6.1,-1.5344444444444445
45.688,-4.52,6.52,-1.4677777777777778
45.708,-4.73,6.34,-1.3977777777777778
45.728,-4.67,5.85,-1.33
45.748,-5.47,6.2,-1.2622222222222221
45.768,-5.13,5.9,-1.198888888888889
45.788,-5.74,5.86,-1.1322222222222222
45.808,-5.73,5.3,-1.0722222222222222
45.828,-5.92,5.47,-1.0044444444444445
45.848,-6.18,5.12,-0.9355555555555556
45.868,-6.47,5.02,-0.8666666666666667
45.888,-6.63,4.82,-0.7955555555555556
45.908,-6.89,4.81,-0.7266666666666667
45.928,-6.81,4.73,-0.6555555555555556
45.948,-7.04,4.63,-0.5855555555555556
45.968,-7.09,4.49,-0.5166666666666667
45.988,-7.21,4.39,-0.4488888888888889
46.008,-7.3,4.34,-0.37666666666666665
46.028,-7.3,4.24,-0.3055555555555556
46.048,-7.41,4.27,-0.23555555555555555
46.068,-7.43,4.23,-0.1622222222222222
46.088,-7.45,4.25,-0.05555555555555555
46.108,-7.41,4.29,-0.022222222222222223
46.128,-7.39,4.28,0.07777777777777778
46.148,-7.32,4.41,0.1111111111111111
46.168,-7.35,4.39,0.2111111111111111
46.188,-7.29,4.37,0.2788888888888889
46.208,-7.27,4.4,0.3433333333333333
46.228,-7.18,4.47,0.4111111111111111
46.248,-7.09,4.57,0.48
46.268,-7.0,4.57,0.5522222222222222
46.288,-6.96,4.61,0.6211111111111111
46.308,-6.84,4.69,0.6955555555555556
46.328,-6.71,4.76,0.7688888888888888
46.348,-6.45,4.95,0.84
46.368,-6.31,5.04,0.9166666666666666
46.388,-6.1,5.17,0.9877777777777778
46.408,-5.95,5.3,1.058888888888889
46.428,-5.6,5.51,1.1333333333333333
46.448,-5.41,5.67,1.2033333333333334
46.468,-5.11,5.8,1.278888888888889
46.488,-4.78,5.91,1.3555555555555556
46.508,-4.37,6.08,1.4322222222222223
46.528,-4.07,6.2,1.5155555555555555
46.548,-3.62,6.26,1.6022222222222222
46.568,-3.36,6.36,1.69
46.588,-2.85,6.51,1.78
46.608,-2.5,6.57,1.87
46.628,-1.73,6.79,1.9633333333333334
46.648,-1.3,6.89,2.0077777777777777
46.668,-0.6,7.08,2.151111111111111
46.688,-0.05,7.18,2.198888888888889
46.708,0.55,7.46,2.34
46.728,1.2,7.38,2.3855555555555554
46.748,1.99,7.52,2.5188888888888887
46.768,2.71,7.82,2.56
46.788,3.6,7.75,2.687777777777778
46.808,3.9,7.69,2.7244444444444444
46.828,5.01,7.94,2.851111111111111
46.848,5.74,7.65,2.8933333333333335
46.868,6.56,7.69,3.0144444444444445
46.888,7.27,7.42,3.0922222222222224
46.908,8.13,7.24,3.1355555555555554
46.928,8.88,7.15,3.25
46.948,9.84,6.93,3.2866666666666666
46.968,10.49,6.48,3.362222222222222
46.988,11.33,6.26,3.4366666666666665
47.008,11.93,5.98,3.51
47.028,12.79,5.38,3.571111111111111
47.048,13.29,5.05,3.63
47.068,14.03,4.56,3.68
47.088,14.49,4.1,3.7311111111111113
47.108,15.08,3.42,3.7777777777777777
47.128,15.43,2.81,3.812222222222222
47.148,16.05,2.26,3.838888888888889
47.168,16.2,1.63,3.867777777777778
47.188,20.59,2.77,3.88
47.208,17.48,-2.55,3.8777777777777778
47.228,14.92,0.05,3.878888888888889
47.248,14.94,0.93,3.868888888888889
47.268,16.34,-0.98,3.871111111111111
47.288,15.35,-2.4,3.852222222222222
47.308,14.78,-2.39,3.8244444444444445
47.328,15.4,-3.97,3.8022222222222224
47.348,14.28,-4.67,3.763333333333333
47.368,14.4,-4.35,3.7177777777777776
47.388,13.33,-5.48,3.6733333333333333
47.408,12.84,-5.31,3.62
47.428,12.16,-6.1,3.5644444444444443
47.448,11.18,-6.23,3.5
47.468,10.69,-6.52,3.431111111111111
47.488,9.43,-6.87,3.3655555555555554
47.508,9.17,-7.01,3.292222222222222
47.528,7.72,-7.48,3.2155555555555555
47.548,7.55,-7.48,3.137777777777778
47.568,6.41,-7.72,3.0555555555555554
47.588,5.81,-7.74,2.9755555555555557
47.608,4.88,-8.06,2.891111111111111
47.628,4.01,-7.54,2.8088888888888888
47.648,3.34,-8.02,2.718888888888889
47.668,2.62,-7.76,2.637777777777778
47.688,1.83,-7.68,2.548888888888889
47.708,1.17,-7.86,2.462222222222222
47.728,0.39,-7.71,2.3777777777777778
47.748,-0.11,-7.6,2.2911111111111113
47.768,-0.83,-7.43,2.2066666666666666
47.788,-1.32,-7.58,2.1266666666666665
47.808,-1.95,-7.05,2.04
47.828,-2.4,-7.34,1.9633333333333334
47.848,-3.4,-7.23,1.8844444444444444
47.868,-3.3,-7.08,1.81
47.888,-3.85,-6.6,1.7322222222222223
47.908,-3.98,-6.84,1.6577777777777778
47.928,-4.41,-6.5,1.5877777777777777
47.948,-4.66,-6.39,1.5166666666666666
47.968,-5.09,-6.16,1.448888888888889
47.988,-5.31,-6.04,1.3777777777777778
48.008,-5.84,-5.91,1.3144444444444445
48.028,-5.93,-5.57,1.2466666666666666
48.048,-6.39,-5.49,1.1844444444444444
48.068,-6.63,-4.86,1.12
48.088,-6.78,-5.03,1.048888888888889
48.108,-6.84,-4.9,0.98
48.128,-7.21,-4.84,0.9088888888888889
48.148,-7.26,-4.56,0.8355555555555556
48.168,-7.63,-4.34,0.7677777777777778
48.188,-7.55,-4.26,0.7
48.208,-7.68,-4.29,0.6288888888888889
48.228,-7.66,-4.22,0.5577777777777778
48.248,-7.85,-4.16,0.4888888888888889
48.268,-7.93,-3.87,0.42
48.288,-7.95,-3.95,0.35333333333333333
48.308,-7.94,-3.87,0.28555555555555556
48.328,-7.99,-4.05,0.22
48.348,-8.02,-3.87,0.15
48.368,-8.11,-3.78,0.08
48.388,-8.06,-3.79,0.012222222222222223
48.408,-8.06,-3.83,-0.056666666666666664
48.428,-8.01,-3.86,-0.1288888888888889
48.448,-8.0,-3.9,-0.2
48.468,-7.98,-3.8,-0.27111111111111114
48.488,-7.93,-3.94,-0.3422222222222222
48.508,-7.82,-3.97,-0.41444444444444445
48.528,-7.71,-4.1,-0.48333333333333334
48.548,-7.64,-4.15,-0.5555555555555556
48.568,-7.55,-4.23,-0.6288888888888889
48.588,-7.49,-4.33,-0.6988888888888889
48.608,-7.31,-4.44,-0.7711111111111111
48.628,-7.22,-4.55,-0.8455555555555555
48.648,-7.0,-4.72,-0.9188888888888889
48.668,-6.84,-4.8,-0.9944444444444445
48.688,-6.6,-4.96,-1.07
48.708,-6.38,-5.07,-1.1522222222222223
48.728,-6.05,-5.21,-1.23
48.748,-5.79,-5.43,-1.308888888888889
48.768,-5.28,-5.65,-1.3988888888888888
48.788,-5.1,-5.77,-1.4777777777777779
48.808,-4.67,-5.97,-1.5611111111111111
48.828,-4.37,-6.12,-1.6466666666666667
48.848,-3.89,-6.33,-1.7333333333333334
48.868,-3.51,-6.5,-1.8222222222222222
48.888,-2.98,-6.76,-1.9111111111111112
48.908,-2.62,-6.9,-1.9977777777777779
48.928,-2.0,-7.1,-2.078888888888889
48.948,-1.4,-7.4,-2.1622222222222223
48.968,-0.69,-7.63,-2.241111111111111
48.988,-0.27,-7.5,-2.3266666666666667
49.008,0.72,-7.87,-2.418888888888889
49.028,1.15,-7.86,-2.482222222222222
49.048,2.1,-8.0,-2.568888888888889
49.068,2.53,-7.98,-2.65
49.088,3.53,-7.92,-2.7333333333333334
49.108,4.02,-8.07,-2.816666666666667
49.128,5.03,-7.76,-2.8955555555555557
49.148,5.58,-8.03,-2.9755555555555557
49.168,6.6,-7.75,-3.06
49.188,7.19,-7.75,-3.137777777777778
49.208,8.29,-7.38,-3.2133333333333334
49.228,8.91,-7.33,-3.287777777777778
49.248,9.52,-6.98,-3.3577777777777778
49.268,10.53,-6.8,-3.43
49.288,11.06,-6.43,-3.4944444444444445
49.308,12.07,-5.95,-3.5555555555555554
49.328,12.61,-5.68,-3.612222222222222
49.348,13.39,-5.13,-3.6633333333333336
49.368,13.9,-4.86,-3.7022222222222223
49.388,14.58,-4.07,-3.7455555555555557
49.408,15.03,-3.61,-3.79
49.428,15.54,-2.96,-3.8155555555555556
49.448,16.0,-2.16,-3.8255555555555554
49.468,16.17,-1.74,-3.8577777777777778
49.488,16.42,-0.99,-3.867777777777778
49.508,16.44,-0.46,-3.8733333333333335
49.528,16.44,0.26,-3.867777777777778
49.548,16.28,0.99,-3.8577777777777778
49.568,16.1,1.48,-3.8422222222222224
49.588,15.74,2.23,-3.8155555555555556
49.608,15.42,2.73,-3.7844444444444445
49.628,14.88,3.36,-3.747777777777778
49.648,14.51,3.96,-3.7088888888888887
49.668,13.8,4.49,-3.6544444444444446
49.688,13.33,4.83,-3.602222222222222
49.708,12.55,5.42,-3.548888888888889
49.728,12.03,5.67,-3.48
49.748,11.11,6.2,-3.4155555555555557
49.768,10.52,6.44,-3.3455555555555554
49.788,9.62,6.74,-3.2688888888888887
49.808,9.12,6.89,-3.1977777777777776
49.828,7.95,7.19,-3.1144444444444446
49.848,7.4,7.25,-3.028888888888889
49.868,6.45,7.45,-2.9433333333333334
49.888,5.87,7.51,-2.8644444444444446
49.908,4.9,7.63,-2.778888888888889
49.928,4.28,7.68,-2.69
49.948,3.4,7.7,-2.61
49.968,2.77,7.73,-2.5244444444444443
49.988,1.98,7.68,-2.4366666666666665
50.008,1.4,7.65,-2.351111111111111
50.028,0.6,7.56,-2.2644444444444445
50.048,0.14,7.57,-2.18
50.068,-0.54,7.42,-2.098888888888889
50.088,-0.93,7.37,-2.0155555555555558
50.108,-1.56,7.23,-1.9366666666666668
50.128,-1.96,7.14,-1.86
50.148,-2.51,7.08,-1.781111111111111
50.168,-2.83,6.96,-1.71
50.188,-3.8,8.33,-1.6266666666666667
50.208,-3.47,5.39,-1.5566666666666666
50.228,-4.55,6.85,-1.4833333333333334
50.248,-3.99,6.04,-1.4166666666666667
50.268,-4.77,6.43,-1.3477777777777777
50.288,-5.2,6.07,-1.2844444444444445
50.308,-5.23,5.7,-1.218888888888889
50.328,-5.6,5.85,-1.1555555555555554
50.348,-5.7,5.45,-1.0911111111111111
50.368,-6.02,5.57,-1.03
50.388,-6.2,5.23,-0.9633333333333334
50.408,-6.37,5.37,-0.9
50.428,-6.63,4.91,-0.8322222222222222
50.448,-6.77,4.97,-0.77
50.468,-6.87,4.76,-0.7022222222222222
50.488,-7.01,4.71,-0.6388888888888888
50.508,-7.05,4.61,-0.5733333333333334
50.528,-7.2,4.51,-0.5111111111111111
50.548,-7.34,4.41,-0.45
50.568,-7.29,4.42,-0.3844444444444444
50.588,-7.4,4.45,-0.3244444444444444
50.608,-7.42,4.41,-0.26222222222222225
50.628,-7.47,4.4,-0.20222222222222222
50.648,-7.54,4.29,-0.14222222222222222
50.668,-7.51,4.31,-0.08222222222222222
50.688,-7.51,4.3,-0.024444444444444446
50.708,-7.52,4.31,0.03888888888888889
50.728,-7.5,4.31,0.09666666666666666
50.748,-7.5,4.26,0.15888888888888889
50.768,-7.48,4.28,0.22
50.788,-7.39,4.34,0.28555555555555556
50.808,-7.34,4.36,0.3511111111111111
50.828,-7.26,4.43,0.4166666666666667
50.848,-7.21,4.44,0.4811111111111111
50.868,-7.07,4.54,0.55
50.888,-6.96,4.58,0.62
50.908,-6.81,4.73,0.6888888888888889
50.928,-6.7,4.81,0.76
50.948,-6.52,4.93,0.8288888888888889
50.968,-6.39,4.99,0.8988888888888888
50.988,-6.09,5.18,0.97
51.008,-5.93,5.25,1.0466666666666666
51.028,-5.65,5.36,1.1211111111111112
51.048,-5.39,5.5,1.2
51.068,-5.03,5.61,1.278888888888889
51.088,-4.74,5.77,1.3611111111111112
51.108,-4.31,5.92,1.4466666666666668
51.128,-4.05,6.04,1.53
51.148,-3.6,6.15,1.6177777777777778
51.168,-3.21,6.3,1.708888888888889
51.188,-2.57,6.43,1.8
51.208,-2.21,6.59,1.8966666666666667
51.228,-1.56,6.7,1.9944444444444445
51.248,-1.19,6.83,2.0955555555555554
51.268,-0.36,6.91,2.1944444444444446
51.288,0.08,6.98,2.3033333333333332
51.308,0.68,7.07,2.4066666666666667
51.328,1.53,7.16,2.4588888888888887
51.348,2.14,7.25,2.62
51.368,3.19,7.28,2.7244444444444444
51.388,3.74,7.17,2.7777777777777777
51.408,4.76,7.13,2.94
51.428,5.59,7.54,2.9844444444444442
51.448,6.54,7.06,3.132222222222222
51.468,7.62,7.41,3.1755555555555555
51.488,8.56,7.12,3.3033333333333332
51.508,9.29,7.51,3.341111111111111
51.528,10.31,7.04,3.453333333333333
51.548,10.83,6.65,3.493333333333333
51.568,11.8,6.37,3.581111111111111
51.588,12.35,6.01,3.6366666666666667
51.608,13.26,5.37,3.7
51.628,13.78,5.3,3.7644444444444445
51.648,14.46,4.65,3.8233333333333333
51.668,15.09,4.07,3.8944444444444444
51.688,15.66,3.41,3.911111111111111
51.708,15.98,2.99,3.9566666666666666
51.728,16.43,2.33,3.9877777777777776
51.748,16.58,1.75,4.015555555555555
51.768,16.89,0.5,4.0344444444444445
51.788,17.07,0.32,4.042222222222223
51.808,17.02,-0.73,4.0488888888888885
51.828,16.93,-1.25,4.045555555555556
51.848,16.63,-1.93,4.033333333333333
51.868,16.35,-2.71,4.015555555555555
51.888,15.89,-3.11,3.993333333333333
51.908,15.43,-3.83,3.957777777777778
51.928,14.79,-4.28,3.9277777777777776
51.948,14.25,-4.83,3.88
51.968,13.33,-5.44,3.832222222222222
51.988,12.8,-5.79,3.781111111111111
52.008,11.81,-6.35,3.718888888888889
52.028,11.26,-6.51,3.6544444444444446
52.048,10.16,-6.91,3.5866666666666664
52.068,9.47,-7.15,3.517777777777778
52.088,8.42,-7.4,3.44
52.108,7.67,-7.54,3.3655555555555554
52.128,6.82,-7.68,3.28
52.148,5.93,-7.82,3.1977777777777776
52.168,4.97,-7.9,3.111111111111111
52.188,4.24,-8.01,3.028888888888889
52.208,3.33,-7.98,2.9444444444444446
52.228,2.75,-7.86,2.86
52.248,1.77,-7.82,2.7711111111111113
52.268,1.26,-7.79,2.6422222222222222
52.288,0.4,-7.57,2.602222222222222
52.308,-0.05,-7.55,2.471111111111111
52.328,-0.86,-7.44,2.43
52.348,-1.36,-7.23,2.31
52.368,-2.05,-7.06,2.23
52.388,-2.5,-6.95,2.1555555555555554
52.408,-3.09,-6.76,2.077777777777778
52.428,-3.73,-6.41,2.0166666666666666
52.448,-3.92,-6.6,1.9377777777777778
52.468,-4.55,-6.02,1.8666666666666667
52.488,-4.9,-5.98,1.7944444444444445
52.508,-5.25,-5.92,1.731111111111111
52.528,-5.77,-5.5,1.67
52.548,-5.99,-5.36,1.6011111111111112
52.568,-6.32,-5.1,1.54
52.588,-6.54,-5.0,1.48
52.608,-6.81,-4.71,1.42
52.628,-7.0,-4.6,1.3688888888888888
52.648,-7.24,-4.34,1.3144444444444445
52.668,-7.38,-4.25,1.2644444444444445
52.688,-7.54,-4.04,1.2155555555555555
52.708,-7.68,-3.95,1.1677777777777778
52.728,-7.87,-3.71,1.12
52.748,-7.98,-3.57,1.0766666666666667
52.768,-8.09,-3.36,1.0344444444444445
52.788,-8.25,-3.2,0.99
52.808,-8.37,-2.91,0.9455555555555556
52.828,-8.45,-2.85,0.9011111111111111
52.848,-8.63,-2.59,0.8566666666666667
52.868,-8.7,-2.44,0.8144444444444444
52.888,-8.81,-2.41,0.7722222222222223
52.908,-8.81,-2.3,0.7322222222222222
52.928,-8.94,-2.13,0.6922222222222222
52.948,-8.98,-1.96,0.6522222222222223
52.968,-9.07,-1.9,0.6144444444444445
52.988,-9.11,-1.73,0.5744444444444444
53.008,-9.12,-1.56,0.5366666666666666
53.028,-9.17,-1.5,0.4911111111111111
53.048,-9.19,-1.47,0.44333333333333336
53.068,-9.26,-1.25,0.4
53.088,-9.26,-1.08,0.35333333333333333
53.108,-9.25,-1.11,0.30777777777777776
53.128,-9.25,-1.16,0.25666666666666665
53.148,-9.29,-1.08,0.2111111111111111
53.168,-9.31,-0.91,0.16777777777777778
53.188,-9.3,-0.78,0.12
53.208,-9.31,-0.83,0.06888888888888889
53.228,-9.33,-0.92,0.016666666666666666
53.248,-9.33,-0.93,-0.03
53.268,-9.35,-0.8,-0.08
53.288,-9.35,-0.8,-0.1288888888888889
53.308,-9.33,-0.95,-0.17888888888888888
53.328,-9.32,-1.03,-0.22666666666666666
53.348,-9.29,-1.09,-0.27666666666666667
53.368,-9.26,-1.1,-0.32222222222222224
53.388,-9.23,-1.2,-0.37
53.408,-9.19,-1.28,-0.4166666666666667
53.428,-9.13,-1.41,-0.4633333333333333
53.448,-9.12,-1.47,-0.5122222222222222
53.468,-9.06,-1.55,-0.5611111111111111
53.488,-9.03,-1.63,-0.61
53.508,-8.98,-1.82,-0.6577777777777778
53.528,-8.91,-1.92,-0.7066666666666667
53.548,-8.82,-2.04,-0.76
53.568,-8.76,-2.11,-0.81
53.588,-8.59,-2.28,-0.8644444444444445
53.608,-8.5,-2.45,-0.92
53.628,-8.34,-2.68,-0.9766666666666667
53.648,-8.26,-2.78,-1.0322222222222222
53.668,-8.08,-2.94,-1.09
53.688,-7.95,-3.13,-1.1444444444444444
53.708,-7.75,-3.44,-1.2033333333333334
53.728,-7.62,-3.64,-1.261111111111111
53.748,-7.46,-3.83,-1.32
53.768,-7.32,-3.97,-1.3755555555555556
53.788,-7.03,-4.19,-1.4355555555555555
53.808,-6.81,-4.42,-1.498888888888889
53.828,-6.45,-4.73,-1.5644444444444445
53.848,-6.24,-4.83,-1.63
53.868,-5.88,-5.1,-1.6977777777777778
53.888,-5.59,-5.33,-1.7644444444444445
53.908,-5.14,-5.7,-1.8311111111111111
53.928,-4.87,-5.94,-1.8944444444444444
53.948,-4.41,-6.06,-1.96
53.968,-4.1,-6.28,-2.0277777777777777
53.988,-3.43,-6.63,-2.0955555555555554
54.008,-3.01,-6.77,-2.167777777777778
54.028,-2.38,-6.95,-2.24
54.048,-2.05,-7.09,-2.3133333333333335
54.068,-1.34,-7.3,-2.3922222222222222
54.088,-0.82,-7.39,-2.48
54.108,0.07,-7.63,-2.5677777777777777
54.128,0.82,-7.76,-2.6333333333333333
54.148,1.62,-7.78,-2.72
54.168,2.31,-7.95,-2.7933333333333334
54.188,3.36,-7.81,-2.8766666666666665
54.208,3.85,-8.29,-2.96
54.228,5.02,-7.9,-3.04
54.248,5.53,-7.95,-3.1244444444444444
54.268,6.69,-7.8,-3.203333333333333
54.288,7.28,-7.77,-3.28
54.308,8.43,-7.49,-3.361111111111111
54.328,9.13,-7.39,-3.4355555555555557
54.348,10.11,-7.06,-3.51
54.368,10.83,-6.79,-3.581111111111111
54.388,11.75,-6.47,-3.6466666666666665
54.408,12.42,-6.02,-3.707777777777778
54.428,13.28,-5.58,-3.767777777777778
54.448,13.86,-5.17,-3.8233333333333333
54.468,14.48,-4.91,-3.85
54.488,15.11,-4.18,-3.9055555555555554
54.508,15.73,-3.43,-3.94
54.528,16.08,-2.98,-3.97
54.548,16.53,-2.15,-3.986666666666667
54.568,16.69,-1.71,-4.0088888888888885
54.588,16.91,-0.89,-4.017777777777778
54.608,16.93,-0.4,-4.02
54.628,16.88,0.39,-4.012222222222222
54.648,16.77,0.9,-3.997777777777778
54.668,16.51,1.74,-3.9844444444444442
54.688,16.27,2.16,-3.96
54.708,15.82,2.95,-3.922222222222222
54.728,15.39,3.42,-3.8844444444444446
54.748,14.78,4.19,-3.8366666666666664
54.768,14.3,4.5,-3.7844444444444445
54.788,13.51,5.1,-3.7255555555555557
54.808,12.97,5.49,-3.6666666666666665
54.828,12.07,5.93,-3.6
54.848,11.44,6.22,-3.53
54.868,10.47,6.66,-3.4566666666666666
54.888,9.48,6.96,-3.3833333333333333
54.908,8.44,7.14,-3.3133333333333335
54.928,7.71,7.35,-3.216666666666667
54.948,6.72,7.63,-3.138888888888889
54.968,6.06,7.53,-3.057777777777778
54.988,5.06,7.65,-2.9633333333333334
55.008,4.42,7.68,-2.88
55.028,3.44,7.73,-2.7944444444444443
55.048,2.92,7.72,-2.712222222222222
55.068,2.03,7.71,-2.6244444444444444
55.088,1.45,7.59,-2.537777777777778
55.108,0.63,7.52,-2.4522222222222223
55.128,0.07,7.44,-2.368888888888889
55.148,-0.34,7.36,-2.287777777777778
55.168,-1.1,7.2,-2.2066666666666666
55.188,-1.5,7.09,-2.13
55.208,-2.16,6.95,-2.0533333333333332
55.228,-2.58,6.82,-1.9777777777777779
55.248,-3.08,6.73,-1.9088888888888889
55.268,-3.38,5.73,-1.8255555555555556
55.288,-3.42,5.36,-1.7633333333333334
55.308,-4.4,6.6,-1.6955555555555555
55.328,-4.23,5.42,-1.6322222222222222
55.348,-5.21,6.06,-1.5677777777777777
55.368,-5.12,5.37,-1.5077777777777779
55.388,-5.87,5.73,-1.4466666666666668
55.408,-5.97,5.09,-1.3888888888888888
55.428,-6.19,5.34,-1.3333333333333333
55.448,-6.5,4.83,-1.28
55.468,-6.55,4.92,-1.2255555555555555
55.488,-6.81,4.6,-1.1755555555555555
55.508,-7.03,4.52,-1.1277777777777778
55.528,-7.16,4.33,-1.08
55.548,-7.44,4.15,-1.0322222222222222
55.568,-7.63,4.02,-0.9866666666666667
55.588,-7.7,3.84,-0.9388888888888889
55.608,-7.98,3.67,-0.8922222222222222
55.628,-7.9,3.48,-0.8466666666666667
55.648,-8.09,3.38,-0.7988888888888889
55.668,-8.24,3.18,-0.7522222222222222
55.688,-8.32,3.01,-0.7088888888888889
55.708,-8.35,2.96,-0.6655555555555556
55.728,-8.44,2.77,-0.6177777777777778
55.748,-8.46,2.77,-0.5777777777777777
55.768,-8.53,2.61,-0.5333333333333333
55.788,-8.63,2.55,-0.48777777777777775
55.808,-8.69,2.49,-0.44555555555555554
55.828,-8.76,2.35,-0.4011111111111111
55.848,-8.57,2.3,-0.35777777777777775
55.868,-9.52,2.29,-0.2922222222222222
55.888,-8.82,2.16,-0.27111111111111114
55.908,-8.9,2.07,-0.22777777777777777
55.928,-8.96,1.94,-0.18
55.948,-8.92,1.93,-0.13333333333333333
55.968,-8.94,1.94,-0.08555555555555555
55.988,-8.91,1.95,-0.03777777777777778
56.008,-8.92,1.96,0.008888888888888889
56.028,-9.0,1.91,0.056666666666666664
56.048,-8.94,1.97,0.10333333333333333
56.068,-8.92,2.02,0.15
56.088,-8.91,2.06,0.1988888888888889
56.108,-8.85,2.09,0.2222222222222222
56.128,-8.84,2.03,0.29444444444444445
56.148,-8.83,2.08,0.3488888888888889
56.168,-8.7,2.22,0.4
56.188,-8.66,2.27,0.45111111111111113
56.208,-8.63,2.3,0.5022222222222222
56.228,-8.59,2.32,0.5588888888888889
56.248,-8.46,2.51,0.6122222222222222
56.268,-8.39,2.62,0.67
56.288,-8.3,2.78,0.7266666666666667
56.308,-8.27,2.78,0.7833333333333333
56.328,-8.13,2.97,0.81
56.348,-7.99,3.1,0.8955555555555555
56.368,-7.81,3.28,0.9233333333333333
56.388,-7.71,3.4,1.0133333333333334
56.408,-7.5,3.57,1.0477777777777777
56.428,-7.37,3.73,1.11
56.448,-7.04,4.0,1.17
56.468,-6.85,4.15,1.2377777777777779
56.488,-6.55,4.4,1.3311111111111111
56.508,-6.37,4.58,1.3655555555555556
56.528,-6.05,4.82,1.4644444444444444
56.548,-5.76,5.01,1.4966666666666666
56.568,-5.4,5.33,1.5977777777777777
56.588,-5.1,5.47,1.6277777777777778
56.608,-4.68,5.78,1.6955555555555555
56.628,-4.33,5.97,1.7622222222222221
56.648,-3.88,6.2,1.8288888888888888
56.668,-3.58,6.34,1.8977777777777778
56.688,-2.97,6.65,1.9644444444444444
56.708,-2.61,6.73,2.031111111111111
56.728,-1.98,6.98,2.1044444444444443
56.748,-1.58,7.1,2.1755555555555555
56.768,-0.88,7.23,2.2488888888888887
56.788,-0.65,7.34,2.3233333333333333
56.808,0.41,7.55,2.3955555555555557
56.828,0.94,7.56,2.4844444444444442
56.848,1.73,7.72,2.57
56.868,2.34,7.76,2.648888888888889
56.888,3.26,7.77,2.7288888888888887
56.908,3.91,7.69,2.8133333333333335
56.928,4.85,7.54,2.8944444444444444
56.948,5.57,7.71,2.9788888888888887
56.968,6.09,7.74,3.0588888888888888
56.988,7.25,7.51,3.14
57.008,7.74,7.48,3.22
57.028,8.93,7.27,3.3
57.048,9.54,6.91,3.38
57.068,10.57,6.69,3.4544444444444444
57.088,11.17,6.45,3.53
57.108,12.17,6.07,3.597777777777778
57.128,13.07,5.47,3.6655555555555557
57.148,13.62,5.21,3.7288888888888887
57.168,14.38,4.62,3.7822222222222224
57.188,14.89,4.14,3.8333333333333335
57.208,15.54,3.42,3.8733333333333335
57.228,16.03,2.72,3.9133333333333336
57.248,16.46,2.11,3.9466666666666668
57.268,16.62,1.48,3.973333333333333
57.288,16.82,0.97,3.99
57.308,16.88,0.22,4.0055555555555555
57.328,16.89,-0.3,4.011111111111111
57.348,16.79,-1.09,4.0055555555555555
57.368,16.56,-1.61,4.001111111111111
57.388,16.26,-2.41,3.982222222222222
57.408,15.93,-2.84,3.96
57.428,15.38,-3.58,3.9322222222222223
57.448,14.97,-4.13,3.8955555555555557
57.468,14.22,-4.72,3.8566666666666665
57.488,13.72,-5.13,3.8044444444444445
57.508,12.88,-5.65,3.7533333333333334
57.528,12.26,-6.02,3.6944444444444446
57.548,11.3,-6.47,3.628888888888889
57.568,10.63,-6.79,3.5644444444444443
57.588,9.66,-7.13,3.4966666666666666
57.608,8.98,-7.18,3.42
57.628,7.93,-7.52,3.341111111111111
57.648,7.25,-7.6,3.2622222222222224
57.668,6.21,-7.79,3.1777777777777776
57.688,5.54,-7.93,3.0944444444444446
57.708,4.48,-7.93,3.01
57.728,3.79,-7.56,2.93
57.748,2.85,-7.88,2.84
57.768,2.32,-7.78,2.7555555555555555
57.788,1.37,-7.8,2.667777777777778
57.808,0.83,-7.64,2.5855555555555556
57.828,0.0,-7.64,2.5
57.848,-0.45,-7.44,2.4166666666666665
57.868,-1.22,-7.3,2.331111111111111
57.888,-1.65,-7.29,2.2533333333333334
57.908,-2.35,-7.08,2.1755555555555555
57.928,-2.71,-6.93,2.097777777777778
57.948,-3.52,-6.73,2.02
57.968,-3.7,-6.24,1.9477777777777778
57.988,-4.36,-6.29,1.8744444444444444
58.008,-4.67,-5.99,1.8
58.028,-5.08,-5.95,1.7355555555555555
58.048,-5.43,-5.71,1.6755555555555555
58.068,-5.79,-5.55,1.6055555555555556
58.088,-6.02,-5.31,1.54
58.108,-6.35,-5.23,1.4755555555555555
58.128,-6.52,-5.05,1.4177777777777778
58.148,-6.84,-4.78,1.3577777777777778
58.168,-7.19,-4.07,1.301111111111111
58.188,-7.25,-4.18,1.2433333333333334
58.208,-7.32,-4.31,1.1788888888888889
58.228,-7.62,-4.12,1.1166666666666667
58.248,-7.86,-3.65,1.0566666666666666
58.268,-8.13,-3.48,1.0
58.288,-8.05,-3.66,0.9466666666666667
58.308,-8.11,-3.6,0.8933333333333333
58.328,-8.28,-3.41,0.8466666666666667
58.348,-8.37,-3.23,0.7988888888888889
58.368,-8.47,-3.09,0.7533333333333333
58.388,-8.53,-3.05,0.7077777777777777
58.408,-8.64,-2.96,0.6688888888888889
58.428,-8.67,-2.83,0.6222222222222222
58.448,-8.76,-2.67,0.58
58.468,-8.87,-2.52,0.5377777777777778
58.488,-8.88,-2.42,0.49444444444444446
58.508,-8.94,-2.34,0.4477777777777778
58.528,-8.97,-2.28,0.4
58.548,-9.04,-2.15,0.35333333333333333
58.568,-9.06,-2.04,0.30777777777777776
58.588,-9.1,-1.96,0.25666666666666665
58.608,-9.09,-1.93,0.20555555555555555
58.628,-9.08,-1.93,0.15555555555555556
58.648,-9.09,-1.88,0.1
58.668,-9.08,-1.82,0.04666666666666667
58.688,-9.06,-1.82,-0.0044444444444444444
58.708,-9.06,-1.85,-0.058888888888888886
58.728,-9.03,-1.86,-0.11333333333333333
58.748,-8.99,-1.94,-0.16777777777777778
58.768,-9.0,-1.88,-0.22444444444444445
58.788,-9.01,-1.88,-0.28
58.808,-8.96,-1.98,-0.34
58.828,-8.89,-2.12,-0.4
58.848,-8.88,-2.15,-0.46
58.868,-8.82,-2.17,-0.5177777777777778
58.888,-8.78,-2.24,-0.5777777777777777
58.908,-8.65,-2.47,-0.6377777777777778
58.928,-8.58,-2.58,-0.6977777777777778
58.948,-8.44,-2.73,-0.76
58.968,-8.37,-2.8,-0.8266666666666667
58.988,-8.22,-2.95,-0.8888888888888888
59.008,-8.1,-3.14,-0.95
59.028,-7.91,-3.33,-1.0166666666666666
59.048,-7.76,-3.51,-1.0788888888888888
59.068,-7.54,-3.7,-1.1455555555555557
59.088,-7.38,-3.87,-1.211111111111111
59.108,-7.12,-4.12,-1.2766666666666666
59.128,-6.95,-4.31,-1.3411111111111111
59.148,-6.63,-4.53,-1.4111111111111112
59.168,-6.41,-4.76,-1.481111111111111
59.188,-6.17,-4.9,-1.548888888888889
59.208,-5.81,-5.2,-1.6188888888888888
59.228,-5.57,-5.36,-1.69
59.248,-5.18,-5.57,-1.76
59.268,-4.75,-5.98,-1.8288888888888888
59.288,-4.32,-6.17,-1.8966666666666667
59.308,-4.06,-6.38,-1.9655555555555555
59.328,-3.43,-6.72,-2.033333333333333
59.348,-2.8,-6.82,-2.1055555555555556
59.368,-2.5,-6.93,-2.178888888888889
59.388,-1.81,-7.22,-2.2533333333333334
59.408,-1.35,-7.34,-2.332222222222222
59.428,-0.56,-7.43,-2.4133333333333336
59.448,0.01,-7.66,-2.502222222222222
59.468,0.52,-7.69,-2.5744444444444445
59.488,1.3,-7.8,-2.6533333333333333
59.508,2.11,-8.03,-2.741111111111111
59.528,2.89,-8.0,-2.8577777777777778
59.548,3.57,-7.88,-2.937777777777778
59.568,4.5,-7.97,-3.017777777777778
59.588,5.16,-7.87,-3.101111111111111
59.608,6.6,-7.72,-3.18
59.628,7.16,-7.76,-3.26
59.648,8.25,-7.36,-3.34
59.668,8.97,-7.41,-3.4122222222222223
59.688,10.02,-6.95,-3.4833333333333334
59.708,10.73,-6.8,-3.551111111111111
59.728,11.61,-6.36,-3.6222222222222222
59.748,12.34,-6.16,-3.6777777777777776
59.768,13.17,-5.56,-3.738888888888889
59.788,13.77,-5.24,-3.7888888888888888
59.808,14.49,-4.68,-3.8055555555555554
59.828,14.96,-4.3,-3.8755555555555556
59.848,15.58,-3.57,-3.9155555555555557
59.868,15.88,-3.09,-3.938888888888889
59.888,16.33,-2.31,-3.9611111111111112
59.908,16.51,-1.77,-3.98
59.928,16.7,-1.05,-3.9922222222222223
59.948,16.77,-0.46,-3.9877777777777776
59.968,16.73,0.32,-3.9844444444444442
59.988,16.68,0.88,-3.9722222222222223
60.008,16.48,1.62,-3.953333333333333
