4.068,-7.97,3.77,0.8666666666666667
4.088,-7.86,3.84,0.9022222222222223
4.108,-7.72,4.05,0.94
4.128,-7.57,4.13,0.9788888888888889
4.148,-7.41,4.33,1.018888888888889
4.168,-7.29,4.41,1.0622222222222222
4.188,-7.1,4.61,1.1044444444444443
4.208,-6.94,4.72,1.1533333333333333
4.228,-6.61,4.99,1.198888888888889
4.248,-6.46,5.15,1.2477777777777779
4.268,-6.15,5.29,1.298888888888889
4.288,-5.98,5.5,1.3522222222222222
4.308,-5.6,5.67,1.4066666666666667
4.328,-5.44,5.81,1.461111111111111
4.348,-4.98,5.99,1.52
4.368,-4.74,6.17,1.58
4.388,-4.3,6.34,1.6433333333333333
4.408,-4.03,6.49,1.7055555555555555
4.428,-3.54,6.7,1.77
4.448,-3.18,6.81,1.84
4.468,-2.58,7.02,1.9044444444444444
4.488,-2.19,7.09,1.9777777777777779
4.508,-1.61,7.28,2.05
4.528,-1.16,7.41,2.13
4.548,-0.45,7.54,2.198888888888889
4.568,0.01,7.64,2.28
4.588,0.75,7.78,2.3566666666666665
4.608,1.28,7.83,2.437777777777778
4.628,2.12,7.94,2.52
4.648,2.69,8.12,2.597777777777778
4.668,3.49,8.28,2.668888888888889
4.688,4.1,7.31,2.7688888888888887
4.708,5.34,8.02,2.85
4.728,5.94,7.53,2.9344444444444444
4.748,6.92,7.53,3.0155555555555558
4.768,7.25,7.65,3.0944444444444446
4.788,8.49,7.41,3.1755555555555555
4.808,9.09,7.13,3.25
4.828,10.08,7.01,3.3255555555555554
4.848,10.68,6.57,3.402222222222222
4.868,11.63,6.17,3.47
4.888,12.18,6.04,3.5388888888888888
4.908,13.08,5.39,3.601111111111111
4.928,13.63,5.15,3.66
4.948,14.28,4.51,3.712222222222222
4.968,14.77,4.13,3.7622222222222224
4.988,15.43,3.41,3.8055555555555554
5.008,15.85,2.62,3.8455555555555554
5.028,16.2,1.91,3.87
5.048,16.43,1.54,3.8966666666666665
5.068,16.54,0.72,3.91
5.088,16.61,0.22,3.9233333333333333
5.108,16.46,-0.58,3.92
5.128,16.38,-1.06,3.922222222222222
5.148,16.17,-2.08,3.9066666666666667
5.168,15.91,-2.43,3.891111111111111
5.188,15.54,-2.85,3.871111111111111
5.208,15.09,-3.45,3.841111111111111
5.228,14.58,-4.0,3.8
5.248,13.88,-4.56,3.758888888888889
5.268,13.39,-5.0,3.707777777777778
5.288,12.49,-5.5,3.6577777777777776
5.308,11.94,-5.9,3.59
5.328,11.06,-6.27,3.53
5.348,10.4,-6.58,3.462222222222222
5.368,9.43,-6.82,3.3922222222222222
5.388,8.76,-7.19,3.318888888888889
5.408,7.68,-7.3,3.24
5.428,7.07,-7.58,3.161111111111111
5.448,6.06,-7.65,3.08
5.468,5.37,-7.71,2.997777777777778
5.488,4.5,-7.65,2.9133333333333336
5.508,3.78,-7.89,2.827777777777778
5.528,2.98,-7.77,2.7377777777777776
5.548,2.16,-7.77,2.65
5.568,1.42,-7.75,2.566666666666667
5.588,0.83,-7.59,2.482222222222222
5.608,0.08,-7.49,2.4
5.628,-0.43,-7.49,2.3144444444444443
5.648,-1.15,-7.27,2.2311111111111113
5.668,-1.59,-7.24,2.15
5.688,-2.24,-7.06,2.071111111111111
5.708,-2.62,-6.87,1.99
5.728,-3.34,-6.86,1.9166666666666667
5.748,-3.72,-6.43,1.8355555555555556
5.768,-4.04,-6.42,1.76
5.788,-4.33,-6.26,1.6888888888888889
5.808,-4.91,-6.09,1.6155555555555556
5.828,-5.16,-5.93,1.5477777777777777
5.848,-5.57,-5.68,1.4777777777777779
5.868,-5.8,-5.58,1.4133333333333333
5.888,-6.08,-5.42,1.35
5.908,-6.27,-5.26,1.2877777777777777
5.928,-6.59,-5.08,1.2233333333333334
5.948,-6.73,-4.96,1.1644444444444444
5.968,-6.97,-4.82,1.1066666666666667
5.988,-7.14,-4.68,1.048888888888889
6.008,-7.31,-4.56,0.9944444444444445
6.028,-7.43,-4.45,0.94
6.048,-7.64,-4.31,0.8633333333333333
6.068,-7.72,-4.17,0.84
6.088,-7.9,-4.1,0.7644444444444445
6.108,-7.98,-3.94,0.7155555555555555
6.128,-8.1,-3.87,0.6688888888888889
6.148,-8.12,-3.78,0.6244444444444445
6.168,-8.26,-3.7,0.5766666666666667
6.188,-8.31,-3.59,0.5333333333333333
6.208,-8.4,-3.55,0.49
6.228,-8.44,-3.47,0.44666666666666666
6.248,-8.49,-3.4,0.4066666666666667
6.268,-8.55,-3.35,0.3622222222222222
6.288,-8.6,-3.3,0.3211111111111111
6.308,-8.59,-3.26,0.2833333333333333
6.328,-8.62,-3.22,0.24444444444444444
6.348,-8.66,-3.17,0.20222222222222222
6.368,-8.68,-3.18,0.16666666666666666
6.388,-8.71,-3.14,0.12666666666666668
6.408,-8.7,-3.12,0.08888888888888889
6.428,-8.7,-3.11,0.05
6.448,-8.71,-3.12,0.01
6.468,-8.72,-3.11,-0.025555555555555557
6.488,-8.72,-3.14,-0.06111111111111111
6.508,-8.72,-3.14,-0.09888888888888889
6.528,-8.7,-3.16,-0.13666666666666666
6.548,-8.68,-3.17,-0.17333333333333334
6.568,-8.67,-3.2,-0.21333333333333335
6.588,-8.66,-3.2,-0.25
6.608,-8.62,-3.33,-0.28888888888888886
6.628,-8.58,-3.34,-0.3288888888888889
6.648,-8.5,-3.42,-0.36666666666666664
6.668,-8.48,-3.45,-0.4077777777777778
6.688,-8.4,-3.54,-0.4477777777777778
6.708,-8.33,-3.59,-0.4888888888888889
6.728,-8.26,-3.67,-0.5311111111111111
6.748,-8.18,-3.76,-0.5744444444444444
6.768,-8.1,-3.85,-0.6188888888888889
6.788,-8.02,-3.94,-0.6633333333333333
6.808,-7.93,-4.05,-0.7088888888888889
6.828,-7.81,-4.14,-0.7555555555555555
6.848,-7.73,-4.25,-0.8033333333333333
6.868,-7.58,-4.35,-0.8533333333333334
6.888,-7.48,-4.48,-0.9011111111111111
6.908,-7.28,-4.62,-0.9555555555555556
6.928,-7.18,-4.73,-1.01
6.948,-6.92,-4.87,-1.0633333333333332
6.968,-6.81,-5.01,-1.1144444444444443
6.988,-6.57,-5.13,-1.1722222222222223
7.008,-6.39,-5.29,-1.2333333333333334
7.028,-6.09,-5.44,-1.2933333333333332
7.048,-5.89,-5.57,-1.3511111111111112
7.068,-5.54,-5.76,-1.4177777777777778
7.088,-5.32,-5.92,-1.4855555555555555
7.108,-4.91,-6.12,-1.55
7.128,-4.64,-6.22,-1.62
7.148,-4.22,-6.43,-1.6866666666666668
7.168,-3.87,-6.56,-1.761111111111111
7.188,-3.36,-6.73,-1.8322222222222222
7.208,-3.03,-6.88,-1.91
7.228,-2.44,-7.05,-1.9844444444444445
7.248,-2.05,-7.14,-2.0633333333333335
7.268,-1.39,-7.29,-2.14
7.288,-0.96,-7.42,-2.221111111111111
7.308,-0.21,-7.54,-2.3
7.328,0.23,-7.63,-2.3844444444444446
7.348,1.05,-7.71,-2.4655555555555555
7.368,1.59,-7.76,-2.5522222222222224
7.388,2.46,-7.75,-2.632222222222222
7.408,2.96,-7.93,-2.7155555555555555
7.428,4.28,-7.86,-2.8
7.448,4.9,-7.65,-2.8833333333333333
7.468,5.8,-7.61,-2.962222222222222
7.488,6.52,-7.52,-3.042222222222222
7.508,7.41,-7.39,-3.118888888888889
7.528,8.07,-7.25,-3.2
7.548,9.08,-6.94,-3.27
7.568,9.78,-6.83,-3.3455555555555554
7.588,10.71,-6.35,-3.41
7.608,11.34,-6.17,-3.471111111111111
7.628,12.2,-5.66,-3.533333333333333
7.648,12.78,-5.39,-3.5866666666666664
7.668,13.55,-4.8,-3.64
7.688,14.07,-4.43,-3.6855555555555557
7.708,14.67,-3.81,-3.72
7.728,15.14,-3.37,-3.732222222222222
7.748,15.5,-2.74,-3.7888888888888888
7.768,15.72,-2.1,-3.8
7.788,15.99,-1.43,-3.818888888888889
7.808,16.2,-0.98,-3.827777777777778
7.828,16.26,-0.21,-3.8266666666666667
7.848,16.2,0.31,-3.8255555555555554
7.868,16.07,1.06,-3.807777777777778
7.888,15.89,1.63,-3.7955555555555556
7.908,15.55,2.3,-3.7688888888888887
7.928,15.46,2.78,-3.732222222222222
7.948,14.83,3.45,-3.69
7.968,14.55,3.96,-3.65
7.988,13.85,4.46,-3.6222222222222222
8.008,13.36,4.98,-3.5744444444444445
8.028,12.59,5.48,-3.517777777777778
8.048,12.09,5.7,-3.4522222222222223
8.068,11.25,6.15,-3.39
8.088,10.58,6.49,-3.318888888888889
8.108,9.68,6.89,-3.2444444444444445
8.128,9.04,6.89,-3.1666666666666665
8.148,8.15,7.3,-3.05
8.168,7.47,7.34,-3.01
8.188,6.61,7.62,-2.89
8.208,5.85,7.65,-2.847777777777778
8.228,4.98,7.86,-2.718888888888889
8.248,4.18,7.36,-2.678888888888889
8.268,3.29,7.51,-2.588888888888889
8.288,2.76,8.1,-2.5011111111111113
8.308,1.76,7.79,-2.4144444444444444
8.328,1.35,7.97,-2.328888888888889
8.348,0.65,7.9,-2.2444444444444445
8.368,0.2,7.64,-2.161111111111111
8.388,-0.46,7.77,-2.0766666666666667
8.408,-0.97,7.37,-1.9933333333333334
8.428,-1.52,7.51,-1.91
8.448,-1.89,7.23,-1.83
8.468,-2.35,7.16,-1.7544444444444445
8.488,-2.64,6.85,-1.6766666666666667
8.508,-3.27,6.99,-1.6
8.528,-3.46,6.71,-1.5244444444444445
8.548,-3.95,6.68,-1.4533333333333334
8.568,-4.18,6.58,-1.38
8.588,-4.59,6.4,-1.3133333333333332
8.608,-4.84,6.32,-1.24
8.628,-5.14,6.17,-1.1733333333333333
8.648,-5.33,6.1,-1.1088888888888888
8.668,-5.48,6.09,-1.0466666666666666
8.688,-5.76,5.9,-0.9822222222222222
8.708,-5.98,5.83,-0.9177777777777778
8.728,-6.15,5.7,-0.8588888888888889
8.748,-6.31,5.64,-0.7977777777777778
8.768,-6.43,5.55,-0.74
8.788,-6.59,5.43,-0.68
8.808,-6.7,5.35,-0.6233333333333333
8.828,-6.82,5.27,-0.5677777777777778
8.848,-6.87,5.24,-0.5133333333333333
8.868,-6.95,5.15,-0.45666666666666667
8.888,-7.04,5.14,-0.4022222222222222
8.908,-7.09,5.07,-0.35
8.928,-7.15,5.03,-0.2966666666666667
8.948,-7.19,4.97,-0.24333333333333335
8.968,-7.24,5.0,-0.19
8.988,-7.23,4.94,-0.1411111111111111
9.008,-7.28,4.95,-0.09
9.028,-7.3,4.93,-0.03666666666666667
9.048,-7.32,4.97,0.014444444444444444
9.068,-7.3,4.92,0.06666666666666667
9.088,-7.28,4.97,0.11555555555555555
9.108,-7.23,5.01,0.16666666666666666
9.128,-7.2,5.04,0.22
9.148,-7.18,5.05,0.27
9.168,-7.11,5.1,0.32
9.188,-7.06,5.17,0.37222222222222223
9.208,-6.95,5.2,0.42444444444444446
9.228,-6.88,5.31,0.48
9.248,-6.76,5.34,0.5322222222222223
9.268,-6.66,5.39,0.5888888888888889
9.288,-6.49,5.5,0.6422222222222222
9.308,-6.4,5.58,0.7
9.328,-6.2,5.69,0.7511111111111111
9.348,-6.09,5.74,0.8144444444444444
9.368,-5.87,5.89,0.8711111111111111
9.388,-5.72,5.93,0.9333333333333333
9.408,-5.47,6.1,0.9922222222222222
9.428,-5.32,6.21,1.0566666666666666
9.448,-5.02,6.3,1.1188888888888888
9.468,-4.79,6.41,1.1833333333333333
9.488,-4.46,6.56,1.25
9.508,-4.21,6.61,1.318888888888889
9.528,-3.83,6.82,1.3877777777777778
9.548,-3.56,6.88,1.4577777777777778
9.568,-3.15,7.02,1.53
9.588,-2.83,7.13,1.6033333333333333
9.608,-2.3,7.27,1.6744444444444444
9.628,-1.93,7.36,1.7522222222222221
9.648,-1.36,7.46,1.8277777777777777
9.668,-0.99,7.62,1.9077777777777778
9.688,-0.33,7.64,1.9844444444444445
9.708,0.07,7.8,2.0655555555555556
9.728,0.79,7.84,2.147777777777778
9.748,1.27,7.88,2.2266666666666666
9.768,2.05,7.97,2.31
9.788,2.59,7.88,2.391111111111111
9.808,3.42,7.99,2.4744444444444444
9.828,3.95,7.91,2.557777777777778
9.848,5.04,7.79,2.64
9.868,5.57,7.74,2.7244444444444444
9.888,6.37,7.69,2.8033333333333332
9.908,7.18,7.48,2.887777777777778
9.928,8.11,7.27,2.9611111111111112
9.948,8.73,7.25,3.0433333333333334
9.968,9.68,6.91,3.118888888888889
9.988,10.27,6.52,3.1933333333333334
10.008,10.97,6.3,3.261111111111111
10.028,11.62,5.97,3.328888888888889
10.048,12.44,5.32,3.388888888888889
10.068,12.93,5.16,3.4477777777777776
10.088,13.54,4.64,3.5055555555555555
10.108,14.13,4.08,3.5566666666666666
10.128,14.66,3.42,3.602222222222222
10.148,14.89,3.12,3.637777777777778
10.168,15.4,2.44,3.667777777777778
10.188,15.68,1.82,3.69
10.208,15.87,1.25,3.718888888888889
10.228,15.89,0.7,3.7255555555555557
10.248,16.0,-0.07,3.7377777777777776
10.268,15.95,-0.68,3.732222222222222
10.288,15.74,-1.33,3.7255555555555557
10.308,15.47,-1.78,3.7144444444444447
10.328,15.12,-2.43,3.69
10.348,14.84,-2.94,3.67
10.368,14.29,-3.57,3.6333333333333333
10.388,13.93,-3.99,3.6
10.408,13.25,-4.67,3.5588888888888888
10.428,12.84,-4.9,3.5077777777777777
10.448,12.08,-5.58,3.4544444444444444
10.468,11.5,-5.64,3.3944444444444444
10.488,10.67,-6.27,3.33
10.508,10.01,-6.37,3.267777777777778
10.528,9.19,-6.83,3.19
10.548,8.48,-6.91,3.12
10.568,7.53,-7.18,3.0444444444444443
10.588,6.9,-7.37,2.966666666666667
10.608,5.98,-7.51,2.8866666666666667
10.628,5.39,-7.61,2.8044444444444445
10.648,4.79,-7.67,2.718888888888889
10.668,3.99,-7.98,2.6366666666666667
10.688,3.52,-7.44,2.548888888888889
10.708,2.47,-7.74,2.4611111111111112
10.728,1.65,-8.03,2.3766666666666665
10.748,0.97,-7.44,2.2944444444444443
10.768,0.3,-7.78,2.21
10.788,-0.18,-7.47,2.1244444444444444
10.808,-0.82,-7.59,2.04
10.828,-1.35,-7.11,1.9533333333333334
10.848,-1.76,-7.62,1.8733333333333333
10.868,-2.29,-7.08,1.79
10.888,-2.73,-7.11,1.708888888888889
10.908,-3.27,-6.98,1.6333333333333333
10.928,-3.68,-6.58,1.55
10.948,-4.05,-6.61,1.471111111111111
10.968,-4.22,-6.63,1.3977777777777778
10.988,-4.59,-6.52,1.3222222222222222
11.008,-4.78,-6.29,1.248888888888889
11.028,-5.1,-6.27,1.1766666666666667
11.048,-5.29,-6.14,1.1044444444444443
11.068,-5.56,-5.98,1.0366666666666666
11.088,-5.69,-5.99,0.9655555555555555
11.108,-5.93,-5.88,0.8977777777777778
11.128,-6.06,-5.71,0.8311111111111111
11.148,-6.29,-5.65,0.7644444444444445
11.168,-6.38,-5.62,0.7
11.188,-6.56,-5.54,0.6355555555555555
11.208,-6.66,-5.45,0.5711111111111111
11.228,-6.8,-5.39,0.51
11.248,-6.88,-5.31,0.4477777777777778
11.268,-6.96,-5.28,0.38555555555555554
11.288,-7.01,-5.23,0.32555555555555554
11.308,-7.08,-5.24,0.26555555555555554
11.328,-7.1,-5.16,0.20555555555555555
11.348,-7.16,-5.15,0.14444444444444443
11.368,-7.14,-5.13,0.08222222222222222
11.388,-7.15,-5.16,0.025555555555555557
11.408,-7.15,-5.16,-0.03333333333333333
11.428,-7.13,-5.21,-0.09222222222222222
11.448,-7.09,-5.19,-0.15
11.468,-7.06,-5.26,-0.21222222222222223
11.488,-7.02,-5.26,-0.27
11.508,-6.94,-5.35,-0.33
11.528,-6.87,-5.33,-0.3888888888888889
11.548,-6.75,-5.44,-0.45
11.568,-6.66,-5.46,-0.5111111111111111
11.588,-6.53,-5.55,-0.5733333333333334
11.608,-6.42,-5.61,-0.6355555555555555
11.628,-6.28,-5.71,-0.6955555555555556
11.648,-6.15,-5.79,-0.7611111111111111
11.668,-5.96,-5.91,-0.8255555555555556
11.688,-5.81,-5.96,-0.8911111111111111
11.708,-5.58,-6.1,-0.9588888888888889
11.728,-5.37,-6.16,-1.0244444444444445
11.748,-5.12,-6.33,-1.0955555555555556
11.768,-4.89,-6.39,-1.1633333333333333
11.788,-4.56,-6.55,-1.2355555555555555
11.808,-4.3,-6.63,-1.3044444444444445
11.828,-3.9,-6.78,-1.38
11.848,-3.61,-6.86,-1.4544444444444444
11.868,-3.17,-7.02,-1.53
11.888,-2.83,-7.08,-1.6044444444444443
11.908,-2.32,-7.22,-1.6822222222222223
11.928,-1.93,-7.32,-1.761111111111111
11.948,-1.36,-7.44,-1.8433333333333333
11.968,-0.97,-7.5,-1.9233333333333333
11.988,-0.29,-7.65,-2.006666666666667
12.008,0.11,-7.7,-2.0877777777777777
12.028,0.82,-7.81,-2.168888888888889
12.048,1.31,-7.75,-2.2533333333333334
12.068,2.09,-7.91,-2.3333333333333335
12.088,2.62,-7.84,-2.421111111111111
12.108,3.41,-7.93,-2.5477777777777777
12.128,4.1,-7.77,-2.5866666666666664
12.148,4.9,-7.82,-2.67
12.168,5.46,-7.51,-2.7866666666666666
12.188,6.39,-7.6,-2.867777777777778
12.208,6.95,-7.3,-2.9466666666666668
12.228,7.84,-7.2,-3.0166666666666666
12.248,8.51,-6.95,-3.091111111111111
12.268,9.37,-6.7,-3.1655555555555557
12.288,10.0,-6.41,-3.2288888888888887
12.308,10.84,-6.04,-3.2911111111111113
12.328,11.38,-5.77,-3.352222222222222
12.348,12.22,-5.27,-3.4044444444444446
12.368,12.98,-4.76,-3.4555555555555557
12.388,13.44,-4.41,-3.497777777777778
12.408,14.06,-3.81,-3.5366666666666666
12.428,14.42,-3.44,-3.5555555555555554
12.448,14.92,-2.85,-3.601111111111111
12.468,15.15,-2.32,-3.611111111111111
12.488,15.41,-1.7,-3.6366666666666667
12.508,15.56,-1.2,-3.641111111111111
12.528,15.6,-0.51,-3.65
12.548,15.68,-0.04,-3.6466666666666665
12.568,15.54,0.79,-3.6344444444444446
12.588,15.38,1.24,-3.6255555555555556
12.608,15.22,1.98,-3.5955555555555554
12.628,15.03,2.42,-3.562222222222222
12.648,14.56,3.12,-3.548888888888889
12.668,14.25,3.5,-3.486666666666667
12.688,13.7,4.2,-3.4633333333333334
12.708,13.26,4.45,-3.4133333333333336
12.728,12.57,5.06,-3.362222222222222
12.748,12.06,5.37,-3.307777777777778
12.768,11.31,5.85,-3.241111111111111
12.788,10.8,6.04,-3.1744444444444446
12.808,9.89,6.49,-3.1033333333333335
12.828,9.35,6.68,-3.0277777777777777
12.848,8.4,6.89,-2.951111111111111
12.868,7.9,7.2,-2.8733333333333335
12.888,6.99,7.37,-2.7933333333333334
12.908,6.45,7.55,-2.712222222222222
12.928,5.52,7.62,-2.631111111111111
12.948,4.94,7.38,-2.55
12.968,4.14,7.51,-2.46
12.988,3.65,8.05,-2.3744444444444444
13.008,2.88,7.74,-2.29
13.028,2.39,8.03,-2.2022222222222223
13.048,1.64,7.81,-2.117777777777778
13.068,1.16,7.9,-2.033333333333333
13.088,0.48,7.88,-1.9466666666666668
13.108,0.13,7.7,-1.8644444444444443
13.128,-0.45,7.81,-1.78
13.148,-0.81,7.52,-1.6933333333333334
13.168,-1.51,7.41,-1.6111111111111112
13.188,-1.85,7.53,-1.53
13.208,-2.18,7.41,-1.45
13.228,-2.5,7.24,-1.37
13.248,-2.86,7.2,-1.2933333333333332
13.268,-3.17,7.05,-1.2144444444444444
13.288,-3.64,7.07,-1.14
13.308,-3.78,6.93,-1.0633333333333332
13.328,-4.12,6.9,-0.99
13.348,-4.27,6.76,-0.9177777777777778
13.368,-4.57,6.77,-0.8433333333333334
13.388,-4.68,6.64,-0.7733333333333333
13.408,-4.86,6.64,-0.7022222222222222
13.428,-5.01,6.5,-0.6333333333333333
13.448,-5.18,6.47,-0.5611111111111111
13.468,-5.27,6.41,-0.49333333333333335
13.488,-5.37,6.38,-0.4255555555555556
13.508,-5.42,6.33,-0.35777777777777775
13.528,-5.5,6.33,-0.29
13.548,-5.54,6.28,-0.2222222222222222
13.568,-5.58,6.28,-0.15888888888888889
13.588,-5.6,6.26,-0.09111111111111111
13.608,-5.58,6.26,-0.025555555555555557
13.628,-5.59,6.28,0.04
13.648,-5.54,6.29,0.10555555555555556
13.668,-5.54,6.33,0.1711111111111111
13.688,-5.46,6.32,0.23666666666666666
13.708,-5.44,6.39,0.30333333333333334
13.728,-5.34,6.4,0.37
13.748,-5.25,6.46,0.43444444444444447
13.768,-5.13,6.5,0.5011111111111111
13.788,-5.04,6.57,0.57
13.808,-4.86,6.6,0.6388888888888888
13.828,-4.75,6.63,0.7066666666666667
13.848,-4.54,6.72,0.7766666666666666
13.868,-4.39,6.78,0.8477777777777777
13.888,-4.11,6.88,0.9177777777777778
13.908,-3.93,6.95,0.9888888888888889
13.928,-3.64,7.04,1.0622222222222222
13.948,-3.43,7.09,1.1366666666666667
13.968,-2.9,7.25,1.208888888888889
13.988,-2.64,7.29,1.2866666666666666
14.008,-2.23,7.41,1.3644444444444443
14.028,-1.93,7.49,1.44
14.048,-1.61,7.54,1.5177777777777777
14.068,-1.08,7.64,1.6
14.088,-0.7,7.73,1.6777777777777778
14.108,-0.07,7.74,1.758888888888889
14.128,0.21,7.82,1.84
14.148,0.85,7.87,1.9211111111111112
14.168,1.29,7.89,2.002222222222222
14.188,2.0,7.93,2.0855555555555556
14.208,2.5,7.91,2.17
14.228,3.23,7.9,2.2533333333333334
14.248,3.65,7.99,2.3355555555555556
14.268,4.57,7.91,2.418888888888889
14.288,5.44,7.65,2.4988888888888887
14.308,5.8,7.79,2.582222222222222
14.328,6.24,7.49,2.6655555555555557
14.348,7.22,7.44,2.7444444444444445
14.368,7.81,7.11,2.8222222222222224
14.388,8.73,6.91,2.897777777777778
14.408,9.21,6.74,2.971111111111111
14.428,10.03,6.48,3.0433333333333334
14.448,10.58,6.13,3.11
14.468,11.39,5.76,3.172222222222222
14.488,11.92,5.39,3.236666666666667
14.508,12.63,4.9,3.29
14.528,13.02,4.59,3.3455555555555554
14.548,13.64,4.02,3.387777777777778
14.568,14.07,3.6,3.43
14.588,14.49,2.93,3.4655555555555555
14.608,14.75,2.6,3.493333333333333
14.628,15.04,1.9,3.5166666666666666
14.648,15.22,1.44,3.5388888888888888
14.668,15.35,0.7,3.548888888888889
14.688,15.37,0.29,3.5555555555555554
14.708,15.29,-0.45,3.5588888888888888
14.728,15.15,-0.82,3.55
14.748,15.08,-1.78,3.533333333333333
14.768,14.76,-2.25,3.517777777777778
14.788,14.24,-2.82,3.491111111111111
14.808,14.0,-3.4,3.46
14.828,13.48,-3.88,3.4266666666666667
14.848,12.98,-4.43,3.3833333333333333
14.868,12.42,-4.78,3.3366666666666664
14.888,11.84,-5.3,3.2844444444444445
14.908,11.11,-5.61,3.2244444444444444
14.928,10.61,-5.97,3.167777777777778
14.948,9.69,-6.28,3.1
14.968,9.27,-6.56,3.0322222222222224
14.988,8.32,-6.87,2.9611111111111112
15.008,7.84,-7.04,2.888888888888889
15.028,6.89,-7.25,2.8133333333333335
15.048,6.3,-7.35,2.73
15.068,5.46,-7.52,2.652222222222222
15.088,4.89,-7.59,2.57
15.108,4.11,-7.69,2.488888888888889
15.128,3.52,-7.78,2.4
15.148,2.72,-7.64,2.318888888888889
15.168,2.21,-7.83,2.23
15.188,1.54,-7.84,2.1455555555555557
15.208,1.02,-7.76,2.062222222222222
15.228,0.3,-7.73,1.9722222222222223
15.248,0.01,-7.73,1.8888888888888888
15.268,-0.66,-7.65,1.8022222222222222
15.288,-1.0,-7.56,1.7177777777777778
15.308,-1.55,-7.59,1.6366666666666667
15.328,-1.87,-7.37,1.551111111111111
15.348,-2.36,-7.49,1.47
15.368,-2.58,-7.35,1.3877777777777778
15.388,-2.96,-7.33,1.3077777777777777
15.408,-3.42,-7.07,1.228888888888889
15.428,-3.59,-7.06,1.1477777777777778
15.448,-3.83,-6.91,1.07
15.468,-4.06,-6.94,0.9922222222222222
15.488,-4.35,-6.71,0.9144444444444444
15.508,-4.64,-6.68,0.8388888888888889
15.528,-4.79,-6.59,0.7622222222222222
15.548,-4.97,-6.58,0.69
15.568,-5.12,-6.49,0.6144444444444445
15.588,-5.29,-6.41,0.54
15.608,-5.38,-6.41,0.4666666666666667
15.628,-5.51,-6.34,0.39555555555555555
15.648,-5.58,-6.32,0.3244444444444444
15.668,-5.6,-6.29,0.25333333333333335
15.688,-5.68,-6.28,0.18
15.708,-5.7,-6.26,0.11
15.728,-5.69,-6.25,0.03666666666666667
15.748,-5.7,-6.26,-0.03222222222222222
15.768,-5.65,-6.29,-0.10222222222222223
15.788,-5.61,-6.32,-0.17222222222222222
15.808,-5.59,-6.35,-0.24222222222222223
15.828,-5.48,-6.38,-0.31222222222222223
15.848,-5.42,-6.43,-0.38222222222222224
15.868,-5.26,-6.46,-0.45444444444444443
15.888,-5.19,-6.49,-0.5255555555555556
15.908,-5.01,-6.55,-0.5966666666666667
15.928,-4.9,-6.62,-0.67
15.948,-4.69,-6.69,-0.7444444444444445
15.968,-4.54,-6.74,-0.8188888888888889
15.988,-4.36,-6.82,-0.8911111111111111
16.008,-4.12,-6.88,-0.9644444444444444
16.028,-3.92,-6.95,-1.0455555555555556
16.048,-3.59,-7.06,-1.1188888888888888
16.068,-3.36,-7.11,-1.1977777777777778
16.088,-3.01,-7.23,-1.2744444444444445
16.108,-2.71,-7.29,-1.3533333333333333
16.128,-2.29,-7.36,-1.4344444444444444
16.148,-1.97,-7.45,-1.5144444444444445
16.168,-1.47,-7.51,-1.5933333333333333
16.188,-1.13,-7.63,-1.6744444444444444
16.208,-0.53,-7.67,-1.758888888888889
16.228,-0.12,-7.75,-1.8411111111111111
16.248,0.43,-7.78,-1.9233333333333333
16.268,0.89,-7.81,-2.006666666666667
16.288,1.58,-7.87,-2.088888888888889
16.308,2.11,-7.81,-2.1733333333333333
16.328,2.78,-7.93,-2.2577777777777777
16.348,3.51,-7.89,-2.3422222222222224
16.368,4.41,-7.59,-2.42
16.388,4.87,-7.72,-2.5033333333333334
16.408,5.73,-7.48,-2.5844444444444443
16.428,6.23,-7.52,-2.6644444444444444
16.448,7.09,-7.24,-2.741111111111111
16.468,7.73,-7.12,-2.8133333333333335
16.488,8.53,-6.84,-2.89
16.508,9.12,-6.64,-2.96
16.528,9.9,-6.35,-3.022222222222222
16.548,10.47,-6.01,-3.09
16.568,11.24,-5.67,-3.1466666666666665
16.588,11.75,-5.28,-3.2044444444444444
16.608,12.43,-4.89,-3.2533333333333334
16.628,12.84,-4.42,-3.3022222222222224
16.648,13.44,-3.97,-3.341111111111111
16.668,13.77,-3.45,-3.381111111111111
16.688,14.24,-2.91,-3.41
16.708,14.54,-2.43,-3.4355555555555557
16.728,14.76,-1.82,-3.451111111111111
16.748,14.94,-1.28,-3.468888888888889
16.768,15.05,-0.65,-3.473333333333333
16.788,15.1,-0.18,-3.4744444444444444
16.808,15.07,0.52,-3.468888888888889
16.828,15.04,0.94,-3.4588888888888887
16.848,14.78,1.65,-3.442222222222222
16.868,14.64,2.06,-3.43
16.888,14.25,2.75,-3.387777777777778
16.908,13.97,3.25,-3.3733333333333335
16.928,13.47,3.8,-3.31
16.948,13.1,4.1,-3.29
16.968,12.51,4.65,-3.216666666666667
16.988,12.07,5.01,-3.19
17.008,11.36,5.45,-3.101111111111111
17.028,10.9,5.76,-3.07
17.048,10.15,6.15,-3.0055555555555555
17.068,9.66,6.37,-2.933333333333333
17.088,8.82,6.78,-2.867777777777778
17.108,8.21,6.84,-2.7866666666666666
17.128,7.23,7.19,-2.7111111111111112
17.148,6.67,7.37,-2.631111111111111
17.168,5.84,7.5,-2.5522222222222224
17.188,5.39,7.33,-2.4755555555555557
17.208,4.55,7.5,-2.3866666666666667
17.228,4.05,7.9,-2.3022222222222224
17.248,3.33,7.75,-2.2155555555555555
17.268,2.96,7.91,-2.13
17.288,2.2,7.87,-2.0455555555555556
17.308,1.81,7.88,-1.96
17.328,1.2,7.9,-1.8744444444444444
17.348,0.77,7.83,-1.7866666666666666
17.368,0.38,7.82,-1.7
17.388,-0.11,7.75,-1.6155555555555556
17.408,-0.44,7.75,-1.5322222222222222
17.428,-0.92,7.69,-1.45
17.448,-1.37,7.62,-1.3633333333333333
17.468,-1.61,7.58,-1.28
17.488,-1.98,7.49,-1.2
17.508,-2.24,7.64,-1.1177777777777778
17.528,-2.57,7.4,-1.0377777777777777
17.548,-2.83,7.43,-0.9577777777777777
17.568,-3.03,7.36,-0.8766666666666667
17.588,-3.17,7.33,-0.7977777777777778
17.608,-3.4,7.25,-0.72
17.628,-3.53,7.17,-0.6422222222222222
17.648,-3.67,7.15,-0.5655555555555556
17.668,-3.78,7.11,-0.45222222222222225
17.688,-3.86,7.09,-0.37555555555555553
17.708,-3.97,7.06,-0.29888888888888887
17.728,-4.03,7.04,-0.22444444444444445
17.748,-4.09,7.01,-0.14888888888888888
17.768,-4.11,7.05,-0.07222222222222222
17.788,-4.11,7.01,0.0
17.808,-4.13,7.04,0.07444444444444444
17.828,-4.07,7.04,0.15
17.848,-4.05,7.07,0.22333333333333333
17.868,-3.95,7.09,0.29777777777777775
17.888,-3.87,7.13,0.37444444444444447
17.908,-3.72,7.17,0.44666666666666666
17.928,-3.61,7.2,0.5222222222222223
17.948,-3.43,7.25,0.5988888888888889
17.968,-3.3,7.28,0.6755555555555556
17.988,-3.06,7.31,0.75
18.008,-2.91,7.37,0.8266666666666667
18.028,-2.61,7.44,0.9044444444444445
18.048,-2.41,7.46,0.9833333333333333
18.068,-2.08,7.54,1.0622222222222222
18.088,-1.86,7.6,1.1422222222222222
18.108,-1.48,7.64,1.221111111111111
18.128,-1.19,7.68,1.3022222222222222
18.148,-0.75,7.75,1.38
18.168,-0.42,7.8,1.4644444444444444
18.188,0.07,7.84,1.55
18.208,0.39,7.85,1.63
18.228,0.97,7.89,1.711111111111111
18.248,1.35,7.92,1.7977777777777777
18.268,1.99,7.89,1.8788888888888888
18.288,2.4,7.93,1.9633333333333334
18.308,3.08,7.88,2.0455555555555556
18.328,3.5,7.86,2.1277777777777778
18.348,4.27,7.66,2.2133333333333334
18.368,5.03,7.67,2.2933333333333334
18.388,5.5,7.57,2.3777777777777778
18.408,5.98,7.55,2.4566666666666666
18.428,6.76,7.31,2.5355555555555553
18.448,7.44,7.26,2.611111111111111
18.468,8.17,6.93,2.687777777777778
18.488,8.68,6.76,2.7577777777777777
18.508,9.38,6.48,2.8344444444444443
18.528,9.92,6.29,2.9033333333333333
18.548,10.68,5.85,2.966666666666667
18.568,11.18,5.58,3.0277777777777777
18.588,11.81,5.16,3.0866666666666664
18.608,12.23,4.81,3.141111111111111
18.628,12.86,4.3,3.1855555555555557
18.648,13.2,3.91,3.232222222222222
18.668,13.68,3.38,3.2755555555555556
18.688,14.07,2.67,3.3044444444444445
18.708,14.48,2.1,3.3366666666666664
18.728,14.6,1.65,3.3577777777777778
18.748,14.81,1.01,3.3755555555555556
18.768,14.9,0.54,3.382222222222222
18.788,14.93,-0.15,3.3922222222222222
18.808,14.83,-0.6,3.387777777777778
18.828,14.76,-1.32,3.3844444444444446
18.848,14.47,-1.69,3.37
18.868,14.14,-2.29,3.348888888888889
18.888,13.94,-2.73,3.3255555555555554
18.908,13.48,-3.33,3.2955555555555556
18.928,13.15,-3.71,3.26
18.948,12.59,-4.3,3.2177777777777776
18.968,12.23,-4.64,3.178888888888889
18.988,11.76,-4.97,3.1233333333333335
19.008,11.11,-5.42,3.0733333333333333
19.028,10.32,-5.91,3.01
19.048,9.83,-6.07,2.9466666666666668
19.068,9.07,-6.46,2.88
19.088,8.55,-6.61,2.811111111111111
19.108,7.71,-6.93,2.74
19.128,7.18,-7.06,2.6622222222222223
19.148,6.36,-7.25,2.5866666666666664
19.168,5.83,-7.41,2.51
19.188,5.06,-7.5,2.433333333333333
19.208,4.72,-7.54,2.352222222222222
19.228,4.07,-7.86,2.2655555555555558
19.248,3.32,-7.73,2.18
19.268,2.82,-7.87,2.0922222222222224
19.288,2.2,-7.84,2.008888888888889
19.308,1.65,-7.76,1.9255555555555555
19.328,1.04,-7.82,1.8366666666666667
19.348,0.61,-7.75,1.7522222222222221
19.368,0.04,-7.74,1.6666666666666667
19.388,-0.26,-7.74,1.58
19.408,-0.79,-7.7,1.4955555555555555
19.428,-1.1,-7.63,1.41
19.448,-1.71,-7.54,1.3266666666666667
19.468,-1.97,-7.47,1.2422222222222221
19.488,-2.33,-7.36,1.1588888888888889
19.508,-2.57,-7.37,1.0755555555555556
19.528,-2.78,-7.37,0.9966666666666667
19.548,-3.05,-7.38,0.9155555555555556
19.568,-3.28,-7.25,0.8333333333333334
19.588,-3.52,-7.25,0.7522222222222222
19.608,-3.65,-7.17,0.6711111111111111
19.628,-3.84,-7.12,0.5911111111111111
19.648,-3.96,-7.04,0.5144444444444445
19.668,-4.1,-7.03,0.43444444444444447
19.688,-4.18,-6.97,0.35555555555555557
19.708,-4.28,-6.98,0.2777777777777778
19.728,-4.34,-6.94,0.2
19.748,-4.39,-6.96,0.12222222222222222
19.768,-4.39,-6.9,0.04555555555555556
19.788,-4.4,-6.99,-0.03222222222222222
19.808,-4.37,-6.96,-0.10666666666666667
19.828,-4.33,-7.02,-0.18666666666666668
19.848,-4.26,-6.99,-0.2611111111111111
19.868,-4.21,-7.01,-0.3388888888888889
19.888,-4.07,-7.04,-0.4166666666666667
19.908,-3.96,-7.1,-0.4955555555555556
19.928,-3.81,-7.15,-0.5711111111111111
19.948,-3.7,-7.17,-0.6488888888888888
19.968,-3.46,-7.23,-0.7288888888888889
19.988,-3.34,-7.28,-0.8088888888888889
20.008,-3.04,-7.31,-0.8866666666666667
20.028,-2.84,-7.35,-0.9655555555555555
20.048,-2.51,-7.42,-1.0466666666666666
20.068,-2.3,-7.47,-1.1266666666666667
20.088,-1.91,-7.53,-1.21
20.108,-1.63,-7.59,-1.291111111111111
20.128,-1.2,-7.65,-1.3733333333333333
20.148,-0.91,-7.67,-1.4566666666666668
20.168,-0.41,-7.76,-1.541111111111111
20.188,-0.04,-7.77,-1.6244444444444444
20.208,0.62,-7.82,-1.7033333333333334
20.228,1.02,-7.82,-1.791111111111111
20.248,1.68,-7.81,-1.8755555555555556
20.268,2.06,-7.85,-1.9577777777777778
20.288,2.78,-7.75,-2.04
20.308,3.12,-7.96,-2.1277777777777778
20.328,3.96,-7.62,-2.203333333333333
20.348,4.39,-7.72,-2.2855555555555553
20.368,5.22,-7.53,-2.3655555555555554
20.388,5.69,-7.51,-2.442222222222222
20.408,6.45,-7.27,-2.522222222222222
20.428,7.05,-7.17,-2.598888888888889
20.448,7.81,-6.93,-2.67
20.468,8.33,-6.71,-2.7422222222222223
20.488,9.13,-6.45,-2.8088888888888888
20.508,9.64,-6.17,-2.8755555555555556
20.528,10.34,-5.81,-2.937777777777778
20.548,10.89,-5.61,-2.9944444444444445
20.568,11.36,-5.26,-3.048888888888889
20.588,12.0,-4.88,-3.0966666666666667
20.608,12.38,-4.42,-3.118888888888889
20.628,12.93,-3.99,-3.183333333333333
20.648,13.42,-3.38,-3.221111111111111
20.668,13.69,-2.94,-3.25
20.688,14.02,-2.34,-3.2744444444444443
20.708,14.25,-1.9,-3.292222222222222
20.728,14.4,-1.26,-3.307777777777778
20.748,14.53,-0.88,-3.3177777777777777
20.768,14.62,-0.2,-3.3144444444444443
20.788,14.55,0.28,-3.31
20.808,14.53,0.72,-3.3033333333333332
20.828,14.41,1.26,-3.29
20.848,14.22,1.9,-3.26
20.868,14.0,2.49,-3.25
20.888,13.65,2.92,-3.216666666666667
20.908,13.4,3.41,-3.181111111111111
20.928,12.92,3.76,-3.14
20.948,12.53,4.26,-3.07
20.968,12.0,4.59,-3.0444444444444443
20.988,11.27,5.23,-2.9611111111111112
21.008,10.78,5.48,-2.93
21.028,10.06,5.9,-2.8344444444444443
21.048,9.62,6.13,-2.8022222222222224
21.068,8.91,6.46,-2.7355555555555555
21.088,8.38,6.63,-2.66
21.108,7.63,6.91,-2.5866666666666664
21.128,7.1,7.05,-2.51
21.148,6.45,7.35,-2.43
21.168,5.89,7.32,-2.351111111111111
21.188,5.18,7.67,-2.272222222222222
21.208,4.68,7.46,-2.187777777777778
21.228,4.13,7.7,-2.101111111111111
21.248,3.59,7.68,-2.017777777777778
21.268,2.98,7.77,-1.931111111111111
21.288,2.5,7.82,-1.8466666666666667
21.308,1.98,7.81,-1.761111111111111
21.328,1.61,7.88,-1.6711111111111112
21.348,1.07,7.79,-1.5855555555555556
21.368,0.73,7.87,-1.5
21.388,0.18,7.81,-1.4133333333333333
21.408,0.0,7.83,-1.33
21.428,-0.44,7.77,-1.241111111111111
21.448,-0.67,7.8,-1.1588888888888889
21.468,-1.03,7.74,-1.0744444444444445
21.488,-1.28,7.7,-0.99
21.508,-1.55,7.68,-0.9066666666666666
21.528,-1.76,7.63,-0.8233333333333334
21.548,-2.12,7.63,-0.7422222222222222
21.568,-2.24,7.61,-0.66
21.588,-2.33,7.5,-0.5777777777777777
21.608,-2.39,7.61,-0.49777777777777776
21.628,-2.54,7.46,-0.41444444444444445
21.648,-2.63,7.54,-0.3377777777777778
21.668,-2.69,7.46,-0.2544444444444444
21.688,-2.76,7.49,-0.17333333333333334
21.708,-2.72,7.46,-0.09222222222222222
21.728,-2.78,7.51,-0.012222222222222223
21.748,-2.73,7.47,0.06666666666666667
21.768,-2.7,7.53,0.14555555555555555
21.788,-2.61,7.51,0.22666666666666666
21.808,-2.53,7.55,0.3055555555555556
21.828,-2.39,7.56,0.38333333333333336
21.848,-2.32,7.58,0.46444444444444444
21.868,-2.11,7.64,0.5444444444444444
21.888,-1.98,7.65,0.6233333333333333
21.908,-1.77,7.69,0.7055555555555556
21.928,-1.56,7.69,0.7855555555555556
21.948,-1.29,7.77,0.8677777777777778
21.968,-1.07,7.75,0.9488888888888889
21.988,-0.71,7.82,1.03
22.008,-0.47,7.8,1.1133333333333333
22.028,-0.05,7.87,1.1944444444444444
22.048,0.15,7.87,1.2777777777777777
22.068,0.65,7.92,1.3622222222222222
22.088,0.98,7.88,1.4466666666666668
22.108,1.31,7.92,1.53
22.128,1.85,7.88,1.6122222222222222
22.148,2.27,7.86,1.6966666666666668
22.168,2.84,7.86,1.78
22.188,3.22,7.81,1.8655555555555556
22.208,3.81,8.03,1.948888888888889
22.228,4.56,7.62,2.0277777777777777
22.248,5.05,7.68,2.108888888888889
22.268,5.77,7.5,2.1933333333333334
22.288,6.11,7.38,2.2733333333333334
22.308,6.92,7.22,2.348888888888889
22.328,7.33,7.02,2.4266666666666667
22.348,7.88,6.9,2.502222222222222
22.368,8.52,6.59,2.5766666666666667
22.388,9.06,6.48,2.647777777777778
22.408,9.73,6.05,2.7155555555555555
22.428,10.26,5.86,2.7777777777777777
22.448,10.85,5.43,2.8733333333333335
22.468,11.3,5.18,2.901111111111111
22.488,11.86,4.71,2.98
22.508,12.32,4.37,3.03
22.528,12.96,3.67,3.0733333333333333
22.548,13.23,3.3,3.1133333333333333
22.568,13.68,2.7,3.1433333333333335
22.588,13.89,2.31,3.172222222222222
22.608,14.18,1.65,3.1977777777777776
22.628,14.25,1.31,3.2177777777777776
22.648,14.38,0.67,3.2244444444444444
22.668,14.42,0.34,3.232222222222222
22.688,14.39,-0.33,3.23
22.708,14.33,-0.95,3.227777777777778
22.728,14.22,-1.59,3.2144444444444447
22.748,13.81,-1.93,3.2
22.768,13.68,-2.52,3.1733333333333333
22.788,13.31,-2.96,3.15
22.808,12.88,-3.49,3.1133333333333333
22.828,12.66,-3.89,3.0766666666666667
22.848,12.05,-4.39,3.0366666666666666
22.868,11.74,-4.67,2.99
22.888,11.09,-5.12,2.9355555555555557
22.908,10.58,-5.36,2.882222222222222
22.928,9.91,-5.9,2.82
22.948,9.46,-6.04,2.758888888888889
22.968,8.76,-6.42,2.6911111111111112
22.988,8.24,-6.51,2.6222222222222222
23.008,7.46,-6.88,2.548888888888889
23.028,6.97,-6.97,2.4755555555555557
23.048,6.27,-7.24,2.3966666666666665
23.068,5.77,-7.32,2.32
23.088,5.03,-7.47,2.2422222222222223
23.108,4.53,-7.21,2.161111111111111
23.128,3.82,-7.52,2.0744444444444445
23.148,3.41,-7.73,1.991111111111111
23.168,2.79,-7.68,1.91
23.188,2.36,-7.83,1.8233333333333333
23.208,1.73,-7.75,1.74
23.228,1.35,-7.85,1.6522222222222223
23.248,0.81,-7.76,1.5677777777777777
23.268,0.43,-7.83,1.481111111111111
23.288,0.05,-7.73,1.3922222222222222
23.308,-0.44,-7.76,1.31
23.328,-0.85,-7.75,1.2255555555555555
23.348,-1.09,-7.67,1.14
23.368,-1.46,-7.66,1.0522222222222222
23.388,-1.65,-7.61,0.9688888888888889
23.408,-1.93,-7.64,0.8833333333333333
23.428,-2.13,-7.57,0.8011111111111111
23.448,-2.39,-7.57,0.72
23.468,-2.58,-7.43,0.6377777777777778
23.488,-2.66,-7.53,0.55
23.508,-2.78,-7.33,0.4688888888888889
23.528,-2.96,-7.47,0.38666666666666666
23.548,-3.01,-7.34,0.30444444444444446
23.568,-3.14,-7.4,0.2222222222222222
23.588,-3.13,-7.34,0.1388888888888889
23.608,-3.15,-7.41,0.056666666666666664
23.628,-3.12,-7.35,-0.021111111111111112
23.648,-3.15,-7.44,-0.10444444444444445
23.668,-3.08,-7.38,-0.18444444444444444
23.688,-3.05,-7.44,-0.26555555555555554
23.708,-2.92,-7.44,-0.3466666666666667
23.728,-2.88,-7.46,-0.42777777777777776
23.748,-2.73,-7.48,-0.5088888888888888
23.768,-2.62,-7.51,-0.59
23.788,-2.39,-7.53,-0.6711111111111111
23.808,-2.26,-7.58,-0.7555555555555555
23.828,-1.98,-7.6,-0.8366666666666667
23.848,-1.69,-7.64,-0.92
23.868,-1.5,-7.66,-1.001111111111111
23.888,-1.27,-7.73,-1.0855555555555556
23.908,-0.88,-7.72,-1.1688888888888889
23.928,-0.61,-7.78,-1.25
23.948,-0.16,-7.8,-1.3355555555555556
23.968,0.07,-7.84,-1.42
23.988,0.55,-7.84,-1.5022222222222221
24.008,0.91,-7.84,-1.5866666666666667
24.028,1.45,-7.87,-1.6711111111111112
24.048,1.86,-7.75,-1.7555555555555555
24.068,2.52,-7.84,-1.8377777777777777
24.088,2.9,-8.06,-1.92
24.108,3.72,-7.58,-2.0033333333333334
24.128,4.15,-7.79,-2.08
24.148,4.81,-7.54,-2.161111111111111
24.168,5.26,-7.62,-2.238888888888889
24.188,5.97,-7.31,-2.318888888888889
24.208,6.46,-7.23,-2.3933333333333335
24.228,7.24,-6.99,-2.4655555555555555
24.248,7.66,-6.83,-2.5388888888888888
24.268,8.42,-6.63,-2.6033333333333335
24.288,8.94,-6.27,-2.6755555555555555
24.308,9.61,-6.02,-2.732222222222222
24.328,10.08,-5.64,-2.7944444444444443
24.348,10.74,-5.31,-2.85
24.368,11.12,-4.96,-2.9033333333333333
24.388,11.74,-4.57,-2.951111111111111
24.408,12.11,-4.21,-2.9722222222222223
24.428,12.63,-3.7,-3.0344444444444445
24.448,12.94,-3.39,-3.0477777777777777
24.468,13.28,-2.81,-3.097777777777778
24.488,13.58,-2.49,-3.1222222222222222
24.508,13.8,-1.87,-3.138888888888889
24.528,13.98,-1.46,-3.15
24.548,14.13,-0.83,-3.161111111111111
24.568,14.13,-0.49,-3.16
24.588,14.22,0.11,-3.1566666666666667
24.608,14.19,0.61,-3.1566666666666667
24.628,13.93,1.3,-3.1355555555555554
24.648,13.92,1.7,-3.117777777777778
24.668,13.53,2.32,-3.0933333333333333
24.688,13.29,2.79,-3.066666666666667
24.708,12.94,3.23,-3.0322222222222224
24.728,12.68,3.62,-2.9944444444444445
24.748,12.21,4.1,-2.951111111111111
24.768,11.87,4.39,-2.901111111111111
24.788,11.34,4.86,-2.821111111111111
24.808,10.9,5.15,-2.792222222222222
24.828,10.06,5.69,-2.732222222222222
24.848,9.59,5.93,-2.67
24.868,8.96,6.26,-2.6044444444444443
24.888,8.43,6.43,-2.53
24.908,7.8,6.67,-2.46
24.928,7.32,6.84,-2.382222222222222
24.948,6.68,7.08,-2.31
24.968,6.17,7.18,-2.2311111111111113
24.988,5.51,7.34,-2.15
25.008,5.04,7.48,-2.0677777777777777
25.028,4.5,7.57,-1.9866666666666666
25.048,4.06,7.71,-1.9055555555555554
25.068,3.52,7.77,-1.8233333333333333
25.088,3.17,7.48,-1.7322222222222223
25.108,2.74,7.88,-1.6488888888888888
25.128,2.18,7.73,-1.5655555555555556
25.148,1.84,8.02,-1.4777777777777779
25.168,1.33,7.86,-1.3888888888888888
25.188,1.15,7.86,-1.3033333333333332
25.208,0.68,7.86,-1.22
25.228,0.45,7.87,-1.1311111111111112
25.248,0.11,7.88,-1.0466666666666666
25.268,-0.09,7.85,-0.96
25.288,-0.39,7.9,-0.8744444444444445
25.308,-0.59,7.77,-0.79
25.328,-0.81,7.86,-0.7033333333333334
25.348,-0.99,7.72,-0.62
25.368,-1.18,7.77,-0.5355555555555556
25.388,-1.25,7.73,-0.45
25.408,-1.37,7.75,-0.36777777777777776
25.428,-1.39,7.74,-0.2833333333333333
25.448,-1.59,7.84,-0.2
25.468,-1.51,7.72,-0.11666666666666667
25.488,-1.59,7.82,-0.03222222222222222
25.508,-1.56,7.78,0.05
25.528,-1.51,7.78,0.1322222222222222
25.548,-1.43,7.77,0.21333333333333335
25.568,-1.31,7.75,0.2966666666666667
25.588,-1.25,7.8,0.3811111111111111
25.608,-1.06,7.8,0.4633333333333333
25.628,-0.94,7.81,0.5455555555555556
25.648,-0.75,7.87,0.6266666666666667
25.668,-0.57,7.81,0.71
25.688,-0.3,7.87,0.7955555555555556
25.708,-0.09,7.85,0.8755555555555555
25.728,0.16,7.9,0.9611111111111111
25.748,0.39,7.9,1.0455555555555556
25.768,0.77,7.88,1.13
25.788,1.06,7.89,1.2122222222222223
25.808,1.5,7.89,1.2977777777777777
25.828,1.8,7.87,1.38
25.848,2.27,7.87,1.4644444444444444
25.868,2.64,7.89,1.5477777777777777
25.888,3.15,7.77,1.6322222222222222
25.908,3.46,7.58,1.7155555555555555
25.928,4.25,7.46,1.798888888888889
25.948,4.73,7.57,1.8811111111111112
25.968,5.04,7.39,1.9622222222222223
25.988,5.62,7.42,2.0411111111111113
26.008,6.28,7.16,2.118888888888889
26.028,6.85,7.12,2.1955555555555555
26.048,7.47,6.86,2.2755555555555556
26.068,7.82,6.77,2.35
26.088,8.52,6.52,2.42
26.108,8.92,6.23,2.49
26.128,9.66,5.94,2.5544444444444445
26.148,9.98,5.68,2.62
26.168,10.64,5.35,2.68
26.188,10.97,5.06,2.738888888888889
26.208,11.57,4.65,2.79
26.228,11.88,4.33,2.8422222222222224
26.248,12.43,3.82,2.888888888888889
26.268,12.66,3.48,2.93
26.288,13.07,2.95,2.97
26.308,13.29,2.52,3.0011111111111113
26.328,13.6,2.0,3.0277777777777777
26.348,13.75,1.56,3.05
26.368,13.92,0.82,3.0677777777777777
26.388,13.99,0.34,3.0733333333333333
26.408,13.92,-0.22,3.08
26.428,13.9,-0.68,3.077777777777778
26.448,13.8,-1.27,3.0755555555555554
26.468,13.66,-1.66,3.0633333333333335
26.488,13.35,-2.23,3.046666666666667
26.508,13.13,-2.63,3.0244444444444443
26.528,12.73,-3.19,3.0
26.548,12.45,-3.51,2.9655555555555555
26.568,12.0,-4.06,2.93
26.588,11.64,-4.33,2.89
26.608,11.06,-4.85,2.8433333333333333
26.628,10.68,-5.15,2.7944444444444443
26.648,10.06,-5.59,2.74
26.668,9.59,-5.7,2.6822222222222223
26.688,9.02,-6.15,2.6233333333333335
26.708,8.54,-6.34,2.5544444444444445
26.728,8.08,-6.46,2.4877777777777776
26.748,7.33,-6.72,2.417777777777778
26.768,6.88,-6.85,2.347777777777778
26.788,6.2,-7.01,2.27
26.808,5.79,-7.25,2.1944444444444446
26.828,5.09,-7.32,2.118888888888889
26.848,4.69,-7.5,2.037777777777778
26.868,4.03,-7.52,1.9555555555555555
26.888,3.65,-7.67,1.8744444444444444
26.908,3.06,-7.64,1.791111111111111
26.928,2.65,-7.78,1.708888888888889
26.948,2.12,-7.78,1.6244444444444444
26.968,1.8,-7.98,1.54
26.988,1.29,-8.51,1.4522222222222223
27.008,0.82,-7.51,1.3677777777777778
27.028,0.23,-7.72,1.28
27.048,0.21,-7.75,1.1966666666666668
27.068,-0.24,-7.75,1.1111111111111112
27.088,-0.22,-7.74,1.0222222222222221
27.108,-0.71,-8.04,0.8955555555555555
27.128,-0.98,-7.58,0.81
27.148,-1.25,-7.56,0.7244444444444444
27.168,-1.31,-7.78,0.64
27.188,-1.51,-7.65,0.5544444444444444
27.208,-1.68,-7.64,0.47
27.228,-1.76,-7.64,0.38555555555555554
27.248,-1.9,-7.61,0.3011111111111111
27.268,-1.92,-7.53,0.21777777777777776
27.288,-1.96,-7.77,0.13111111111111112
27.308,-1.81,-7.5,0.04888888888888889
27.328,-2.01,-7.75,-0.034444444444444444
27.348,-1.94,-7.67,-0.12
27.368,-1.96,-7.71,-0.20222222222222222
27.388,-1.84,-7.58,-0.28444444444444444
27.408,-1.8,-7.81,-0.3688888888888889
27.428,-1.65,-7.64,-0.45111111111111113
27.448,-1.57,-7.82,-0.5333333333333333
27.468,-1.3,-7.74,-0.6188888888888889
27.488,-1.25,-7.79,-0.7
27.508,-0.97,-7.71,-0.7855555555555556
27.528,-0.83,-7.84,-0.8688888888888889
27.548,-0.5,-7.74,-0.9533333333333334
27.568,-0.28,-7.87,-1.0377777777777777
27.588,0.08,-7.86,-1.1211111111111112
27.608,0.28,-7.86,-1.2033333333333334
27.628,0.7,-7.91,-1.2877777777777777
27.648,1.02,-7.84,-1.3711111111111112
27.668,1.48,-7.85,-1.4544444444444444
27.688,1.87,-7.84,-1.54
27.708,2.35,-7.78,-1.62
27.728,2.73,-7.82,-1.7066666666666668
27.748,3.24,-7.79,-1.79
27.768,3.79,-7.56,-1.8677777777777778
27.788,4.31,-7.67,-1.9477777777777778
27.808,4.7,-7.38,-2.026666666666667
27.828,5.31,-7.45,-2.1033333333333335
27.848,5.72,-7.18,-2.178888888888889
27.868,6.48,-7.07,-2.252222222222222
27.888,6.95,-6.86,-2.3255555555555554
27.908,7.8,-6.59,-2.3966666666666665
27.928,8.26,-6.49,-2.4633333333333334
27.948,8.89,-6.09,-2.53
27.968,9.36,-5.94,-2.591111111111111
27.988,10.0,-5.53,-2.65
28.008,10.41,-5.32,-2.7
28.028,11.01,-4.85,-2.7511111111111113
28.048,11.37,-4.6,-2.8
28.068,11.86,-4.12,-2.8433333333333333
28.088,12.21,-3.76,-2.8844444444444446
28.108,12.63,-3.28,-2.917777777777778
28.128,12.9,-2.94,-2.9455555555555555
28.148,13.23,-2.43,-2.97
28.168,13.37,-1.96,-2.9922222222222223
28.188,13.58,-1.35,-3.002222222222222
28.208,13.71,-0.96,-3.01
28.228,13.71,-0.46,-3.013333333333333
28.248,13.79,-0.11,-3.01
28.268,13.73,0.37,-3.0
28.288,13.61,0.97,-2.993333333333333
28.308,13.57,1.36,-2.97
28.328,13.41,1.84,-2.9455555555555555
28.348,13.2,2.38,-2.9322222222222223
28.368,12.92,2.81,-2.8844444444444446
28.388,12.67,3.29,-2.8422222222222224
28.408,12.19,3.69,-2.8022222222222224
28.428,11.89,4.05,-2.778888888888889
28.448,11.37,4.48,-2.7022222222222223
28.468,10.97,4.85,-2.6755555555555555
28.488,10.42,5.23,-2.59
28.508,10.06,5.41,-2.56
28.528,9.43,5.68,-2.4955555555555557
28.548,9.02,6.1,-2.431111111111111
28.568,8.32,6.35,-2.358888888888889
28.588,7.98,6.46,-2.29
28.608,7.32,6.76,-2.212222222222222
28.628,6.89,6.86,-2.097777777777778
28.648,6.25,7.07,-2.06
28.668,5.85,7.14,-1.978888888888889
28.688,5.06,7.38,-1.9
28.708,4.67,7.46,-1.818888888888889
28.728,4.1,7.57,-1.7366666666666666
28.748,3.76,7.62,-1.65
28.768,3.25,7.67,-1.5677777777777777
28.788,2.94,7.76,-1.4822222222222223
28.808,2.47,7.85,-1.4
28.828,2.04,8.25,-1.32
28.848,1.83,7.37,-1.2255555555555555
28.868,1.81,8.02,-1.1422222222222222
28.888,1.07,7.95,-1.0522222222222222
28.908,1.11,7.84,-0.9677777777777777
28.928,0.75,7.96,-0.88
28.948,0.49,7.77,-0.7955555555555556
28.968,0.33,7.91,-0.71
28.988,0.04,7.73,-0.6233333333333333
29.008,-0.04,7.91,-0.5377777777777778
29.028,-0.16,7.73,-0.4533333333333333
29.048,-0.27,7.84,-0.3688888888888889
29.068,-0.34,7.77,-0.2811111111111111
29.088,-0.43,7.79,-0.19555555555555557
29.108,-0.45,7.84,-0.11
29.128,-0.47,7.77,-0.025555555555555557
29.148,-0.48,7.95,0.058888888888888886
29.168,-0.4,7.79,0.14
29.188,-0.33,7.95,0.22777777777777777
29.208,-0.22,7.88,0.3111111111111111
29.228,-0.11,7.9,0.3933333333333333
29.248,0.02,7.95,0.47888888888888886
29.268,0.1,7.86,0.5622222222222222
29.288,0.33,7.91,0.6477777777777778
29.308,0.45,7.85,0.73
29.328,0.74,7.91,0.8155555555555556
29.348,0.93,7.87,0.9
29.368,1.24,7.87,0.9844444444444445
29.388,1.48,7.87,1.07
29.408,1.85,7.83,1.15
29.428,2.14,7.85,1.2377777777777779
29.448,2.54,7.79,1.32
29.468,3.02,7.77,1.4022222222222223
29.488,3.51,7.71,1.4866666666666666
29.508,3.85,7.63,1.5666666666666667
29.528,4.38,7.56,1.65
29.548,4.75,7.47,1.731111111111111
29.568,5.32,7.37,1.8144444444444445
29.588,5.7,7.26,1.8911111111111112
29.608,6.3,7.11,1.97
29.628,6.71,6.96,2.0455555555555556
29.648,7.33,6.78,2.1222222222222222
29.668,7.73,6.6,2.1911111111111112
29.688,8.37,6.35,2.2655555555555558
29.708,8.77,6.14,2.331111111111111
29.728,9.37,5.88,2.3966666666666665
29.748,9.79,5.6,2.4677777777777776
29.768,10.35,5.29,2.5255555555555556
29.788,10.72,5.03,2.58
29.808,11.24,4.55,2.632222222222222
29.828,11.55,4.3,2.6855555555555557
29.848,12.01,3.81,2.73
29.868,12.33,3.46,2.772222222222222
29.888,12.71,2.95,2.812222222222222
29.908,12.83,2.64,2.8422222222222224
29.928,13.14,2.12,2.871111111111111
29.948,13.32,1.65,2.8966666666666665
29.968,13.38,1.38,2.91
29.988,13.5,0.73,2.9277777777777776
30.008,13.61,0.35,2.9344444444444444
30.028,13.53,-0.23,2.937777777777778
30.048,13.55,-0.74,2.937777777777778
30.068,13.49,-1.22,2.9233333333333333
30.088,13.26,-1.6,2.9144444444444444
30.108,13.09,-2.16,2.8944444444444444
30.128,12.81,-2.55,2.871111111111111
30.148,12.47,-3.09,2.8444444444444446
30.168,12.21,-3.36,2.8133333333333335
30.188,11.75,-3.86,2.7733333333333334
30.208,11.47,-4.16,2.7344444444444442
30.228,10.93,-4.6,2.688888888888889
30.248,10.58,-4.89,2.64
30.268,10.02,-5.31,2.581111111111111
30.288,9.4,-5.65,2.5277777777777777
30.308,8.76,-5.96,2.4644444444444447
30.328,8.41,-6.22,2.4044444444444446
30.348,7.73,-6.42,2.3366666666666664
30.368,7.32,-6.6,2.267777777777778
30.388,6.67,-6.86,2.1977777777777776
30.408,6.27,-6.99,2.1233333333333335
30.428,5.68,-7.11,2.048888888888889
30.448,5.27,-7.3,1.9722222222222223
30.468,4.64,-7.42,1.8911111111111112
30.488,4.24,-7.53,1.8133333333333332
30.508,3.74,-7.55,1.7333333333333334
30.528,3.31,-7.61,1.6488888888888888
30.548,2.81,-7.78,1.5677777777777777
30.568,2.46,-7.65,1.4833333333333334
30.588,2.02,-7.86,1.4
30.608,1.74,-7.7,1.3155555555555556
30.628,1.27,-7.85,1.23
30.648,1.08,-7.79,1.1455555555555557
30.668,0.65,-7.88,1.058888888888889
30.688,0.5,-7.76,0.9755555555555555
30.708,0.15,-7.9,0.8877777777777778
30.728,0.03,-7.72,0.8022222222222222
30.748,-0.25,-7.84,0.7177777777777777
30.768,-0.37,-7.75,0.6311111111111111
30.788,-0.59,-7.8,0.5433333333333333
30.808,-0.65,-7.78,0.46
30.828,-0.79,-7.79,0.37444444444444447
30.848,-0.85,-7.75,0.28888888888888886
30.868,-0.93,-7.75,0.20444444444444446
30.888,-0.98,-7.76,0.11666666666666667
30.908,-0.96,-7.73,0.03
30.928,-0.95,-7.84,-0.05333333333333334
30.948,-0.93,-7.77,-0.13666666666666666
30.968,-0.89,-7.81,-0.22
30.988,-0.79,-7.79,-0.30444444444444446
31.008,-0.73,-7.84,-0.39
31.028,-0.57,-7.79,-0.47444444444444445
31.048,-0.46,-7.85,-0.5588888888888889
31.068,-0.21,-7.78,-0.6422222222222222
31.088,0.0,-7.84,-0.7277777777777777
31.108,0.2,-7.87,-0.8111111111111111
31.128,0.41,-7.85,-0.8944444444444445
31.148,0.77,-7.87,-0.9788888888888889
31.168,1.02,-7.84,-1.0633333333333332
31.188,1.37,-7.84,-1.1455555555555557
31.208,1.68,-7.82,-1.23
31.228,2.11,-7.82,-1.3133333333333332
31.248,2.42,-7.74,-1.3988888888888888
31.268,2.91,-7.74,-1.4766666666666666
31.288,3.26,-7.65,-1.558888888888889
31.308,3.76,-7.59,-1.6388888888888888
31.328,4.13,-7.48,-1.72
31.348,4.69,-7.44,-1.798888888888889
31.368,5.1,-7.31,-1.8755555555555556
31.388,5.69,-7.2,-1.9544444444444444
31.408,6.12,-7.07,-2.03
31.428,6.75,-6.89,-2.102222222222222
31.448,7.15,-6.73,-2.1733333333333333
31.468,7.76,-6.49,-2.24
31.488,8.18,-6.33,-2.3088888888888888
31.508,8.79,-6.01,-2.37
31.528,9.2,-5.82,-2.43
31.548,9.78,-5.45,-2.493333333333333
31.568,10.17,-5.24,-2.548888888888889
31.588,10.52,-4.92,-2.598888888888889
31.608,11.06,-4.47,-2.647777777777778
31.628,11.4,-4.21,-2.69
31.648,11.85,-3.76,-2.727777777777778
31.668,12.12,-3.44,-2.7644444444444445
31.688,12.5,-2.95,-2.796666666666667
31.708,12.71,-2.59,-2.816666666666667
31.728,13.0,-2.05,-2.8377777777777777
31.748,13.14,-1.68,-2.8544444444444443
31.768,13.3,-1.1,-2.867777777777778
31.788,13.37,-0.73,-2.871111111111111
31.808,13.41,-0.2,-2.8744444444444444
31.828,13.38,0.41,-2.87
31.848,13.34,0.77,-2.86
31.868,13.18,1.33,-2.8422222222222224
31.888,13.0,1.93,-2.8233333333333333
31.908,12.86,2.26,-2.7944444444444443
31.928,12.53,2.76,-2.7655555555555558
31.948,12.34,3.07,-2.73
31.968,11.91,3.56,-2.6933333333333334
31.988,11.62,3.9,-2.652222222222222
32.008,11.13,4.37,-2.6055555555555556
32.028,10.87,4.62,-2.5533333333333332
32.048,10.33,5.01,-2.4988888888888887
32.068,9.95,5.28,-2.442222222222222
32.088,9.41,5.62,-2.382222222222222
32.108,9.05,5.71,-2.316666666666667
32.128,8.42,6.12,-2.247777777777778
32.148,8.03,6.29,-2.18
32.168,7.47,6.5,-2.1044444444444443
32.188,7.08,6.7,-2.0355555555555553
32.208,6.5,6.88,-1.9577777777777778
32.228,6.12,7.01,-1.8811111111111112
32.248,5.59,7.14,-1.801111111111111
32.268,5.22,7.27,-1.7233333333333334
32.288,4.69,7.34,-1.6411111111111112
32.308,4.39,7.47,-1.56
32.328,3.88,7.54,-1.478888888888889
32.348,3.61,7.56,-1.3511111111111112
32.368,3.15,7.66,-1.308888888888889
32.388,2.89,7.74,-1.1844444444444444
32.408,2.4,7.45,-1.1077777777777778
32.428,2.14,8.43,-1.01
32.448,1.66,7.96,-0.97
32.468,1.81,7.65,-0.8411111111111111
32.488,1.4,8.06,-0.7544444444444445
32.508,1.48,7.59,-0.6688888888888889
32.528,1.23,7.87,-0.58
32.548,0.91,7.76,-0.49666666666666665
32.568,0.89,7.91,-0.4111111111111111
32.588,0.71,7.69,-0.32555555555555554
32.608,0.64,7.91,-0.28
32.628,0.55,7.71,-0.1511111111111111
32.648,0.5,7.77,-0.10888888888888888
32.668,0.49,7.97,-0.021111111111111112
32.688,0.5,7.84,0.06333333333333334
32.708,0.57,7.9,0.14777777777777779
32.728,0.6,7.92,0.2311111111111111
32.748,0.72,7.83,0.31555555555555553
32.768,0.84,7.92,0.4
32.788,0.97,7.84,0.4855555555555556
32.808,1.17,7.88,0.61
32.828,1.27,7.81,0.6522222222222223
32.848,1.54,7.83,0.7777777777777778
32.868,1.7,7.81,0.8188888888888889
32.888,2.01,7.8,0.9
32.908,2.23,7.83,0.9888888888888889
32.928,2.58,7.74,1.0733333333333333
32.948,2.82,7.73,1.1544444444444444
32.968,3.23,7.66,1.2377777777777779
32.988,3.5,7.63,1.32
33.008,3.94,7.54,1.4
33.028,4.27,7.52,1.4833333333333334
33.048,4.75,7.37,1.5644444444444445
33.068,5.09,7.34,1.6433333333333333
33.088,5.6,7.19,1.721111111111111
33.108,5.97,7.09,1.798888888888889
33.128,6.51,6.92,1.8788888888888888
33.148,6.89,6.77,1.95
33.168,7.45,6.59,2.0233333333333334
33.188,7.86,6.39,2.09
33.208,8.42,6.17,2.1622222222222223
33.228,8.79,5.94,2.23
33.248,9.16,5.77,2.2933333333333334
33.268,9.74,5.42,2.352222222222222
33.288,10.08,5.2,2.41
33.308,10.6,4.79,2.4644444444444447
33.328,10.92,4.56,2.5188888888888887
33.348,11.37,4.12,2.566666666666667
33.368,11.64,3.83,2.612222222222222
33.388,12.02,3.39,2.651111111111111
33.408,12.3,3.01,2.6866666666666665
33.428,12.6,2.49,2.712222222222222
33.448,12.92,1.82,2.7444444444444445
33.468,13.01,1.5,2.7622222222222224
33.488,13.12,1.07,2.781111111111111
33.508,13.22,0.61,2.792222222222222
33.528,13.25,0.15,2.8
33.548,13.26,-0.44,2.801111111111111
33.568,13.16,-0.73,2.8033333333333332
33.588,13.05,-1.29,2.7911111111111113
33.608,12.87,-1.6,2.78
33.628,12.67,-2.21,2.76
33.648,12.47,-2.5,2.74
33.668,12.15,-3.07,2.7133333333333334
33.688,11.89,-3.34,2.6777777777777776
33.708,11.49,-3.83,2.6433333333333335
33.728,11.18,-4.15,2.602222222222222
33.748,10.73,-4.52,2.5566666666666666
33.768,10.38,-4.85,2.51
33.788,9.84,-5.2,2.457777777777778
33.808,9.49,-5.47,2.4
33.828,8.9,-5.76,2.3433333333333333
33.848,8.55,-5.95,2.2822222222222224
33.868,7.93,-6.26,2.22
33.888,7.55,-6.42,2.1533333333333333
33.908,6.93,-6.67,2.08
33.928,6.53,-6.81,2.008888888888889
33.948,5.96,-6.95,1.9366666666666668
33.968,5.61,-7.06,1.8611111111111112
33.988,5.04,-7.19,1.7833333333333334
34.008,4.67,-7.31,1.708888888888889
34.028,4.18,-7.42,1.6277777777777778
34.048,3.84,-7.56,1.5444444444444445
34.068,3.39,-7.52,1.468888888888889
34.088,3.05,-7.65,1.3822222222222222
34.108,2.6,-7.78,1.298888888888889
34.128,2.3,-7.65,1.2177777777777778
34.148,1.96,-7.82,1.1311111111111112
34.168,1.73,-7.72,1.05
34.188,1.34,-7.81,0.9633333333333334
34.208,1.22,-7.77,0.8811111111111111
34.228,0.89,-7.87,0.7944444444444444
34.248,0.67,-7.78,0.71
34.268,0.43,-7.78,0.6233333333333333
34.288,0.31,-7.82,0.5377777777777778
34.308,0.17,-7.77,0.45111111111111113
34.328,0.1,-7.85,0.3655555555555556
34.348,0.06,-7.78,0.28
34.368,0.0,-7.86,0.19444444444444445
34.388,-0.02,-7.79,0.10888888888888888
34.408,-0.07,-7.84,0.024444444444444446
34.428,-0.03,-7.82,-0.06222222222222222
34.448,0.0,-7.89,-0.14333333333333334
34.468,0.07,-7.81,-0.23
34.488,0.09,-7.87,-0.31222222222222223
34.508,0.21,-7.87,-0.39666666666666667
34.528,0.29,-7.88,-0.48
34.548,0.52,-7.85,-0.5655555555555556
34.568,0.67,-7.85,-0.65
34.588,0.89,-7.86,-0.7355555555555555
34.608,1.09,-7.82,-0.8177777777777778
34.628,1.38,-7.83,-0.9
34.648,1.59,-7.8,-0.9822222222222222
34.668,1.93,-7.78,-1.0655555555555556
34.688,2.19,-7.73,-1.1488888888888888
34.708,2.57,-7.74,-1.228888888888889
34.728,2.87,-7.65,-1.31
34.748,3.3,-7.64,-1.3911111111111112
34.768,3.65,-7.53,-1.471111111111111
34.788,4.12,-7.51,-1.55
34.808,4.44,-7.39,-1.63
34.828,4.79,-7.34,-1.7055555555555555
34.848,5.34,-7.18,-1.7822222222222222
34.868,5.7,-7.13,-1.8588888888888888
34.888,6.25,-6.91,-1.93
34.908,6.63,-6.81,-2.0033333333333334
34.928,7.21,-6.6,-2.071111111111111
34.948,7.63,-6.42,-2.14
34.968,8.19,-6.15,-2.2
34.988,8.58,-5.94,-2.2644444444444445
35.008,9.14,-5.66,-2.3222222222222224
35.028,9.87,-5.21,-2.38
35.048,10.19,-4.91,-2.428888888888889
35.068,10.56,-4.66,-2.4788888888888887
35.088,11.04,-4.27,-2.53
35.108,11.31,-3.99,-2.566666666666667
35.128,11.72,-3.54,-2.6033333333333335
35.148,12.0,-3.2,-2.638888888888889
35.168,12.3,-2.73,-2.6633333333333336
35.188,12.49,-2.42,-2.688888888888889
35.208,12.73,-1.86,-2.71
35.228,12.84,-1.5,-2.7255555555555557
35.248,12.98,-0.97,-2.7344444444444442
35.268,13.04,-0.6,-2.741111111111111
35.288,13.04,-0.06,-2.74
35.308,13.09,0.3,-2.736666666666667
35.328,13.03,0.83,-2.7255555555555557
35.348,12.92,1.18,-2.712222222222222
35.368,12.77,1.69,-2.69
35.388,12.62,2.06,-2.668888888888889
35.408,12.35,2.6,-2.64
35.428,12.19,2.81,-2.6077777777777778
35.448,11.82,3.38,-2.5677777777777777
35.468,11.55,3.63,-2.53
35.488,11.14,4.12,-2.4833333333333334
35.508,10.85,4.33,-2.43
35.528,10.37,4.79,-2.382222222222222
35.548,10.03,4.97,-2.3266666666666667
35.568,9.52,5.36,-2.2644444444444445
35.588,9.14,5.54,-2.2055555555555557
35.608,8.65,5.91,-2.14
35.628,8.24,5.99,-2.0733333333333333
35.648,7.76,6.27,-2.002222222222222
35.668,7.4,6.4,-1.93
35.688,6.86,6.68,-1.8566666666666667
35.708,6.49,6.73,-1.7822222222222222
35.728,6.02,6.93,-1.7066666666666668
35.748,5.68,7.06,-1.6288888888888888
35.768,5.18,7.15,-1.55
35.788,4.89,7.25,-1.468888888888889
35.808,4.29,7.37,-1.3844444444444444
35.828,4.04,7.45,-1.3055555555555556
35.848,3.62,7.49,-1.2222222222222223
35.868,3.39,7.58,-1.1366666666666667
35.888,3.02,7.64,-1.0566666666666666
35.908,2.82,7.67,-0.97
35.928,2.58,7.88,-0.8866666666666667
35.948,2.24,6.62,-0.8088888888888889
35.968,2.24,7.24,-0.7177777777777777
35.988,1.8,8.23,-0.6333333333333333
36.008,1.72,7.55,-0.5455555555555556
36.028,1.57,8.11,-0.4622222222222222
36.048,1.36,7.81,-0.3711111111111111
36.068,1.51,7.85,-0.29
36.088,1.36,7.77,-0.20222222222222222
36.108,1.37,7.91,-0.11888888888888889
36.128,1.36,7.82,-0.03111111111111111
36.148,1.33,7.92,0.05444444444444444
36.168,1.43,7.94,0.13444444444444445
36.188,1.47,7.73,0.22111111111111112
36.208,1.55,7.98,0.30444444444444446
36.228,1.62,7.67,0.39
36.248,1.81,7.79,0.4711111111111111
36.268,1.91,7.75,0.5577777777777778
36.288,2.15,7.73,0.64
36.308,2.25,7.74,0.7222222222222222
36.328,2.53,7.71,0.8077777777777778
36.348,2.73,7.68,0.89
36.368,3.01,7.63,0.9733333333333334
36.388,3.24,7.62,1.0566666666666666
36.408,3.6,7.5,1.1377777777777778
36.428,3.86,7.53,1.2177777777777778
36.448,4.1,7.46,1.298888888888889
36.468,4.55,7.39,1.3766666666666667
36.488,4.82,7.29,1.4177777777777778
36.508,5.3,7.18,1.5366666666666666
36.528,5.58,7.1,1.5733333333333333
36.548,6.08,6.95,1.6888888888888889
36.568,6.44,6.82,1.7277777777777779
36.588,6.94,6.64,1.8355555555555556
36.608,7.46,6.46,1.8711111111111112
36.628,7.98,6.21,1.9766666666666666
36.648,8.51,5.93,2.0444444444444443
36.668,8.82,5.77,2.108888888888889
36.688,9.2,5.57,2.171111111111111
36.708,9.7,5.21,2.203333333333333
36.728,10.01,5.04,2.26
36.748,10.49,4.66,2.3155555555555556
36.768,10.8,4.37,2.3666666666666667
36.788,11.21,3.95,2.4155555555555557
36.808,11.47,3.7,2.4611111111111112
36.828,11.85,3.23,2.502222222222222
36.848,12.03,2.95,2.54
36.868,12.31,2.41,2.57
36.888,12.53,2.1,2.601111111111111
36.908,12.74,1.57,2.6255555555555556
36.928,12.74,1.31,2.6433333333333335
36.948,12.91,0.74,2.6577777777777776
36.968,12.94,0.35,2.667777777777778
36.988,12.96,-0.26,2.671111111111111
37.008,12.88,-0.52,2.6766666666666667
37.028,12.8,-1.03,2.67
37.048,12.69,-1.38,2.66
37.068,12.53,-1.9,2.65
37.088,12.32,-2.3,2.63
37.108,12.05,-2.72,2.6077777777777778
37.128,11.84,-3.02,2.58
37.148,11.45,-3.56,2.5444444444444443
37.168,11.21,-3.8,2.513333333333333
37.188,10.76,-4.3,2.4722222222222223
37.208,10.49,-4.46,2.4322222222222223
37.228,10.01,-4.87,2.38
37.248,9.68,-5.1,2.331111111111111
37.268,9.12,-5.5,2.28
37.288,8.77,-5.69,2.218888888888889
37.308,8.26,-5.95,2.16
37.328,7.89,-6.12,2.097777777777778
37.348,7.35,-6.39,2.0322222222222224
37.368,6.95,-6.53,1.9655555555555555
37.388,6.27,-6.83,1.8955555555555557
37.408,5.93,-6.85,1.8255555555555556
37.428,5.41,-7.04,1.75
37.448,5.05,-7.15,1.6733333333333333
37.468,4.57,-7.31,1.5955555555555556
37.488,4.26,-7.35,1.481111111111111
37.508,3.83,-7.5,1.4011111111111112
37.528,3.53,-7.42,1.32
37.548,3.14,-7.63,1.2422222222222221
37.568,2.88,-7.52,1.1588888888888889
37.588,2.53,-7.67,1.0755555555555556
37.608,2.32,-7.65,0.9911111111111112
37.628,1.98,-7.73,0.91
37.648,1.85,-7.72,0.8233333333333334
37.668,1.58,-7.74,0.7433333333333333
37.688,1.46,-7.75,0.6577777777777778
37.708,1.23,-7.79,0.5711111111111111
37.728,1.13,-7.78,0.4866666666666667
37.748,0.98,-7.77,0.4
37.768,0.89,-7.78,0.31555555555555553
37.788,0.81,-7.75,0.23222222222222222
37.808,0.78,-7.82,0.14777777777777779
37.828,0.75,-7.76,0.06111111111111111
37.848,0.73,-7.85,-0.022222222222222223
37.868,0.79,-7.81,-0.10666666666666667
37.888,0.81,-7.85,-0.19
37.908,0.92,-7.82,-0.2722222222222222
37.928,0.95,-7.83,-0.3566666666666667
37.948,1.12,-7.79,-0.44
37.968,1.23,-7.82,-0.5233333333333333
37.988,1.43,-7.81,-0.6055555555555555
38.008,1.54,-7.81,-0.6888888888888889
38.028,1.81,-7.77,-0.77
38.048,1.97,-7.75,-0.8544444444444445
38.068,2.18,-7.69,-0.9355555555555556
38.088,2.5,-7.67,-1.018888888888889
38.108,2.74,-7.66,-1.0977777777777777
38.128,3.08,-7.61,-1.1788888888888889
38.148,3.33,-7.56,-1.26
38.168,3.75,-7.49,-1.3388888888888888
38.188,4.2,-7.39,-1.4166666666666667
38.208,4.64,-7.29,-1.4933333333333334
38.228,5.13,-7.18,-1.5677777777777777
38.248,5.46,-7.07,-1.6444444444444444
38.268,5.98,-6.91,-1.7155555555555555
38.288,6.31,-6.8,-1.79
38.308,6.68,-6.69,-1.8566666666666667
38.328,7.19,-6.47,-1.9255555555555555
38.348,7.54,-6.33,-1.9922222222222221
38.368,8.11,-6.06,-2.0588888888888888
38.388,8.44,-5.88,-2.117777777777778
38.408,8.97,-5.58,-2.1777777777777776
38.428,9.3,-5.34,-2.23
38.448,9.82,-5.05,-2.287777777777778
38.468,10.14,-4.8,-2.332222222222222
38.488,10.56,-4.4,-2.38
38.508,10.86,-4.14,-2.4244444444444446
38.528,11.27,-3.73,-2.4611111111111112
38.548,11.52,-3.44,-2.493333333333333
38.568,11.84,-2.98,-2.5244444444444443
38.588,12.05,-2.65,-2.5544444444444445
38.608,12.28,-2.14,-2.577777777777778
38.628,12.45,-1.83,-2.591111111111111
38.648,12.6,-1.3,-2.6044444444444443
38.668,12.69,-0.97,-2.612222222222222
38.688,12.76,-0.48,-2.6144444444444446
38.708,12.79,-0.11,-2.612222222222222
38.728,12.77,0.4,-2.61
38.748,12.72,0.75,-2.597777777777778
38.768,12.64,1.21,-2.58
38.788,12.51,1.57,-2.56
38.808,12.28,2.1,-2.5355555555555553
38.828,12.15,2.36,-2.5077777777777777
38.848,11.84,2.85,-2.4744444444444444
38.868,11.61,3.17,-2.438888888888889
38.888,11.27,3.65,-2.398888888888889
38.908,11.03,3.87,-2.351111111111111
38.928,10.63,4.27,-2.3044444444444445
38.948,10.34,4.52,-2.252222222222222
38.968,9.86,4.87,-2.198888888888889
38.988,9.38,5.26,-2.14
39.008,8.89,5.51,-2.078888888888889
39.028,8.69,5.65,-2.0155555555555558
39.048,8.09,5.94,-1.948888888888889
39.068,7.77,6.16,-1.88
39.088,7.28,6.33,-1.81
39.108,7.0,6.5,-1.738888888888889
39.128,6.51,6.62,-1.6655555555555555
39.148,6.17,6.82,-1.59
39.168,5.72,6.94,-1.5133333333333334
39.188,5.45,7.0,-1.4355555555555555
39.208,5.03,7.12,-1.36
39.228,4.77,7.2,-1.28
39.248,4.41,7.3,-1.2
39.268,4.12,7.36,-1.1188888888888888
39.288,3.83,7.44,-1.0344444444444445
39.308,3.62,7.45,-0.9533333333333334
39.328,3.32,7.52,-0.87
39.348,3.14,7.53,-0.7888888888888889
39.368,2.93,7.56,-0.7055555555555556
39.388,2.75,7.62,-0.62
39.408,2.63,7.83,-0.5377777777777778
39.428,2.61,6.75,-0.45666666666666667
39.448,2.39,7.03,-0.36444444444444446
39.468,2.17,8.21,-0.2822222222222222
39.488,2.2,7.52,-0.19666666666666666
39.508,2.19,7.91,-0.11222222222222222
39.528,2.02,7.71,-0.028888888888888888
39.548,2.14,7.79,0.05333333333333334
39.568,2.18,7.62,0.13777777777777778
39.588,2.21,7.89,0.2222222222222222
39.608,2.3,7.75,0.30444444444444446
39.628,2.37,7.75,0.3877777777777778
39.648,2.54,7.87,0.47
39.668,2.65,7.55,0.5522222222222222
39.688,2.85,7.75,0.6344444444444445
39.708,2.96,7.51,0.7166666666666667
39.728,3.19,7.6,0.7988888888888889
39.748,3.39,7.51,0.88
39.768,3.69,7.51,0.9611111111111111
39.788,4.06,7.43,1.0444444444444445
39.808,4.29,7.38,1.1233333333333333
39.828,4.67,7.32,1.201111111111111
39.848,5.0,7.16,1.281111111111111
39.868,5.32,7.15,1.3577777777777778
39.888,5.7,6.99,1.4344444444444444
39.908,6.05,6.87,1.51
39.928,6.45,6.73,1.5833333333333333
39.948,6.78,6.58,1.6555555555555554
39.968,7.11,6.44,1.728888888888889
39.988,7.6,6.26,1.798888888888889
40.008,7.9,6.08,1.8633333333333333
40.028,8.4,5.86,1.93
40.048,8.7,5.7,1.9944444444444445
40.068,9.15,5.37,2.0566666666666666
40.088,9.46,5.15,2.1133333333333333
40.108,9.94,4.86,2.168888888888889
40.128,10.22,4.6,2.2222222222222223
40.148,10.64,4.22,2.27
40.168,10.89,4.0,2.3155555555555556
40.188,11.27,3.59,2.3566666666666665
40.208,11.5,3.28,2.3944444444444444
40.228,11.82,2.85,2.433333333333333
40.248,11.95,2.52,2.4566666666666666
40.268,12.23,2.11,2.486666666666667
40.288,12.36,1.73,2.508888888888889
40.308,12.5,1.28,2.5277777777777777
40.328,12.59,0.9,2.5388888888888888
40.348,12.65,0.38,2.5444444444444443
40.368,12.66,0.0,2.55
40.388,12.65,-0.47,2.5522222222222224
40.408,12.56,-0.73,2.5477777777777777
40.428,12.46,-1.29,2.537777777777778
40.448,12.35,-1.57,2.5244444444444443
40.468,12.14,-2.13,2.506666666666667
40.488,11.96,-2.37,2.4811111111111113
40.508,11.72,-2.83,2.4544444444444444
40.528,11.46,-3.14,2.421111111111111
40.548,11.12,-3.65,2.387777777777778
40.568,10.89,-3.89,2.348888888888889
40.588,10.28,-4.36,2.3044444444444445
40.608,10.05,-4.61,2.2622222222222224
40.628,9.55,-4.95,2.21
40.648,9.24,-5.24,2.16
40.668,8.75,-5.54,2.102222222222222
40.688,8.45,-5.7,2.0433333333333334
40.708,7.96,-5.96,1.98
40.728,7.6,-6.12,1.9155555555555555
40.748,7.11,-6.42,1.8833333333333333
40.768,6.72,-6.5,1.8166666666666667
40.788,6.29,-6.71,1.7133333333333334
40.808,5.97,-6.83,1.6755555555555555
40.828,5.47,-7.01,1.568888888888889
40.848,5.23,-7.03,1.5322222222222222
40.868,4.71,-7.18,1.4166666666666667
40.888,4.48,-7.2,1.3788888888888888
40.908,4.1,-7.35,1.2622222222222221
40.928,3.82,-7.37,1.218888888888889
40.948,3.46,-7.43,1.1011111111111112
40.968,3.27,-7.5,1.0622222222222222
40.988,2.91,-7.52,0.94
41.008,2.71,-7.6,0.8988888888888888
41.028,2.46,-7.59,0.8177777777777778
41.048,2.3,-7.66,0.7333333333333333
41.068,2.12,-7.64,0.6511111111111111
41.088,1.97,-7.69,0.5677777777777778
41.108,1.82,-7.68,0.48444444444444446
41.128,1.72,-7.71,0.4011111111111111
41.148,1.63,-7.7,0.31666666666666665
41.168,1.58,-7.72,0.23444444444444446
41.188,1.52,-7.73,0.14888888888888888
41.208,1.55,-7.75,0.06555555555555556
41.228,1.51,-7.76,-0.01888888888888889
41.248,1.58,-7.74,-0.10111111111111111
41.268,1.64,-7.79,-0.1811111111111111
41.288,1.66,-7.75,-0.2644444444444444
41.308,1.77,-7.76,-0.3477777777777778
41.328,1.89,-7.72,-0.42777777777777776
41.348,2.05,-7.72,-0.51
41.368,2.18,-7.68,-0.5922222222222222
41.388,2.32,-7.69,-0.6733333333333333
41.408,2.64,-7.63,-0.7555555555555555
41.428,2.93,-7.57,-0.8366666666666667
41.448,3.14,-7.54,-0.9177777777777778
41.468,3.44,-7.49,-0.9944444444444445
41.488,3.69,-7.45,-1.0777777777777777
41.508,4.05,-7.34,-1.15
41.528,4.33,-7.29,-1.23
41.548,4.74,-7.21,-1.3066666666666666
41.568,5.0,-7.13,-1.3822222222222222
41.588,5.46,-6.99,-1.458888888888889
41.608,5.78,-6.88,-1.53
41.628,6.06,-6.79,-1.6011111111111112
41.648,6.55,-6.62,-1.6722222222222223
41.668,6.9,-6.5,-1.7422222222222221
41.688,7.35,-6.27,-1.808888888888889
41.708,7.7,-6.12,-1.87
41.728,8.17,-5.9,-1.9388888888888889
41.748,8.49,-5.7,-1.9966666666666666
41.768,8.99,-5.42,-2.0555555555555554
41.788,9.32,-5.19,-2.1066666666666665
41.808,9.76,-4.87,-2.16
41.828,10.07,-4.62,-2.2066666666666666
41.848,10.47,-4.26,-2.2544444444444443
41.868,10.72,-4.01,-2.296666666666667
41.888,11.1,-3.59,-2.3355555555555556
41.908,11.34,-3.32,-2.37
41.928,11.66,-2.87,-2.4
41.948,11.84,-2.58,-2.4266666666666667
41.968,12.08,-2.12,-2.4455555555555555
41.988,12.2,-1.79,-2.466666666666667
42.008,12.34,-1.28,-2.4788888888888887
42.028,12.43,-0.99,-2.4922222222222223
42.048,12.53,-0.48,-2.4966666666666666
42.068,12.51,-0.12,-2.493333333333333
42.088,12.52,0.32,-2.493333333333333
42.108,12.48,0.66,-2.48
42.128,12.36,1.13,-2.47
42.148,12.25,1.48,-2.451111111111111
42.168,12.12,2.02,-2.43
42.188,11.92,2.28,-2.4033333333333333
42.208,11.5,2.87,-2.3722222222222222
42.228,11.37,3.18,-2.338888888888889
42.248,11.06,3.54,-2.298888888888889
42.268,10.76,3.88,-2.2622222222222224
42.288,10.43,4.2,-2.2133333333333334
42.308,10.15,4.46,-2.167777777777778
42.328,9.73,4.76,-2.112222222222222
42.348,9.42,5.04,-2.0588888888888888
42.368,9.02,5.32,-2.0011111111111113
42.388,8.69,5.4,-1.94
42.408,8.29,5.72,-1.88
42.428,7.93,5.98,-1.8166666666666667
42.448,7.5,6.15,-1.748888888888889
42.468,7.21,6.27,-1.6788888888888889
42.488,6.79,6.44,-1.6066666666666667
42.508,6.46,6.61,-1.5366666666666666
42.528,6.06,6.72,-1.4644444444444444
42.548,5.82,6.83,-1.3877777777777778
42.568,5.43,6.95,-1.3111111111111111
42.588,5.19,7.02,-1.2322222222222223
42.608,4.84,7.07,-1.1522222222222223
42.628,4.62,7.21,-1.0755555555555556
42.648,4.33,7.25,-0.9966666666666667
42.668,4.14,7.28,-0.9166666666666666
42.688,3.86,7.36,-0.8344444444444444
42.708,3.73,7.39,-0.7522222222222222
42.728,3.53,7.41,-0.6711111111111111
42.748,3.39,7.46,-0.5888888888888889
42.768,3.24,7.64,-0.5066666666666667
42.788,2.93,6.98,-0.42777777777777776
42.808,3.17,7.2,-0.3411111111111111
42.828,2.83,7.87,-0.2577777777777778
42.848,2.83,7.43,-0.17444444444444446
42.868,2.84,7.73,-0.09222222222222222
42.888,2.74,7.54,0.034444444444444444
42.908,2.96,7.61,0.11555555555555555
42.928,2.92,7.46,0.19777777777777777
42.948,3.03,7.73,0.27666666666666667
42.968,3.09,7.51,0.36
42.988,3.21,7.62,0.44222222222222224
43.008,3.34,7.6,0.5211111111111111
43.028,3.51,7.4,0.6044444444444445
43.048,3.79,7.44,0.6855555555555556
43.068,3.86,7.36,0.7644444444444445
43.088,4.16,7.37,0.8433333333333334
43.108,4.33,7.24,0.9244444444444444
43.128,4.6,7.18,1.0033333333333334
43.148,4.86,7.13,1.08
43.168,5.2,7.0,1.1588888888888889
43.188,5.46,7.02,1.2344444444444445
43.208,5.81,6.84,1.308888888888889
43.228,6.09,6.76,1.3833333333333333
43.248,6.47,6.55,1.4566666666666668
43.268,6.79,6.5,1.53
43.288,7.02,6.36,1.5966666666666667
43.308,7.47,6.16,1.6644444444444444
43.328,7.76,6.01,1.7344444444444445
43.348,8.22,5.8,1.8
43.368,8.5,5.64,1.8577777777777778
43.388,8.91,5.35,1.92
43.408,9.23,5.17,1.9777777777777779
43.428,9.64,4.86,2.033333333333333
43.448,9.89,4.63,2.0855555555555556
43.468,10.32,4.28,2.1366666666666667
43.488,10.56,4.07,2.18
43.508,10.91,3.69,2.2244444444444444
43.528,11.14,3.42,2.2622222222222224
43.548,11.43,2.98,2.298888888888889
43.568,11.64,2.7,2.3266666666666667
43.588,11.85,2.24,2.3544444444444443
43.608,11.98,1.97,2.3777777777777778
43.628,12.21,1.51,2.398888888888889
43.648,12.27,1.16,2.41
43.668,12.39,0.74,2.422222222222222
43.688,12.36,0.36,2.43
43.708,12.41,-0.11,2.4322222222222223
43.728,12.4,-0.51,2.4322222222222223
43.748,12.31,-0.84,2.4244444444444446
43.768,12.2,-1.24,2.4144444444444444
43.788,11.98,-1.89,2.4
43.808,11.85,-2.16,2.38
43.828,11.57,-2.6,2.3577777777777778
43.848,11.44,-2.88,2.328888888888889
43.868,11.1,-3.3,2.296666666666667
43.888,10.86,-3.65,2.263333333333333
43.908,10.53,-3.99,2.2244444444444444
43.928,10.23,-4.26,2.181111111111111
43.948,9.87,-4.53,2.1366666666666667
43.968,9.58,-4.79,2.0866666666666664
43.988,9.09,-5.13,2.0366666666666666
44.008,8.79,-5.38,1.98
44.028,8.37,-5.59,1.9244444444444444
44.048,8.07,-5.76,1.8633333333333333
44.068,7.6,-6.01,1.8
44.088,7.28,-6.21,1.7377777777777779
44.108,6.82,-6.39,1.67
44.128,6.53,-6.49,1.6011111111111112
44.148,6.11,-6.66,1.5322222222222222
44.168,5.8,-6.81,1.461111111111111
44.188,5.37,-6.97,1.3877777777777778
44.208,5.15,-7.0,1.3111111111111111
44.228,4.72,-7.07,1.2377777777777779
44.248,4.48,-7.1,1.1611111111111112
44.268,4.14,-7.21,1.0811111111111111
44.288,3.92,-7.33,1.0055555555555555
44.308,3.64,-7.35,0.9255555555555556
44.328,3.46,-7.44,0.8466666666666667
44.348,3.18,-7.42,0.7655555555555555
44.368,3.03,-7.52,0.6844444444444444
44.388,2.85,-7.5,0.6044444444444445
44.408,2.69,-7.54,0.52
44.428,2.54,-7.57,0.44
44.448,2.46,-7.59,0.35777777777777775
44.468,2.34,-7.59,0.27555555555555555
44.488,2.32,-7.6,0.19333333333333333
44.508,2.25,-7.58,0.1111111111111111
44.528,2.21,-7.6,0.03
44.548,2.22,-7.68,-0.051111111111111114
44.568,2.27,-7.62,-0.13333333333333333
44.588,2.3,-7.67,-0.21333333333333335
44.608,2.38,-7.61,-0.29555555555555557
44.628,2.49,-7.62,-0.37555555555555553
44.648,2.6,-7.6,-0.45666666666666667
44.668,2.77,-7.56,-0.5366666666666666
44.688,2.9,-7.56,-0.6133333333333333
44.708,3.12,-7.49,-0.6933333333333334
44.728,3.27,-7.49,-0.7755555555555556
44.748,3.54,-7.42,-0.8511111111111112
44.768,3.74,-7.39,-0.9288888888888889
44.788,4.03,-7.3,-1.0077777777777779
44.808,4.26,-7.29,-1.0866666666666667
44.828,4.6,-7.18,-1.16
44.848,4.86,-7.09,-1.1955555555555555
44.868,5.11,-7.02,-1.3066666666666666
44.888,5.49,-6.92,-1.3466666666666667
44.908,5.78,-6.8,-1.4166666666666667
44.928,6.2,-6.65,-1.4877777777777779
44.948,6.47,-6.53,-1.5877777777777777
44.968,6.91,-6.36,-1.6566666666666667
44.988,7.21,-6.23,-1.6877777777777778
45.008,7.66,-6.0,-1.7822222222222222
45.028,7.98,-5.82,-1.8122222222222222
45.048,8.43,-5.58,-1.9
45.068,8.71,-5.41,-1.93
45.088,9.14,-5.13,-2.008888888888889
45.108,9.44,-4.91,-2.0355555555555553
45.128,9.87,-4.57,-2.081111111111111
45.148,10.14,-4.35,-2.1266666666666665
45.168,10.47,-3.98,-2.17
45.188,10.75,-3.76,-2.21
45.208,11.08,-3.3,-2.24
45.228,11.26,-3.05,-2.2733333333333334
45.248,11.55,-2.61,-2.298888888888889
45.268,11.7,-2.32,-2.3244444444444445
45.288,11.91,-1.89,-2.34
45.308,12.02,-1.57,-2.3555555555555556
45.328,12.17,-1.1,-2.37
45.348,12.2,-0.78,-2.3766666666666665
45.368,12.26,-0.15,-2.378888888888889
45.388,12.28,0.13,-2.3777777777777778
45.408,12.22,0.61,-2.37
45.428,12.13,0.91,-2.36
45.448,12.04,1.37,-2.3444444444444446
45.468,11.93,1.66,-2.33
45.488,11.71,2.09,-2.3055555555555554
45.508,11.61,2.41,-2.2777777777777777
45.528,11.34,2.76,-2.2455555555555557
45.548,11.12,3.17,-2.2111111111111112
45.568,10.86,3.55,-2.1744444444444446
45.588,10.64,3.75,-2.13
45.608,10.3,4.11,-2.0877777777777777
45.628,10.03,4.32,-2.04
45.648,9.65,4.66,-1.988888888888889
45.668,9.32,4.89,-1.9344444444444444
45.688,8.93,5.18,-1.8755555555555556
45.708,8.71,5.32,-1.8211111111111111
45.728,8.23,5.62,-1.76
45.748,7.98,5.75,-1.6933333333333334
45.768,7.6,5.95,-1.6288888888888888
45.788,7.35,6.06,-1.56
45.808,6.92,6.3,-1.488888888888889
45.828,6.65,6.37,-1.42
45.848,6.3,6.54,-1.3477777777777777
45.868,6.06,6.63,-1.271111111111111
45.888,5.71,6.74,-1.201111111111111
45.908,5.47,6.81,-1.1222222222222222
45.928,5.19,6.96,-1.0466666666666666
45.948,5.01,6.98,-0.9711111111111111
45.968,4.71,7.03,-0.8922222222222222
45.988,4.57,7.13,-0.8155555555555556
46.008,4.33,7.15,-0.7333333333333333
46.028,4.2,7.21,-0.6533333333333333
46.048,4.03,7.25,-0.5722222222222222
46.068,3.91,7.29,-0.4922222222222222
46.088,3.77,7.3,-0.41
46.108,3.7,7.33,-0.33
46.128,3.64,7.33,-0.24888888888888888
46.148,3.59,7.37,-0.16777777777777778
46.168,3.55,7.4,-0.08666666666666667
46.188,3.54,7.43,-0.005555555555555556
46.208,3.74,6.98,0.06777777777777778
46.228,3.53,7.01,0.15555555555555556
46.248,3.89,7.2,0.23666666666666666
46.268,3.73,7.34,0.31444444444444447
46.288,4.03,7.25,0.39555555555555555
46.308,3.88,7.28,0.47555555555555556
46.328,4.19,7.32,0.5533333333333333
46.348,4.29,7.13,0.6344444444444445
46.368,4.54,7.04,0.7111111111111111
46.388,4.65,7.15,0.79
46.408,4.86,7.12,0.8688888888888889
46.428,5.13,7.07,0.9444444444444444
46.448,5.31,6.89,1.021111111111111
46.468,5.71,6.86,1.0944444444444446
46.488,5.84,6.7,1.17
46.508,6.21,6.65,1.2422222222222221
46.528,6.46,6.43,1.3133333333333332
46.548,6.83,6.39,1.3855555555555557
46.568,7.08,6.18,1.4544444444444444
46.588,7.52,6.06,1.5255555555555556
46.608,7.74,5.9,1.5888888888888888
46.628,8.16,5.72,1.6522222222222223
46.648,8.44,5.47,1.7166666666666666
46.668,8.81,5.24,1.7722222222222221
46.688,9.08,5.05,1.83
46.708,9.5,4.79,1.8877777777777778
46.728,9.72,4.59,1.94
46.748,10.09,4.27,1.991111111111111
46.768,10.38,4.01,2.0366666666666666
46.788,10.69,3.64,2.081111111111111
46.808,10.86,3.43,2.121111111111111
46.828,11.16,3.06,2.1566666666666667
46.848,11.36,2.75,2.1911111111111112
46.868,11.58,2.34,2.22
46.888,11.73,2.06,2.2455555555555557
46.908,11.94,1.6,2.2688888888888887
46.928,12.02,1.15,2.2866666666666666
46.948,12.11,0.73,2.298888888888889
46.968,12.1,0.4,2.311111111111111
46.988,12.18,-0.09,2.3177777777777777
47.008,12.12,-0.42,2.318888888888889
47.028,12.04,-0.76,2.318888888888889
47.048,11.98,-1.12,2.311111111111111
47.068,11.82,-1.57,2.3
47.088,11.71,-1.9,2.2866666666666666
47.108,11.52,-2.31,2.267777777777778
47.128,11.37,-2.57,2.2444444444444445
47.148,11.1,-3.01,2.2155555555555555
47.168,10.92,-3.25,2.187777777777778
47.188,10.56,-3.72,2.152222222222222
47.208,10.35,-3.91,2.117777777777778
47.228,9.99,-4.26,2.0722222222222224
47.248,9.74,-4.45,2.0322222222222224
47.268,9.34,-4.8,1.9844444444444445
47.288,9.05,-4.98,1.9355555555555555
47.308,8.64,-5.28,1.8833333333333333
47.328,8.35,-5.48,1.8266666666666667
47.348,7.96,-5.66,1.77
47.368,7.67,-5.84,1.71
47.388,7.24,-6.06,1.6466666666666667
47.408,6.98,-6.2,1.5811111111111111
47.428,6.56,-6.38,1.5155555555555555
47.448,6.3,-6.52,1.4477777777777778
47.468,5.91,-6.65,1.3777777777777778
47.488,5.64,-6.82,1.3066666666666666
47.508,5.29,-6.91,1.2366666666666666
47.528,5.1,-6.95,1.1611111111111112
47.548,4.73,-7.04,1.0888888888888888
47.568,4.56,-7.1,1.0133333333333334
47.588,4.27,-7.19,0.9344444444444444
47.608,4.07,-7.21,0.8588888888888889
47.628,3.83,-7.3,0.78
47.648,3.66,-7.31,0.7022222222222222
47.668,3.47,-7.35,0.6244444444444445
47.688,3.34,-7.38,0.5455555555555556
47.708,3.21,-7.41,0.46444444444444444
47.728,3.05,-7.44,0.38333333333333336
47.748,3.01,-7.44,0.2644444444444444
47.768,2.96,-7.48,0.22444444444444445
47.788,2.91,-7.45,0.10222222222222223
47.808,2.89,-7.49,0.022222222222222223
47.828,2.89,-7.5,-0.05444444444444444
47.848,2.93,-7.51,-0.13555555555555557
47.868,2.99,-7.5,-0.21555555555555556
47.888,3.02,-7.47,-0.29333333333333333
47.908,3.16,-7.46,-0.37222222222222223
47.928,3.24,-7.44,-0.4488888888888889
47.948,3.38,-7.41,-0.5266666666666666
47.968,3.52,-7.38,-0.6077777777777778
47.988,3.7,-7.34,-0.6822222222222222
48.008,3.87,-7.32,-0.76
48.028,4.04,-7.28,-0.8366666666666667
48.048,4.3,-7.19,-0.9122222222222223
48.068,4.48,-7.11,-0.9877777777777778
48.088,4.8,-7.06,-1.0611111111111111
48.108,5.02,-6.97,-1.1311111111111112
48.128,5.34,-6.88,-1.2055555555555555
48.148,5.58,-6.78,-1.2766666666666666
48.168,5.93,-6.65,-1.3444444444444446
48.188,6.22,-6.55,-1.4111111111111112
48.208,6.62,-6.39,-1.48
48.228,6.88,-6.27,-1.5444444444444445
48.248,7.28,-6.08,-1.6055555555555556
48.268,7.56,-5.95,-1.6688888888888889
48.288,7.98,-5.72,-1.73
48.308,8.25,-5.58,-1.7844444444444445
48.328,8.68,-5.3,-1.84
48.348,8.91,-5.1,-1.8922222222222222
48.368,9.33,-4.84,-1.94
48.388,9.58,-4.59,-1.9877777777777779
48.408,9.96,-4.29,-2.0277777777777777
48.428,10.19,-4.04,-2.071111111111111
48.448,10.53,-3.71,-2.1077777777777778
48.468,10.73,-3.45,-2.137777777777778
48.488,11.05,-3.02,-2.168888888888889
48.508,11.23,-2.77,-2.1955555555555555
48.528,11.52,-2.24,-2.216666666666667
48.548,11.66,-1.95,-2.2355555555555555
48.568,11.82,-1.51,-2.25
48.588,11.91,-1.23,-2.258888888888889
48.608,11.98,-0.71,-2.2655555555555558
48.628,12.02,-0.51,-2.2666666666666666
48.648,12.04,-0.03,-2.2666666666666666
48.668,12.02,0.28,-2.261111111111111
48.688,11.95,0.7,-2.25
48.708,11.9,1.03,-2.2333333333333334
48.728,11.77,1.45,-2.227777777777778
48.748,11.68,1.78,-2.1955555555555555
48.768,11.5,2.14,-2.183333333333333
48.788,11.36,2.47,-2.1566666666666667
48.808,11.1,2.85,-2.1033333333333335
48.828,10.92,3.15,-2.0877777777777777
48.848,10.66,3.5,-2.03
48.868,10.4,3.72,-2.008888888888889
48.888,10.14,4.0,-1.9388888888888889
48.908,9.86,4.28,-1.9177777777777778
48.928,9.52,4.56,-1.8366666666666667
48.948,9.25,4.78,-1.81
48.968,8.93,5.06,-1.7277777777777779
48.988,8.66,5.23,-1.6966666666666668
49.008,8.28,5.49,-1.64
49.028,7.95,5.6,-1.5744444444444445
49.048,7.7,5.78,-1.508888888888889
49.068,7.39,5.93,-1.4466666666666668
49.088,7.07,6.15,-1.3766666666666667
49.108,6.77,6.19,-1.3077777777777777
49.128,6.49,6.38,-1.2366666666666666
49.148,6.26,6.44,-1.1644444444444444
49.168,5.96,6.56,-1.0933333333333333
49.188,5.76,6.67,-1.0177777777777777
49.208,5.48,6.75,-0.9411111111111111
49.228,5.31,6.81,-0.8688888888888889
49.248,5.11,6.86,-0.79
49.268,4.97,6.95,-0.7122222222222222
49.288,4.72,6.98,-0.6355555555555555
49.308,4.6,7.05,-0.56
49.328,4.51,7.07,-0.48
49.348,4.37,7.09,-0.4
49.368,4.3,7.11,-0.3211111111111111
49.388,4.22,7.15,-0.24222222222222223
49.408,4.18,7.13,-0.16333333333333333
49.428,4.17,7.18,-0.0811111111111111
49.448,4.17,7.19,-0.0022222222222222222
49.468,4.16,7.15,0.07555555555555556
49.488,4.26,7.19,0.15333333333333332
49.508,4.28,7.14,0.23
49.528,4.35,7.15,0.31
49.548,4.43,7.12,0.38666666666666666
49.568,4.54,7.08,0.4666666666666667
49.588,4.69,7.04,0.5444444444444444
49.608,4.82,7.01,0.62
49.628,5.02,6.96,0.6977777777777778
49.648,5.18,6.91,0.77
49.668,5.43,6.8,0.8466666666666667
49.688,5.61,6.73,0.92
49.708,5.87,6.65,0.9911111111111112
49.728,6.09,6.55,1.0655555555555556
49.748,6.38,6.43,1.1377777777777778
49.768,6.63,6.35,1.208888888888889
49.788,6.93,6.21,1.278888888888889
49.808,7.16,6.07,1.3466666666666667
49.828,7.51,5.9,1.41
49.848,7.77,5.78,1.4755555555555555
49.868,8.14,5.59,1.5377777777777777
49.888,8.38,5.41,1.5988888888888888
49.908,8.74,5.17,1.66
49.928,9.01,5.0,1.7166666666666666
49.948,9.32,4.74,1.771111111111111
49.968,9.54,4.53,1.8222222222222222
49.988,9.9,4.24,1.8711111111111112
50.008,10.13,4.0,1.9188888888888889
50.028,10.44,3.69,1.96
50.048,10.66,3.43,2.0
50.068,10.9,3.12,2.0388888888888888
50.088,11.16,2.7,2.07
50.108,11.39,2.28,2.102222222222222
50.128,11.5,2.04,2.128888888888889
50.148,11.67,1.61,2.151111111111111
50.168,11.77,1.32,2.171111111111111
50.188,11.88,0.89,2.1866666666666665
50.208,11.9,0.56,2.198888888888889
50.228,11.93,0.11,2.2055555555555557
50.248,11.93,-0.13,2.2111111111111112
50.268,11.86,-0.56,2.21
50.288,11.86,-0.85,2.2088888888888887
50.308,11.73,-1.28,2.198888888888889
50.328,11.62,-1.62,2.183333333333333
50.348,11.49,-2.0,2.171111111111111
50.368,11.32,-2.3,2.15
50.388,11.09,-2.71,2.1266666666666665
50.408,10.93,-2.98,2.101111111111111
50.428,10.71,-3.35,2.0722222222222224
50.448,10.44,-3.59,2.033333333333333
50.468,10.12,-4.01,1.998888888888889
50.488,9.9,-4.1,1.9577777777777778
50.508,9.58,-4.47,1.9133333333333333
50.528,9.32,-4.64,1.8711111111111112
50.548,8.9,-4.99,1.818888888888889
50.568,8.67,-5.16,1.7677777777777777
50.588,8.29,-5.38,1.711111111111111
50.608,8.03,-5.54,1.6566666666666667
50.628,7.63,-5.74,1.5966666666666667
50.648,7.39,-5.93,1.5366666666666666
50.668,6.99,-6.09,1.4733333333333334
50.688,6.74,-6.2,1.4077777777777778
50.708,6.36,-6.38,1.34
50.728,6.12,-6.49,1.2733333333333334
50.748,5.8,-6.61,1.2033333333333334
50.768,5.58,-6.68,1.1344444444444444
50.788,5.26,-6.81,1.0611111111111111
50.808,5.08,-6.86,0.99
50.828,4.79,-6.96,0.9144444444444444
50.848,4.64,-6.98,0.8411111111111111
50.868,4.4,-7.07,0.7655555555555555
50.888,4.19,-7.13,0.69
50.908,4.08,-7.18,0.6155555555555555
50.928,3.88,-7.18,0.5388888888888889
50.948,3.79,-7.26,0.46
50.968,3.68,-7.26,0.38
50.988,3.63,-7.3,0.30444444444444446
51.008,3.57,-7.29,0.22555555555555556
51.028,3.51,-7.3,0.14777777777777779
51.048,3.5,-7.3,0.07
51.068,3.5,-7.34,-0.0077777777777777776
51.088,3.51,-7.34,-0.08555555555555555
51.108,3.57,-7.31,-0.1622222222222222
51.128,3.59,-7.3,-0.24
51.148,3.67,-7.29,-0.31666666666666665
51.168,3.77,-7.27,-0.39222222222222225
51.188,3.88,-7.22,-0.47
51.208,4.05,-7.22,-0.5455555555555556
51.228,4.17,-7.12,-0.6211111111111111
51.248,4.37,-7.1,-0.6955555555555556
51.268,4.52,-7.05,-0.77
51.288,4.79,-7.01,-0.8433333333333334
51.308,4.97,-6.92,-0.9133333333333333
51.328,5.25,-6.85,-0.99
51.348,5.45,-6.78,-1.058888888888889
51.368,5.76,-6.63,-1.1288888888888888
51.388,5.97,-6.57,-1.1977777777777778
51.408,6.32,-6.4,-1.2655555555555555
51.428,6.54,-6.36,-1.3311111111111111
51.448,6.91,-6.17,-1.3966666666666667
51.468,7.16,-6.04,-1.458888888888889
51.488,7.51,-5.85,-1.518888888888889
51.508,7.8,-5.72,-1.58
51.528,8.19,-5.48,-1.6344444444444444
51.548,8.44,-5.32,-1.69
51.568,8.82,-5.07,-1.7444444444444445
51.588,9.06,-4.9,-1.7933333333333332
51.608,9.43,-4.59,-1.84
51.628,9.66,-4.38,-1.8822222222222222
51.648,9.99,-4.06,-1.9288888888888889
51.668,10.2,-3.85,-1.9655555555555555
51.688,10.58,-3.33,-2.002222222222222
51.708,10.8,-3.08,-2.031111111111111
51.728,11.06,-2.72,-2.061111111111111
51.748,11.2,-2.48,-2.0877777777777777
51.768,11.4,-2.08,-2.108888888888889
51.788,11.5,-1.8,-2.128888888888889
51.808,11.63,-1.38,-2.14
51.828,11.74,-1.1,-2.15
51.848,11.79,-0.66,-2.1566666666666667
51.868,11.82,-0.39,-2.1622222222222223
51.888,11.82,0.0,-2.1577777777777776
51.908,11.83,0.3,-2.151111111111111
51.928,11.74,0.75,-2.1455555555555557
51.948,11.69,1.04,-2.13
51.968,11.55,1.45,-2.1166666666666667
51.988,11.46,1.73,-2.091111111111111
52.008,11.29,2.14,-2.07
52.028,11.12,2.43,-2.0444444444444443
52.048,10.93,2.78,-2.01
52.068,10.77,3.02,-1.9777777777777779
52.088,10.49,3.41,-1.9377777777777778
52.108,10.28,3.64,-1.9
52.128,10.02,3.91,-1.8533333333333333
52.148,9.82,4.13,-1.808888888888889
52.168,9.46,4.44,-1.76
52.188,9.23,4.61,-1.7044444444444444
52.208,8.94,4.86,-1.65
52.228,8.67,5.02,-1.5944444444444446
52.248,8.34,5.3,-1.5355555555555556
52.268,8.12,5.42,-1.4755555555555555
52.288,7.77,5.65,-1.4133333333333333
52.308,7.56,5.63,-1.3511111111111112
52.328,7.23,5.9,-1.2844444444444445
52.348,6.97,6.06,-1.2144444444444444
52.368,6.71,6.17,-1.1466666666666667
52.388,6.53,6.26,-1.0766666666666667
52.408,6.24,6.36,-1.0066666666666666
52.428,6.07,6.48,-0.9333333333333333
52.448,5.83,6.54,-0.86
52.468,5.61,6.62,-0.7866666666666666
52.488,5.48,6.7,-0.7133333333333334
52.508,5.31,6.72,-0.6377777777777778
52.528,5.15,6.79,-0.5611111111111111
52.548,5.03,6.83,-0.48444444444444446
52.568,4.95,6.88,-0.4477777777777778
52.588,4.86,6.88,-0.3333333333333333
52.608,4.8,6.94,-0.29555555555555557
52.628,4.75,6.94,-0.17777777777777778
52.648,4.73,6.92,-0.06222222222222222
52.668,4.72,6.95,0.015555555555555555
52.688,4.73,6.97,0.09
52.708,4.72,6.93,0.1688888888888889
52.728,4.79,6.96,0.24222222222222223
52.748,4.84,6.92,0.2811111111111111
52.768,4.94,6.91,0.3566666666666667
52.788,5.04,6.86,0.43222222222222223
52.808,5.16,6.83,0.5077777777777778
52.828,5.29,6.76,0.5844444444444444
52.848,5.44,6.74,0.6544444444444445
52.868,5.6,6.65,0.7288888888888889
52.888,5.79,6.61,0.8022222222222222
52.908,6.04,6.5,0.8755555555555555
52.928,6.21,6.42,0.9455555555555556
52.948,6.45,6.32,1.05
52.968,6.66,6.24,1.0833333333333333
52.988,6.96,6.09,1.15
53.008,7.16,5.98,1.22
53.028,7.47,5.83,1.2844444444444445
53.048,7.7,5.7,1.3477777777777777
53.068,8.0,5.51,1.41
53.088,8.25,5.34,1.47
53.108,8.55,5.15,1.53
53.128,8.81,5.0,1.5855555555555556
53.148,9.14,4.73,1.6377777777777778
53.168,9.34,4.55,1.69
53.188,9.66,4.27,1.74
53.208,9.88,4.08,1.788888888888889
53.228,10.17,3.75,1.83
53.248,10.44,3.44,1.87
53.268,10.71,3.1,1.9122222222222223
53.288,10.85,2.85,1.948888888888889
53.308,11.06,2.47,1.9777777777777779
53.328,11.24,2.2,2.0055555555555555
53.348,11.4,1.81,2.03
53.368,11.5,1.59,2.0533333333333332
53.388,11.6,1.16,2.07
53.408,11.67,0.89,2.0833333333333335
53.428,11.72,0.45,2.0955555555555554
53.448,11.76,0.12,2.1033333333333335
53.468,11.76,-0.22,2.1033333333333335
53.488,11.67,-0.52,2.1033333333333335
53.508,11.62,-0.9,2.098888888888889
53.528,11.54,-1.17,2.0922222222222224
53.548,11.43,-1.66,2.078888888888889
53.568,11.32,-1.9,2.062222222222222
53.588,11.13,-2.24,2.0477777777777777
53.608,11.0,-2.53,2.022222222222222
53.628,10.77,-2.93,1.9955555555555555
53.648,10.6,-3.17,1.9666666666666666
53.668,10.33,-3.5,1.931111111111111
53.688,10.13,-3.76,1.8988888888888888
53.708,9.8,-4.06,1.86
53.728,9.6,-4.32,1.82
53.748,9.25,-4.31,1.778888888888889
53.768,9.02,-4.9,1.7222222222222223
53.788,8.67,-5.05,1.6744444444444444
53.808,8.45,-5.16,1.62
53.828,8.15,-5.48,1.5666666666666667
53.848,7.84,-5.47,1.508888888888889
53.868,7.5,-5.87,1.45
53.888,7.22,-5.81,1.39
53.908,6.91,-6.09,1.3277777777777777
53.928,6.73,-6.07,1.26
53.948,6.35,-6.35,1.2
53.968,6.17,-6.37,1.1311111111111112
53.988,5.87,-6.51,1.06
54.008,5.68,-6.54,0.9911111111111112
54.028,5.51,-6.68,0.9211111111111111
54.048,5.13,-6.83,0.8488888888888889
54.068,5.02,-6.77,0.7788888888888889
54.088,4.82,-6.96,0.7044444444444444
54.108,4.67,-6.9,0.63
54.128,4.51,-7.02,0.5555555555555556
54.148,4.41,-7.0,0.48
54.168,4.28,-7.07,0.4077777777777778
54.188,4.21,-7.05,0.3322222222222222
54.208,4.14,-7.08,0.25555555555555554
54.228,4.09,-7.15,0.1811111111111111
54.248,4.06,-7.1,0.10333333333333333
54.268,4.04,-7.17,0.025555555555555557
54.288,4.04,-7.12,-0.04777777777777778
54.308,4.1,-7.15,-0.12111111111111111
54.328,4.14,-7.12,-0.1988888888888889
54.348,4.17,-7.11,-0.27111111111111114
54.368,4.25,-7.09,-0.34555555555555556
54.388,4.36,-7.07,-0.42
54.408,4.51,-7.03,-0.49333333333333335
54.428,4.6,-7.0,-0.5677777777777778
54.448,4.78,-6.94,-0.6388888888888888
54.468,4.92,-6.88,-0.7111111111111111
54.488,5.15,-6.82,-0.7822222222222223
54.508,5.3,-6.73,-0.8522222222222222
54.528,5.54,-6.69,-0.9222222222222223
54.548,5.74,-6.61,-0.9922222222222222
54.568,6.05,-6.45,-1.06
54.588,6.22,-6.37,-1.1255555555555556
54.608,6.55,-6.26,-1.19
54.628,6.76,-6.15,-1.2577777777777779
54.648,7.08,-5.97,-1.3177777777777777
54.668,7.31,-5.84,-1.3788888888888888
54.688,7.65,-5.65,-1.4377777777777778
54.708,7.89,-5.54,-1.4977777777777779
54.728,8.23,-5.3,-1.5477777777777777
54.748,8.46,-5.15,-1.6055555555555556
54.768,8.82,-4.91,-1.6533333333333333
54.788,9.03,-4.76,-1.7
54.808,9.37,-4.47,-1.7455555555555555
54.828,9.68,-4.13,-1.79
54.848,9.99,-3.85,-1.83
54.868,10.17,-3.61,-1.8666666666666667
54.888,10.47,-3.3,-1.9
54.908,10.64,-3.05,-1.9333333333333333
54.928,10.88,-2.69,-1.96
54.948,11.04,-2.43,-1.9833333333333334
54.968,11.21,-2.05,-2.0055555555555555
54.988,11.32,-1.78,-2.022222222222222
55.008,11.45,-1.39,-2.0355555555555553
55.028,11.54,-1.09,-2.05
55.048,11.58,-0.65,-2.0555555555555554
55.068,11.63,-0.5,-2.0566666666666666
55.088,11.66,-0.06,-2.0566666666666666
55.108,11.63,0.21,-2.05
55.128,11.56,0.63,-2.0444444444444443
55.148,11.55,0.9,-2.031111111111111
55.168,11.43,1.28,-2.0155555555555558
55.188,11.31,1.58,-1.9944444444444445
55.208,11.17,1.93,-1.9722222222222223
55.228,11.09,2.19,-1.9466666666666668
55.248,10.87,2.57,-1.9166666666666667
55.268,10.74,2.82,-1.8833333333333333
55.288,10.52,3.14,-1.8488888888888888
55.308,10.35,3.36,-1.81
55.328,10.06,3.65,-1.768888888888889
55.348,9.83,3.88,-1.7233333333333334
55.368,9.59,4.13,-1.6755555555555555
55.388,9.39,4.33,-1.6288888888888888
55.408,9.06,4.62,-1.5755555555555556
55.428,8.85,4.77,-1.52
55.448,8.55,4.99,-1.4677777777777778
55.468,8.34,5.16,-1.4077777777777778
55.488,8.03,5.35,-1.3444444444444446
55.508,7.82,5.49,-1.2855555555555556
55.528,7.49,5.55,-1.2222222222222223
55.548,7.35,5.8,-1.1577777777777778
55.568,6.99,5.95,-1.09
55.588,6.89,5.98,-1.0222222222222221
55.608,6.59,6.13,-0.9544444444444444
55.628,6.48,6.22,-0.8855555555555555
55.648,6.25,6.28,-0.8133333333333334
55.668,6.03,6.36,-0.7444444444444445
55.688,5.9,6.44,-0.6722222222222223
55.708,5.74,6.49,-0.6
55.728,5.7,6.54,-0.5244444444444445
55.748,5.49,6.6,-0.45222222222222225
55.768,5.45,6.62,-0.3788888888888889
55.788,5.34,6.64,-0.30333333333333334
55.808,5.3,6.68,-0.22777777777777777
55.828,5.24,6.69,-0.15333333333333332
55.848,5.23,6.7,-0.07888888888888888
55.868,5.22,6.72,-0.0033333333333333335
55.888,5.23,6.73,0.07
55.908,5.27,6.7,0.14333333333333334
55.928,5.29,6.71,0.21777777777777776
55.948,5.35,6.67,0.29333333333333333
55.968,5.42,6.67,0.3655555555555556
55.988,5.55,6.62,0.43777777777777777
56.008,5.65,6.57,0.51
56.028,5.81,6.53,0.5822222222222222
56.048,5.9,6.46,0.6533333333333333
56.068,6.1,6.38,0.7255555555555555
56.088,6.24,6.33,0.7944444444444444
56.108,6.46,6.24,0.8644444444444445
56.128,6.63,6.15,0.93
56.148,6.86,6.03,0.9988888888888889
56.168,7.05,5.95,1.0633333333333332
56.188,7.33,5.81,1.1288888888888888
56.208,7.53,5.68,1.1922222222222223
56.228,7.8,5.52,1.2544444444444445
56.248,8.0,5.41,1.3122222222222222
56.268,8.32,5.18,1.3722222222222222
56.288,8.52,5.05,1.43
56.308,8.81,4.82,1.4844444444444445
56.328,9.01,4.67,1.538888888888889
56.348,9.32,4.4,1.5888888888888888
56.368,9.52,4.23,1.6377777777777778
56.388,9.78,3.94,1.6822222222222223
56.408,10.0,3.76,1.7255555555555555
56.428,10.23,3.43,1.7655555555555555
56.448,10.4,3.22,1.7855555555555556
56.468,10.71,2.76,1.8366666666666667
56.488,10.86,2.53,1.87
56.508,11.05,2.17,1.8988888888888888
56.528,11.17,1.93,1.9222222222222223
56.548,11.29,1.6,1.941111111111111
56.568,11.37,1.26,1.9644444444444444
56.588,11.48,0.93,1.9777777777777779
56.608,11.51,0.63,1.99
56.628,11.53,0.3,1.9977777777777779
56.648,11.58,-0.03,2.0
56.668,11.49,-0.4,2.0011111111111113
56.688,11.46,-0.67,2.0
56.708,11.39,-1.04,1.9966666666666666
56.728,11.31,-1.32,1.9877777777777779
56.748,11.21,-1.73,1.98
56.768,11.09,-1.97,1.96
56.788,10.92,-2.33,1.9333333333333333
56.808,10.77,-2.58,1.9211111111111112
56.828,10.57,-2.93,1.8811111111111112
56.848,10.38,-3.14,1.8655555555555556
56.868,10.12,-3.45,1.82
56.888,9.98,-3.75,1.8
56.908,9.62,-4.01,1.7422222222222221
56.928,9.48,-4.22,1.7222222222222223
56.948,9.15,-4.47,1.6766666666666667
56.968,8.94,-4.67,1.6311111111111112
56.988,8.6,-4.93,1.5844444444444445
57.008,8.42,-5.09,1.5322222222222222
57.028,8.08,-5.32,1.481111111111111
57.048,7.85,-5.41,1.4266666666666667
57.068,7.54,-5.67,1.3688888888888888
57.088,7.3,-5.81,1.31
57.108,7.07,-6.26,1.2577777777777779
57.128,6.73,-5.77,1.1888888888888889
57.148,6.55,-6.35,1.1222222222222222
57.168,6.25,-5.93,1.058888888888889
57.188,6.07,-6.43,0.9911111111111112
57.208,5.84,-6.2,0.9244444444444444
57.228,5.63,-6.55,0.8577777777777778
57.248,5.5,-6.46,0.7888888888888889
57.268,5.3,-6.55,0.7177777777777777
57.288,5.13,-6.83,0.6466666666666666
57.308,5.04,-6.65,0.5777777777777777
57.328,4.89,-6.88,0.5044444444444445
57.348,4.84,-6.74,0.43
57.368,4.74,-6.94,0.36
57.388,4.66,-6.8,0.28555555555555556
57.408,4.61,-6.96,0.21222222222222223
57.428,4.58,-6.91,0.1388888888888889
57.448,4.57,-6.93,0.06444444444444444
57.468,4.57,-7.01,-0.008888888888888889
57.488,4.59,-6.88,-0.0811111111111111
57.508,4.67,-6.98,-0.15222222222222223
57.528,4.7,-6.82,-0.22444444444444445
57.548,4.79,-6.96,-0.2966666666666667
57.568,4.85,-6.81,-0.3688888888888889
57.588,4.97,-6.87,-0.44
57.608,5.1,-6.74,-0.51
57.628,5.22,-6.78,-0.58
57.648,5.41,-6.67,-0.6511111111111111
57.668,5.54,-6.62,-0.72
57.688,5.8,-6.51,-0.7877777777777778
57.708,5.92,-6.44,-0.8533333333333334
57.728,6.18,-6.38,-0.9222222222222223
57.748,6.33,-6.23,-0.9855555555555555
57.768,6.64,-6.13,-1.0822222222222222
57.788,6.81,-5.98,-1.1433333333333333
57.808,7.14,-5.91,-1.2077777777777778
57.828,7.31,-5.71,-1.2633333333333334
57.848,7.64,-5.6,-1.3222222222222222
57.868,7.85,-5.42,-1.3788888888888888
57.888,8.15,-5.27,-1.4344444444444444
57.908,8.38,-5.09,-1.4855555555555555
57.928,8.67,-4.89,-1.5355555555555556
57.948,8.9,-4.68,-1.5822222222222222
57.968,9.18,-4.43,-1.63
57.988,9.4,-4.26,-1.67
58.008,9.69,-3.96,-1.711111111111111
58.028,9.87,-3.77,-1.75
58.048,10.15,-3.47,-1.7855555555555556
58.068,10.33,-3.22,-1.8166666666666667
58.088,10.63,-2.81,-1.8433333333333333
58.108,10.76,-2.56,-1.87
58.128,10.95,-2.23,-1.8922222222222222
58.148,11.09,-1.96,-1.9088888888888889
58.168,11.19,-1.59,-1.9233333333333333
58.188,11.3,-1.32,-1.9377777777777778
58.208,11.38,-0.85,-1.9477777777777778
58.228,11.43,-0.72,-1.95
58.248,11.47,-0.32,-1.9544444444444444
58.268,11.42,-0.03,-1.951111111111111
58.288,11.4,0.35,-1.9444444444444444
58.308,11.37,0.62,-1.9388888888888889
58.328,11.33,0.99,-1.9211111111111112
58.348,11.28,1.2,-1.9088888888888889
58.368,11.17,1.59,-1.8866666666666667
58.388,11.04,1.87,-1.8644444444444443
58.408,10.92,2.2,-1.84
58.428,10.83,2.42,-1.81
58.448,10.59,2.74,-1.778888888888889
58.468,10.46,2.96,-1.741111111111111
58.488,10.18,3.31,-1.7055555555555555
58.508,10.03,3.49,-1.6666666666666667
58.528,9.81,3.77,-1.6211111111111112
58.548,9.58,3.95,-1.5766666666666667
58.568,9.31,4.24,-1.53
58.588,9.15,4.41,-1.4766666666666666
58.608,8.83,4.66,-1.4266666666666667
58.628,8.66,4.79,-1.37
58.648,8.36,4.98,-1.3166666666666667
58.668,8.15,5.18,-1.2555555555555555
58.688,7.85,5.34,-1.1977777777777778
58.708,7.75,5.42,-1.1344444444444444
58.728,7.45,5.54,-1.0733333333333333
58.748,7.3,5.7,-1.008888888888889
58.768,7.04,5.83,-0.9433333333333334
58.788,6.94,5.88,-0.8788888888888889
58.808,6.71,6.01,-0.81
58.828,6.59,6.07,-0.7422222222222222
58.848,6.38,6.15,-0.6722222222222223
58.868,6.21,6.22,-0.6022222222222222
58.888,6.14,6.28,-0.5311111111111111
58.908,5.98,6.32,-0.46111111111111114
58.928,5.93,6.36,-0.39
58.948,5.82,6.39,-0.32
58.968,5.81,6.38,-0.24888888888888888
58.988,5.71,6.41,-0.17333333333333334
59.008,5.72,6.47,-0.10222222222222223
59.028,5.69,6.45,-0.03
59.048,5.7,6.49,0.04
59.068,5.71,6.43,0.11333333333333333
59.088,5.75,6.45,0.18333333333333332
59.108,5.81,6.42,0.25555555555555554
59.128,5.86,6.42,0.32555555555555554
59.148,5.97,6.37,0.39555555555555555
59.168,6.04,6.34,0.4666666666666667
59.188,6.19,6.26,0.5355555555555556
59.208,6.27,6.24,0.6044444444444445
59.228,6.45,6.14,0.6733333333333333
59.248,6.57,6.05,0.7411111111111112
59.268,6.77,5.98,0.8066666666666666
59.288,6.91,5.91,0.8711111111111111
59.308,7.15,5.81,0.94
59.328,7.32,5.7,1.0
59.348,7.52,5.57,1.0644444444444445
59.368,7.72,5.45,1.1233333333333333
59.388,7.99,5.3,1.1822222222222223
59.408,8.15,5.17,1.241111111111111
59.428,8.44,5.0,1.3
59.448,8.64,4.81,1.3511111111111112
59.468,8.9,4.62,1.4055555555555554
59.488,9.06,4.46,1.4544444444444444
59.508,9.34,4.24,1.5044444444444445
59.528,9.55,4.03,1.55
59.548,9.79,3.78,1.5933333333333333
59.568,9.94,3.57,1.6344444444444444
59.588,10.19,3.3,1.6733333333333333
59.608,10.33,3.07,1.7122222222222223
59.628,10.55,2.76,1.741111111111111
59.648,10.7,2.51,1.7755555555555556
59.668,10.91,2.08,1.8
59.688,11.01,1.87,1.8233333333333333
59.708,11.15,1.48,1.8455555555555556
59.728,11.23,1.25,1.8644444444444443
59.748,11.31,0.9,1.8788888888888888
59.768,11.32,0.59,1.8866666666666667
59.788,11.37,0.27,1.8977777777777778
59.808,11.39,-0.04,1.9
59.828,11.34,-0.4,1.9011111111111112
59.848,11.32,-0.63,1.9
59.868,11.25,-1.02,1.8922222222222222
59.888,11.17,-1.26,1.8833333333333333
59.908,11.08,-1.61,1.87
59.928,10.96,-1.83,1.8555555555555556
59.948,10.81,-2.24,1.8344444444444445
59.968,10.67,-2.43,1.8122222222222222
59.988,10.5,-2.81,1.7866666666666666
60.008,10.35,-2.99,1.76
