3.968,9.77,-0.21,0.0
3.988,9.78,-0.23,0.0
4.008,9.78,-0.23,0.0011111111111111111
4.028,9.75,-0.24,0.0011111111111111111
4.048,9.76,-0.23,0.0
4.068,9.76,-0.22,0.0
4.088,9.77,-0.24,0.0011111111111111111
4.108,9.76,-0.24,0.0
4.128,9.79,-0.23,0.0
4.148,9.77,-0.23,0.0
4.168,9.78,-0.22,0.0
4.188,9.76,-0.23,0.0
4.208,9.75,-0.23,0.0
4.228,9.78,-0.23,0.0
4.248,9.76,-0.24,0.0
4.268,9.75,-0.22,0.0
4.288,9.76,-0.24,0.0
4.308,9.76,-0.24,0.0
4.328,9.77,-0.23,0.0
4.348,9.75,-0.22,0.0
4.368,9.77,-0.22,0.0
4.388,9.77,-0.22,0.0
4.408,9.76,-0.24,0.0
4.428,9.76,-0.24,0.0
4.448,9.77,-0.23,0.0
4.468,9.76,-0.23,0.0
4.488,9.76,-0.24,0.0
4.508,9.77,-0.23,0.0
4.528,9.76,-0.24,0.0
4.548,9.78,-0.22,0.0
4.568,9.77,-0.23,0.0
4.588,9.76,-0.24,0.0
4.608,9.78,-0.23,0.0
4.628,9.76,-0.22,0.0
4.648,9.77,-0.22,0.0
4.668,9.77,-0.22,0.0
4.688,9.77,-0.22,0.0
4.708,9.76,-0.22,0.0
4.728,9.78,-0.23,0.0
4.748,9.74,-0.22,0.0022222222222222222
4.768,9.77,-0.25,0.0
4.788,9.78,-0.24,0.0
4.808,9.76,-0.22,0.0
4.828,9.77,-0.23,0.0
4.848,9.76,-0.24,0.0
4.868,9.77,-0.24,0.0
4.888,9.78,-0.24,0.0
4.908,9.76,-0.22,0.0
4.928,9.73,-0.22,0.0011111111111111111
4.948,9.75,-0.23,0.0
4.968,9.73,-0.25,0.0
4.988,9.76,-0.25,-0.0011111111111111111
5.008,9.76,-0.23,0.0
5.028,9.77,-0.23,0.0
5.048,9.77,-0.24,0.0
5.068,9.77,-0.23,0.0
5.088,9.75,-0.24,0.0011111111111111111
5.108,9.77,-0.22,0.0
5.128,9.77,-0.22,0.0
5.148,9.76,-0.21,0.0
5.168,9.76,-0.21,0.0
5.188,9.76,-0.24,0.0
5.208,9.78,-0.23,0.0
5.228,9.78,-0.2,0.0
5.248,9.75,-0.24,0.0
5.268,9.77,-0.25,0.0
5.288,9.78,-0.22,0.0
5.308,9.73,-0.25,0.0
5.328,9.77,-0.23,0.0
5.348,9.75,-0.21,-0.0011111111111111111
5.368,9.77,-0.25,0.0
5.388,9.86,-0.45,0.0
5.408,9.73,-0.11,0.0
5.428,9.75,-0.26,0.0
5.448,9.86,-0.39,0.0
5.468,9.7,-0.21,0.0
5.488,9.77,-0.19,0.0033333333333333335
5.508,9.79,-0.33,0.0044444444444444444
5.528,9.72,-0.32,0.008888888888888889
5.548,9.84,-0.22,0.01
5.568,9.72,-0.49,0.014444444444444444
5.588,9.75,-0.36,0.017777777777777778
5.608,9.72,-0.3,0.024444444444444446
5.628,9.78,-0.45,0.03
5.648,9.75,-0.43,0.03666666666666667
5.668,9.75,-0.39,0.044444444444444446
5.688,9.75,-0.52,0.052222222222222225
5.708,9.78,-0.45,0.06
5.728,9.76,-0.51,0.07
5.748,9.78,-0.58,0.07555555555555556
5.768,9.72,-0.53,0.08777777777777777
5.788,9.75,-0.56,0.09444444444444444
5.808,9.78,-0.63,0.10666666666666667
5.828,9.78,-0.62,0.11777777777777777
5.848,9.78,-0.64,0.12666666666666668
5.868,9.78,-0.72,0.14
5.888,9.73,-0.66,0.15
5.908,9.77,-0.69,0.16333333333333333
5.928,9.76,-0.87,0.17555555555555555
5.948,9.73,-0.76,0.19
5.968,9.78,-0.86,0.2
5.988,9.79,-1.0,0.2111111111111111
6.008,9.74,-0.93,0.22666666666666666
6.028,9.77,-1.01,0.24
6.048,9.78,-1.18,0.25555555555555554
6.068,9.75,-1.16,0.2688888888888889
6.088,9.75,-1.18,0.2833333333333333
6.108,9.74,-1.27,0.29777777777777775
6.128,9.73,-1.34,0.3088888888888889
6.148,9.68,-1.36,0.3211111111111111
6.168,9.7,-1.5,0.3377777777777778
6.188,9.75,-1.57,0.3522222222222222
6.208,9.65,-1.57,0.36333333333333334
6.228,9.71,-1.6,0.37444444444444447
6.248,9.62,-1.81,0.3877777777777778
6.268,9.7,-1.82,0.3988888888888889
6.288,9.76,-1.83,0.41
6.308,9.63,-1.93,0.42333333333333334
6.328,9.66,-2.08,0.43222222222222223
6.348,9.58,-2.16,0.4411111111111111
6.368,9.67,-2.06,0.4488888888888889
6.388,9.54,-2.2,0.45444444444444443
6.408,9.54,-2.29,0.46111111111111114
6.428,9.52,-2.33,0.46555555555555556
6.448,9.52,-2.37,0.4666666666666667
6.468,9.49,-2.42,0.46444444444444444
6.488,9.49,-2.23,0.45222222222222225
6.508,9.44,-2.33,0.44555555555555554
6.528,9.41,-2.37,0.42
6.548,9.29,-2.38,0.4
6.568,9.32,-2.23,0.37555555555555553
6.588,9.4,-2.67,0.35
6.608,9.22,-2.42,0.3277777777777778
6.628,9.19,-2.52,0.3022222222222222
6.648,9.21,-2.68,0.2733333333333333
6.668,9.08,-2.54,0.2477777777777778
6.688,9.19,-2.69,0.22
6.708,9.21,-2.79,0.19
6.728,9.1,-2.7,0.16333333333333333
6.748,9.22,-2.71,0.1388888888888889
6.768,9.08,-2.85,0.10888888888888888
6.788,9.07,-2.72,0.07888888888888888
6.808,9.04,-2.81,0.05
6.828,9.05,-2.85,0.02
6.848,9.15,-2.86,-0.006666666666666667
6.868,9.09,-2.8,-0.034444444444444444
6.888,9.09,-2.85,-0.06222222222222222
6.908,9.16,-2.78,-0.09
6.928,9.08,-2.79,-0.11777777777777777
6.948,9.1,-2.77,-0.14444444444444443
6.968,9.15,-2.7,-0.1711111111111111
6.988,9.09,-2.74,-0.19666666666666666
7.008,9.21,-2.69,-0.22333333333333333
7.028,9.16,-2.66,-0.25
7.048,9.2,-2.63,-0.2733333333333333
7.068,9.29,-2.57,-0.3
7.088,9.25,-2.54,-0.32555555555555554
7.108,9.27,-2.44,-0.34444444444444444
7.128,9.41,-2.45,-0.37
7.148,9.33,-2.34,-0.39222222222222225
7.168,9.41,-2.28,-0.41333333333333333
7.188,9.44,-2.23,-0.43444444444444447
7.208,9.42,-2.0,-0.4577777777777778
7.228,9.58,-2.1,-0.47333333333333333
7.248,9.51,-1.99,-0.49333333333333335
7.268,9.52,-1.92,-0.5122222222222222
7.288,9.62,-1.84,-0.5288888888888889
7.308,9.64,-1.73,-0.5444444444444444
7.328,9.67,-1.59,-0.56
7.348,9.74,-1.5,-0.5766666666666667
7.368,9.68,-1.51,-0.5911111111111111
7.388,9.73,-1.17,-0.6044444444444445
7.408,9.73,-1.26,-0.62
7.428,9.89,-1.07,-0.6355555555555555
7.448,9.82,-0.66,-0.6488888888888888
7.468,9.85,-1.15,-0.6633333333333333
7.488,9.98,-0.59,-0.6755555555555556
7.508,9.9,-0.4,-0.6911111111111111
7.528,10.03,-0.53,-0.7022222222222222
7.548,9.96,-0.28,-0.72
7.568,10.0,0.07,-0.7311111111111112
7.588,9.99,-0.03,-0.7433333333333333
7.608,10.0,0.02,-0.76
7.628,10.05,0.43,-0.7722222222222223
7.648,10.01,0.47,-0.7844444444444445
7.668,10.06,0.67,-0.7977777777777778
7.688,10.08,0.86,-0.81
7.708,10.04,0.96,-0.8233333333333334
7.728,10.11,1.27,-0.8322222222222222
7.748,10.06,1.18,-0.8422222222222222
7.768,10.03,1.45,-0.8544444444444445
7.788,10.02,1.68,-0.8611111111111112
7.808,10.07,1.72,-0.8688888888888889
7.828,9.92,2.05,-0.8766666666666667
7.848,10.04,2.16,-0.8811111111111111
7.868,9.95,2.05,-0.8866666666666667
7.888,9.86,2.3,-0.89
7.908,9.83,2.74,-0.8911111111111111
7.928,9.79,2.43,-0.8933333333333333
7.948,9.79,2.87,-0.89
7.968,9.65,2.95,-0.8822222222222222
7.988,9.72,2.82,-0.8722222222222222
8.008,9.53,3.03,-0.8588888888888889
8.028,9.49,2.97,-0.8344444444444444
8.048,9.39,2.95,-0.8077777777777778
8.068,9.35,3.27,-0.7722222222222223
8.088,9.29,3.02,-0.7366666666666667
8.108,9.16,3.15,-0.6988888888888889
8.128,9.4,3.74,-0.6566666666666666
8.148,8.65,3.11,-0.6166666666666667
8.168,9.21,3.2,-0.5788888888888889
8.188,8.6,4.22,-0.5322222222222223
8.208,8.63,3.76,-0.5111111111111111
8.228,8.95,3.48,-0.4444444444444444
8.248,8.42,4.49,-0.42333333333333334
8.268,8.78,3.58,-0.3522222222222222
8.288,8.7,3.54,-0.33
8.308,8.33,4.62,-0.2577777777777778
8.328,8.64,3.69,-0.23555555555555555
8.348,8.4,4.1,-0.16666666666666666
8.368,8.23,4.4,-0.14333333333333334
8.388,8.57,3.85,-0.06888888888888889
8.408,8.23,4.02,-0.04777777777777778
8.428,8.49,4.19,0.0
8.448,8.49,4.07,0.04888888888888889
8.468,8.43,4.1,0.09444444444444444
8.488,8.54,4.14,0.14
8.508,8.32,4.03,0.19
8.528,8.55,3.93,0.23333333333333334
8.548,8.5,4.18,0.2777777777777778
8.568,8.48,3.92,0.32555555555555554
8.588,8.78,3.8,0.36777777777777776
8.608,8.61,4.02,0.4122222222222222
8.628,8.86,3.62,0.45555555555555555
8.648,8.9,3.55,0.5
8.668,8.88,3.76,0.5388888888888889
8.688,9.03,3.41,0.58
8.708,9.03,3.46,0.6211111111111111
8.728,9.08,3.46,0.66
8.748,9.26,3.1,0.6988888888888889
8.768,9.2,3.17,0.7344444444444445
8.788,9.39,2.99,0.7711111111111111
8.808,9.46,2.83,0.8055555555555556
8.828,9.48,2.77,0.8355555555555556
8.848,9.65,2.65,0.8688888888888889
8.868,9.66,2.42,0.9
8.888,9.78,2.32,0.9288888888888889
8.908,9.89,2.16,0.9544444444444444
8.928,9.87,2.01,0.9811111111111112
8.948,10.08,1.81,1.0044444444444445
8.968,10.14,1.75,1.0244444444444445
8.988,10.03,1.43,1.0444444444444445
9.008,10.21,1.25,1.0622222222222222
9.028,10.15,1.28,1.0788888888888888
9.048,10.21,0.98,1.0966666666666667
9.068,10.36,0.65,1.11
9.088,10.2,0.7,1.1222222222222222
9.108,10.41,0.26,1.1355555555555557
9.128,10.34,0.09,1.1488888888888888
9.148,10.34,-0.05,1.16
9.168,10.41,-0.47,1.1733333333333333
9.188,10.39,-0.61,1.181111111111111
9.208,10.37,-0.61,1.1922222222222223
9.228,10.34,-1.02,1.2
9.248,10.35,-1.31,1.2055555555555555
9.268,10.35,-1.19,1.2155555555555555
9.288,10.24,-1.91,1.22
9.308,10.21,-1.9,1.2244444444444444
9.328,10.21,-2.13,1.2266666666666666
9.348,9.99,-2.5,1.23
9.368,10.02,-2.51,1.2277777777777779
9.388,10.03,-2.64,1.2266666666666666
9.408,9.85,-3.31,1.2255555555555555
9.428,9.74,-3.22,1.22
9.448,9.67,-3.2,1.2155555555555555
9.468,9.57,-3.71,1.21
9.488,9.45,-3.66,1.1955555555555555
9.508,9.4,-3.6,1.18
9.528,9.18,-4.06,1.1588888888888889
9.548,9.0,-4.02,1.1266666666666667
9.568,8.9,-3.98,1.0922222222222222
9.588,8.65,-4.13,1.0533333333333332
9.608,8.42,-4.26,1.008888888888889
9.628,8.6,-4.16,0.9677777777777777
9.648,8.08,-4.78,0.92
9.668,8.21,-4.66,0.87
9.688,8.08,-4.68,0.8222222222222222
9.708,7.78,-4.91,0.7711111111111111
9.728,7.83,-4.9,0.7188888888888889
9.748,7.69,-4.92,0.6655555555555556
9.768,7.45,-5.18,0.61
9.788,7.47,-5.2,0.5544444444444444
9.808,7.27,-5.12,0.5022222222222222
9.828,7.18,-5.37,0.44555555555555554
9.848,7.16,-5.3,0.3888888888888889
9.868,7.09,-5.29,0.33111111111111113
9.888,6.98,-5.52,0.2733333333333333
9.908,7.05,-5.4,0.21888888888888888
9.928,6.91,-5.44,0.15888888888888889
9.948,6.93,-5.52,0.1
9.968,6.95,-5.45,0.04
9.988,6.87,-5.48,-0.017777777777777778
10.008,6.96,-5.5,-0.07555555555555556
10.028,6.96,-5.5,-0.1322222222222222
10.048,6.96,-5.45,-0.19
10.068,7.07,-5.49,-0.2477777777777778
10.088,7.08,-5.39,-0.3022222222222222
10.108,7.17,-5.36,-0.35888888888888887
10.128,7.25,-5.3,-0.41333333333333333
10.148,7.28,-5.25,-0.4677777777777778
10.168,7.46,-5.15,-0.5211111111111111
10.188,7.52,-5.17,-0.5755555555555556
10.208,7.66,-5.0,-0.63
10.228,7.8,-4.94,-0.68
10.248,7.92,-4.86,-0.73
10.268,8.07,-4.74,-0.78
10.288,8.2,-4.65,-0.8266666666666667
10.308,8.37,-4.49,-0.8733333333333333
10.328,8.44,-4.31,-0.9211111111111111
10.348,8.68,-4.27,-0.9644444444444444
10.368,8.77,-4.12,-1.01
10.388,8.89,-3.94,-1.0522222222222222
10.408,9.23,-3.61,-1.0977777777777777
10.428,9.18,-3.61,-1.1388888888888888
10.448,9.3,-3.16,-1.181111111111111
10.468,9.5,-3.05,-1.2233333333333334
10.488,9.73,-2.92,-1.2644444444444445
10.508,9.93,-2.83,-1.308888888888889
10.528,10.04,-1.9,-1.3488888888888888
10.548,10.16,-2.39,-1.3855555555555557
10.568,10.33,-2.07,-1.4288888888888889
10.588,10.43,-1.2,-1.468888888888889
10.608,10.62,-1.24,-1.5066666666666666
10.628,10.67,-1.55,-1.54
10.648,10.67,-0.65,-1.5766666666666667
10.668,10.81,-0.23,-1.6066666666666667
10.688,10.96,-0.7,-1.6344444444444444
10.708,10.99,0.28,-1.6666666666666667
10.728,11.08,0.58,-1.69
10.748,11.11,0.26,-1.7144444444444444
10.768,11.06,0.9,-1.7333333333333334
10.788,11.21,1.48,-1.751111111111111
10.808,10.98,1.0,-1.7644444444444445
10.828,11.13,1.99,-1.7755555555555556
10.848,10.93,2.25,-1.78
10.868,11.04,2.06,-1.7844444444444445
10.888,10.84,2.85,-1.7844444444444445
10.908,10.7,2.93,-1.7777777777777777
10.928,10.51,2.91,-1.7666666666666666
10.948,10.5,3.56,-1.7522222222222221
10.968,10.18,3.4,-1.73
10.988,10.22,3.76,-1.7
11.008,9.68,4.12,-1.6633333333333333
11.028,9.46,3.92,-1.62
11.048,9.49,3.91,-1.5744444444444445
11.068,8.78,4.52,-1.5244444444444445
11.088,9.15,4.72,-1.47
11.108,8.33,4.8,-1.4166666666666667
11.128,8.44,5.17,-1.3611111111111112
11.148,8.21,5.12,-1.3022222222222222
11.168,7.84,5.46,-1.241111111111111
11.188,7.79,5.37,-1.18
11.208,7.58,5.69,-1.1188888888888888
11.228,7.12,5.72,-1.0522222222222222
11.248,7.24,5.73,-0.99
11.268,6.63,6.1,-0.9211111111111111
11.288,6.67,6.04,-0.8544444444444445
11.308,6.48,6.18,-0.7855555555555556
11.328,6.16,6.35,-0.7166666666666667
11.348,6.28,6.18,-0.6466666666666666
11.368,5.97,6.35,-0.5744444444444444
11.388,5.95,6.43,-0.5033333333333333
11.408,5.96,6.3,-0.4311111111111111
11.428,5.66,6.55,-0.36
11.448,5.77,6.44,-0.2866666666666667
11.468,5.72,6.56,-0.21888888888888888
11.488,5.63,6.69,-0.1411111111111111
11.508,5.66,6.46,-0.06777777777777778
11.528,5.72,6.45,0.0044444444444444444
11.548,5.31,6.53,0.07555555555555556
11.568,5.77,6.38,0.14666666666666667
11.588,5.49,6.67,0.22
11.608,5.56,6.49,0.29
11.628,5.93,6.41,0.3622222222222222
11.648,5.68,6.63,0.43333333333333335
11.668,6.16,6.2,0.5022222222222222
11.688,6.2,6.25,0.5722222222222222
11.708,6.39,6.18,0.6422222222222222
11.728,6.6,6.03,0.71
11.748,6.54,6.21,0.7777777777777778
11.768,6.87,5.96,0.8433333333333334
11.788,7.06,5.84,0.9122222222222223
11.808,7.13,5.96,0.98
11.828,7.46,5.4,1.0433333333333332
11.848,7.8,5.48,1.1088888888888888
11.868,7.78,5.25,1.1777777777777778
11.888,8.2,4.93,1.241111111111111
11.908,8.24,4.96,1.31
11.928,8.66,4.7,1.4111111111111112
11.948,8.98,4.38,1.4744444444444444
11.968,9.2,4.13,1.5077777777777779
11.988,9.4,3.95,1.6055555555555556
12.008,9.73,3.82,1.6666666666666667
12.028,10.0,3.4,1.728888888888889
12.048,10.19,3.24,1.7866666666666666
12.068,10.48,2.75,1.8477777777777777
12.088,10.7,2.62,1.9011111111111112
12.108,10.85,2.42,1.9544444444444444
12.128,11.16,1.84,2.0033333333333334
12.148,11.27,1.63,2.05
12.168,11.41,1.43,2.0955555555555554
12.188,11.57,0.89,2.1366666666666667
12.208,11.87,0.64,2.172222222222222
12.228,11.84,0.12,2.2044444444444444
12.248,11.97,0.1,2.232222222222222
12.268,11.99,-0.69,2.25
12.288,12.16,-0.57,2.26
12.308,12.04,-0.62,2.2655555555555558
12.328,12.02,-1.48,2.26
12.348,11.8,-1.34,2.247777777777778
12.368,11.74,-1.81,2.2333333333333334
12.388,11.55,-2.09,2.2222222222222223
12.408,11.26,-2.64,2.1855555555555557
12.428,11.26,-2.55,2.1666666666666665
12.448,10.71,-3.24,2.118888888888889
12.468,10.52,-3.41,2.098888888888889
12.488,10.31,-3.7,2.04
12.508,9.9,-4.09,2.0188888888888887
12.528,9.74,-4.59,1.9533333333333334
12.548,9.28,-4.67,1.9277777777777778
12.568,9.05,-5.04,1.8755555555555556
12.588,8.76,-5.22,1.8233333333333333
12.608,8.21,-5.38,1.7622222222222221
12.628,8.03,-5.49,1.71
12.648,7.59,-5.9,1.6466666666666667
12.668,7.23,-5.95,1.551111111111111
12.688,7.0,-6.09,1.5177777777777777
12.708,6.64,-6.43,1.45
12.728,6.24,-6.33,1.3833333333333333
12.748,6.12,-6.6,1.3111111111111111
12.768,5.63,-6.73,1.24
12.788,5.45,-6.64,1.1677777777777778
12.808,5.12,-7.0,1.0955555555555556
12.828,4.87,-6.86,1.02
12.848,4.57,-6.99,0.9433333333333334
12.868,4.43,-7.14,0.8677777777777778
12.888,4.21,-7.06,0.79
12.908,4.02,-7.18,0.7111111111111111
12.928,3.86,-7.21,0.6311111111111111
12.948,3.82,-7.15,0.5533333333333333
12.968,3.64,-7.33,0.47333333333333333
12.988,3.57,-7.26,0.39444444444444443
13.008,3.36,-7.35,0.31333333333333335
13.028,3.37,-7.3,0.23222222222222222
13.048,3.27,-7.36,0.15
13.068,3.2,-7.3,0.06666666666666667
13.088,3.34,-7.32,-0.015555555555555555
13.108,3.16,-7.25,-0.1
13.128,3.32,-7.18,-0.18444444444444444
13.148,3.49,-7.22,-0.26555555555555554
13.168,3.45,-7.21,-0.35333333333333333
13.188,3.7,-7.16,-0.43444444444444447
13.208,3.7,-7.25,-0.5188888888888888
13.228,3.96,-7.04,-0.6022222222222222
13.248,4.02,-7.09,-0.69
13.268,4.2,-6.93,-0.7744444444444445
13.288,4.36,-6.91,-0.8588888888888889
13.308,4.7,-6.91,-0.9466666666666667
13.328,5.03,-6.62,-1.0322222222222222
13.348,5.18,-6.63,-1.1166666666666667
13.368,5.71,-6.29,-1.201111111111111
13.388,5.92,-6.36,-1.288888888888889
13.408,6.5,-6.0,-1.3766666666666667
13.428,6.67,-5.93,-1.461111111111111
13.448,6.96,-5.8,-1.5444444444444445
13.468,7.53,-5.51,-1.6322222222222222
13.488,7.83,-5.43,-1.7166666666666666
13.508,8.24,-5.34,-1.798888888888889
13.528,8.66,-4.81,-1.88
13.548,9.1,-4.83,-1.958888888888889
13.568,9.49,-4.38,-2.033333333333333
13.588,9.86,-4.19,-2.1077777777777778
13.608,10.36,-4.01,-2.18
13.628,10.48,-3.42,-2.247777777777778
13.648,11.01,-3.04,-2.31
13.668,11.26,-2.85,-2.3755555555555556
13.688,11.63,-2.53,-2.431111111111111
13.708,11.99,-2.09,-2.4844444444444442
13.728,12.2,-1.61,-2.533333333333333
13.748,12.57,-1.37,-2.5744444444444445
13.768,12.64,-0.71,-2.6144444444444446
13.788,12.81,-0.47,-2.648888888888889
13.808,13.02,-0.11,-2.6755555555555555
13.828,12.99,0.51,-2.7022222222222223
13.848,12.96,1.07,-2.718888888888889
13.868,13.13,1.14,-2.7355555555555555
13.888,12.97,1.57,-2.74
13.908,12.94,2.57,-2.7444444444444445
13.928,12.69,2.5,-2.732222222222222
13.948,12.68,2.74,-2.721111111111111
13.968,12.13,3.28,-2.7
13.988,12.05,3.32,-2.6733333333333333
14.008,11.98,3.56,-2.6344444444444446
14.028,11.33,4.21,-2.588888888888889
14.048,11.1,4.94,-2.5388888888888888
14.068,10.5,4.29,-2.486666666666667
14.088,10.38,5.49,-2.422222222222222
14.108,9.46,5.34,-2.3666666666666667
14.128,9.42,5.42,-2.3
14.148,8.51,6.32,-2.2355555555555555
14.168,8.11,5.89,-2.1666666666666665
14.188,7.5,6.69,-2.0966666666666667
14.208,6.93,6.72,-2.0211111111111113
14.228,6.77,6.75,-1.9455555555555555
14.248,6.03,6.84,-1.87
14.268,5.8,7.2,-1.791111111111111
14.288,5.36,7.06,-1.7133333333333334
14.308,4.7,7.29,-1.6322222222222222
14.328,4.61,7.49,-1.551111111111111
14.348,3.84,7.32,-1.4677777777777778
14.368,3.71,7.57,-1.3844444444444444
14.388,3.23,7.58,-1.3022222222222222
14.408,2.91,7.69,-1.2177777777777778
14.428,2.66,7.65,-1.1333333333333333
14.448,2.35,7.9,-1.0466666666666666
14.468,2.09,7.67,-0.9622222222222222
14.488,1.9,7.85,-0.8766666666666667
14.508,1.54,7.86,-0.7922222222222223
14.528,1.46,7.75,-0.7055555555555556
14.548,1.17,7.91,-0.6211111111111111
14.568,1.15,7.81,-0.5366666666666666
14.588,0.86,7.78,-0.45
14.608,0.8,7.82,-0.36444444444444446
14.628,0.93,8.02,-0.28
14.648,0.34,7.6,-0.1922222222222222
14.668,0.92,8.33,-0.10666666666666667
14.688,0.5,7.79,-0.02
14.708,0.85,8.12,0.06555555555555556
14.728,0.73,7.61,0.15333333333333332
14.748,0.64,7.92,0.24
14.768,1.02,7.51,0.33
14.788,0.83,7.73,0.42
14.808,1.09,7.71,0.5111111111111111
14.828,1.14,7.42,0.6044444444444445
14.848,1.52,7.76,0.7
14.868,1.75,7.4,0.7944444444444444
14.888,1.81,7.61,0.8944444444444445
14.908,2.14,7.41,0.9911111111111112
14.928,2.42,7.4,1.0933333333333333
14.948,2.96,7.32,1.1933333333333334
14.968,3.05,7.27,1.2933333333333332
14.988,3.55,7.21,1.3944444444444444
15.008,4.19,7.08,1.498888888888889
15.028,4.59,6.99,1.6011111111111112
15.048,5.1,6.87,1.7
15.068,5.39,6.84,1.8
15.088,6.21,6.73,1.9011111111111112
15.108,6.68,6.42,2.002222222222222
15.128,7.05,6.47,2.098888888888889
15.148,7.84,5.95,2.1911111111111112
15.168,8.29,6.05,2.2888888888888888
15.188,8.9,5.57,2.382222222222222
15.208,9.44,5.32,2.473333333333333
15.228,9.96,5.23,2.56
15.248,10.58,4.75,2.6455555555555557
15.268,11.16,4.36,2.723333333333333
15.288,11.62,4.1,2.8022222222222224
15.308,12.12,3.7,2.8744444444444444
15.328,12.5,3.52,2.9444444444444446
15.348,13.19,2.42,3.011111111111111
15.368,13.3,2.4,3.068888888888889
15.388,13.71,2.17,3.1155555555555554
15.408,14.03,1.22,3.16
15.428,14.25,1.16,3.198888888888889
15.448,14.32,0.87,3.223333333333333
15.468,14.45,0.0,3.241111111111111
15.488,14.34,-0.13,3.2444444444444445
15.508,14.2,-1.08,3.2444444444444445
15.528,14.21,-1.18,3.2377777777777776
15.548,14.02,-2.01,3.218888888888889
15.568,13.69,-2.28,3.1977777777777776
15.588,13.38,-2.75,3.17
15.608,13.17,-3.12,3.14
15.628,12.66,-3.84,3.1
15.648,12.36,-4.15,3.0566666666666666
15.668,11.87,-4.43,3.008888888888889
15.688,11.21,-4.97,2.9611111111111112
15.708,10.98,-5.37,2.9033333333333333
15.728,10.08,-5.58,2.8433333333333333
15.748,9.77,-5.98,2.7844444444444445
15.768,9.02,-6.29,2.7144444444444447
15.788,8.42,-6.44,2.6433333333333335
15.808,7.49,-6.93,2.57
15.828,6.74,-7.1,2.5
15.848,6.07,-7.07,2.417777777777778
15.868,5.6,-7.38,2.338888888888889
15.888,5.11,-7.37,2.26
15.908,4.01,-7.33,2.1755555555555555
15.928,3.93,-7.76,2.09
15.948,3.45,-7.58,2.006666666666667
15.968,2.69,-7.73,1.92
15.988,2.28,-7.64,1.8311111111111111
16.008,1.64,-7.67,1.7433333333333334
16.028,1.44,-7.84,1.65
16.048,0.82,-7.97,1.5655555555555556
16.068,0.43,-7.71,1.481111111111111
16.088,-0.49,-8.99,1.3733333333333333
16.108,-0.34,-6.65,1.2933333333333332
16.128,-0.72,-7.68,1.2
16.148,-0.68,-7.47,1.1066666666666667
16.168,-1.42,-7.6,1.0177777777777777
16.188,-1.48,-7.22,0.9233333333333333
16.208,-1.74,-7.8,0.8311111111111111
16.228,-1.96,-7.06,0.7411111111111112
16.248,-2.21,-7.26,0.65
16.268,-2.47,-7.37,0.56
16.288,-2.43,-7.19,0.46444444444444444
16.308,-2.55,-7.47,0.37
16.328,-2.66,-7.38,0.2788888888888889
16.348,-2.69,-7.23,0.18888888888888888
16.368,-2.86,-7.25,0.09555555555555556
16.388,-2.73,-7.35,0.006666666666666667
16.408,-2.8,-7.15,-0.08444444444444445
16.428,-2.83,-7.38,-0.17555555555555555
16.448,-2.55,-7.34,-0.2677777777777778
16.468,-2.66,-7.31,-0.35888888888888887
16.488,-2.45,-7.22,-0.45111111111111113
16.508,-2.27,-7.43,-0.5466666666666666
16.528,-2.22,-7.29,-0.64
16.548,-1.95,-7.35,-0.7366666666666667
16.568,-1.74,-7.35,-0.8344444444444444
16.588,-1.59,-7.3,-0.9311111111111111
16.608,-1.03,-7.37,-1.03
16.628,-0.93,-7.4,-1.1322222222222222
16.648,-0.35,-7.36,-1.2355555555555555
16.668,-0.01,-7.44,-1.34
16.688,0.5,-7.45,-1.441111111111111
16.708,0.92,-7.41,-1.5455555555555556
16.728,1.33,-7.39,-1.6
16.748,1.92,-7.39,-1.7077777777777778
16.768,2.38,-7.36,-1.8111111111111111
16.788,2.94,-7.55,-1.9211111111111112
16.808,3.69,-7.02,-2.077777777777778
16.828,4.11,-7.39,-2.1333333333333333
16.848,5.14,-6.99,-2.2933333333333334
16.868,5.52,-7.15,-2.3433333333333333
16.888,6.47,-6.71,-2.5011111111111113
16.908,6.95,-6.67,-2.5522222222222224
16.928,7.88,-6.49,-2.7066666666666666
16.948,8.39,-6.21,-2.75
16.968,9.2,-5.94,-2.8455555555555554
16.988,9.94,-5.6,-2.94
17.008,10.69,-5.32,-3.03
17.028,11.41,-5.03,-3.111111111111111
17.048,12.0,-4.54,-3.1955555555555555
17.068,12.77,-4.43,-3.2711111111111113
17.088,13.28,-3.26,-3.3433333333333333
17.108,13.86,-3.43,-3.41
17.128,14.45,-2.8,-3.468888888888889
17.148,14.77,-2.03,-3.5255555555555556
17.168,15.14,-1.75,-3.5733333333333333
17.188,15.39,-1.25,-3.6144444444444446
17.208,15.34,-0.31,-3.647777777777778
17.228,15.82,-0.43,-3.6455555555555557
17.248,15.81,0.65,-3.6822222222222223
17.268,15.6,1.36,-3.688888888888889
17.288,15.56,1.56,-3.683333333333333
17.308,15.28,2.33,-3.6755555555555555
17.328,15.04,2.72,-3.652222222222222
17.348,15.05,2.84,-3.6233333333333335
17.368,14.49,4.06,-3.5855555555555556
17.388,13.77,4.04,-3.537777777777778
17.408,13.63,4.45,-3.4944444444444445
17.428,12.49,5.34,-3.4366666666666665
17.448,12.02,5.32,-3.3755555555555556
17.468,10.87,6.38,-3.3144444444444443
17.488,10.35,6.38,-3.2444444444444445
17.508,9.64,6.71,-3.1766666666666667
17.528,8.6,7.18,-3.101111111111111
17.548,8.21,6.8,-2.9922222222222223
17.568,6.95,7.41,-2.902222222222222
17.588,6.57,7.57,-2.821111111111111
17.608,6.14,7.53,-2.74
17.628,4.9,7.69,-2.6644444444444444
17.648,4.64,7.81,-2.5677777777777777
17.668,3.55,7.81,-2.482222222222222
17.688,3.14,7.86,-2.3955555555555557
17.708,2.42,7.89,-2.31
17.728,1.79,7.81,-2.2222222222222223
17.748,1.22,7.87,-2.1366666666666667
17.768,0.69,7.73,-2.0522222222222224
17.788,0.06,7.84,-1.968888888888889
17.808,-0.45,6.63,-1.8944444444444444
17.828,-0.65,6.91,-1.8022222222222222
17.848,-1.48,8.0,-1.72
17.868,-1.72,6.95,-1.6388888888888888
17.888,-2.24,7.56,-1.56
17.908,-2.79,7.47,-1.48
17.928,-3.0,6.87,-1.4
17.948,-3.4,7.22,-1.3266666666666667
17.968,-3.48,6.76,-1.248888888888889
17.988,-3.95,6.72,-1.1766666666666667
18.008,-4.2,6.84,-1.1044444444444443
18.028,-4.43,6.49,-1.03
18.048,-4.72,6.65,-0.9588888888888889
18.068,-4.95,6.51,-0.8866666666666667
18.088,-5.07,6.33,-0.82
18.108,-5.36,6.28,-0.7511111111111111
18.128,-5.45,6.13,-0.6822222222222222
18.148,-5.57,6.21,-0.6155555555555555
18.168,-5.7,6.02,-0.5466666666666666
18.188,-5.93,5.88,-0.47888888888888886
18.208,-5.93,5.89,-0.4088888888888889
18.228,-6.01,5.81,-0.3377777777777778
18.248,-6.13,5.7,-0.26666666666666666
18.268,-6.19,5.69,-0.19444444444444445
18.288,-6.08,5.67,-0.12333333333333334
18.308,-6.13,5.61,-0.05
18.328,-6.22,5.64,0.024444444444444446
18.348,-6.1,5.59,0.09888888888888889
18.368,-6.09,5.77,0.17222222222222222
18.388,-6.03,5.64,0.24666666666666667
18.408,-6.08,5.72,0.32222222222222224
18.428,-5.9,5.78,0.3988888888888889
18.448,-5.84,5.78,0.4766666666666667
18.468,-5.59,5.94,0.5533333333333333
18.488,-5.56,6.05,0.6311111111111111
18.508,-5.58,5.9,0.7122222222222222
18.528,-5.13,5.92,0.7944444444444444
18.548,-4.95,6.3,0.8766666666666667
18.568,-4.79,5.99,0.9588888888888889
18.588,-4.62,6.25,1.0455555555555556
18.608,-4.08,6.37,1.1344444444444444
18.628,-3.95,6.32,1.2233333333333334
18.648,-3.53,6.47,1.3144444444444445
18.668,-3.32,6.48,1.4066666666666667
18.688,-2.83,6.72,1.5033333333333334
18.708,-2.22,6.65,1.6
18.728,-2.17,7.07,1.698888888888889
18.748,-1.3,7.05,1.7966666666666666
18.768,-1.09,7.15,1.8955555555555557
18.788,-0.22,7.24,1.9977777777777779
18.808,0.32,7.3,2.0966666666666667
18.828,0.86,7.42,2.2
18.848,1.46,7.41,2.3044444444444445
18.868,2.34,7.42,2.4066666666666667
18.888,3.27,7.52,2.513333333333333
18.908,3.53,7.45,2.617777777777778
18.928,4.26,7.86,2.7222222222222223
18.948,5.28,7.56,2.8222222222222224
18.968,6.28,7.35,2.9255555555555555
18.988,7.09,7.37,3.0244444444444443
19.008,7.41,7.28,3.12
19.028,8.78,6.85,3.2144444444444447
19.048,9.41,6.97,3.307777777777778
19.068,10.61,6.55,3.3944444444444444
19.088,11.08,6.33,3.468888888888889
19.108,12.53,5.56,3.548888888888889
19.128,12.94,5.55,3.612222222222222
19.148,13.66,5.02,3.678888888888889
19.168,14.25,4.97,3.7311111111111113
19.188,14.84,3.42,3.78
19.208,15.96,4.42,3.8233333333333333
19.228,15.55,2.41,3.8555555555555556
19.248,16.39,1.79,3.887777777777778
19.268,16.54,2.64,3.9055555555555554
19.288,16.35,1.21,3.928888888888889
19.308,16.85,0.14,3.933333333333333
19.328,16.72,-0.21,3.94
19.348,16.61,-0.53,3.931111111111111
19.368,16.36,-1.85,3.92
19.388,16.19,-2.0,3.9044444444444446
19.408,15.69,-2.7,3.88
19.428,15.23,-3.4,3.85
19.448,14.79,-3.79,3.8044444444444445
19.468,14.07,-4.05,3.763333333333333
19.488,13.51,-5.01,3.7144444444444447
19.508,12.81,-5.29,3.6577777777777776
19.528,12.09,-5.55,3.6
19.548,11.5,-6.3,3.5344444444444445
19.568,10.49,-6.19,3.466666666666667
19.588,10.04,-6.75,3.391111111111111
19.608,8.78,-7.16,3.318888888888889
19.628,8.33,-7.12,3.232222222222222
19.648,7.17,-7.62,3.152222222222222
19.668,6.46,-7.48,3.071111111111111
19.688,5.6,-7.69,2.9877777777777776
19.708,4.74,-7.68,2.901111111111111
19.728,3.97,-7.69,2.8177777777777777
19.748,3.23,-7.76,2.7311111111111113
19.768,2.32,-7.7,2.6444444444444444
19.788,1.93,-7.76,2.5544444444444445
19.808,0.84,-7.84,2.4755555555555557
19.828,0.46,-7.52,2.398888888888889
19.848,-1.37,-8.23,2.3255555555555554
19.868,-0.61,-7.05,2.22
19.888,-1.42,-7.08,2.1355555555555554
19.908,-1.53,-7.55,2.0555555555555554
19.928,-2.68,-7.4,1.9766666666666666
19.948,-3.01,-6.92,1.8988888888888888
19.968,-3.56,-6.11,1.82
19.988,-4.06,-6.86,1.75
20.008,-4.14,-6.51,1.6755555555555555
20.028,-4.8,-6.06,1.6055555555555556
20.048,-5.01,-5.92,1.5377777777777777
20.068,-5.35,-6.09,1.4644444444444444
20.088,-5.74,-5.39,1.3988888888888888
20.108,-5.96,-5.51,1.3355555555555556
20.128,-6.14,-5.52,1.27
20.148,-6.47,-4.96,1.208888888888889
20.168,-6.75,-4.95,1.1477777777777778
20.188,-6.73,-5.01,1.0844444444444445
20.208,-7.08,-4.78,1.028888888888889
20.228,-7.29,-4.45,0.9722222222222222
20.248,-7.37,-4.3,0.9122222222222223
20.268,-7.64,-4.48,0.8588888888888889
20.288,-7.64,-4.16,0.8033333333333333
20.308,-7.92,-4.16,0.75
20.328,-7.88,-3.83,0.6944444444444444
20.348,-8.07,-3.99,0.64
20.368,-8.05,-3.78,0.5888888888888889
20.388,-8.2,-3.69,0.5366666666666666
20.408,-8.23,-3.57,0.4811111111111111
20.428,-8.26,-3.63,0.43
20.448,-8.33,-3.46,0.38
20.468,-8.39,-3.34,0.3277777777777778
20.488,-8.46,-3.35,0.2788888888888889
20.508,-8.44,-3.27,0.22666666666666666
20.528,-8.51,-3.39,0.17444444444444446
20.548,-8.53,-3.2,0.12444444444444444
20.568,-8.58,-3.22,0.07555555555555556
20.588,-8.59,-3.3,0.025555555555555557
20.608,-8.57,-3.15,-0.024444444444444446
20.628,-8.58,-3.29,-0.07666666666666666
20.648,-8.5,-3.26,-0.1288888888888889
20.668,-8.55,-3.22,-0.18
20.688,-8.5,-3.28,-0.23
20.708,-8.45,-3.35,-0.28444444444444444
20.728,-8.44,-3.36,-0.3333333333333333
20.748,-8.38,-3.35,-0.38666666666666666
20.768,-8.2,-3.71,-0.4411111111111111
20.788,-8.18,-3.45,-0.5
20.808,-8.12,-3.6,-0.5566666666666666
20.828,-7.94,-3.75,-0.6155555555555555
20.848,-7.95,-3.75,-0.6788888888888889
20.868,-7.8,-3.75,-0.7433333333333333
20.888,-7.65,-4.1,-0.8022222222222222
20.908,-7.52,-4.02,-0.87
20.928,-7.39,-4.16,-0.9366666666666666
20.948,-7.17,-4.38,-1.0044444444444445
20.968,-6.95,-4.48,-1.0733333333333333
20.988,-6.79,-4.67,-1.1433333333333333
21.008,-6.55,-4.76,-1.2133333333333334
21.028,-6.32,-4.88,-1.2866666666666666
21.048,-6.08,-5.05,-1.3655555555555556
21.068,-5.73,-5.3,-1.441111111111111
21.088,-5.45,-5.32,-1.521111111111111
21.108,-5.12,-5.46,-1.6066666666666667
21.128,-4.67,-5.7,-1.6477777777777778
21.148,-4.22,-5.99,-1.78
21.168,-3.8,-5.93,-1.8222222222222222
21.188,-3.45,-6.17,-1.96
21.208,-2.86,-6.32,-2.0044444444444443
21.228,-2.27,-6.61,-2.148888888888889
21.248,-1.75,-6.59,-2.1955555555555555
21.268,-0.93,-7.02,-2.3444444444444446
21.288,-0.53,-7.01,-2.4411111111111112
21.308,0.3,-7.02,-2.5433333333333334
21.328,1.2,-7.27,-2.647777777777778
21.348,1.77,-7.23,-2.6966666666666668
21.368,2.55,-7.47,-2.8533333333333335
21.388,3.26,-7.22,-2.9066666666666667
21.408,4.16,-7.38,-3.01
21.428,5.47,-7.31,-3.1144444444444446
21.448,5.91,-7.47,-3.2133333333333334
21.468,7.2,-7.09,-3.311111111111111
21.488,7.78,-7.39,-3.4044444444444446
21.508,9.28,-6.92,-3.5
21.528,9.91,-6.99,-3.5833333333333335
21.548,10.95,-6.77,-3.668888888888889
21.568,11.74,-6.3,-3.74
21.588,12.56,-5.94,-3.8022222222222224
21.608,13.61,-5.63,-3.87
21.628,14.26,-4.54,-3.902222222222222
21.648,15.05,-4.54,-3.9755555555555557
21.668,15.74,-3.87,-4.018888888888889
21.688,15.98,-3.28,-4.055555555555555
21.708,16.75,-2.6,-4.085555555555556
21.728,16.94,-2.21,-4.114444444444445
21.748,17.13,-1.17,-4.13
21.768,17.43,-0.6,-4.1466666666666665
21.788,17.28,-0.03,-4.1433333333333335
21.808,17.26,0.52,-4.138888888888889
21.828,17.04,1.81,-4.121111111111111
21.848,16.99,2.4,-4.112222222222222
21.868,16.45,2.15,-4.083333333333333
21.888,16.15,3.42,-4.047777777777778
21.908,15.58,4.23,-4.006666666666667
21.928,15.21,3.95,-3.9633333333333334
21.948,14.09,5.3,-3.9133333333333336
21.968,13.68,5.62,-3.8533333333333335
21.988,12.79,5.76,-3.79
22.008,11.96,6.25,-3.723333333333333
22.028,11.26,6.73,-3.652222222222222
22.048,10.32,6.81,-3.58
22.068,9.39,7.23,-3.5
22.088,8.71,7.51,-3.42
22.108,7.5,7.21,-3.35
22.128,6.79,7.73,-3.2511111111111113
22.148,5.81,8.05,-3.168888888888889
22.168,5.13,7.63,-3.082222222222222
22.188,4.18,7.98,-2.9944444444444445
22.208,3.42,7.86,-2.9133333333333336
22.228,2.53,7.71,-2.8233333333333333
22.248,1.92,7.78,-2.74
22.268,1.05,7.64,-2.652222222222222
22.288,0.5,7.57,-2.5722222222222224
22.308,-0.28,7.64,-2.4877777777777776
22.328,-0.49,6.2,-2.417777777777778
22.348,-1.36,6.5,-2.327777777777778
22.368,-2.5,7.4,-2.2511111111111113
22.388,-2.3,6.9,-2.18
22.408,-2.96,6.44,-2.1033333333333335
22.428,-3.83,6.43,-2.0366666666666666
22.448,-3.91,6.36,-1.9644444444444444
22.468,-4.61,5.89,-1.8966666666666667
22.488,-4.79,5.8,-1.83
22.508,-5.16,5.59,-1.768888888888889
22.528,-5.72,5.25,-1.708888888888889
22.548,-5.81,5.19,-1.6511111111111112
22.568,-6.23,5.16,-1.5977777777777777
22.588,-6.49,4.64,-1.5444444444444445
22.608,-6.68,4.72,-1.4933333333333334
22.628,-6.99,4.39,-1.4433333333333334
22.648,-7.18,4.12,-1.3966666666666667
22.668,-7.42,4.1,-1.3533333333333333
22.688,-7.48,3.83,-1.31
22.708,-7.84,3.57,-1.27
22.728,-7.95,3.3,-1.2333333333333334
22.748,-7.92,3.23,-1.1977777777777778
22.768,-8.09,3.1,-1.16
22.788,-8.31,3.0,-1.1266666666666667
22.808,-8.34,2.64,-1.0933333333333333
22.828,-8.5,2.5,-1.06
22.848,-8.53,2.34,-1.021111111111111
22.868,-8.66,1.73,-0.9911111111111112
22.888,-8.74,2.29,-0.9622222222222222
22.908,-8.89,1.58,-0.9266666666666666
22.928,-8.89,1.18,-0.8933333333333333
22.948,-9.0,1.56,-0.8611111111111112
22.968,-8.87,1.15,-0.8277777777777777
22.988,-9.1,0.8,-0.7944444444444444
23.008,-9.12,0.45,-0.76
23.028,-9.14,1.14,-0.7266666666666667
23.048,-9.19,0.64,-0.69
23.068,-9.34,0.0,-0.6544444444444445
23.088,-9.21,0.34,-0.62
23.108,-9.27,0.61,-0.5833333333333334
23.128,-9.52,-0.33,-0.5444444444444444
23.148,-9.43,-0.09,-0.51
23.168,-9.61,0.17,-0.47
23.188,-9.33,-0.49,-0.43
23.208,-9.53,-0.45,-0.39222222222222225
23.228,-9.58,0.03,-0.35888888888888887
23.248,-9.35,-1.1,-0.31555555555555553
23.268,-9.32,-0.58,-0.28
23.288,-9.58,-0.75,-0.24
23.308,-9.33,-0.68,-0.2
23.328,-9.35,-0.57,-0.15888888888888889
23.348,-9.55,-0.95,-0.12111111111111111
23.368,-9.52,-0.57,-0.08555555555555555
23.388,-9.51,-0.6,-0.04777777777777778
23.408,-9.3,-0.8,-0.01
23.428,-9.61,-0.81,0.024444444444444446
23.448,-9.51,-0.46,0.07666666666666666
23.468,-9.54,-0.7,0.09666666666666666
23.488,-9.47,-0.72,0.14777777777777779
23.508,-9.48,-0.45,0.16666666666666666
23.528,-9.59,-0.46,0.21777777777777776
23.548,-9.42,-0.94,0.2511111111111111
23.568,-9.45,-0.16,0.2877777777777778
23.588,-9.42,-0.12,0.32222222222222224
23.608,-9.47,-0.58,0.3522222222222222
23.628,-9.44,-0.25,0.38
23.648,-9.37,0.08,0.4177777777777778
23.668,-9.37,-0.24,0.4488888888888889
23.688,-9.39,0.11,0.47888888888888886
23.708,-9.27,0.43,0.51
23.728,-9.33,-0.01,0.5455555555555556
23.748,-9.24,0.26,0.5766666666666667
23.768,-9.21,0.7,0.6133333333333333
23.788,-9.25,0.59,0.6466666666666666
23.808,-9.1,0.6,0.68
23.828,-9.13,1.03,0.7177777777777777
23.848,-9.06,1.01,0.7566666666666667
23.868,-8.99,0.91,0.79
23.888,-8.93,1.32,0.8288888888888889
23.908,-8.92,1.43,0.8644444444444445
23.928,-8.77,1.5,0.9044444444444445
23.948,-8.75,1.77,0.9444444444444444
23.968,-8.57,2.05,0.9855555555555555
23.988,-8.64,1.97,1.0255555555555556
24.008,-8.41,2.39,1.0722222222222222
24.028,-8.21,2.49,1.1166666666666667
24.048,-8.2,2.56,1.1633333333333333
24.068,-8.02,2.68,1.2122222222222223
24.088,-7.73,3.03,1.26
24.108,-7.62,3.28,1.31
24.128,-7.37,3.57,1.3611111111111112
24.148,-7.25,3.67,1.4155555555555555
24.168,-7.07,4.01,1.47
24.188,-6.77,4.11,1.5277777777777777
24.208,-6.48,4.55,1.5888888888888888
24.228,-6.21,4.47,1.65
24.248,-5.89,4.91,1.71
24.268,-5.53,5.0,1.7733333333333334
24.288,-5.17,5.46,1.84
24.308,-4.75,5.45,1.91
24.328,-4.33,5.85,1.98
24.348,-3.85,5.93,2.05
24.368,-3.4,6.15,2.1266666666666665
24.388,-2.95,6.49,2.2
24.408,-2.16,6.7,2.2777777777777777
24.428,-1.96,6.89,2.358888888888889
24.448,-1.15,7.16,2.433333333333333
24.468,-0.59,7.31,2.513333333333333
24.488,0.11,7.52,2.5922222222222224
24.508,0.79,7.56,2.671111111111111
24.528,1.65,7.8,2.752222222222222
24.548,2.27,7.79,2.831111111111111
24.568,3.19,7.9,2.9133333333333336
24.588,3.79,8.01,2.9966666666666666
24.608,5.05,7.95,3.071111111111111
24.628,5.79,8.0,3.161111111111111
24.648,6.27,7.91,3.2422222222222223
24.668,7.41,7.87,3.3266666666666667
24.688,8.27,7.61,3.4066666666666667
24.708,8.95,7.43,3.4855555555555555
24.728,10.21,7.19,3.562222222222222
24.748,10.68,6.92,3.637777777777778
24.768,11.6,6.65,3.7088888888888887
24.788,12.58,6.27,3.772222222222222
24.808,13.12,5.87,3.8344444444444443
24.828,14.23,5.24,3.8944444444444444
24.848,14.66,5.02,3.9455555555555555
24.868,15.43,4.24,3.9955555555555557
24.888,16.16,3.59,4.041111111111111
24.908,16.57,2.93,4.065555555555555
24.928,16.9,2.29,4.098888888888889
24.948,17.18,1.65,4.12
24.968,17.26,1.06,4.135555555555555
24.988,17.31,0.14,4.144444444444445
25.008,17.27,-0.09,4.128888888888889
25.028,17.29,-1.55,4.127777777777778
25.048,16.86,-2.56,4.114444444444445
25.068,16.73,-1.65,4.088888888888889
25.088,16.34,-2.7,4.065555555555555
25.108,15.56,-4.15,4.026666666666666
25.128,15.32,-3.87,3.9833333333333334
25.148,14.42,-4.81,3.9344444444444444
25.168,13.63,-5.68,3.8777777777777778
25.188,13.13,-5.44,3.8155555555555556
25.208,12.23,-5.84,3.7555555555555555
25.228,11.11,-6.7,3.681111111111111
25.248,10.61,-6.49,3.61
25.268,9.35,-7.24,3.53
25.288,8.62,-7.39,3.4522222222222223
25.308,7.81,-7.4,3.37
25.328,6.72,-7.64,3.2866666666666666
25.348,5.94,-7.64,3.2022222222222223
25.368,5.23,-7.74,3.1166666666666667
25.388,3.76,-7.63,3.028888888888889
25.408,3.62,-7.83,2.9411111111111112
25.428,2.28,-7.68,2.8544444444444443
25.448,1.37,-7.54,2.763333333333333
25.468,0.99,-7.69,2.6866666666666665
25.488,0.27,-7.55,2.6
25.508,-0.49,-4.2,2.5
25.528,-2.42,-8.14,2.43
25.548,-1.65,-7.8,2.351111111111111
25.568,-2.2,-6.55,2.3155555555555556
25.588,-2.62,-6.6,2.192222222222222
25.608,-3.03,-6.89,2.1544444444444446
25.628,-3.66,-6.49,2.0355555555555553
25.648,-4.1,-5.58,1.9922222222222221
25.668,-4.67,-5.79,1.8677777777777778
25.688,-4.89,-5.4,1.8266666666666667
25.708,-5.85,-4.61,1.7044444444444444
25.728,-5.95,-4.6,1.6622222222222223
25.748,-6.28,-4.38,1.538888888888889
25.768,-6.58,-4.32,1.46
25.788,-6.85,-4.23,1.42
25.808,-7.12,-4.04,1.3444444444444446
25.828,-7.37,-3.76,1.2777777777777777
25.848,-7.51,-3.93,1.208888888888889
25.868,-7.8,-3.44,1.1477777777777778
25.888,-7.92,-3.48,1.0877777777777777
25.908,-7.95,-3.57,1.0333333333333334
25.928,-8.15,-3.26,0.9822222222222222
25.948,-8.28,-2.99,0.93
25.968,-8.36,-3.18,0.88
25.988,-8.44,-2.79,0.8311111111111111
26.008,-8.63,-2.62,0.7833333333333333
26.028,-8.62,-2.66,0.7388888888888889
26.048,-8.71,-2.56,0.6922222222222222
26.068,-8.75,-2.39,0.65
26.088,-8.85,-2.4,0.6088888888888889
26.108,-8.95,-2.01,0.5655555555555556
26.128,-8.93,-2.15,0.5211111111111111
26.148,-9.01,-2.06,0.48
26.168,-9.05,-1.85,0.4388888888888889
26.188,-9.1,-1.93,0.39555555555555555
26.208,-9.14,-1.82,0.35555555555555557
26.228,-9.2,-1.71,0.31444444444444447
26.248,-9.19,-1.72,0.27555555555555555
26.268,-9.18,-1.73,0.23777777777777778
26.288,-9.23,-1.67,0.19777777777777777
26.308,-9.23,-1.71,0.16
26.328,-9.27,-1.58,0.12222222222222222
26.348,-9.25,-1.53,0.08777777777777777
26.368,-9.17,-1.65,0.04777777777777778
26.388,-9.19,-1.63,0.01
26.408,-9.23,-1.51,-0.025555555555555557
26.428,-9.19,-1.54,-0.06222222222222222
26.448,-9.17,-1.6,-0.10111111111111111
26.468,-9.18,-1.69,-0.14222222222222222
26.488,-9.19,-1.55,-0.18333333333333332
26.508,-9.15,-1.68,-0.22333333333333333
26.528,-9.12,-1.73,-0.26555555555555554
26.548,-9.13,-1.7,-0.31
26.568,-9.08,-1.81,-0.3522222222222222
26.588,-9.07,-1.89,-0.39555555555555555
26.608,-9.08,-1.83,-0.44
26.628,-9.04,-1.94,-0.48333333333333334
26.648,-8.88,-2.15,-0.5344444444444445
26.668,-8.81,-2.14,-0.58
26.688,-8.83,-2.15,-0.6333333333333333
26.708,-8.7,-2.29,-0.6822222222222222
26.728,-8.54,-2.5,-0.7344444444444445
26.748,-8.51,-2.48,-0.7911111111111111
26.768,-8.4,-2.61,-0.8477777777777777
26.788,-8.26,-2.81,-0.9044444444444445
26.808,-8.07,-3.04,-0.9644444444444444
26.828,-7.98,-3.06,-1.028888888888889
26.848,-7.75,-3.17,-1.09
26.868,-7.6,-3.61,-1.1588888888888889
26.888,-7.48,-3.61,-1.2244444444444444
26.908,-7.34,-3.56,-1.291111111111111
26.928,-6.95,-4.23,-1.36
26.948,-6.75,-4.24,-1.43
26.968,-6.48,-4.44,-1.501111111111111
26.988,-6.2,-4.56,-1.5788888888888888
27.008,-5.84,-4.72,-1.6566666666666667
27.028,-5.56,-5.01,-1.7377777777777779
27.048,-5.06,-5.28,-1.818888888888889
27.068,-4.8,-5.27,-1.9022222222222223
27.088,-4.11,-5.63,-1.988888888888889
27.108,-3.75,-5.91,-2.078888888888889
27.128,-3.08,-6.07,-2.168888888888889
27.148,-2.67,-6.34,-2.2622222222222224
27.168,-1.98,-6.43,-2.3544444444444443
27.188,-1.4,-6.79,-2.4466666666666668
27.208,-0.62,-6.77,-2.5455555555555556
27.228,-0.12,-7.1,-2.64
27.248,0.95,-7.21,-2.7355555555555555
27.268,1.44,-7.54,-2.831111111111111
27.288,2.5,-7.46,-2.922222222222222
27.308,3.13,-7.82,-3.0188888888888887
27.328,4.61,-7.84,-3.1066666666666665
27.348,5.26,-7.77,-3.19
27.368,6.25,-7.66,-3.27
27.388,7.21,-7.65,-3.3544444444444443
27.408,8.01,-7.48,-3.431111111111111
27.428,8.95,-7.4,-3.51
27.448,10.03,-7.07,-3.5922222222222224
27.468,10.54,-6.89,-3.66
27.488,11.93,-6.46,-3.73
27.508,12.42,-6.26,-3.796666666666667
27.528,13.33,-5.6,-3.8633333333333333
27.548,14.03,-5.26,-3.917777777777778
27.568,14.77,-4.81,-3.9555555555555557
27.588,15.31,-4.19,-4.018888888888889
27.608,16.11,-3.54,-4.057777777777778
27.628,16.4,-3.06,-4.092222222222222
27.648,16.87,-2.25,-4.12
27.668,17.19,-1.68,-4.14
27.688,17.33,-0.95,-4.15
27.708,17.45,-0.47,-4.157777777777778
27.728,17.34,0.23,-4.158888888888889
27.748,17.26,0.5,-4.137777777777778
27.768,16.89,2.43,-4.1322222222222225
27.788,16.73,2.19,-4.101111111111111
27.808,16.13,2.98,-4.078888888888889
27.828,15.83,3.97,-4.0377777777777775
27.848,15.33,4.0,-3.993333333333333
27.868,14.73,4.52,-3.9433333333333334
27.888,13.87,5.53,-3.888888888888889
27.908,13.44,5.67,-3.8266666666666667
27.928,12.3,6.04,-3.763333333333333
27.948,11.73,6.62,-3.6944444444444446
27.968,10.7,6.75,-3.612222222222222
27.988,9.97,6.98,-3.5366666666666666
28.008,8.97,7.45,-3.46
28.028,8.23,7.51,-3.38
28.048,7.31,7.39,-3.296666666666667
28.068,6.35,7.91,-3.2066666666666666
28.088,5.69,7.76,-3.12
28.108,4.66,7.74,-3.0366666666666666
28.128,3.98,7.99,-2.95
28.148,3.03,7.71,-2.858888888888889
28.168,2.04,7.71,-2.772222222222222
28.188,1.22,7.82,-2.6822222222222223
28.208,0.62,7.56,-2.601111111111111
28.228,-0.14,7.32,-2.5211111111111113
28.248,-0.89,8.26,-2.4322222222222223
28.268,-1.62,7.37,-2.35
28.288,-1.74,6.95,-2.27
28.308,-2.77,6.93,-2.19
28.328,-3.05,6.6,-2.11
28.348,-3.5,6.52,-2.033333333333333
28.368,-3.86,6.14,-1.9566666666666668
28.388,-4.32,6.07,-1.8844444444444444
28.408,-4.72,5.84,-1.8122222222222222
28.428,-5.11,5.38,-1.741111111111111
28.448,-5.41,5.49,-1.6711111111111112
28.468,-5.82,5.05,-1.6022222222222222
28.488,-6.08,4.86,-1.531111111111111
28.508,-6.38,4.83,-1.468888888888889
28.528,-6.58,4.41,-1.4033333333333333
28.548,-6.87,4.24,-1.34
28.568,-7.05,4.29,-1.281111111111111
28.588,-7.31,3.87,-1.2233333333333334
28.608,-7.53,3.8,-1.1688888888888889
28.628,-7.66,3.9,-1.1166666666666667
28.648,-7.78,3.51,-1.0666666666666667
28.668,-8.05,3.22,-1.0177777777777777
28.688,-8.12,3.31,-0.97
28.708,-8.21,3.03,-0.9233333333333333
28.728,-8.37,2.88,-0.8777777777777778
28.748,-8.43,2.77,-0.8311111111111111
28.768,-8.51,2.69,-0.7855555555555556
28.788,-8.6,2.49,-0.74
28.808,-8.62,2.39,-0.6944444444444444
28.828,-8.75,2.31,-0.6566666666666666
28.848,-8.76,2.14,-0.6133333333333333
28.868,-8.87,2.14,-0.5711111111111111
28.888,-8.86,1.93,-0.5311111111111111
28.908,-8.98,1.81,-0.4922222222222222
28.928,-8.98,1.8,-0.45222222222222225
28.948,-9.03,1.7,-0.4122222222222222
28.968,-9.08,1.69,-0.37333333333333335
28.988,-9.18,1.57,-0.33444444444444443
29.008,-9.19,1.43,-0.29444444444444445
29.028,-9.25,1.49,-0.25666666666666665
29.048,-9.14,1.34,-0.21555555555555556
29.068,-9.23,1.31,-0.17888888888888888
29.088,-9.26,1.27,-0.14
29.108,-9.22,1.33,-0.1
29.128,-9.26,1.33,-0.06
29.148,-9.21,1.24,-0.0011111111111111111
29.168,-9.24,1.33,0.03888888888888889
29.188,-9.25,1.35,0.057777777777777775
29.208,-9.18,1.32,0.09777777777777778
29.228,-9.2,1.3,0.15666666666666668
29.248,-9.13,1.32,0.2
29.268,-9.12,1.41,0.24
29.288,-9.12,1.36,0.2833333333333333
29.308,-9.09,1.49,0.3277777777777778
29.328,-9.06,1.59,0.3688888888888889
29.348,-9.05,1.48,0.41333333333333333
29.368,-9.05,1.66,0.46
29.388,-8.98,1.73,0.5055555555555555
29.408,-8.94,1.78,0.5544444444444444
29.428,-8.88,1.89,0.6
29.448,-8.78,2.01,0.6511111111111111
29.468,-8.75,2.09,0.7
29.488,-8.68,2.16,0.75
29.508,-8.47,2.32,0.8033333333333333
29.528,-8.46,2.54,0.8577777777777778
29.548,-8.29,2.57,0.9111111111111111
29.568,-8.21,2.75,0.97
29.588,-8.04,2.93,1.03
29.608,-7.88,3.03,1.09
29.628,-7.65,3.2,1.1511111111111112
29.648,-7.56,3.39,1.2166666666666666
29.668,-7.31,3.56,1.28
29.688,-7.18,3.82,1.3477777777777777
29.708,-6.83,3.8,1.4155555555555555
29.728,-6.64,4.3,1.4877777777777779
29.748,-6.34,4.38,1.558888888888889
29.768,-6.08,4.51,1.6322222222222222
29.788,-5.64,4.82,1.7055555555555555
29.808,-5.3,5.17,1.788888888888889
29.828,-4.91,5.24,1.8611111111111112
29.848,-4.53,5.63,1.9422222222222223
29.868,-4.01,5.59,2.0244444444444443
29.888,-3.53,6.24,2.1077777777777778
29.908,-2.82,6.19,2.19
29.928,-2.41,6.74,2.2755555555555556
29.948,-1.71,6.68,2.3644444444444446
29.968,-1.34,6.89,2.4477777777777776
29.988,-0.2,7.3,2.5344444444444445
30.008,0.19,7.16,2.6277777777777778
30.028,1.03,7.55,2.7144444444444447
30.048,1.8,7.5,2.801111111111111
30.068,2.62,7.69,2.8944444444444444
30.088,3.33,7.86,2.982222222222222
30.108,4.04,7.8,3.071111111111111
30.128,5.17,7.68,3.1133333333333333
30.148,6.05,7.92,3.2455555555555557
30.168,6.64,7.67,3.29
30.188,7.56,7.85,3.37
30.208,8.41,7.53,3.457777777777778
30.228,9.47,7.49,3.5744444444444445
30.248,10.35,7.09,3.6544444444444446
30.268,11.01,6.77,3.69
30.288,12.32,6.47,3.7911111111111113
30.308,12.74,6.27,3.831111111111111
30.328,13.84,5.37,3.92
30.348,14.54,5.38,3.9477777777777776
30.368,15.12,4.6,4.027777777777778
30.388,15.73,4.03,4.061111111111111
30.408,16.4,3.67,4.092222222222222
30.428,16.67,3.11,4.13
30.448,17.25,2.05,4.154444444444445
30.468,17.37,1.78,4.18
30.488,17.54,0.86,4.191111111111111
30.508,17.52,0.08,4.197777777777778
30.528,17.46,-0.1,4.187777777777778
30.548,17.02,-1.22,4.198888888888889
30.568,16.74,-2.6,4.174444444444444
30.588,16.83,-2.08,4.148888888888889
30.608,16.3,-3.19,4.118888888888889
30.628,15.74,-4.37,4.081111111111111
30.648,14.93,-4.05,4.0377777777777775
30.668,14.1,-5.34,3.986666666666667
30.688,13.33,-5.61,3.9344444444444444
30.708,13.0,-5.51,3.867777777777778
30.728,11.47,-6.8,3.8088888888888888
30.748,10.98,-6.73,3.7355555555555555
30.768,10.03,-6.76,3.66
30.788,8.89,-7.51,3.582222222222222
30.808,8.25,-7.16,3.5
30.828,7.38,-7.59,3.418888888888889
30.848,6.04,-7.68,3.3377777777777777
30.868,5.72,-7.67,3.25
30.888,4.23,-7.87,3.1622222222222223
30.908,3.67,-7.64,3.0744444444444445
30.928,2.78,-7.81,2.9877777777777776
30.948,1.87,-7.71,2.901111111111111
30.968,1.48,-6.36,2.8222222222222224
30.988,0.4,-8.58,2.716666666666667
31.008,0.04,-7.75,2.65
31.028,-0.95,-6.67,2.5655555555555556
31.048,-1.42,-7.05,2.48
31.068,-2.31,-6.9,2.402222222222222
31.088,-2.54,-6.21,2.327777777777778
31.108,-3.3,-6.73,2.252222222222222
31.128,-3.72,-6.6,2.178888888888889
31.148,-4.23,-5.58,2.102222222222222
31.168,-4.66,-5.58,2.03
31.188,-4.93,-5.7,1.96
31.208,-5.61,-5.15,1.8922222222222222
31.228,-5.79,-4.81,1.8211111111111111
31.248,-6.11,-4.9,1.7544444444444445
31.268,-6.41,-4.35,1.6855555555555555
31.288,-6.7,-4.09,1.6233333333333333
31.308,-6.93,-4.06,1.56
31.328,-7.21,-3.69,1.4944444444444445
31.348,-7.41,-3.48,1.4355555555555555
31.368,-7.72,-3.06,1.3711111111111112
31.388,-7.85,-2.87,1.3111111111111111
31.408,-7.94,-2.85,1.2533333333333334
31.428,-8.19,-2.73,1.1922222222222223
31.448,-8.35,-2.24,1.1366666666666667
31.468,-8.4,-2.44,1.0822222222222222
31.488,-8.72,-1.88,1.028888888888889
31.508,-8.7,-1.77,0.9777777777777777
31.528,-8.84,-1.66,0.9288888888888889
31.548,-8.74,-1.65,0.8788888888888889
31.568,-8.99,-1.48,0.83
31.588,-9.01,-1.11,0.7833333333333333
31.608,-9.03,-1.11,0.7377777777777778
31.628,-9.12,-1.02,0.6933333333333334
31.648,-9.24,-0.95,0.6488888888888888
31.668,-9.31,-0.53,0.6055555555555555
31.688,-9.12,-0.98,0.56
31.708,-9.2,-0.77,0.5166666666666667
31.728,-9.44,-0.19,0.4711111111111111
31.748,-9.29,-0.55,0.4311111111111111
31.768,-9.29,-0.59,0.39222222222222225
31.788,-9.42,-0.09,0.3522222222222222
31.808,-9.43,-0.3,0.3111111111111111
31.828,-9.36,-0.45,0.27111111111111114
31.848,-9.43,-0.01,0.23222222222222222
31.868,-9.47,0.02,0.19444444444444445
31.888,-9.42,-0.32,0.15444444444444444
31.908,-9.49,0.04,0.11777777777777777
31.928,-9.49,0.14,0.07777777777777778
31.948,-9.45,-0.22,0.04
31.968,-9.48,-0.03,0.0
31.988,-9.47,0.08,-0.034444444444444444
32.008,-9.44,-0.27,-0.07222222222222222
32.028,-9.46,-0.07,-0.1111111111111111
32.048,-9.48,0.06,-0.14555555555555555
32.068,-9.46,-0.27,-0.18333333333333332
32.088,-9.41,-0.32,-0.22111111111111112
32.108,-9.4,-0.12,-0.25666666666666665
32.128,-9.4,-0.44,-0.29555555555555557
32.148,-9.37,-0.37,-0.3322222222222222
32.168,-9.41,-0.31,-0.36666666666666664
32.188,-9.34,-0.6,-0.4077777777777778
32.208,-9.34,-0.66,-0.4477777777777778
32.228,-9.27,-0.61,-0.4866666666666667
32.248,-9.26,-0.7,-0.5255555555555556
32.268,-9.24,-0.82,-0.5677777777777778
32.288,-9.18,-0.84,-0.6088888888888889
32.308,-9.11,-1.19,-0.6488888888888888
32.328,-9.06,-1.15,-0.6955555555555556
32.348,-8.97,-1.31,-0.7411111111111112
32.368,-8.91,-1.51,-0.7866666666666666
32.388,-8.83,-1.53,-0.8322222222222222
32.408,-8.81,-1.69,-0.8855555555555555
32.428,-8.66,-1.87,-0.9355555555555556
32.448,-8.62,-2.03,-0.9866666666666667
32.468,-8.41,-2.24,-1.038888888888889
32.488,-8.37,-2.4,-1.0944444444444446
32.508,-8.2,-2.4,-1.15
32.528,-8.08,-2.85,-1.21
32.548,-7.81,-2.97,-1.27
32.568,-7.75,-3.03,-1.33
32.588,-7.43,-3.33,-1.3966666666666667
32.608,-7.29,-3.46,-1.4677777777777778
32.628,-6.94,-3.76,-1.5355555555555556
32.648,-6.67,-4.05,-1.6077777777777778
32.668,-6.39,-4.22,-1.681111111111111
32.688,-6.06,-4.31,-1.7566666666666666
32.708,-5.72,-4.85,-1.83
32.728,-5.26,-4.75,-1.91
32.748,-4.88,-5.36,-1.988888888888889
32.768,-4.33,-5.49,-2.07
32.788,-3.98,-5.89,-2.15
32.808,-3.47,-5.82,-2.238888888888889
32.828,-2.86,-6.37,-2.318888888888889
32.848,-2.34,-6.46,-2.402222222222222
32.868,-1.66,-6.63,-2.4922222222222223
32.888,-1.06,-6.89,-2.578888888888889
32.908,-0.19,-7.06,-2.667777777777778
32.928,0.4,-7.35,-2.7577777777777777
32.948,1.22,-7.42,-2.8455555555555554
32.968,1.89,-7.51,-2.933333333333333
32.988,2.8,-7.68,-3.0233333333333334
33.008,3.53,-7.64,-3.1077777777777778
33.028,4.71,-7.63,-3.1911111111111112
33.048,5.27,-7.9,-3.2755555555555556
33.068,6.63,-7.7,-3.36
33.088,7.32,-7.59,-3.44
33.108,8.26,-7.59,-3.5188888888888887
33.128,9.15,-7.15,-3.5944444444444446
33.148,10.53,-7.02,-3.67
33.168,11.37,-6.79,-3.743333333333333
33.188,12.29,-6.12,-3.81
33.208,13.1,-6.11,-3.8722222222222222
33.228,13.8,-5.42,-3.93
33.248,14.58,-4.98,-3.9755555555555557
33.268,15.39,-4.49,-4.0377777777777775
33.288,15.81,-3.99,-4.0777777777777775
33.308,16.49,-3.15,-4.118888888888889
33.328,16.77,-2.71,-4.144444444444445
33.348,17.14,-1.99,-4.17
33.368,17.34,-1.29,-4.182222222222222
33.388,17.51,-0.54,-4.19
33.408,17.51,-0.03,-4.192222222222222
33.428,17.39,0.48,-4.178888888888889
33.448,16.96,2.22,-4.173333333333333
33.468,17.35,2.08,-4.152222222222222
33.488,17.02,1.84,-4.121111111111111
33.508,16.24,3.63,-4.087777777777778
33.528,15.98,4.21,-4.043333333333333
33.548,14.76,4.39,-3.993333333333333
33.568,14.25,5.07,-3.937777777777778
33.588,13.9,5.72,-3.8844444444444446
33.608,12.86,5.87,-3.82
33.628,12.12,6.07,-3.7455555555555557
33.648,11.36,6.81,-3.668888888888889
33.668,10.46,6.9,-3.5944444444444446
33.688,9.55,7.09,-3.52
33.708,8.75,7.66,-3.4344444444444444
33.728,7.59,7.53,-3.3566666666666665
33.748,6.77,7.56,-3.272222222222222
33.768,5.8,8.04,-3.18
33.788,4.82,7.98,-3.0955555555555554
33.808,4.12,7.77,-3.011111111111111
33.828,3.32,8.0,-2.9244444444444446
33.848,2.65,7.62,-2.84
33.868,1.8,7.87,-2.752222222222222
33.888,1.1,7.94,-2.672222222222222
33.908,0.62,6.61,-2.5855555555555556
33.928,-0.23,6.66,-2.502222222222222
33.948,-0.98,7.49,-2.4244444444444446
33.968,-1.93,7.38,-2.3466666666666667
33.988,-2.03,6.59,-2.27
34.008,-2.88,6.23,-2.1977777777777776
34.028,-3.23,6.79,-2.1244444444444444
34.048,-3.73,6.08,-2.057777777777778
34.068,-4.34,6.03,-1.988888888888889
34.088,-4.59,5.94,-1.9266666666666667
34.108,-5.13,5.59,-1.86
34.128,-5.47,5.34,-1.8
34.148,-5.7,5.25,-1.7444444444444445
34.168,-6.08,4.95,-1.69
34.188,-6.28,4.72,-1.6344444444444444
34.208,-6.69,4.59,-1.5822222222222222
34.228,-6.76,4.14,-1.5322222222222222
34.248,-7.01,4.06,-1.4866666666666666
34.268,-7.21,3.88,-1.441111111111111
34.288,-7.42,3.51,-1.4
34.308,-7.6,3.44,-1.3544444444444443
34.328,-7.85,3.13,-1.3144444444444445
34.348,-8.02,2.93,-1.2744444444444445
34.368,-8.17,2.71,-1.2333333333333334
34.388,-8.16,2.73,-1.1977777777777778
34.408,-8.57,2.12,-1.1544444444444444
34.428,-8.55,1.92,-1.1155555555555556
34.448,-8.55,1.99,-1.08
34.468,-8.59,1.93,-1.0422222222222222
34.488,-8.83,1.35,-1.0022222222222221
34.508,-8.94,1.1,-0.9677777777777777
34.528,-8.91,1.32,-0.93
34.548,-8.88,0.75,-0.8944444444444445
34.568,-9.06,0.71,-0.8555555555555555
34.588,-9.14,0.52,-0.8188888888888889
34.608,-9.17,0.37,-0.7788888888888889
34.628,-9.18,0.27,-0.7422222222222222
34.648,-9.23,0.11,-0.7244444444444444
34.668,-9.28,0.04,-0.6855555555555556
34.688,-9.37,-0.29,-0.6488888888888888
34.708,-9.34,-0.22,-0.61
34.728,-9.4,-0.42,-0.5522222222222222
34.748,-9.34,-0.55,-0.5355555555555556
34.768,-9.44,-0.65,-0.47888888888888886
34.788,-9.4,-0.68,-0.4588888888888889
34.808,-9.4,-0.95,-0.4
34.828,-9.42,-0.79,-0.38222222222222224
34.848,-9.46,-0.85,-0.32666666666666666
34.868,-9.42,-0.95,-0.31
34.888,-9.46,-1.14,-0.2544444444444444
34.908,-9.5,-1.11,-0.23555555555555555
34.928,-9.46,-1.02,-0.2
34.948,-9.5,-1.08,-0.16333333333333333
34.968,-9.48,-1.23,-0.12777777777777777
34.988,-9.49,-1.1,-0.09555555555555556
35.008,-9.55,-1.11,-0.06
35.028,-9.48,-1.15,-0.021111111111111112
35.048,-9.51,-1.02,0.008888888888888889
35.068,-9.49,-1.15,0.04
35.088,-9.51,-1.19,0.07555555555555556
35.108,-9.54,-1.02,0.1111111111111111
35.128,-9.52,-0.98,0.14444444444444443
35.148,-9.47,-1.09,0.1922222222222222
35.168,-9.45,-0.96,0.23
35.188,-9.46,-0.82,0.2633333333333333
35.208,-9.46,-0.86,0.3
35.228,-9.47,-0.82,0.33444444444444443
35.248,-9.43,-0.69,0.3711111111111111
35.268,-9.45,-0.69,0.4077777777777778
35.288,-9.37,-0.66,0.4444444444444444
35.308,-9.35,-0.56,0.4811111111111111
35.328,-9.37,-0.53,0.5188888888888888
35.348,-9.34,-0.41,0.56
35.368,-9.31,-0.15,0.5977777777777777
35.388,-9.28,-0.07,0.6388888888888888
35.408,-9.22,-0.14,0.68
35.428,-9.19,0.18,0.7188888888888889
35.448,-9.13,0.34,0.7588888888888888
35.468,-9.13,0.33,0.8
35.488,-9.05,0.57,0.8422222222222222
35.508,-8.98,0.86,0.8866666666666667
35.528,-8.94,0.82,0.93
35.548,-8.83,0.97,0.9766666666666667
35.568,-8.78,1.3,1.021111111111111
35.588,-8.62,1.26,1.07
35.608,-8.6,1.49,1.12
35.628,-8.4,1.96,1.17
35.648,-8.24,1.87,1.2222222222222223
35.668,-8.1,2.39,1.2766666666666666
35.688,-7.89,2.57,1.3344444444444445
35.708,-7.69,2.58,1.3866666666666667
35.728,-7.64,3.06,1.4444444444444444
35.748,-7.29,3.27,1.5022222222222221
35.768,-7.17,3.36,1.5644444444444445
35.788,-6.84,3.87,1.6255555555555556
35.808,-6.57,3.97,1.6877777777777778
35.828,-6.26,4.49,1.75
35.848,-5.86,4.47,1.8122222222222222
35.868,-5.61,4.81,1.8788888888888888
35.888,-5.26,5.02,1.9455555555555555
35.908,-4.54,5.18,2.013333333333333
35.928,-4.43,5.86,2.0833333333333335
35.948,-3.87,5.78,2.1533333333333333
35.968,-3.59,6.06,2.227777777777778
35.988,-2.67,6.55,2.3
36.008,-2.46,6.58,2.3722222222222222
36.028,-1.74,6.86,2.451111111111111
36.048,-0.98,7.08,2.5244444444444443
36.068,-0.47,7.25,2.61
36.088,0.14,7.38,2.6855555555555557
36.108,1.11,7.68,2.767777777777778
36.128,1.59,7.67,2.85
36.148,2.69,7.87,2.93
36.168,3.26,7.87,3.01
36.188,4.27,8.08,3.091111111111111
36.208,5.21,7.84,3.17
36.228,6.13,7.98,3.2577777777777777
36.248,6.6,7.76,3.3422222222222224
36.268,8.06,7.62,3.422222222222222
36.288,8.39,7.54,3.5033333333333334
36.308,9.85,7.28,3.5844444444444443
36.328,10.46,7.07,3.66
36.348,11.39,6.84,3.73
36.368,12.31,6.48,3.8033333333333332
36.388,13.11,5.97,3.87
36.408,13.84,5.81,3.93
36.428,14.71,5.12,3.991111111111111
36.448,15.49,4.43,4.04
36.468,16.29,3.75,4.091111111111111
36.488,16.54,3.36,4.127777777777778
36.508,17.12,2.49,4.155555555555556
36.528,17.33,1.91,4.183333333333334
36.548,17.54,1.15,4.206666666666667
36.568,17.61,0.53,4.214444444444444
36.588,17.56,-0.14,4.2188888888888885
36.608,17.44,-0.3,4.198888888888889
36.628,17.06,-2.27,4.2188888888888885
36.648,17.05,-1.97,4.178888888888889
36.668,16.59,-2.24,4.155555555555556
36.688,16.08,-3.83,4.126666666666667
36.708,15.49,-4.29,4.078888888888889
36.728,15.16,-3.92,4.036666666666667
36.748,13.77,-5.78,3.9877777777777776
36.768,13.35,-5.81,3.9233333333333333
36.788,12.63,-5.72,3.8633333333333333
36.808,11.47,-6.69,3.7944444444444443
36.828,10.88,-6.49,3.73
36.848,10.18,-6.87,3.6455555555555557
36.868,8.59,-7.42,3.568888888888889
36.888,8.29,-7.3,3.48
36.908,6.84,-7.65,3.4033333333333333
36.928,6.1,-7.68,3.3144444444444443
36.948,5.24,-7.71,3.2288888888888887
36.968,4.2,-7.76,3.14
36.988,3.55,-7.62,3.048888888888889
37.008,2.63,-7.63,2.95
37.028,1.82,-7.54,2.8722222222222222
37.048,1.33,-7.93,2.7888888888888888
37.068,1.36,-10.25,2.671111111111111
37.088,-0.22,-5.98,2.6066666666666665
37.108,-1.5,-6.96,2.5144444444444445
37.128,-1.6,-6.7,2.4322222222222223
37.148,-2.89,-6.22,2.3455555555555554
37.168,-2.91,-6.39,2.26
37.188,-3.58,-6.44,2.1766666666666667
37.208,-3.87,-5.52,2.0944444444444446
37.228,-4.49,-5.61,2.0122222222222224
37.248,-4.67,-5.57,1.9288888888888889
37.268,-5.11,-5.11,1.8533333333333333
37.288,-5.65,-4.83,1.7755555555555556
37.308,-6.06,-4.91,1.701111111111111
37.328,-6.31,-4.54,1.63
37.348,-6.58,-4.47,1.56
37.368,-6.92,-4.03,1.49
37.388,-7.16,-3.89,1.43
37.408,-7.35,-3.95,1.3688888888888888
37.428,-7.56,-3.54,1.3055555555555556
37.448,-7.86,-3.37,1.2477777777777779
37.468,-7.84,-3.34,1.1933333333333334
37.488,-8.1,-3.06,1.1366666666666667
37.508,-8.24,-2.78,1.0866666666666667
37.528,-8.34,-2.77,1.0344444444444445
37.548,-8.43,-2.62,0.9855555555555555
37.568,-8.53,-2.36,0.94
37.588,-8.61,-2.45,0.89
37.608,-8.67,-2.16,0.85
37.628,-8.82,-2.12,0.81
37.648,-8.85,-2.04,0.7744444444444445
37.668,-8.96,-1.79,0.7411111111111112
37.688,-9.0,-1.73,0.7077777777777777
37.708,-9.02,-1.77,0.6755555555555556
37.728,-9.11,-1.55,0.6444444444444445
37.748,-9.12,-1.46,0.6188888888888889
37.768,-9.17,-1.42,0.5911111111111111
37.788,-9.2,-1.24,0.5633333333333334
37.808,-9.25,-1.11,0.5366666666666666
37.828,-9.27,-0.99,0.51
37.848,-9.3,-0.96,0.4811111111111111
37.868,-9.4,-0.85,0.45444444444444443
37.888,-9.42,-0.62,0.42777777777777776
37.908,-9.41,-0.78,0.4011111111111111
37.928,-9.37,-0.62,0.37222222222222223
37.948,-9.4,-0.56,0.3466666666666667
37.968,-9.43,-0.52,0.32
37.988,-9.42,-0.44,0.29444444444444445
38.008,-9.4,-0.4,0.27
38.028,-9.42,-0.35,0.24222222222222223
38.048,-9.42,-0.31,0.21666666666666667
38.068,-9.46,-0.16,0.18888888888888888
38.088,-9.49,-0.11,0.16444444444444445
38.108,-9.45,-0.18,0.13666666666666666
38.128,-9.44,-0.11,0.10777777777777778
38.148,-9.52,-0.04,0.0811111111111111
38.168,-9.49,-0.05,0.052222222222222225
38.188,-9.51,0.0,0.023333333333333334
38.208,-9.44,-0.03,-0.006666666666666667
38.228,-9.52,-0.12,-0.035555555555555556
38.248,-9.46,0.0,-0.06555555555555556
38.268,-9.47,-0.1,-0.09333333333333334
38.288,-9.46,-0.12,-0.12333333333333334
38.308,-9.52,-0.05,-0.15444444444444444
38.328,-9.46,-0.11,-0.18333333333333332
38.348,-9.38,-0.19,-0.21444444444444444
38.368,-9.43,-0.22,-0.24888888888888888
38.388,-9.45,-0.12,-0.28
38.408,-9.36,-0.35,-0.31333333333333335
38.428,-9.39,-0.4,-0.3488888888888889
38.448,-9.43,-0.3,-0.38333333333333336
38.468,-9.31,-0.43,-0.41888888888888887
38.488,-9.3,-0.61,-0.45666666666666667
38.508,-9.33,-0.58,-0.49666666666666665
38.528,-9.28,-0.66,-0.5322222222222223
38.548,-9.25,-0.75,-0.5722222222222222
38.568,-9.2,-0.79,-0.6155555555555555
38.588,-9.18,-0.9,-0.6566666666666666
38.608,-9.08,-1.16,-0.7
38.628,-9.06,-1.18,-0.7433333333333333
38.648,-8.98,-1.29,-0.7922222222222223
38.668,-8.92,-1.38,-0.8411111111111111
38.688,-8.72,-1.78,-0.8888888888888888
38.708,-8.74,-1.62,-0.9388888888888889
38.728,-8.62,-1.87,-0.9922222222222222
38.748,-8.48,-2.08,-1.0433333333333332
38.768,-8.35,-2.34,-1.0977777777777777
38.788,-8.29,-2.32,-1.1555555555555554
38.808,-8.08,-2.78,-1.21
38.828,-7.92,-2.74,-1.268888888888889
38.848,-7.79,-2.95,-1.33
38.868,-7.56,-3.23,-1.3944444444444444
38.888,-7.33,-3.53,-1.4566666666666668
38.908,-7.15,-3.51,-1.52
38.928,-6.7,-4.02,-1.59
38.948,-6.51,-4.14,-1.6588888888888889
38.968,-6.23,-4.39,-1.7333333333333334
38.988,-5.8,-4.69,-1.801111111111111
39.008,-5.55,-4.81,-1.8788888888888888
39.028,-4.99,-5.34,-1.9555555555555555
39.048,-4.67,-5.42,-1.9933333333333334
39.068,-4.19,-5.7,-2.108888888888889
39.088,-3.73,-5.94,-2.1866666666666665
39.108,-3.15,-6.2,-2.267777777777778
39.128,-2.7,-6.41,-2.3088888888888888
39.148,-1.98,-6.71,-2.43
39.168,-1.46,-6.9,-2.468888888888889
39.188,-0.63,-7.1,-2.59
39.208,0.15,-7.4,-2.6733333333333333
39.228,0.65,-7.42,-2.7555555555555555
39.248,1.31,-7.63,-2.8377777777777777
39.268,2.35,-7.76,-2.881111111111111
39.288,2.86,-7.84,-3.0011111111111113
39.308,3.85,-8.02,-3.046666666666667
39.328,4.7,-7.71,-3.128888888888889
39.348,5.58,-8.03,-3.207777777777778
39.368,6.61,-7.61,-3.3355555555555556
39.388,7.39,-7.78,-3.3744444444444444
39.408,8.26,-7.44,-3.4544444444444444
39.428,9.38,-7.29,-3.5322222222222224
39.448,10.03,-7.04,-3.6077777777777778
39.468,11.18,-6.69,-3.68
39.488,11.91,-6.38,-3.7488888888888887
39.508,12.83,-6.0,-3.8433333333333333
39.528,13.46,-5.64,-3.87
39.548,14.3,-4.97,-3.928888888888889
39.568,14.96,-4.71,-3.9644444444444447
39.588,15.6,-3.9,-4.022222222222222
39.608,16.02,-3.44,-4.056666666666667
39.628,16.55,-2.78,-4.095555555555555
39.648,16.87,-2.18,-4.115555555555556
39.668,17.19,-1.4,-4.131111111111111
39.688,17.31,-0.81,-4.1433333333333335
39.708,17.4,-0.05,-4.15
39.728,17.36,0.32,-4.134444444444444
39.748,17.11,1.32,-4.123333333333333
39.768,16.69,2.39,-4.113333333333333
39.788,16.31,2.59,-4.0777777777777775
39.808,15.85,3.65,-4.051111111111111
39.828,15.4,4.2,-4.003333333333333
39.848,14.91,4.25,-3.9633333333333334
39.868,13.99,5.29,-3.91
39.888,13.6,5.69,-3.8544444444444443
39.908,12.48,5.95,-3.7911111111111113
39.928,11.95,6.31,-3.7244444444444444
39.948,10.92,6.82,-3.651111111111111
39.968,10.23,6.84,-3.5766666666666667
39.988,9.21,7.34,-3.497777777777778
40.008,8.45,7.49,-3.417777777777778
40.028,7.55,7.3,-3.3366666666666664
40.048,6.61,7.97,-3.2644444444444445
40.068,5.72,7.87,-3.1633333333333336
40.088,5.06,7.7,-3.08
40.108,3.9,7.98,-2.9922222222222223
40.128,3.39,7.82,-2.91
40.148,2.34,7.76,-2.818888888888889
40.168,1.78,7.76,-2.7344444444444442
40.188,0.96,7.56,-2.65
40.208,0.24,7.53,-2.5677777777777777
40.228,-0.44,6.77,-2.486666666666667
40.248,-0.99,8.01,-2.401111111111111
40.268,-1.69,7.51,-2.321111111111111
40.288,-2.39,6.92,-2.24
40.308,-2.96,7.11,-2.1622222222222223
40.328,-2.97,6.27,-2.0866666666666664
40.348,-3.78,6.27,-2.011111111111111
40.368,-3.93,6.11,-1.9366666666666668
40.388,-4.54,5.87,-1.86
40.408,-4.86,5.7,-1.79
40.428,-5.16,5.39,-1.72
40.448,-5.56,5.4,-1.6522222222222223
40.468,-5.89,4.95,-1.5855555555555556
40.488,-6.18,4.88,-1.52
40.508,-6.41,4.59,-1.458888888888889
40.528,-6.68,4.56,-1.3966666666666667
40.548,-7.0,4.18,-1.3366666666666667
40.568,-7.22,4.08,-1.2777777777777777
40.588,-7.39,3.97,-1.22
40.608,-7.63,3.63,-1.1644444444444444
40.628,-7.85,3.42,-1.1055555555555556
40.648,-7.87,3.29,-1.051111111111111
40.668,-8.05,3.34,-0.9977777777777778
40.688,-8.17,2.91,-0.9466666666666667
40.708,-8.35,2.96,-0.8966666666666666
40.728,-8.39,2.8,-0.8477777777777777
40.748,-8.52,2.66,-0.8
40.768,-8.62,2.63,-0.7533333333333333
40.788,-8.66,2.36,-0.7088888888888889
40.808,-8.78,2.32,-0.6688888888888889
40.828,-8.76,2.24,-0.6244444444444445
40.848,-8.86,2.2,-0.5844444444444444
40.868,-8.86,2.01,-0.5433333333333333
40.888,-8.98,1.99,-0.48333333333333334
40.908,-8.98,1.98,-0.44555555555555554
40.928,-9.01,1.83,-0.40555555555555556
40.948,-9.03,1.73,-0.36777777777777776
40.968,-9.07,1.61,-0.3288888888888889
40.988,-9.14,1.71,-0.29333333333333333
41.008,-9.16,1.57,-0.25555555555555554
41.028,-9.17,1.53,-0.22
41.048,-9.23,1.54,-0.18444444444444444
41.068,-9.17,1.48,-0.14888888888888888
41.088,-9.19,1.43,-0.11333333333333333
41.108,-9.23,1.43,-0.07777777777777778
41.128,-9.23,1.45,-0.04
41.148,-9.27,1.44,-0.006666666666666667
41.168,-9.25,1.43,0.027777777777777776
41.188,-9.19,1.42,0.06333333333333334
41.208,-9.22,1.47,0.1
41.228,-9.22,1.42,0.13333333333333333
41.248,-9.16,1.5,0.17333333333333334
41.268,-9.14,1.54,0.21
41.288,-9.1,1.49,0.2477777777777778
41.308,-9.08,1.56,0.2822222222222222
41.328,-9.07,1.71,0.3211111111111111
41.348,-9.09,1.67,0.36
41.368,-9.01,1.7,0.3988888888888889
41.388,-9.03,1.9,0.43777777777777777
41.408,-8.99,1.94,0.48
41.428,-8.89,1.91,0.5188888888888888
41.448,-8.85,2.18,0.56
41.468,-8.8,2.19,0.6055555555555555
41.488,-8.72,2.32,0.65
41.508,-8.64,2.41,0.6955555555555556
41.528,-8.52,2.53,0.74
41.548,-8.47,2.56,0.7866666666666666
41.568,-8.32,2.84,0.8355555555555556
41.588,-8.27,2.91,0.8877777777777778
41.608,-8.09,3.02,0.9388888888888889
41.628,-7.94,3.15,0.9944444444444445
41.648,-7.78,3.46,1.0466666666666666
41.668,-7.67,3.46,1.1033333333333333
41.688,-7.49,3.65,1.16
41.708,-7.27,3.89,1.218888888888889
41.728,-7.06,4.07,1.28
41.748,-6.87,4.17,1.3433333333333333
41.768,-6.61,4.52,1.41
41.788,-6.39,4.6,1.4722222222222223
41.808,-6.04,4.89,1.54
41.828,-5.76,5.05,1.61
41.848,-5.38,5.24,1.68
41.868,-5.1,5.41,1.751111111111111
41.888,-4.56,5.64,1.83
41.908,-4.34,5.95,1.9055555555555554
41.928,-3.73,6.07,1.9866666666666666
41.948,-3.3,6.37,2.0644444444444443
41.968,-2.71,6.34,2.15
41.988,-2.27,6.82,2.2311111111111113
42.008,-1.55,6.78,2.3233333333333333
42.028,-1.08,7.06,2.4066666666666667
42.048,-0.22,7.3,2.4955555555555557
42.068,0.17,7.19,2.5866666666666664
42.088,1.32,7.57,2.68
42.108,1.7,7.48,2.772222222222222
42.128,2.8,7.68,2.8655555555555554
42.148,3.43,7.72,2.957777777777778
42.168,4.24,7.8,3.05
42.188,5.56,7.77,3.138888888888889
42.208,5.93,7.82,3.227777777777778
42.228,6.75,7.73,3.3133333333333335
42.248,8.33,7.57,3.397777777777778
42.268,8.82,7.64,3.48
42.288,10.26,7.14,3.557777777777778
42.308,10.74,6.84,3.63
42.328,11.93,6.76,3.701111111111111
42.348,12.51,5.94,3.7655555555555558
42.368,13.29,5.93,3.8333333333333335
42.388,14.08,5.37,3.8944444444444444
42.408,14.91,4.65,3.95
42.428,15.4,4.38,4.0
42.448,16.13,3.6,4.05
42.468,16.43,3.18,4.081111111111111
42.488,16.92,2.41,4.11
42.508,17.24,1.99,4.133333333333334
42.528,17.31,0.96,4.152222222222222
42.548,17.46,0.44,4.164444444444444
42.568,17.33,-0.1,4.162222222222222
42.588,17.11,-0.4,4.144444444444445
42.608,16.7,-2.27,4.1466666666666665
42.628,16.85,-2.05,4.12
42.648,16.59,-2.07,4.1
42.668,15.81,-4.0,4.0633333333333335
42.688,15.47,-4.26,4.017777777777778
42.708,14.85,-4.06,3.9744444444444444
42.728,14.21,-5.34,3.922222222222222
42.748,13.29,-5.63,3.8555555555555556
42.768,12.96,-5.55,3.796666666666667
42.788,11.44,-6.74,3.7266666666666666
42.808,10.91,-6.64,3.6555555555555554
42.828,10.0,-6.83,3.578888888888889
42.848,8.84,-7.42,3.5011111111111113
42.868,8.25,-7.32,3.422222222222222
42.888,7.24,-7.46,3.3366666666666664
42.908,6.05,-7.73,3.25
42.928,5.65,-7.63,3.1666666666666665
42.948,4.17,-7.76,3.077777777777778
42.968,3.7,-7.76,2.9944444444444445
42.988,2.82,-7.77,2.9066666666666667
43.008,2.01,-7.59,2.8033333333333332
43.028,1.22,-7.62,2.7344444444444442
43.048,0.44,-7.37,2.65
43.068,-0.4,-7.49,2.5633333333333335
43.088,-0.92,-7.36,2.491111111111111
43.108,-0.54,-7.7,2.388888888888889
43.128,-2.44,-6.24,2.32
43.148,-3.11,-6.03,2.241111111111111
43.168,-3.42,-6.41,2.1633333333333336
43.188,-4.15,-6.01,2.088888888888889
43.208,-4.46,-5.6,2.0166666666666666
43.228,-4.92,-5.81,1.9444444444444444
43.248,-5.1,-5.36,1.8766666666666667
43.268,-5.63,-4.92,1.8066666666666666
43.288,-5.76,-5.2,1.74
43.308,-6.15,-4.79,1.6788888888888889
43.328,-6.46,-4.51,1.6144444444444443
43.348,-6.76,-4.11,1.5533333333333332
43.368,-6.97,-4.21,1.491111111111111
43.388,-7.19,-3.87,1.4333333333333333
43.408,-7.41,-3.65,1.3766666666666667
43.428,-7.81,-3.33,1.3211111111111111
43.448,-7.72,-3.26,1.2644444444444445
43.468,-8.01,-3.25,1.2166666666666666
43.488,-8.12,-2.76,1.1644444444444444
43.508,-8.34,-2.45,1.1111111111111112
43.528,-8.29,-2.76,1.0855555555555556
43.548,-8.47,-2.27,1.01
43.568,-8.66,-1.95,0.9877777777777778
43.588,-8.7,-2.07,0.9155555555555556
43.608,-8.74,-1.83,0.8911111111111111
43.628,-8.85,-1.71,0.8266666666666667
43.648,-8.96,-1.74,0.8066666666666666
43.668,-9.03,-1.29,0.7466666666666667
43.688,-9.04,-1.44,0.7055555555555556
43.708,-9.11,-1.33,0.6688888888888889
43.728,-9.19,-1.04,0.6511111111111111
43.748,-9.23,-1.01,0.6144444444444445
43.768,-9.24,-0.99,0.5611111111111111
43.788,-9.31,-0.67,0.5444444444444444
43.808,-9.3,-0.74,0.51
43.828,-9.32,-0.76,0.47555555555555556
43.848,-9.38,-0.47,0.44222222222222224
43.868,-9.43,-0.48,0.4088888888888889
43.888,-9.48,-0.39,0.37777777777777777
43.908,-9.43,-0.31,0.3433333333333333
43.928,-9.38,-0.36,0.31222222222222223
43.948,-9.41,-0.32,0.2811111111111111
43.968,-9.46,-0.11,0.24888888888888888
43.988,-9.43,-0.21,0.20777777777777778
44.008,-9.47,-0.12,0.19111111111111112
44.028,-9.45,-0.11,0.16333333333333333
44.048,-9.48,-0.11,0.13444444444444445
44.068,-9.49,-0.04,0.10555555555555556
44.088,-9.49,0.0,0.07666666666666666
44.108,-9.54,-0.02,0.05
44.128,-9.48,-0.06,0.02
44.148,-9.48,-0.09,-0.006666666666666667
44.168,-9.52,-0.08,-0.035555555555555556
44.188,-9.51,-0.02,-0.06222222222222222
44.208,-9.46,-0.14,-0.09
44.228,-9.47,-0.12,-0.11888888888888889
44.248,-9.49,-0.14,-0.14666666666666667
44.268,-9.46,-0.22,-0.17222222222222222
44.288,-9.45,-0.21,-0.20444444444444446
44.308,-9.45,-0.25,-0.23
44.328,-9.41,-0.29,-0.26
44.348,-9.4,-0.39,-0.29
44.368,-9.4,-0.41,-0.3211111111111111
44.388,-9.38,-0.52,-0.3511111111111111
44.408,-9.37,-0.54,-0.3844444444444444
44.428,-9.36,-0.56,-0.4166666666666667
44.448,-9.34,-0.68,-0.45111111111111113
44.468,-9.33,-0.69,-0.48444444444444446
44.488,-9.28,-0.78,-0.5177777777777778
44.508,-9.25,-0.86,-0.5533333333333333
44.528,-9.26,-0.98,-0.5888888888888889
44.548,-9.11,-1.07,-0.6255555555555555
44.568,-9.11,-1.29,-0.6622222222222223
44.588,-9.12,-1.36,-0.7055555555555556
44.608,-8.97,-1.64,-0.7433333333333333
44.628,-8.84,-1.75,-0.7877777777777778
44.648,-8.9,-1.7,-0.8288888888888889
44.668,-8.76,-1.82,-0.8722222222222222
44.688,-8.67,-2.04,-0.92
44.708,-8.58,-2.05,-0.9677777777777777
44.728,-8.44,-2.36,-1.0177777777777777
44.748,-8.33,-2.46,-1.068888888888889
44.768,-8.12,-2.64,-1.1222222222222222
44.788,-8.09,-2.89,-1.1766666666666667
44.808,-7.84,-3.04,-1.2333333333333334
44.828,-7.67,-3.23,-1.29
44.848,-7.42,-3.47,-1.3522222222222222
44.868,-7.27,-3.66,-1.4133333333333333
44.888,-6.96,-3.94,-1.4777777777777779
44.908,-6.78,-4.1,-1.5422222222222222
44.928,-6.43,-4.29,-1.6111111111111112
44.948,-6.18,-4.56,-1.68
44.968,-5.73,-4.73,-1.7522222222222221
44.988,-5.44,-5.02,-1.83
45.008,-4.9,-5.33,-1.9033333333333333
45.028,-4.67,-5.46,-1.9844444444444445
45.048,-4.01,-5.7,-2.0633333333333335
45.068,-3.59,-5.99,-2.1466666666666665
45.088,-3.01,-6.07,-2.23
45.108,-2.63,-6.43,-2.3144444444444443
45.128,-1.82,-6.61,-2.4033333333333333
45.148,-1.42,-6.58,-2.49
45.168,-0.41,-7.03,-2.581111111111111
45.188,0.08,-7.15,-2.6733333333333333
45.208,0.97,-7.29,-2.7622222222222224
45.228,1.64,-7.36,-2.8577777777777778
45.248,2.56,-7.46,-2.9477777777777776
45.268,3.64,-7.52,-3.0444444444444443
45.288,4.41,-7.58,-3.1333333333333333
45.308,4.96,-7.95,-3.22
45.328,6.32,-7.64,-3.311111111111111
45.348,6.98,-7.74,-3.398888888888889
45.368,8.15,-7.57,-3.48
45.388,8.85,-7.35,-3.56
45.408,9.9,-7.26,-3.638888888888889
45.428,10.64,-6.84,-3.71
45.448,11.71,-6.54,-3.778888888888889
45.468,12.43,-6.22,-3.8444444444444446
45.488,13.37,-5.68,-3.9044444444444446
45.508,14.0,-5.36,-3.9588888888888887
45.528,14.92,-4.69,-4.01
45.548,15.5,-4.36,-4.061111111111111
45.568,16.1,-3.59,-4.101111111111111
45.588,16.5,-3.09,-4.13
45.608,17.04,-2.11,-4.164444444444444
45.628,17.37,-1.55,-4.182222222222222
45.648,17.51,-0.71,-4.192222222222222
45.668,17.52,-0.19,-4.195555555555556
45.688,17.57,0.24,-4.192222222222222
45.708,17.25,1.14,-4.17
45.728,16.54,2.97,-4.161111111111111
45.748,16.57,2.15,-4.138888888888889
45.768,16.24,3.54,-4.11
45.788,15.77,4.38,-4.073333333333333
45.808,15.19,4.01,-4.023333333333333
45.828,14.41,4.9,-3.9766666666666666
45.848,13.8,5.68,-3.9155555555555557
45.868,13.15,5.73,-3.851111111111111
45.888,12.06,6.22,-3.7866666666666666
45.908,11.53,6.86,-3.7133333333333334
45.928,10.27,6.94,-3.638888888888889
45.948,9.73,7.08,-3.56
45.968,8.62,7.58,-3.4788888888888887
45.988,7.79,7.48,-3.4055555555555554
46.008,6.87,7.83,-3.3144444444444443
46.028,5.86,7.99,-3.2422222222222223
46.048,5.02,7.68,-3.1433333333333335
46.068,4.49,7.9,-3.057777777777778
46.088,3.32,7.91,-2.968888888888889
46.108,2.88,7.72,-2.88
46.128,1.77,7.9,-2.798888888888889
46.148,1.3,7.69,-2.716666666666667
46.168,0.3,8.01,-2.63
46.188,-0.06,7.34,-2.546666666666667
46.208,-0.76,7.3,-2.4677777777777776
46.228,-1.53,7.57,-2.387777777777778
46.248,-2.17,6.72,-2.3133333333333335
46.268,-2.84,7.29,-2.232222222222222
46.288,-3.18,6.9,-2.161111111111111
46.308,-3.51,6.19,-2.0922222222222224
46.328,-4.32,6.22,-2.026666666666667
46.348,-4.3,5.95,-1.9566666666666668
46.368,-5.03,5.7,-1.8911111111111112
46.388,-5.15,5.38,-1.8266666666666667
46.408,-5.54,5.23,-1.77
46.428,-5.81,5.03,-1.708888888888889
46.448,-6.24,4.62,-1.6477777777777778
46.468,-6.55,4.33,-1.5911111111111111
46.488,-6.73,4.28,-1.5344444444444445
46.508,-6.92,3.88,-1.4777777777777779
46.528,-7.27,3.85,-1.4244444444444444
46.548,-7.53,3.46,-1.3733333333333333
46.568,-7.72,3.37,-1.3233333333333333
46.588,-7.79,3.03,-1.27
46.608,-7.97,3.14,-1.2244444444444444
46.628,-8.17,2.7,-1.1777777777777778
46.648,-8.31,2.42,-1.1311111111111112
46.668,-8.39,2.41,-1.0877777777777777
46.688,-8.55,2.26,-1.038888888888889
46.708,-8.6,1.96,-1.0
46.728,-8.73,1.87,-0.9544444444444444
46.748,-8.78,1.62,-0.9144444444444444
46.768,-8.86,1.55,-0.8755555555555555
46.788,-8.93,1.39,-0.8344444444444444
46.808,-8.97,1.17,-0.7966666666666666
46.828,-9.06,1.17,-0.76
46.848,-9.09,1.04,-0.7222222222222222
46.868,-9.16,0.76,-0.6855555555555556
46.888,-9.18,0.63,-0.6522222222222223
46.908,-9.19,0.55,-0.6155555555555555
46.928,-9.28,0.48,-0.58
46.948,-9.33,0.35,-0.5433333333333333
46.968,-9.32,0.22,-0.5133333333333333
46.988,-9.35,0.16,-0.48
47.008,-9.36,0.07,-0.44333333333333336
47.028,-9.44,0.08,-0.41
47.048,-9.34,-0.08,-0.3811111111111111
47.068,-9.45,-0.07,-0.3333333333333333
47.088,-9.47,-0.22,-0.3022222222222222
47.108,-9.46,-0.21,-0.27111111111111114
47.128,-9.47,-0.19,-0.2411111111111111
47.148,-9.46,-0.46,-0.2111111111111111
47.168,-9.48,-0.3,-0.18
47.188,-9.51,-0.3,-0.15
47.208,-9.45,-0.45,-0.12444444444444444
47.228,-9.46,-0.39,-0.09444444444444444
47.248,-9.46,-0.44,-0.06777777777777778
47.268,-9.46,-0.46,-0.03888888888888889
47.288,-9.47,-0.48,-0.01
47.308,-9.49,-0.32,0.016666666666666666
47.328,-9.48,-0.47,0.044444444444444446
47.348,-9.5,-0.43,0.06888888888888889
47.368,-9.56,-0.32,0.09666666666666666
47.388,-9.49,-0.41,0.12333333333333334
47.408,-9.5,-0.32,0.1511111111111111
47.428,-9.49,-0.34,0.17777777777777778
47.448,-9.51,-0.27,0.20555555555555555
47.468,-9.46,-0.22,0.23444444444444446
47.488,-9.5,-0.13,0.2611111111111111
47.508,-9.46,-0.2,0.2911111111111111
47.528,-9.43,-0.03,0.32
47.548,-9.43,-0.05,0.3511111111111111
47.568,-9.38,0.01,0.38
47.588,-9.36,0.11,0.41
47.608,-9.37,0.2,0.4411111111111111
47.628,-9.37,0.31,0.4722222222222222
47.648,-9.3,0.4,0.5033333333333333
47.668,-9.28,0.48,0.5366666666666666
47.688,-9.22,0.56,0.57
47.708,-9.22,0.63,0.6
47.728,-9.19,0.71,0.6355555555555555
47.748,-9.15,0.99,0.6711111111111111
47.768,-9.11,0.93,0.7055555555555556
47.788,-9.03,1.14,0.7411111111111112
47.808,-8.98,1.35,0.7777777777777778
47.828,-8.93,1.41,0.8188888888888889
47.848,-8.84,1.47,0.8577777777777778
47.868,-8.78,1.8,0.8955555555555555
47.888,-8.69,1.82,0.9355555555555556
47.908,-8.55,2.04,0.98
47.928,-8.52,2.34,1.0222222222222221
47.948,-8.39,2.38,1.0655555555555556
47.968,-8.28,2.52,1.11
47.988,-8.05,2.83,1.1511111111111112
48.008,-7.99,3.02,1.198888888888889
48.028,-7.75,3.15,1.2477777777777779
48.048,-7.66,3.35,1.2966666666666666
48.068,-7.44,3.57,1.3466666666666667
48.088,-7.27,3.76,1.4
48.108,-6.95,4.12,1.4566666666666668
48.128,-6.7,4.28,1.511111111111111
48.148,-6.54,4.45,1.5666666666666667
48.168,-6.15,4.71,1.6277777777777778
48.188,-5.92,5.01,1.6877777777777778
48.208,-5.55,5.13,1.7522222222222221
48.228,-5.25,5.32,1.7833333333333334
48.248,-4.81,5.6,1.8866666666666667
48.268,-4.47,5.78,1.9222222222222223
48.288,-3.87,6.06,2.026666666666667
48.308,-3.57,6.19,2.0677777777777777
48.328,-2.87,6.52,2.178888888888889
48.348,-2.53,6.58,2.2155555555555555
48.368,-1.84,6.91,2.3333333333333335
48.388,-1.25,6.99,2.3777777777777778
48.408,-0.56,7.29,2.5
48.428,-0.02,7.27,2.542222222222222
48.448,0.81,7.47,2.628888888888889
48.468,1.38,7.61,2.712222222222222
48.488,2.33,7.66,2.8
48.508,3.03,7.84,2.891111111111111
48.528,3.93,7.84,2.98
48.548,4.46,7.91,3.0644444444444443
48.568,5.72,7.91,3.1544444444444446
48.588,6.13,7.86,3.238888888888889
48.608,7.75,7.7,3.3233333333333333
48.628,8.15,7.62,3.4055555555555554
48.648,9.26,7.39,3.4811111111111113
48.668,10.07,7.17,3.56
48.688,10.98,7.15,3.6355555555555554
48.708,11.69,6.56,3.7088888888888887
48.728,12.76,6.15,3.7744444444444443
48.748,13.37,5.92,3.838888888888889
48.768,14.25,5.26,3.8966666666666665
48.788,14.85,4.68,3.951111111111111
48.808,15.69,4.39,4.01
48.828,15.96,3.85,4.045555555555556
48.848,16.6,2.81,4.081111111111111
48.868,16.91,2.65,4.107777777777778
48.888,17.12,1.7,4.135555555555555
48.908,17.37,1.08,4.156666666666666
48.928,17.37,0.26,4.158888888888889
48.948,17.35,-0.35,4.158888888888889
48.968,17.62,-1.88,4.145555555555555
48.988,16.61,-2.62,4.145555555555555
49.008,16.75,-1.94,4.1177777777777775
49.028,16.35,-3.19,4.091111111111111
49.048,15.51,-4.26,4.053333333333334
49.068,15.29,-3.83,4.01
49.088,14.18,-5.08,3.96
49.108,13.57,-5.51,3.9066666666666667
49.128,12.94,-5.57,3.85
49.148,11.94,-5.97,3.7822222222222224
49.168,10.96,-6.74,3.718888888888889
49.188,10.44,-6.54,3.6433333333333335
49.208,9.04,-7.16,3.5655555555555556
49.228,8.46,-7.33,3.488888888888889
49.248,7.41,-7.35,3.4044444444444446
49.268,6.52,-7.79,3.3266666666666667
49.288,5.69,-7.61,3.236666666666667
49.308,4.76,-7.76,3.151111111111111
49.328,3.88,-7.76,3.0644444444444443
49.348,3.23,-7.69,2.9766666666666666
49.368,1.85,-7.63,2.8755555555555556
49.388,1.67,-7.7,2.8033333333333332
49.408,0.55,-7.34,2.7155555555555555
49.428,0.17,-7.81,2.631111111111111
49.448,-2.53,-7.39,2.5555555555555554
49.468,-0.04,-6.51,2.49
49.488,-2.32,-6.78,2.3777777777777778
49.508,-2.34,-6.72,2.2944444444444443
49.528,-3.26,-5.83,2.2111111111111112
49.548,-3.48,-6.71,2.1333333333333333
49.568,-4.1,-6.38,2.0588888888888888
49.588,-4.36,-5.63,1.98
49.608,-4.9,-5.55,1.9066666666666667
49.628,-5.08,-5.6,1.8355555555555556
49.648,-5.69,-4.97,1.7655555555555555
49.668,-5.87,-4.98,1.6955555555555555
49.688,-6.2,-4.85,1.6277777777777778
49.708,-6.46,-4.52,1.5633333333333332
49.728,-6.87,-4.29,1.498888888888889
49.748,-7.16,-4.03,1.4377777777777778
49.768,-7.36,-3.75,1.3788888888888888
49.788,-7.53,-3.73,1.32
49.808,-7.72,-3.51,1.2633333333333334
49.828,-7.94,-3.34,1.21
49.848,-7.99,-3.19,1.1588888888888889
49.868,-8.21,-2.93,1.1088888888888888
49.888,-8.29,-2.8,1.058888888888889
49.908,-8.43,-2.69,1.01
49.928,-8.51,-2.5,0.9655555555555555
49.948,-8.62,-2.32,0.9211111111111111
49.968,-8.69,-2.2,0.8777777777777778
49.988,-8.85,-2.04,0.8333333333333334
50.008,-8.83,-1.93,0.7944444444444444
50.028,-8.96,-1.8,0.7588888888888888
50.048,-8.92,-1.83,0.7177777777777777
50.068,-9.04,-1.59,0.6833333333333333
50.088,-9.13,-1.52,0.6477777777777778
50.108,-9.13,-1.35,0.6122222222222222
50.128,-9.19,-1.29,0.5788888888888889
50.148,-9.26,-1.13,0.5455555555555556
50.168,-9.25,-1.17,0.5133333333333333
50.188,-9.25,-1.02,0.48333333333333334
50.208,-9.35,-0.87,0.45444444444444443
50.228,-9.33,-0.91,0.42333333333333334
50.248,-9.35,-0.77,0.39555555555555555
50.268,-9.35,-0.69,0.3688888888888889
50.288,-9.38,-0.74,0.33666666666666667
50.308,-9.42,-0.52,0.31
50.328,-9.41,-0.53,0.28
50.348,-9.36,-0.61,0.25
50.368,-9.4,-0.52,0.22111111111111112
50.388,-9.44,-0.41,0.19555555555555557
50.408,-9.44,-0.45,0.16555555555555557
50.428,-9.4,-0.48,0.14
50.448,-9.48,-0.33,0.1111111111111111
50.468,-9.53,-0.24,0.08333333333333333
50.488,-9.46,-0.42,0.058888888888888886
50.508,-9.45,-0.28,0.028888888888888888
50.528,-9.53,-0.25,0.0011111111111111111
50.548,-9.49,-0.44,-0.028888888888888888
50.568,-9.45,-0.34,-0.05444444444444444
50.588,-9.46,-0.22,-0.08222222222222222
50.608,-9.5,-0.35,-0.11444444444444445
50.628,-9.45,-0.35,-0.14333333333333334
50.648,-9.46,-0.4,-0.17444444444444446
50.668,-9.43,-0.36,-0.20333333333333334
50.688,-9.44,-0.45,-0.23777777777777778
50.708,-9.43,-0.46,-0.2677777777777778
50.728,-9.38,-0.46,-0.3011111111111111
50.748,-9.36,-0.61,-0.3333333333333333
50.768,-9.36,-0.63,-0.3688888888888889
50.788,-9.35,-0.61,-0.40444444444444444
50.808,-9.32,-0.69,-0.4388888888888889
50.828,-9.29,-0.87,-0.4777777777777778
50.848,-9.25,-0.79,-0.5133333333333333
50.868,-9.22,-1.02,-0.55
50.888,-9.17,-1.15,-0.5933333333333334
50.908,-9.15,-1.06,-0.6322222222222222
50.928,-9.09,-1.33,-0.6755555555555556
50.948,-8.96,-1.46,-0.72
50.968,-8.97,-1.42,-0.7644444444444445
50.988,-8.86,-1.68,-0.8066666666666666
51.008,-8.79,-1.8,-0.8577777777777778
51.028,-8.67,-1.91,-0.9055555555555556
51.048,-8.58,-2.12,-0.9544444444444444
51.068,-8.43,-2.27,-1.0066666666666666
51.088,-8.35,-2.33,-1.0622222222222222
51.108,-8.23,-2.6,-1.1177777777777778
51.128,-8.07,-2.65,-1.1755555555555555
51.148,-7.92,-3.02,-1.2333333333333334
51.168,-7.67,-3.07,-1.298888888888889
51.188,-7.52,-3.27,-1.3622222222222222
51.208,-7.28,-3.59,-1.4255555555555555
51.228,-7.05,-3.77,-1.4933333333333334
51.248,-6.81,-3.8,-1.5655555555555556
51.268,-6.44,-4.23,-1.6377777777777778
51.288,-6.21,-4.33,-1.7144444444444444
51.308,-5.74,-4.66,-1.788888888888889
51.328,-5.48,-4.92,-1.8688888888888888
51.348,-4.98,-5.09,-1.948888888888889
51.368,-4.6,-5.36,-2.03
51.388,-3.89,-5.73,-2.1155555555555554
51.408,-3.48,-5.8,-2.2
51.428,-2.83,-6.05,-2.29
51.448,-2.34,-6.3,-2.38
51.468,-1.34,-6.72,-2.471111111111111
51.488,-1.01,-6.9,-2.562222222222222
51.508,-0.15,-7.18,-2.65
51.528,0.47,-7.15,-2.74
51.548,1.03,-7.49,-2.828888888888889
51.568,2.0,-7.62,-2.9144444444444444
51.588,2.79,-7.67,-3.0
51.608,3.57,-7.97,-3.0877777777777777
51.628,4.52,-7.8,-3.171111111111111
51.648,5.28,-7.87,-3.2511111111111113
51.668,6.7,-7.7,-3.3377777777777777
51.688,7.33,-7.7,-3.4155555555555557
51.708,8.44,-7.46,-3.497777777777778
51.728,9.16,-7.2,-3.577777777777778
51.748,10.26,-7.08,-3.65
51.768,10.99,-6.81,-3.7222222222222223
51.788,11.69,-6.36,-3.79
51.808,12.71,-6.18,-3.8555555555555556
51.828,13.37,-5.74,-3.92
51.848,14.22,-5.1,-3.97
51.868,14.92,-4.89,-4.02
51.888,15.6,-4.06,-4.064444444444445
51.908,16.1,-3.61,-4.1033333333333335
51.928,16.65,-2.94,-4.1322222222222225
51.948,16.94,-2.48,-4.158888888888889
51.968,17.31,-1.55,-4.178888888888889
51.988,17.41,-1.01,-4.185555555555555
52.008,17.5,-0.27,-4.187777777777778
52.028,17.49,0.31,-4.178888888888889
52.048,17.15,1.02,-4.168888888888889
52.068,17.6,2.07,-4.154444444444445
52.088,16.62,2.2,-4.13
52.108,16.31,2.96,-4.095555555555555
52.128,15.77,4.37,-4.046666666666667
52.148,15.6,4.04,-4.001111111111111
52.168,14.6,4.95,-3.9522222222222223
52.188,13.94,5.56,-3.8922222222222222
52.208,12.84,5.77,-3.83
52.228,12.08,6.29,-3.76
52.248,11.27,6.71,-3.692222222222222
52.268,10.35,6.88,-3.6544444444444446
52.288,9.42,7.3,-3.5322222222222224
52.308,8.69,7.5,-3.45
52.328,7.58,7.43,-3.3655555555555554
52.348,6.93,7.85,-3.2888888888888888
52.368,5.83,7.81,-3.216666666666667
52.388,5.22,7.74,-3.111111111111111
52.408,4.06,8.16,-3.026666666666667
52.428,3.35,7.68,-2.938888888888889
52.448,2.5,7.87,-2.8544444444444443
52.468,1.83,7.9,-2.767777777777778
52.488,1.41,6.98,-2.692222222222222
52.508,0.66,7.41,-2.6044444444444443
52.528,-0.86,7.35,-2.5166666666666666
52.548,-0.7,7.07,-2.4344444444444444
52.568,-1.71,6.88,-2.3944444444444444
52.588,-2.06,6.75,-2.24
52.608,-2.95,6.7,-2.24
52.628,-3.26,6.51,-2.1644444444444444
52.648,-3.59,6.05,-2.05
52.668,-4.18,6.3,-1.981111111111111
52.688,-4.5,5.68,-1.8811111111111112
52.708,-4.93,5.8,-1.8488888888888888
52.728,-5.35,5.37,-1.75
52.748,-5.6,5.17,-1.7177777777777778
52.768,-6.0,5.07,-1.6277777777777778
52.788,-6.18,4.67,-1.5955555555555556
52.808,-6.58,4.53,-1.51
52.828,-6.72,4.36,-1.481111111111111
52.848,-7.02,4.07,-1.431111111111111
52.868,-7.29,3.89,-1.38
52.888,-7.44,3.74,-1.3277777777777777
52.908,-7.62,3.57,-1.281111111111111
52.928,-7.84,3.28,-1.2355555555555555
52.948,-7.91,3.15,-1.1888888888888889
52.968,-8.11,2.95,-1.1455555555555557
52.988,-8.22,2.73,-1.1055555555555556
53.008,-8.35,2.55,-1.0622222222222222
53.028,-8.44,2.3,-1.0233333333333334
53.048,-8.63,2.15,-0.9811111111111112
53.068,-8.69,2.04,-0.9466666666666667
53.088,-8.8,1.83,-0.91
53.108,-8.83,1.58,-0.8733333333333333
53.128,-8.89,1.66,-0.8388888888888889
53.148,-8.93,1.48,-0.8055555555555556
53.168,-9.0,1.13,-0.7711111111111111
53.188,-9.05,1.15,-0.74
53.208,-9.08,1.21,-0.71
53.228,-9.23,0.92,-0.6788888888888889
53.248,-9.19,0.68,-0.6511111111111111
53.268,-9.19,0.65,-0.6222222222222222
53.288,-9.23,0.52,-0.5911111111111111
53.308,-9.32,0.45,-0.5622222222222222
53.328,-9.39,0.28,-0.5344444444444445
53.348,-9.36,0.12,-0.5066666666666667
53.368,-9.4,0.16,-0.48
53.388,-9.35,0.14,-0.45111111111111113
53.408,-9.43,-0.17,-0.4211111111111111
53.428,-9.43,-0.06,-0.39555555555555555
53.448,-9.38,-0.36,-0.36777777777777776
53.468,-9.4,-0.19,-0.34
53.488,-9.42,-0.26,-0.3111111111111111
53.508,-9.47,-0.49,-0.28555555555555556
53.528,-9.48,-0.46,-0.25666666666666665
53.548,-9.47,-0.49,-0.2288888888888889
53.568,-9.46,-0.64,-0.2
53.588,-9.5,-0.53,-0.17444444444444446
53.608,-9.55,-0.53,-0.14777777777777779
53.628,-9.53,-0.67,-0.12222222222222222
53.648,-9.5,-0.68,-0.09777777777777778
53.668,-9.48,-0.48,-0.07
53.688,-9.51,-0.67,-0.043333333333333335
53.708,-9.52,-0.67,-0.01888888888888889
53.728,-9.48,-0.57,0.0033333333333333335
53.748,-9.46,-0.69,0.027777777777777776
53.768,-9.48,-0.62,0.05444444444444444
53.788,-9.52,-0.55,0.07555555555555556
53.808,-9.47,-0.58,0.10111111111111111
53.828,-9.48,-0.62,0.12555555555555556
53.848,-9.51,-0.44,0.15
53.868,-9.49,-0.53,0.17222222222222222
53.888,-9.5,-0.53,0.1988888888888889
53.908,-9.46,-0.37,0.2222222222222222
53.928,-9.42,-0.33,0.24888888888888888
53.948,-9.49,-0.37,0.27555555555555555
53.968,-9.45,-0.34,0.3011111111111111
53.988,-9.46,-0.14,0.33111111111111113
54.008,-9.43,-0.32,0.36
54.028,-9.4,-0.08,0.3888888888888889
54.048,-9.42,0.02,0.42
54.068,-9.39,-0.11,0.4488888888888889
54.088,-9.32,0.06,0.48
54.108,-9.29,0.22,0.5111111111111111
54.128,-9.34,0.17,0.5477777777777778
54.148,-9.24,0.43,0.58
54.168,-9.27,0.54,0.6177777777777778
54.188,-9.15,0.51,0.6511111111111111
54.208,-9.13,0.61,0.6911111111111111
54.228,-9.05,0.91,0.7288888888888889
54.248,-9.08,0.95,0.7677777777777778
54.268,-8.95,1.1,0.8055555555555556
54.288,-8.91,1.33,0.8477777777777777
54.308,-8.89,1.36,0.89
54.328,-8.78,1.44,0.9333333333333333
54.348,-8.66,1.82,0.98
54.368,-8.54,1.85,1.0255555555555556
54.388,-8.42,1.9,1.0744444444444445
54.408,-8.34,2.22,1.1255555555555556
54.428,-8.12,2.43,1.1755555555555555
54.448,-8.08,2.49,1.228888888888889
54.468,-7.83,2.89,1.2833333333333334
54.488,-7.67,2.96,1.3466666666666667
54.508,-7.44,3.23,1.4022222222222223
54.528,-7.31,3.4,1.4622222222222223
54.548,-6.96,3.79,1.521111111111111
54.568,-6.78,3.82,1.59
54.588,-6.41,4.2,1.66
54.608,-6.27,4.42,1.7244444444444444
54.628,-5.74,4.67,1.7977777777777777
54.648,-5.51,4.82,1.8722222222222222
54.668,-4.9,5.23,1.948888888888889
54.688,-4.49,5.42,2.0244444444444443
54.708,-4.01,5.66,2.1055555555555556
54.728,-3.4,5.97,2.1855555555555557
54.748,-2.89,6.13,2.2644444444444445
54.768,-2.4,6.38,2.352222222222222
54.788,-1.65,6.68,2.433333333333333
54.808,-1.15,6.83,2.52
54.828,-0.21,7.11,2.6
54.848,0.19,7.26,2.6933333333333334
54.868,1.16,7.44,2.778888888888889
54.888,1.83,7.62,2.867777777777778
54.908,2.66,7.71,2.953333333333333
54.928,3.43,7.89,3.04
54.948,4.38,7.86,3.1277777777777778
54.968,5.49,7.76,3.2066666666666666
54.988,6.09,7.87,3.3
55.008,6.92,7.86,3.3777777777777778
55.028,8.19,7.58,3.462222222222222
55.048,8.89,7.65,3.5411111111111113
55.068,10.01,7.5,3.6233333333333335
55.088,10.72,6.93,3.698888888888889
55.108,11.84,6.92,3.7666666666666666
55.128,12.6,6.43,3.84
55.148,13.5,5.96,3.91
55.168,14.03,5.49,3.9677777777777776
55.188,15.09,5.05,4.022222222222222
55.208,15.51,4.49,4.085555555555556
55.228,16.06,4.16,4.124444444444444
55.248,16.73,3.35,4.163333333333333
55.268,16.98,3.0,4.197777777777778
55.288,17.44,2.03,4.227777777777778
55.308,17.64,1.48,4.243333333333333
55.328,17.76,0.71,4.253333333333333
55.348,17.79,0.04,4.253333333333333
55.368,17.6,-0.21,4.234444444444445
55.388,17.67,-1.89,4.245555555555556
55.408,17.27,-2.23,4.217777777777778
55.428,16.91,-1.99,4.19
55.448,16.35,-3.64,4.165555555555556
55.468,15.7,-4.4,4.118888888888889
55.488,14.92,-4.38,4.071111111111111
55.508,14.08,-5.62,4.021111111111111
55.528,13.27,-5.65,3.96
55.548,12.85,-5.61,3.8955555555555557
55.568,11.34,-7.05,3.83
55.588,10.86,-6.63,3.7544444444444443
55.608,9.84,-7.07,3.678888888888889
55.628,8.62,-7.45,3.6
55.648,8.09,-7.27,3.5122222222222224
55.668,7.01,-7.68,3.4344444444444444
55.688,5.88,-7.53,3.3466666666666667
55.708,5.4,-7.76,3.2655555555555558
55.728,3.92,-7.75,3.178888888888889
55.748,3.5,-7.71,3.0877777777777777
55.768,2.55,-7.69,2.997777777777778
55.788,1.57,-7.52,2.9166666666666665
55.808,0.99,-7.5,2.8344444444444443
55.828,0.12,-7.48,2.7455555555555557
55.848,-0.49,-6.89,2.671111111111111
55.868,-0.5,-8.27,2.6066666666666665
55.888,-1.78,-7.72,2.5011111111111113
55.908,-2.38,-6.03,2.422222222222222
55.928,-2.7,-6.65,2.3466666666666667
55.948,-3.54,-6.23,2.267777777777778
55.968,-4.04,-5.66,2.198888888888889
55.988,-4.3,-5.92,2.1266666666666665
56.008,-4.98,-5.64,2.0555555555555554
56.028,-5.29,-4.91,1.9922222222222221
56.048,-5.77,-4.69,1.9255555555555555
56.068,-5.98,-4.75,1.8644444444444443
56.088,-6.26,-4.66,1.8044444444444445
56.108,-6.63,-4.11,1.7455555555555555
56.128,-6.91,-3.79,1.6933333333333334
56.148,-7.08,-3.89,1.6411111111111112
56.168,-7.34,-3.36,1.5877777777777777
56.188,-7.63,-3.13,1.54
56.208,-7.73,-2.99,1.49
56.228,-7.91,-2.83,1.4433333333333334
56.248,-8.14,-2.28,1.4
56.268,-8.22,-2.36,1.36
56.288,-8.31,-2.03,1.32
56.308,-8.49,-1.62,1.278888888888889
56.328,-8.65,-1.49,1.241111111111111
56.348,-8.66,-1.23,1.201111111111111
56.368,-8.71,-0.99,1.17
56.388,-8.86,-0.85,1.13
56.408,-8.89,-0.52,1.0933333333333333
56.428,-8.98,-0.35,1.058888888888889
56.448,-8.97,-0.1,1.0222222222222221
56.468,-9.18,-0.38,0.99
56.488,-9.07,0.4,0.9566666666666667
56.508,-9.24,0.3,0.9255555555555556
56.528,-9.28,0.54,0.8911111111111111
56.548,-9.16,0.68,0.86
56.568,-9.21,0.67,0.8344444444444444
56.588,-9.23,0.68,0.8044444444444444
56.608,-9.27,1.26,0.7733333333333333
56.628,-9.2,1.34,0.7477777777777778
56.648,-9.19,0.93,0.7211111111111111
56.668,-9.12,1.59,0.6933333333333334
56.688,-9.24,1.49,0.6688888888888889
56.708,-9.12,1.76,0.6422222222222222
56.728,-9.19,1.8,0.6155555555555555
56.748,-9.12,2.07,0.5933333333333334
56.768,-9.29,2.1,0.57
56.788,-9.11,2.17,0.5433333333333333
56.808,-9.14,2.53,0.5166666666666667
56.828,-9.11,2.29,0.4911111111111111
56.848,-8.95,2.23,0.4666666666666667
56.868,-9.23,2.82,0.43666666666666665
56.888,-9.25,2.88,0.4077777777777778
56.908,-9.2,2.62,0.37777777777777777
56.928,-9.34,3.43,0.3522222222222222
56.948,-9.35,3.2,0.3211111111111111
56.968,-9.1,2.85,0.29
56.988,-9.29,3.16,0.2577777777777778
57.008,-9.06,3.44,0.22444444444444445
57.028,-9.18,3.16,0.19666666666666666
57.048,-9.12,3.08,0.17777777777777778
57.068,-9.03,3.44,0.13
57.088,-9.06,3.41,0.11666666666666667
57.108,-8.97,2.96,0.07
57.128,-9.03,3.41,0.03777777777777778
57.148,-9.07,3.17,0.006666666666666667
57.168,-8.99,3.24,-0.022222222222222223
57.188,-9.06,3.28,-0.04777777777777778
57.208,-9.09,3.09,-0.07222222222222222
57.228,-9.22,3.41,-0.08777777777777777
57.248,-9.05,2.85,-0.12444444444444444
57.268,-8.93,3.14,-0.13666666666666666
57.288,-9.01,2.88,-0.15777777777777777
57.308,-9.05,2.91,-0.18
57.328,-9.18,2.94,-0.20333333333333334
57.348,-9.18,2.74,-0.22555555555555556
57.368,-9.08,2.72,-0.25
57.388,-9.08,2.92,-0.27
57.408,-9.05,2.78,-0.2911111111111111
57.428,-9.19,2.48,-0.3244444444444444
57.448,-9.13,2.4,-0.3322222222222222
57.468,-9.07,2.58,-0.3622222222222222
57.488,-9.23,2.37,-0.3711111111111111
57.508,-9.2,2.28,-0.39555555555555555
57.528,-9.17,2.27,-0.41333333333333333
57.548,-9.3,2.18,-0.43555555555555553
57.568,-9.23,1.98,-0.45666666666666667
57.588,-9.21,2.16,-0.48
57.608,-9.23,2.03,-0.5
57.628,-9.28,1.75,-0.5244444444444445
57.648,-9.27,1.79,-0.5533333333333333
57.668,-9.22,1.67,-0.5777777777777777
57.688,-9.23,1.46,-0.6011111111111112
57.708,-9.25,1.51,-0.63
57.728,-9.2,1.37,-0.6588888888888889
57.748,-9.25,1.15,-0.6877777777777778
57.768,-9.23,1.0,-0.7133333333333334
57.788,-9.24,1.02,-0.7422222222222222
57.808,-9.22,0.68,-0.77
57.828,-9.23,0.69,-0.8
57.848,-9.21,0.48,-0.8311111111111111
57.868,-9.14,0.23,-0.8622222222222222
57.888,-9.13,0.2,-0.8955555555555555
57.908,-9.12,-0.1,-0.9277777777777778
57.928,-9.09,-0.19,-0.9622222222222222
57.948,-9.0,-0.44,-0.9966666666666667
57.968,-8.9,-0.58,-1.031111111111111
57.988,-8.84,-1.0,-1.07
58.008,-8.77,-0.92,-1.1055555555555556
58.028,-8.68,-1.16,-1.1444444444444444
58.048,-8.57,-1.49,-1.1866666666666668
58.068,-8.42,-1.71,-1.2266666666666666
58.088,-8.43,-1.76,-1.2733333333333334
58.108,-8.2,-2.1,-1.3222222222222222
58.128,-8.06,-2.29,-1.3666666666666667
58.148,-7.89,-2.39,-1.42
58.168,-7.7,-2.77,-1.4722222222222223
58.188,-7.45,-3.12,-1.5266666666666666
58.208,-7.3,-3.09,-1.5811111111111111
58.228,-7.1,-3.47,-1.64
58.248,-6.76,-3.69,-1.7022222222222223
58.268,-6.49,-4.11,-1.7666666666666666
58.288,-6.28,-3.7,-1.8277777777777777
58.308,-5.75,-4.72,-1.8977777777777778
58.328,-5.57,-4.46,-1.9644444444444444
58.348,-4.96,-5.25,-2.037777777777778
58.368,-4.59,-5.33,-2.112222222222222
58.388,-4.16,-5.51,-2.1844444444444444
58.408,-3.5,-5.99,-2.26
58.428,-3.07,-5.99,-2.3422222222222224
58.448,-2.59,-6.34,-2.422222222222222
58.468,-1.69,-6.67,-2.5055555555555555
58.488,-1.37,-6.74,-2.5877777777777777
58.508,-0.39,-7.17,-2.6744444444444446
58.528,0.15,-7.23,-2.756666666666667
58.548,0.85,-7.63,-2.8366666666666664
58.568,1.84,-8.18,-2.9144444444444444
58.588,2.56,-7.54,-3.0
58.608,3.22,-7.74,-3.0844444444444443
58.628,4.45,-8.09,-3.168888888888889
58.648,4.97,-7.66,-3.29
58.668,6.25,-7.85,-3.3344444444444443
58.688,6.89,-7.46,-3.4522222222222223
58.708,8.04,-7.62,-3.533333333333333
58.728,8.89,-7.27,-3.611111111111111
58.748,9.85,-7.18,-3.6866666666666665
58.768,10.89,-7.0,-3.76
58.788,11.74,-6.5,-3.8255555555555554
58.808,12.8,-6.22,-3.89
58.828,13.8,-5.51,-3.9522222222222223
58.848,14.33,-5.2,-4.007777777777778
58.868,15.32,-4.67,-4.047777777777778
58.888,15.75,-4.1,-4.093333333333334
58.908,16.38,-3.41,-4.14
58.928,16.8,-2.96,-4.17
58.948,17.15,-2.12,-4.196666666666666
58.968,17.39,-1.47,-4.2122222222222225
58.988,17.59,-1.04,-4.228888888888889
59.008,17.62,-0.12,-4.224444444444444
59.028,17.61,0.36,-4.214444444444444
59.048,17.83,0.75,-4.195555555555556
59.068,17.72,2.18,-4.1866666666666665
59.088,16.58,2.08,-4.157777777777778
59.108,16.53,2.95,-4.127777777777778
59.128,15.56,4.47,-4.082222222222223
59.148,15.56,4.18,-4.032222222222222
59.168,14.4,5.13,-3.977777777777778
59.188,13.97,5.82,-3.9233333333333333
59.208,13.41,5.68,-3.8555555555555556
59.228,12.46,5.97,-3.79
59.248,11.63,6.76,-3.72
59.268,10.83,6.79,-3.638888888888889
59.288,9.69,7.15,-3.561111111111111
59.308,9.14,7.46,-3.48
59.328,7.83,7.49,-3.4
59.348,7.18,7.64,-3.312222222222222
59.368,6.04,8.16,-3.2288888888888887
59.388,5.36,7.57,-3.141111111111111
59.408,4.32,7.93,-3.05
59.428,3.66,7.86,-2.9633333333333334
59.448,2.77,7.64,-2.88
59.468,2.06,7.83,-2.7933333333333334
59.488,1.24,7.7,-2.712222222222222
59.508,0.75,6.38,-2.621111111111111
59.528,-0.1,6.64,-2.5455555555555556
59.548,-1.1,7.51,-2.4644444444444447
59.568,-1.4,7.13,-2.3855555555555554
59.588,-1.93,6.6,-2.31
59.608,-2.97,7.06,-2.2333333333333334
59.628,-2.78,6.09,-2.1644444444444444
59.648,-3.75,5.84,-2.0855555555555556
59.668,-4.38,5.89,-2.013333333333333
59.688,-4.53,5.6,-1.941111111111111
59.708,-5.19,5.49,-1.8711111111111112
59.728,-5.5,5.03,-1.8
59.748,-5.74,5.06,-1.7322222222222223
59.768,-6.14,4.65,-1.6666666666666667
59.788,-6.45,4.38,-1.6011111111111112
59.808,-6.67,4.19,-1.541111111111111
59.828,-6.87,4.19,-1.48
59.848,-7.21,3.55,-1.4177777777777778
59.868,-7.37,3.57,-1.3633333333333333
59.888,-7.52,3.36,-1.308888888888889
59.908,-7.7,3.08,-1.248888888888889
59.928,-7.94,2.88,-1.1922222222222223
59.948,-8.08,2.79,-1.1411111111111112
59.968,-8.23,2.49,-1.09
59.988,-8.34,2.38,-1.038888888888889
60.008,-8.46,2.25,-0.9877777777777778
