3.948,-9.47,-0.39,0.0
3.968,-9.47,-0.38,0.0
3.988,-9.48,-0.38,0.0
4.008,-9.48,-0.37,0.0
4.028,-9.53,-0.39,0.0
4.048,-9.54,-0.4,0.0011111111111111111
4.068,-9.53,-0.38,0.0022222222222222222
4.088,-9.51,-0.39,0.0011111111111111111
4.108,-9.5,-0.37,0.0022222222222222222
4.128,-9.48,-0.4,0.0022222222222222222
4.148,-9.53,-0.39,0.0044444444444444444
4.168,-9.5,-0.39,0.0011111111111111111
4.188,-9.5,-0.41,0.0033333333333333335
4.208,-9.49,-0.38,0.0033333333333333335
4.228,-9.5,-0.37,0.0033333333333333335
4.248,-9.48,-0.45,0.0033333333333333335
4.268,-9.46,-0.39,0.0044444444444444444
4.288,-9.49,-0.38,0.005555555555555556
4.308,-9.5,-0.44,0.0077777777777777776
4.328,-9.49,-0.37,0.012222222222222223
4.348,-9.48,-0.43,0.011111111111111112
4.368,-9.49,-0.44,0.013333333333333334
4.388,-9.5,-0.36,0.013333333333333334
4.408,-9.5,-0.41,0.015555555555555555
4.428,-9.5,-0.43,0.016666666666666666
4.448,-9.51,-0.42,0.02
4.468,-9.53,-0.4,0.02
4.488,-9.52,-0.43,0.025555555555555557
4.508,-9.48,-0.37,0.027777777777777776
4.528,-9.49,-0.36,0.03
4.548,-9.51,-0.37,0.03222222222222222
4.568,-9.51,-0.37,0.03666666666666667
4.588,-9.5,-0.42,0.03888888888888889
4.608,-9.5,-0.35,0.044444444444444446
4.628,-9.45,-0.33,0.04777777777777778
4.648,-9.49,-0.38,0.05
4.668,-9.45,-0.37,0.05444444444444444
4.688,-9.51,-0.26,0.057777777777777775
4.708,-9.51,-0.34,0.06444444444444444
4.728,-9.49,-0.34,0.06888888888888889
4.748,-9.46,-0.31,0.07222222222222222
4.768,-9.49,-0.27,0.07888888888888888
4.788,-9.5,-0.3,0.08444444444444445
4.808,-9.5,-0.25,0.08888888888888889
4.828,-9.5,-0.26,0.09444444444444444
4.848,-9.51,-0.28,0.10111111111111111
4.868,-9.52,-0.21,0.10888888888888888
4.888,-9.51,-0.15,0.11555555555555555
4.908,-9.51,-0.18,0.12
4.928,-9.45,-0.16,0.1288888888888889
4.948,-9.46,-0.13,0.13666666666666666
4.968,-9.49,-0.08,0.14333333333333334
4.988,-9.48,-0.04,0.1511111111111111
5.008,-9.49,-0.07,0.15888888888888889
5.028,-9.48,-0.03,0.16666666666666666
5.048,-9.46,0.02,0.17444444444444446
5.068,-9.45,0.02,0.18222222222222223
5.088,-9.47,0.09,0.19333333333333333
5.108,-9.48,0.18,0.2
5.128,-9.48,0.15,0.2088888888888889
5.148,-9.46,0.22,0.21555555555555556
5.168,-9.46,0.27,0.22444444444444445
5.188,-9.47,0.32,0.23333333333333334
5.208,-9.43,0.34,0.24333333333333335
5.228,-9.45,0.39,0.2511111111111111
5.248,-9.44,0.43,0.2633333333333333
5.268,-9.44,0.45,0.27444444444444444
5.288,-9.44,0.6,0.28555555555555556
5.308,-9.39,0.56,0.2966666666666667
5.328,-9.43,0.65,0.30666666666666664
5.348,-9.38,0.68,0.32
5.368,-9.36,0.75,0.33
5.388,-9.37,0.83,0.3422222222222222
5.408,-9.39,0.89,0.3522222222222222
5.428,-9.29,0.93,0.36666666666666664
5.448,-9.33,1.02,0.3811111111111111
5.468,-9.28,1.06,0.39666666666666667
5.488,-9.26,1.16,0.4111111111111111
5.508,-9.29,1.25,0.4255555555555556
5.528,-9.26,1.32,0.44
5.548,-9.23,1.4,0.45666666666666667
5.568,-9.23,1.46,0.4711111111111111
5.588,-9.18,1.55,0.4922222222222222
5.608,-9.14,1.63,0.5077777777777778
5.628,-9.12,1.74,0.5277777777777778
5.648,-9.06,1.85,0.5455555555555556
5.668,-9.0,1.9,0.57
5.688,-8.99,2.02,0.59
5.708,-8.94,2.08,0.61
5.728,-8.85,2.24,0.6344444444444445
5.748,-8.85,2.32,0.6577777777777778
5.768,-8.75,2.48,0.6833333333333333
5.788,-8.69,2.56,0.71
5.808,-8.63,2.7,0.7366666666666667
5.828,-8.57,2.79,0.7633333333333333
5.848,-8.45,2.94,0.7933333333333333
5.868,-8.42,3.04,0.8222222222222222
5.888,-8.29,3.19,0.8566666666666667
5.908,-8.22,3.32,0.8866666666666667
5.928,-8.04,3.51,0.9211111111111111
5.948,-7.94,3.65,0.9577777777777777
5.968,-7.76,3.85,0.9933333333333333
5.988,-7.69,3.96,1.0322222222222222
6.008,-7.51,4.12,1.07
6.028,-7.34,4.32,1.11
6.048,-7.15,4.47,1.1555555555555554
6.068,-6.97,4.55,1.2022222222222223
6.088,-6.71,4.86,1.268888888888889
6.108,-6.54,4.96,1.2933333333333332
6.128,-6.25,5.12,1.37
6.148,-6.04,5.34,1.4222222222222223
6.168,-5.68,5.51,1.478888888888889
6.188,-5.59,5.68,1.5333333333333334
6.208,-5.06,5.93,1.59
6.228,-4.89,6.06,1.65
6.248,-4.52,6.26,1.71
6.268,-4.0,6.42,1.7733333333333334
6.288,-3.67,6.52,1.8411111111111111
6.308,-3.27,6.73,1.91
6.328,-2.64,6.98,1.981111111111111
6.348,-2.37,7.03,2.05
6.368,-1.65,7.29,2.1233333333333335
6.388,-1.24,7.39,2.2
6.408,-0.54,7.5,2.272222222222222
6.428,-0.02,7.62,2.352222222222222
6.448,0.68,7.72,2.43
6.468,1.19,7.79,2.513333333333333
6.488,2.08,7.9,2.591111111111111
6.508,2.67,7.96,2.6755555555555555
6.528,3.51,7.95,2.7544444444444443
6.548,4.18,7.91,2.8355555555555556
6.568,5.13,8.0,2.922222222222222
6.588,5.58,7.8,3.0055555555555555
6.608,6.84,7.82,3.0877777777777777
6.628,7.62,7.52,3.1622222222222223
6.648,8.3,7.47,3.243333333333333
6.668,9.23,7.2,3.3177777777777777
6.688,10.03,6.99,3.391111111111111
6.708,10.7,6.66,3.4611111111111112
6.728,11.72,6.31,3.531111111111111
6.748,12.53,5.9,3.6
6.768,13.36,5.28,3.658888888888889
6.788,13.93,5.07,3.71
6.808,14.63,4.29,3.758888888888889
6.828,15.05,3.93,3.807777777777778
6.848,15.41,3.53,3.8455555555555554
6.868,16.12,2.73,3.8866666666666667
6.888,16.2,2.26,3.898888888888889
6.908,16.48,1.57,3.9155555555555557
6.928,16.52,0.99,3.93
6.948,16.62,0.31,3.933333333333333
6.968,16.68,-0.33,3.9355555555555557
6.988,16.42,-1.19,3.9255555555555555
7.008,16.24,-1.43,3.911111111111111
7.028,15.85,-2.38,3.8866666666666667
7.048,15.65,-2.97,3.8566666666666665
7.068,14.98,-3.46,3.82
7.088,14.78,-3.98,3.7744444444444443
7.108,13.84,-4.75,3.721111111111111
7.128,13.6,-4.84,3.66
7.148,12.56,-5.39,3.598888888888889
7.168,11.78,-5.76,3.53
7.188,11.02,-6.17,3.4522222222222223
7.208,10.31,-6.11,3.3766666666666665
7.228,9.13,-6.76,3.29
7.248,8.52,-6.79,3.2111111111111112
7.268,7.49,-6.94,3.1166666666666667
7.288,6.74,-7.41,3.02
7.308,6.12,-7.15,2.92
7.328,5.24,-7.32,2.821111111111111
7.348,4.07,-7.43,2.7155555555555555
7.368,3.6,-7.04,2.6077777777777778
7.388,2.48,-7.44,2.502222222222222
7.408,2.22,-7.21,2.3944444444444444
7.428,0.97,-7.33,2.28
7.448,0.52,-7.16,2.183333333333333
7.468,-0.04,-7.31,2.082222222222222
7.488,1.71,-8.9,1.9855555555555555
7.508,-1.11,-7.03,1.8555555555555556
7.528,-1.9,-7.0,1.748888888888889
7.548,-2.08,-7.33,1.6444444444444444
7.568,-2.67,-6.4,1.5366666666666666
7.588,-3.29,-6.37,1.4333333333333333
7.608,-3.61,-6.54,1.3311111111111111
7.628,-3.77,-6.64,1.2277777777777779
7.648,-4.04,-6.17,1.1755555555555555
7.668,-4.65,-6.21,1.0277777777777777
7.688,-4.71,-6.02,0.9788888888888889
7.708,-4.96,-5.97,0.83
7.728,-5.18,-6.04,0.7833333333333333
7.748,-5.38,-5.86,0.6422222222222222
7.768,-5.54,-5.85,0.59
7.788,-5.6,-5.89,0.45111111111111113
7.808,-5.7,-5.76,0.40555555555555556
7.828,-5.82,-5.6,0.26555555555555554
7.848,-5.83,-5.77,0.17333333333333334
7.868,-5.84,-5.78,0.12777777777777777
7.888,-5.89,-5.61,-0.005555555555555556
7.908,-5.79,-5.76,-0.051111111111111114
7.928,-5.76,-5.96,-0.1388888888888889
7.948,-5.82,-5.79,-0.22777777777777777
7.968,-5.72,-5.92,-0.31333333333333335
7.988,-5.56,-6.04,-0.3977777777777778
8.008,-5.58,-6.08,-0.48
8.028,-5.3,-6.35,-0.5622222222222222
8.048,-5.18,-6.43,-0.6411111111111111
8.068,-5.04,-6.49,-0.72
8.088,-4.85,-6.57,-0.7922222222222223
8.108,-4.61,-6.65,-0.8688888888888889
8.128,-4.58,-6.6,-0.9422222222222222
8.148,-3.86,-7.01,-1.0155555555555555
8.168,-3.77,-7.04,-1.0911111111111111
8.188,-3.76,-6.78,-1.1677777777777778
8.208,-3.23,-7.22,-1.2455555555555555
8.228,-2.87,-7.18,-1.32
8.248,-2.84,-7.17,-1.4
8.268,-2.04,-7.5,-1.478888888888889
8.288,-1.82,-7.52,-1.558888888888889
8.308,-1.42,-7.46,-1.6377777777777778
8.328,-0.98,-7.6,-1.721111111111111
8.348,-0.36,-7.73,-1.801111111111111
8.368,0.0,-7.69,-1.8844444444444444
8.388,0.53,-7.81,-1.97
8.408,1.4,-7.86,-2.051111111111111
8.428,1.93,-7.81,-2.132222222222222
8.448,2.54,-7.83,-2.2177777777777776
8.468,3.03,-7.76,-2.3
8.488,3.89,-7.5,-2.3844444444444446
8.508,4.27,-7.98,-2.4633333333333334
8.528,5.33,-7.52,-2.5433333333333334
8.548,5.67,-7.63,-2.6233333333333335
8.568,6.59,-7.45,-2.7044444444444444
8.588,7.21,-7.2,-2.781111111111111
8.608,7.98,-7.11,-2.8544444444444443
8.628,8.6,-6.78,-2.928888888888889
8.648,9.5,-6.56,-2.9988888888888887
8.668,10.05,-6.27,-3.0644444444444443
8.688,10.84,-5.93,-3.128888888888889
8.708,11.43,-5.51,-3.1866666666666665
8.728,12.1,-5.16,-3.241111111111111
8.748,12.58,-4.84,-3.292222222222222
8.768,13.25,-4.2,-3.341111111111111
8.788,13.52,-3.92,-3.38
8.808,14.04,-3.28,-3.417777777777778
8.828,14.29,-2.82,-3.4466666666666668
8.848,14.75,-2.15,-3.4744444444444444
8.868,14.86,-1.8,-3.49
8.888,15.07,-0.99,-3.5
8.908,15.14,-0.55,-3.506666666666667
8.928,15.26,0.15,-3.508888888888889
8.948,15.21,0.66,-3.4955555555555557
8.968,14.99,1.21,-3.486666666666667
8.988,15.0,1.69,-3.47
9.008,14.48,2.66,-3.4466666666666668
9.028,14.37,2.7,-3.411111111111111
9.048,13.83,3.39,-3.378888888888889
9.068,13.48,3.95,-3.3366666666666664
9.088,12.89,4.42,-3.2866666666666666
9.108,12.5,4.67,-3.2344444444444442
9.128,11.78,5.18,-3.172222222222222
9.148,11.29,5.59,-3.112222222222222
9.168,10.45,5.91,-3.0477777777777777
9.188,10.14,5.92,-2.973333333333333
9.208,9.16,6.58,-2.9
9.228,8.56,6.61,-2.8222222222222224
9.248,7.71,7.03,-2.74
9.268,7.07,6.93,-2.651111111111111
9.288,6.33,7.3,-2.562222222222222
9.308,5.56,7.18,-2.47
9.328,4.9,7.24,-2.3733333333333335
9.348,4.36,7.37,-2.272222222222222
9.368,3.63,7.35,-2.1744444444444446
9.388,3.04,7.41,-2.07
9.408,2.34,7.45,-1.9666666666666666
9.428,1.88,7.3,-1.86
9.448,1.27,7.4,-1.7466666666666666
9.468,0.87,7.31,-1.6388888888888888
9.488,0.32,7.32,-1.5266666666666666
9.508,-0.02,7.36,-1.4155555555555555
9.528,-0.56,7.18,-1.308888888888889
9.548,-0.39,6.6,-1.191111111111111
9.568,-1.31,7.26,-1.0755555555555556
9.588,-1.23,6.65,-0.9622222222222222
9.608,-1.58,6.84,-0.85
9.628,-1.65,6.85,-0.7377777777777778
9.648,-1.94,6.6,-0.6244444444444445
9.668,-2.41,7.2,-0.51
9.688,-2.28,6.78,-0.4
9.708,-2.37,7.11,-0.28888888888888886
9.728,-2.53,6.96,-0.17888888888888888
9.748,-2.51,6.92,-0.06888888888888889
9.768,-2.43,7.12,0.042222222222222223
9.788,-2.36,6.94,0.15
9.808,-2.35,7.05,0.2577777777777778
9.828,-2.12,7.09,0.36666666666666664
9.848,-2.13,7.02,0.4711111111111111
9.868,-1.99,7.21,0.5777777777777777
9.888,-1.6,7.37,0.68
9.908,-1.64,7.4,0.78
9.928,-1.23,7.62,0.8733333333333333
9.948,-1.04,7.64,0.9655555555555555
9.968,-0.75,7.73,1.051111111111111
9.988,-0.44,7.84,1.1377777777777778
10.008,-0.09,7.75,1.22
10.028,0.19,7.96,1.3022222222222222
10.048,0.63,7.84,1.3866666666666667
10.068,1.23,7.89,1.47
10.088,1.64,7.95,1.5566666666666666
10.108,2.05,7.85,1.6366666666666667
10.128,2.69,7.89,1.7233333333333334
10.148,3.02,7.9,1.8044444444444445
10.168,3.62,7.64,1.8888888888888888
10.188,4.18,7.63,1.9722222222222223
10.208,4.67,7.75,2.0522222222222224
10.228,4.97,7.47,2.1333333333333333
10.248,5.71,7.61,2.2155555555555555
10.268,6.35,7.3,2.29
10.288,6.79,7.34,2.3722222222222222
10.308,7.53,6.99,2.448888888888889
10.328,8.02,6.78,2.522222222222222
10.348,8.78,6.43,2.5944444444444446
10.368,9.25,6.43,2.6622222222222223
10.388,9.98,6.01,2.7288888888888887
10.408,10.58,5.42,2.7944444444444443
10.428,11.05,5.35,2.851111111111111
10.448,11.48,5.16,2.91
10.468,12.0,4.53,2.9644444444444447
10.488,12.42,4.15,3.013333333333333
10.508,12.86,3.93,3.06
10.528,13.15,3.3,3.097777777777778
10.548,13.65,2.61,3.1333333333333333
10.568,13.76,2.5,3.16
10.588,14.09,1.76,3.188888888888889
10.608,14.28,1.16,3.2
10.628,14.31,0.65,3.2155555555555555
10.648,14.38,0.7,3.22
10.668,14.34,-0.29,3.22
10.688,14.35,-1.04,3.2144444444444447
10.708,14.19,-1.19,3.2044444444444444
10.728,13.86,-1.61,3.1866666666666665
10.748,13.62,-2.39,3.1655555555555557
10.768,13.25,-2.81,3.1344444444444446
10.788,12.77,-2.92,3.088888888888889
10.808,12.68,-3.72,3.0444444444444443
10.828,11.86,-3.94,2.9855555555555555
10.848,11.41,-4.27,2.9255555555555555
10.868,10.67,-4.98,2.8533333333333335
10.888,10.24,-5.05,2.7711111111111113
10.908,9.58,-5.33,2.69
10.928,8.94,-5.6,2.6033333333333335
10.948,8.26,-5.78,2.5122222222222224
10.968,7.87,-5.87,2.4166666666666665
10.988,6.95,-6.23,2.32
11.008,6.56,-6.42,2.22
11.028,5.78,-6.43,2.1133333333333333
11.048,5.38,-6.7,2.01
11.068,4.76,-6.75,1.9
11.088,4.23,-6.87,1.7922222222222222
11.108,3.72,-6.95,1.6833333333333333
11.128,3.3,-7.04,1.5733333333333333
11.148,2.83,-7.1,1.4633333333333334
11.168,2.58,-7.14,1.35
11.188,2.05,-7.27,1.238888888888889
11.208,1.63,-7.37,1.1311111111111112
11.228,2.24,-8.42,1.0055555555555555
11.248,0.86,-6.36,0.9022222222222223
11.268,0.9,-7.52,0.7866666666666666
11.288,0.83,-7.08,0.6777777777777778
11.308,0.36,-7.3,0.5688888888888889
11.328,0.57,-7.56,0.4622222222222222
11.348,0.08,-7.45,0.3622222222222222
11.368,0.09,-7.79,0.26555555555555554
11.388,0.14,-7.77,0.17444444444444446
11.408,0.26,-7.76,0.08444444444444445
11.428,-0.02,-7.75,0.0
11.448,0.06,-7.76,-0.08666666666666667
11.468,0.26,-7.73,-0.17
11.488,0.09,-7.84,-0.25222222222222224
11.508,0.3,-7.68,-0.3388888888888889
11.528,0.6,-8.02,-0.4222222222222222
11.548,0.5,-7.79,-0.5077777777777778
11.568,0.7,-7.86,-0.5911111111111111
11.588,1.02,-7.93,-0.6766666666666666
11.608,1.01,-7.79,-0.7588888888888888
11.628,1.35,-7.81,-0.8411111111111111
11.648,1.6,-7.91,-0.9255555555555556
11.668,1.8,-7.7,-1.0066666666666666
11.688,2.08,-7.82,-1.0911111111111111
11.708,2.71,-7.75,-1.1722222222222223
11.728,2.85,-7.6,-1.2933333333333332
11.748,3.39,-7.62,-1.3777777777777778
11.768,3.74,-7.52,-1.4133333333333333
11.788,4.08,-7.44,-1.531111111111111
11.808,4.54,-7.33,-1.61
11.828,4.98,-7.29,-1.69
11.848,5.33,-7.16,-1.7644444444444445
11.868,5.92,-6.99,-1.8388888888888888
11.888,6.21,-6.96,-1.91
11.908,6.58,-6.75,-1.981111111111111
11.928,7.17,-6.61,-2.05
11.948,7.55,-6.37,-2.1166666666666667
11.968,8.11,-6.18,-2.18
11.988,8.67,-5.92,-2.24
12.008,9.04,-5.65,-2.2977777777777777
12.028,9.61,-5.34,-2.3544444444444443
12.048,9.96,-5.09,-2.408888888888889
12.068,10.45,-4.76,-2.457777777777778
12.088,10.79,-4.44,-2.5
12.108,11.23,-4.02,-2.54
12.128,11.52,-3.81,-2.577777777777778
12.148,11.72,-3.45,-2.608888888888889
12.168,12.12,-3.03,-2.62
12.188,12.23,-2.64,-2.652222222222222
12.208,12.52,-2.28,-2.6622222222222223
12.228,12.59,-1.76,-2.6755555555555555
12.248,12.79,-1.29,-2.683333333333333
12.268,12.94,-0.93,-2.6866666666666665
12.288,12.94,-0.64,-2.68
12.308,12.9,-0.15,-2.668888888888889
12.328,12.94,0.45,-2.638888888888889
12.348,12.75,0.31,-2.6266666666666665
12.368,12.75,1.25,-2.578888888888889
12.388,12.36,1.07,-2.5555555555555554
12.408,12.31,2.17,-2.49
12.428,11.97,1.74,-2.47
12.448,11.58,2.74,-2.4122222222222223
12.468,11.25,2.81,-2.348888888888889
12.488,11.1,2.86,-2.28
12.508,10.68,3.21,-2.2055555555555557
12.528,10.1,3.71,-2.1255555555555556
12.548,9.82,3.84,-2.037777777777778
12.568,9.35,3.99,-1.95
12.588,8.88,4.58,-1.8555555555555556
12.608,8.39,4.45,-1.7566666666666666
12.628,8.32,4.76,-1.6566666666666667
12.648,7.74,4.97,-1.5544444444444445
12.668,7.5,5.3,-1.4533333333333334
12.688,6.99,5.1,-1.35
12.708,6.85,5.57,-1.251111111111111
12.728,6.47,5.53,-1.1444444444444444
12.748,6.45,5.67,-1.04
12.768,5.83,5.84,-0.9355555555555556
12.788,5.94,5.95,-0.8311111111111111
12.808,5.4,6.02,-0.7222222222222222
12.828,5.41,6.35,-0.62
12.848,5.39,6.25,-0.5233333333333333
12.868,5.14,6.56,-0.43444444444444447
12.888,4.96,6.72,-0.34555555555555556
12.908,5.28,6.58,-0.26666666666666666
12.928,4.88,7.25,-0.19
12.948,4.86,6.85,-0.11
12.968,5.12,6.77,-0.035555555555555556
12.988,4.73,7.01,0.04
13.008,5.15,6.91,0.11444444444444445
13.028,4.92,6.58,0.19
13.048,5.08,7.09,0.2644444444444444
13.068,5.13,6.82,0.3422222222222222
13.088,5.18,6.7,0.41555555555555557
13.108,5.25,6.73,0.49
13.128,5.46,6.8,0.5611111111111111
13.148,5.44,6.48,0.6355555555555555
13.168,5.83,6.63,0.7077777777777777
13.188,5.85,6.61,0.78
13.208,6.15,6.23,0.8522222222222222
13.228,6.42,6.37,0.92
13.248,6.44,6.37,0.9911111111111112
13.268,6.84,5.99,1.058888888888889
13.288,6.96,6.12,1.1244444444444444
13.308,7.23,6.11,1.19
13.328,7.49,5.38,1.2566666666666666
13.348,7.83,5.71,1.3166666666666667
13.368,7.94,5.47,1.38
13.388,8.45,5.04,1.44
13.408,8.7,5.25,1.4966666666666666
13.428,8.91,4.92,1.55
13.448,9.3,4.46,1.6055555555555556
13.468,9.44,4.43,1.6533333333333333
13.488,9.79,4.23,1.7022222222222223
13.508,9.92,3.7,1.7522222222222221
13.528,10.27,3.71,1.7922222222222222
13.548,10.41,3.48,1.8333333333333333
13.568,10.65,2.97,1.8733333333333333
13.588,10.8,2.62,1.9066666666666667
13.608,11.05,2.6,1.9344444444444444
13.628,11.1,2.31,1.9633333333333334
13.648,11.28,1.7,1.9855555555555555
13.668,11.4,1.68,2.0011111111111113
13.688,11.46,1.17,2.017777777777778
13.708,11.59,0.98,2.0277777777777777
13.728,11.61,0.63,2.031111111111111
13.748,11.58,0.6,2.028888888888889
13.768,11.61,-0.12,2.02
13.788,11.58,0.02,2.0033333333333334
13.808,11.42,-0.07,1.9822222222222223
13.828,11.32,-0.73,1.9522222222222223
13.848,11.13,-0.93,1.9122222222222223
13.868,11.04,-0.82,1.8644444444444443
13.888,10.88,-1.08,1.8133333333333332
13.908,10.58,-1.69,1.7555555555555555
13.928,10.5,-1.63,1.6922222222222223
13.948,10.14,-2.04,1.6288888888888888
13.968,9.97,-2.3,1.5566666666666666
13.988,9.84,-2.28,1.4844444444444445
14.008,9.7,-2.58,1.41
14.028,9.31,-3.19,1.3344444444444445
14.048,8.98,-2.88,1.25
14.068,8.9,-3.28,1.1722222222222223
14.088,8.81,-3.49,1.09
14.108,8.44,-3.81,1.011111111111111
14.128,8.38,-4.19,0.9411111111111111
14.148,8.21,-4.31,0.8744444444444445
14.168,8.02,-4.56,0.8166666666666667
14.188,7.83,-4.78,0.7622222222222222
14.208,7.77,-4.93,0.7088888888888889
14.228,7.66,-5.6,0.6577777777777778
14.248,7.48,-4.98,0.6011111111111112
14.268,7.3,-5.17,0.5466666666666666
14.288,7.3,-5.37,0.4911111111111111
14.308,7.18,-5.09,0.43555555555555553
14.328,7.1,-5.36,0.3788888888888889
14.348,7.14,-5.55,0.32222222222222224
14.368,7.12,-5.35,0.2644444444444444
14.388,6.94,-5.58,0.2088888888888889
14.408,6.95,-5.56,0.15
14.428,6.95,-5.38,0.09111111111111111
14.448,6.82,-5.48,0.034444444444444444
14.468,6.95,-5.51,-0.022222222222222223
14.488,7.01,-5.4,-0.08
14.508,6.87,-5.59,-0.1388888888888889
14.528,7.01,-5.54,-0.19333333333333333
14.548,7.04,-5.44,-0.24888888888888888
14.568,6.97,-5.51,-0.30444444444444446
14.588,7.27,-5.32,-0.3611111111111111
14.608,7.21,-5.28,-0.4166666666666667
14.628,7.28,-5.3,-0.4677777777777778
14.648,7.48,-5.19,-0.5244444444444445
14.668,7.5,-5.17,-0.5766666666666667
14.688,7.61,-5.11,-0.6288888888888889
14.708,7.83,-4.95,-0.6766666666666666
14.728,7.83,-4.88,-0.7288888888888889
14.748,7.99,-4.8,-0.7788888888888889
14.768,8.17,-4.65,-0.8233333333333334
14.788,8.25,-4.54,-0.87
14.808,8.42,-4.51,-0.9155555555555556
14.828,8.58,-4.22,-0.96
14.848,8.69,-4.2,-1.0
14.868,8.89,-4.03,-1.0422222222222222
14.888,9.03,-3.87,-1.0811111111111111
14.908,9.16,-3.72,-1.1177777777777778
14.928,9.3,-3.57,-1.1511111111111112
14.948,9.43,-3.33,-1.1866666666666668
14.968,9.55,-3.16,-1.2177777777777778
14.988,9.69,-3.05,-1.2466666666666666
15.008,9.82,-2.91,-1.27
15.028,9.94,-2.47,-1.2955555555555556
15.048,10.14,-2.49,-1.3166666666666667
15.068,10.11,-2.07,-1.3344444444444445
15.088,10.38,-1.93,-1.3511111111111112
15.108,10.32,-1.71,-1.3622222222222222
15.128,10.43,-1.51,-1.3722222222222222
15.148,10.56,-1.34,-1.3788888888888888
15.168,10.61,-1.11,-1.3811111111111112
15.188,10.59,-0.73,-1.3822222222222222
15.208,10.61,-0.7,-1.3755555555555556
15.228,10.66,-0.56,-1.3688888888888888
15.248,10.52,-0.2,-1.3577777777777778
15.268,10.53,-0.16,-1.3411111111111111
15.288,10.57,-0.07,-1.3222222222222222
15.308,10.48,0.33,-1.2955555555555556
15.328,10.38,0.33,-1.2666666666666666
15.348,10.38,0.55,-1.23
15.368,10.2,0.48,-1.191111111111111
15.388,10.13,1.01,-1.15
15.408,10.12,0.97,-1.1022222222222222
15.428,10.07,1.13,-1.0555555555555556
15.448,9.84,1.27,-1.0022222222222221
15.468,9.89,1.46,-0.9477777777777778
15.488,9.84,1.54,-0.8911111111111111
15.508,9.7,2.01,-0.8344444444444444
15.528,9.69,1.75,-0.7811111111111111
15.548,9.54,2.28,-0.7311111111111112
15.568,9.31,2.56,-0.6855555555555556
15.588,9.5,2.6,-0.6411111111111111
15.608,9.27,2.57,-0.6
15.628,9.1,3.04,-0.5622222222222222
15.648,9.38,3.1,-0.5266666666666666
15.668,9.02,3.42,-0.49
15.688,9.13,2.83,-0.45111111111111113
15.708,9.15,3.19,-0.4122222222222222
15.728,8.83,3.66,-0.37
15.748,8.99,2.92,-0.33
15.768,8.87,3.64,-0.2922222222222222
15.788,8.68,3.78,-0.25
15.808,8.99,3.11,-0.21
15.828,8.69,3.55,-0.16777777777777778
15.848,8.83,3.65,-0.12444444444444444
15.868,8.78,3.36,-0.08333333333333333
15.888,8.68,3.69,-0.04
15.908,8.91,3.53,0.0011111111111111111
15.928,8.63,3.5,0.043333333333333335
15.948,8.83,3.6,0.08444444444444445
15.968,8.76,3.58,0.12666666666666668
15.988,8.79,3.53,0.16777777777777778
16.008,8.88,3.47,0.2088888888888889
16.028,8.88,3.59,0.24888888888888888
16.048,8.9,3.3,0.29
16.068,8.99,3.3,0.33
16.088,8.91,3.45,0.3688888888888889
16.108,9.03,3.21,0.4077777777777778
16.128,9.06,3.15,0.44333333333333336
16.148,9.06,3.22,0.48
16.168,9.23,2.96,0.5177777777777778
16.188,9.22,2.9,0.5511111111111111
16.208,9.33,2.94,0.5877777777777777
16.228,9.4,2.78,0.62
16.248,9.44,2.64,0.6511111111111111
16.268,9.55,2.58,0.6833333333333333
16.288,9.6,2.49,0.7133333333333334
16.308,9.61,2.3,0.74
16.328,9.73,2.22,0.7666666666666667
16.348,9.72,2.18,0.7944444444444444
16.368,9.8,1.85,0.8177777777777778
16.388,9.85,1.8,0.8311111111111111
16.408,9.88,1.76,0.8611111111111112
16.428,9.93,1.54,0.8766666666666667
16.448,9.99,1.43,0.9044444444444445
16.468,10.02,1.19,0.9222222222222223
16.488,10.17,1.02,0.9355555555555556
16.508,10.03,0.92,0.9477777777777778
16.528,10.22,0.8,0.9611111111111111
16.548,10.18,0.61,0.97
16.568,10.2,0.43,0.9788888888888889
16.588,10.21,0.4,0.9877777777777778
16.608,10.21,0.12,0.9866666666666667
16.628,10.23,0.02,0.9911111111111112
16.648,10.18,-0.12,0.99
16.668,10.12,-0.26,0.99
16.688,10.14,-0.55,0.9855555555555555
16.708,10.19,-0.46,0.9766666666666667
16.728,10.05,-0.63,0.9633333333333334
16.748,10.04,-0.89,0.9455555555555556
16.768,9.93,-0.65,0.9233333333333333
16.788,9.9,-0.83,0.8933333333333333
16.808,9.92,-1.16,0.8477777777777777
16.828,9.8,-1.12,0.83
16.848,9.75,-1.17,0.7722222222222223
16.868,9.75,-1.45,0.7511111111111111
16.888,9.63,-1.38,0.71
16.908,9.57,-1.42,0.6644444444444444
16.928,9.51,-1.76,0.6188888888888889
16.948,9.5,-1.64,0.57
16.968,9.34,-1.8,0.5222222222222223
16.988,9.34,-2.05,0.47333333333333333
17.008,9.37,-2.02,0.4255555555555556
17.028,9.26,-2.1,0.3811111111111111
17.048,9.16,-2.33,0.34
17.068,9.16,-2.5,0.3
17.088,9.26,-2.71,0.26666666666666666
17.108,9.08,-2.57,0.23333333333333334
17.128,9.09,-2.74,0.20555555555555555
17.148,9.45,-2.93,0.17777777777777778
17.168,8.9,-2.63,0.15
17.188,9.0,-2.74,0.12111111111111111
17.208,9.14,-2.76,0.09444444444444444
17.228,8.87,-2.7,0.06333333333333334
17.248,9.15,-2.88,0.03888888888888889
17.268,9.17,-3.02,0.01
17.288,9.02,-2.71,-0.01888888888888889
17.308,9.19,-2.95,-0.042222222222222223
17.328,9.2,-2.91,-0.07222222222222222
17.348,9.07,-2.7,-0.1
17.368,9.18,-2.8,-0.12777777777777777
17.388,9.17,-2.77,-0.15222222222222223
17.408,9.06,-2.71,-0.1922222222222222
17.428,9.26,-2.76,-0.21666666666666667
17.448,9.17,-2.67,-0.24222222222222223
17.468,9.12,-2.6,-0.2677777777777778
17.488,9.26,-2.63,-0.2922222222222222
17.508,9.19,-2.52,-0.31666666666666665
17.528,9.27,-2.47,-0.3388888888888889
17.548,9.33,-2.43,-0.3611111111111111
17.568,9.26,-2.35,-0.38333333333333336
17.588,9.44,-2.32,-0.4033333333333333
17.608,9.46,-2.25,-0.4266666666666667
17.628,9.46,-2.13,-0.44555555555555554
17.648,9.56,-2.14,-0.4633333333333333
17.668,9.59,-2.01,-0.48444444444444446
17.688,9.57,-1.9,-0.5
17.708,9.67,-1.86,-0.5188888888888888
17.728,9.63,-1.77,-0.5311111111111111
17.748,9.67,-1.68,-0.5466666666666666
17.768,9.69,-1.61,-0.5588888888888889
17.788,9.69,-1.59,-0.5711111111111111
17.808,9.7,-1.29,-0.5844444444444444
17.828,9.74,-1.24,-0.5922222222222222
17.848,9.72,-1.48,-0.6
17.868,9.87,-0.92,-0.6088888888888889
17.888,9.86,-1.14,-0.61
17.908,9.87,-0.97,-0.6111111111111112
17.928,9.92,-0.97,-0.6133333333333333
17.948,9.92,-0.75,-0.61
17.968,9.98,-0.81,-0.6044444444444445
17.988,9.92,-0.65,-0.5944444444444444
18.008,10.0,-0.67,-0.5888888888888889
18.028,9.97,-0.6,-0.58
18.048,9.92,-0.45,-0.5666666666666667
18.068,9.86,-0.33,-0.5522222222222222
18.088,9.97,-0.31,-0.5366666666666666
18.108,9.84,-0.15,-0.5222222222222223
18.128,9.87,-0.08,-0.5011111111111111
18.148,9.83,-0.09,-0.4866666666666667
18.168,9.82,0.02,-0.4633333333333333
18.188,9.83,0.13,-0.44222222222222224
18.208,9.82,0.12,-0.4211111111111111
18.228,9.78,0.26,-0.4
18.248,9.86,0.26,-0.37222222222222223
18.268,9.83,0.31,-0.34555555555555556
18.288,9.85,0.35,-0.3211111111111111
18.308,9.78,0.51,-0.29444444444444445
18.328,9.78,0.48,-0.26555555555555554
18.348,9.79,0.55,-0.24333333333333335
18.368,9.7,0.77,-0.21666666666666667
18.388,9.67,0.91,-0.19555555555555557
18.408,9.86,0.52,-0.17444444444444446
18.428,9.92,0.96,-0.16111111111111112
18.448,9.53,1.26,-0.14777777777777779
18.468,9.88,0.79,-0.1288888888888889
18.488,9.66,0.78,-0.11555555555555555
18.508,9.58,1.58,-0.09888888888888889
18.528,9.71,0.73,-0.0811111111111111
18.548,9.77,0.89,-0.06888888888888889
18.568,9.54,1.49,-0.052222222222222225
18.588,9.69,0.82,-0.035555555555555556
18.608,9.75,1.01,-0.01888888888888889
18.628,9.61,1.23,-0.0022222222222222222
18.648,9.81,1.05,0.013333333333333334
18.668,9.65,1.05,0.028888888888888888
18.688,9.7,1.29,0.042222222222222223
18.708,9.69,1.1,0.06
18.728,9.68,1.02,0.07222222222222222
18.748,9.79,1.07,0.08777777777777777
18.768,9.68,1.05,0.10333333333333333
18.788,9.69,1.0,0.11666666666666667
18.808,9.77,0.99,0.1322222222222222
18.828,9.64,1.06,0.14555555555555555
18.848,9.69,0.89,0.16
18.868,9.75,0.89,0.17222222222222222
18.888,9.66,1.03,0.18888888888888888
18.908,9.78,0.8,0.2
18.928,9.75,0.83,0.21222222222222223
18.948,9.71,0.88,0.22333333333333333
18.968,9.81,0.7,0.23777777777777778
18.988,9.79,0.74,0.2477777777777778
19.008,9.82,0.68,0.25666666666666665
19.028,9.82,0.6,0.26666666666666666
19.048,9.69,0.74,0.2777777777777778
19.068,9.88,0.5,0.28555555555555556
19.088,9.86,0.53,0.2911111111111111
19.108,9.83,0.61,0.3011111111111111
19.128,9.81,0.43,0.30333333333333334
19.148,9.83,0.49,0.3055555555555556
19.168,9.76,0.32,0.31
19.188,9.8,0.36,0.30666666666666664
19.208,9.81,0.42,0.3055555555555556
19.228,9.85,0.39,0.30333333333333334
19.248,9.79,0.32,0.29444444444444445
19.268,9.85,0.27,0.2866666666666667
19.288,9.85,0.21,0.2788888888888889
19.308,9.83,0.21,0.2722222222222222
19.328,9.81,0.11,0.2644444444444444
19.348,9.83,0.11,0.2544444444444444
19.368,9.82,0.02,0.24666666666666667
19.388,9.83,-0.15,0.24
19.408,9.81,-0.06,0.23333333333333334
19.428,9.81,-0.33,0.22666666666666666
19.448,9.81,-0.34,0.2222222222222222
19.468,9.48,-0.14,0.22
19.488,9.93,-0.61,0.22
19.508,9.58,-0.36,0.21888888888888888
19.528,9.6,-0.41,0.21666666666666667
19.548,10.04,-0.73,0.21444444444444444
19.568,9.63,-0.52,0.2111111111111111
19.588,9.76,-0.56,0.21
19.608,9.83,-0.67,0.20222222222222222
19.628,9.68,-0.44,0.2
19.648,9.84,-0.77,0.19444444444444445
19.668,9.88,-0.78,0.19
19.688,9.77,-0.65,0.18444444444444444
19.708,9.78,-0.88,0.18
19.728,9.72,-0.7,0.17333333333333334
19.748,9.62,-0.7,0.17
19.768,9.72,-0.95,0.16333333333333333
19.788,9.63,-0.86,0.15666666666666668
19.808,9.7,-0.89,0.15
19.828,9.72,-1.0,0.14222222222222222
19.848,9.58,-0.87,0.13555555555555557
19.868,9.68,-0.93,0.12777777777777777
19.888,9.64,-1.03,0.12
19.908,9.64,-0.96,0.1111111111111111
19.928,9.77,-1.06,0.10333333333333333
19.948,9.7,-1.05,0.09333333333333334
19.968,9.7,-1.03,0.08555555555555555
19.988,9.76,-1.14,0.07555555555555556
20.008,9.65,-1.05,0.07
20.028,9.7,-1.13,0.06
20.048,9.67,-1.13,0.051111111111111114
20.068,9.63,-1.07,0.042222222222222223
20.088,9.67,-1.16,0.03222222222222222
20.108,9.67,-1.11,0.022222222222222223
20.128,9.63,-1.12,0.012222222222222223
20.148,9.66,-1.17,0.0022222222222222222
20.168,9.64,-1.14,-0.0044444444444444444
20.188,9.62,-1.14,-0.01
20.208,9.66,-1.18,-0.021111111111111112
20.228,9.64,-1.13,-0.028888888888888888
20.248,9.67,-1.15,-0.04
20.268,9.7,-1.16,-0.04777777777777778
20.288,9.7,-1.1,-0.05555555555555555
20.308,9.69,-1.1,-0.06333333333333334
20.328,9.67,-1.11,-0.07111111111111111
20.348,9.66,-1.04,-0.08
20.368,9.7,-1.09,-0.08555555555555555
20.388,9.69,-1.08,-0.09444444444444444
20.408,9.67,-1.02,-0.10111111111111111
20.428,9.69,-1.06,-0.10888888888888888
20.448,9.67,-0.99,-0.11666666666666667
20.468,9.65,-0.99,-0.12333333333333334
20.488,9.69,-0.96,-0.1288888888888889
20.508,9.68,-0.94,-0.13555555555555557
20.528,9.7,-0.91,-0.1411111111111111
20.548,9.7,-0.84,-0.14555555555555555
20.568,9.7,-0.84,-0.15
20.588,9.74,-0.85,-0.15666666666666668
20.608,9.72,-0.8,-0.16
20.628,9.71,-0.77,-0.16666666666666666
20.648,9.77,-0.76,-0.17
20.668,9.76,-0.7,-0.17333333333333334
20.688,9.75,-0.68,-0.17666666666666667
20.708,9.76,-0.67,-0.18
20.728,9.74,-0.64,-0.18333333333333332
20.748,9.77,-0.63,-0.18666666666666668
20.768,9.74,-0.61,-0.19
20.788,9.76,-0.55,-0.19111111111111112
20.808,9.76,-0.55,-0.1922222222222222
20.828,9.76,-0.5,-0.19333333333333333
20.848,9.74,-0.47,-0.1922222222222222
20.868,9.78,-0.48,-0.19333333333333333
20.888,9.75,-0.45,-0.19555555555555557
20.908,9.76,-0.39,-0.19555555555555557
20.928,9.79,-0.35,-0.19444444444444445
20.948,9.78,-0.31,-0.19333333333333333
20.968,9.8,-0.29,-0.1922222222222222
20.988,9.81,-0.23,-0.19
21.008,9.81,-0.23,-0.19
21.028,9.81,-0.17,-0.18444444444444444
21.048,9.81,-0.15,-0.18333333333333332
21.068,9.79,-0.11,-0.17888888888888888
21.088,9.81,-0.08,-0.18
21.108,9.79,-0.05,-0.17222222222222222
21.128,9.78,-0.03,-0.17
21.148,9.79,-0.02,-0.16444444444444445
21.168,9.75,0.03,-0.16333333333333333
21.188,9.74,0.04,-0.15777777777777777
21.208,9.76,0.06,-0.15444444444444444
21.228,9.78,0.11,-0.14666666666666667
21.248,9.77,0.11,-0.1411111111111111
21.268,9.78,0.15,-0.13555555555555557
21.288,9.78,0.17,-0.13
21.308,9.78,0.19,-0.12222222222222222
21.328,9.79,0.21,-0.11666666666666667
21.348,9.82,0.25,-0.11
21.368,9.81,0.23,-0.10444444444444445
21.388,9.79,0.26,-0.09555555555555556
21.408,9.78,0.28,-0.09
21.428,9.8,0.29,-0.0811111111111111
21.448,9.8,0.28,-0.07444444444444444
21.468,9.78,0.32,-0.06444444444444444
21.488,9.75,0.33,-0.057777777777777775
21.508,9.73,0.34,-0.05
21.528,9.74,0.34,-0.042222222222222223
21.548,9.74,0.34,-0.035555555555555556
21.568,9.76,0.35,-0.024444444444444446
21.588,9.75,0.35,-0.01888888888888889
21.608,9.76,0.36,-0.01
21.628,9.79,0.35,0.0
21.648,9.77,0.37,0.0077777777777777776
21.668,9.78,0.36,0.013333333333333334
21.688,9.81,0.36,0.02
21.708,9.8,0.37,0.028888888888888888
21.728,9.81,0.37,0.034444444444444444
21.748,9.79,0.35,0.04
21.768,9.75,0.34,0.05
21.788,9.77,0.32,0.057777777777777775
21.808,9.76,0.31,0.06444444444444444
21.828,9.75,0.33,0.07111111111111111
21.848,9.75,0.28,0.07888888888888888
21.868,9.74,0.29,0.08333333333333333
21.888,9.76,0.25,0.09
21.908,9.78,0.24,0.09666666666666666
21.928,9.79,0.24,0.10222222222222223
21.948,9.77,0.22,0.10777777777777778
21.968,9.77,0.19,0.11444444444444445
21.988,9.8,0.15,0.12
22.008,9.82,0.14,0.12444444444444444
22.028,9.81,0.11,0.12777777777777777
22.048,9.81,0.1,0.1322222222222222
22.068,9.77,0.07,0.13666666666666666
22.088,9.79,0.06,0.14222222222222222
22.108,9.77,0.02,0.14555555555555555
22.128,9.8,0.03,0.15
22.148,9.77,-0.02,0.15333333333333332
22.168,9.77,-0.03,0.15555555555555556
22.188,9.77,-0.05,0.15888888888888889
22.208,9.78,-0.08,0.16
22.228,9.77,-0.15,0.1622222222222222
22.248,9.78,-0.13,0.16444444444444445
22.268,9.78,-0.15,0.16555555555555557
22.288,9.79,-0.19,0.1688888888888889
22.308,9.8,-0.24,0.1688888888888889
22.328,9.79,-0.22,0.1688888888888889
22.348,9.78,-0.28,0.17
22.368,9.81,-0.32,0.17
22.388,9.8,-0.34,0.1688888888888889
22.408,9.78,-0.38,0.16777777777777778
22.428,9.79,-0.42,0.1688888888888889
22.448,9.78,-0.43,0.16555555555555557
22.468,9.78,-0.47,0.16444444444444445
22.488,9.76,-0.51,0.16333333333333333
22.508,9.75,-0.53,0.16
22.528,9.72,-0.57,0.15888888888888889
22.548,9.75,-0.57,0.15555555555555556
22.568,9.73,-0.6,0.1511111111111111
22.588,9.73,-0.61,0.15
22.608,9.74,-0.63,0.14333333333333334
22.628,9.74,-0.62,0.1411111111111111
22.648,9.72,-0.66,0.13777777777777778
22.668,9.7,-0.67,0.1322222222222222
22.688,9.71,-0.67,0.12666666666666668
22.708,9.74,-0.67,0.12222222222222222
22.728,9.75,-0.71,0.11555555555555555
22.748,9.75,-0.73,0.11222222222222222
22.768,9.71,-0.76,0.10777777777777778
22.788,9.71,-0.8,0.10222222222222223
22.808,9.7,-0.78,0.09555555555555556
22.828,9.69,-0.81,0.09
22.848,9.69,-0.81,0.08333333333333333
22.868,9.7,-0.82,0.07777777777777778
22.888,9.69,-0.84,0.07333333333333333
22.908,9.69,-0.87,0.06555555555555556
22.928,9.67,-0.88,0.05444444444444444
22.948,9.67,-0.85,0.051111111111111114
22.968,9.69,-0.89,0.04111111111111111
22.988,9.7,-0.89,0.03333333333333333
23.008,9.7,-0.87,0.025555555555555557
23.028,9.72,-0.89,0.02
23.048,9.69,-0.9,0.012222222222222223
23.068,9.69,-0.89,0.005555555555555556
23.088,9.69,-0.9,0.0
23.108,9.71,-0.93,-0.01
23.128,9.69,-0.9,-0.015555555555555555
23.148,9.69,-0.92,-0.02
23.168,9.7,-0.93,-0.024444444444444446
23.188,9.68,-0.9,-0.03111111111111111
23.208,9.68,-0.91,-0.03888888888888889
23.228,9.68,-0.91,-0.042222222222222223
23.248,9.69,-0.91,-0.051111111111111114
23.268,9.71,-0.88,-0.05555555555555555
23.288,9.7,-0.89,-0.06222222222222222
23.308,9.69,-0.86,-0.06777777777777778
23.328,9.69,-0.82,-0.07111111111111111
23.348,9.71,-0.82,-0.07777777777777778
23.368,9.74,-0.82,-0.08222222222222222
23.388,9.72,-0.79,-0.08666666666666667
23.408,9.75,-0.77,-0.09333333333333334
23.428,9.72,-0.79,-0.09555555555555556
23.448,9.71,-0.75,-0.10222222222222223
23.468,9.72,-0.73,-0.10333333333333333
23.488,9.71,-0.73,-0.11
23.508,9.71,-0.69,-0.11333333333333333
23.528,9.71,-0.69,-0.11666666666666667
23.548,9.72,-0.67,-0.12111111111111111
23.568,9.73,-0.66,-0.12222222222222222
23.588,9.71,-0.65,-0.12666666666666668
23.608,9.71,-0.63,-0.1288888888888889
23.628,9.72,-0.62,-0.1322222222222222
23.648,9.75,-0.61,-0.13666666666666666
23.668,9.77,-0.58,-0.13444444444444445
23.688,9.78,-0.55,-0.13777777777777778
23.708,9.78,-0.56,-0.14
23.728,9.78,-0.54,-0.14
23.748,9.76,-0.5,-0.1411111111111111
23.768,9.76,-0.47,-0.14222222222222222
23.788,9.76,-0.46,-0.14222222222222222
23.808,9.74,-0.43,-0.14333333333333334
23.828,9.76,-0.41,-0.14333333333333334
23.848,9.78,-0.39,-0.1411111111111111
23.868,9.78,-0.34,-0.14222222222222222
23.888,9.73,-0.34,-0.14
23.908,9.76,-0.28,-0.14
23.928,9.76,-0.25,-0.14
23.948,9.77,-0.25,-0.13555555555555557
23.968,9.76,-0.22,-0.13333333333333333
23.988,9.76,-0.19,-0.13111111111111112
24.008,9.78,-0.17,-0.13111111111111112
24.028,9.79,-0.15,-0.12666666666666668
24.048,9.77,-0.14,-0.12555555555555556
24.068,9.79,-0.11,-0.12111111111111111
24.088,9.8,-0.09,-0.11777777777777777
24.108,9.79,-0.09,-0.11555555555555555
24.128,9.78,-0.03,-0.11
24.148,9.81,-0.05,-0.10888888888888888
24.168,9.76,-0.03,-0.10444444444444445
24.188,9.78,0.0,-0.1
24.208,9.79,0.0,-0.09333333333333334
24.228,9.77,0.01,-0.08777777777777777
24.248,9.77,0.03,-0.08444444444444445
24.268,9.81,0.03,-0.08
24.288,9.77,0.06,-0.07444444444444444
24.308,9.77,0.07,-0.06888888888888889
24.328,9.78,0.09,-0.06222222222222222
24.348,9.79,0.09,-0.057777777777777775
24.368,9.78,0.09,-0.052222222222222225
24.388,9.79,0.11,-0.04666666666666667
24.408,9.79,0.12,-0.04
24.428,9.78,0.14,-0.035555555555555556
24.448,9.76,0.12,-0.03
24.468,9.79,0.15,-0.024444444444444446
24.488,9.78,0.15,-0.016666666666666666
24.508,9.79,0.13,-0.011111111111111112
24.528,9.77,0.13,-0.0077777777777777776
24.548,9.74,0.15,0.0
24.568,9.77,0.16,0.0044444444444444444
24.588,9.76,0.15,0.01
24.608,9.76,0.16,0.017777777777777778
24.628,9.77,0.18,0.022222222222222223
24.648,9.77,0.12,0.025555555555555557
24.668,9.78,0.15,0.03111111111111111
24.688,9.78,0.14,0.034444444444444444
24.708,9.79,0.14,0.04111111111111111
24.728,9.76,0.13,0.04555555555555556
24.748,9.78,0.11,0.05
24.768,9.8,0.13,0.05333333333333334
24.788,9.81,0.12,0.06
24.808,9.79,0.09,0.06333333333333334
24.828,9.75,0.08,0.06888888888888889
24.848,9.76,0.05,0.07222222222222222
24.868,9.78,0.08,0.07777777777777778
24.888,9.75,0.03,0.08
24.908,9.78,0.03,0.08555555555555555
24.928,9.76,0.02,0.08777777777777777
24.948,9.74,-0.02,0.09111111111111111
24.968,9.8,0.0,0.09111111111111111
24.988,9.79,-0.01,0.09777777777777778
25.008,9.77,-0.03,0.1
25.028,9.76,-0.04,0.10111111111111111
25.048,9.79,-0.08,0.10444444444444445
25.068,9.8,-0.1,0.10666666666666667
25.088,9.79,-0.1,0.10888888888888888
25.108,9.78,-0.11,0.11
25.128,9.78,-0.16,0.11222222222222222
25.148,9.77,-0.16,0.11444444444444445
25.168,9.77,-0.18,0.11555555555555555
25.188,9.78,-0.21,0.11666666666666667
25.208,9.76,-0.2,0.11666666666666667
25.228,9.76,-0.27,0.11777777777777777
25.248,9.78,-0.26,0.11777777777777777
25.268,9.76,-0.29,0.12
25.288,9.76,-0.29,0.11888888888888889
25.308,9.76,-0.32,0.11777777777777777
25.328,9.75,-0.34,0.11888888888888889
25.348,9.8,-0.37,0.11666666666666667
25.368,9.78,-0.41,0.11555555555555555
25.388,9.76,-0.43,0.11444444444444445
25.408,9.77,-0.43,0.11222222222222222
25.428,9.77,-0.45,0.1111111111111111
25.448,9.77,-0.48,0.11
25.468,9.78,-0.52,0.10666666666666667
25.488,9.76,-0.51,0.10666666666666667
25.508,9.73,-0.55,0.10222222222222223
25.528,9.73,-0.53,0.10222222222222223
25.548,9.75,-0.57,0.09777777777777778
25.568,9.77,-0.58,0.09666666666666666
25.588,9.73,-0.59,0.09333333333333334
25.608,9.73,-0.58,0.09
25.628,9.74,-0.61,0.08888888888888889
25.648,9.73,-0.62,0.08333333333333333
25.668,9.73,-0.62,0.07777777777777778
25.688,9.72,-0.62,0.07444444444444444
25.708,9.74,-0.63,0.07111111111111111
25.728,9.74,-0.65,0.06666666666666667
25.748,9.73,-0.65,0.06222222222222222
25.768,9.73,-0.65,0.06
25.788,9.71,-0.69,0.05444444444444444
25.808,9.72,-0.69,0.04777777777777778
25.828,9.71,-0.68,0.044444444444444446
25.848,9.73,-0.68,0.04
25.868,9.71,-0.69,0.035555555555555556
25.888,9.74,-0.68,0.028888888888888888
25.908,9.73,-0.69,0.02666666666666667
25.928,9.72,-0.69,0.023333333333333334
25.948,9.7,-0.7,0.016666666666666666
25.968,9.7,-0.7,0.012222222222222223
25.988,9.71,-0.7,0.006666666666666667
26.008,9.73,-0.7,0.0
26.028,9.72,-0.72,-0.0022222222222222222
26.048,9.74,-0.7,-0.0077777777777777776
26.068,9.72,-0.69,-0.011111111111111112
26.088,9.73,-0.71,-0.013333333333333334
26.108,9.71,-0.71,-0.017777777777777778
26.128,9.73,-0.69,-0.022222222222222223
26.148,9.73,-0.7,-0.03
26.168,9.72,-0.69,-0.03
26.188,9.71,-0.7,-0.035555555555555556
26.208,9.72,-0.69,-0.03777777777777778
26.228,9.72,-0.69,-0.042222222222222223
26.248,9.72,-0.68,-0.04666666666666667
26.268,9.73,-0.67,-0.05
26.288,9.74,-0.68,-0.05444444444444444
26.308,9.74,-0.67,-0.05555555555555555
26.328,9.71,-0.66,-0.06
26.348,9.71,-0.65,-0.06111111111111111
26.368,9.74,-0.63,-0.06666666666666667
26.388,9.75,-0.63,-0.06888888888888889
26.408,9.75,-0.63,-0.07
26.428,9.75,-0.63,-0.07333333333333333
26.448,9.74,-0.61,-0.07444444444444444
26.468,9.73,-0.6,-0.08
26.488,9.75,-0.61,-0.08
26.508,9.74,-0.6,-0.08
26.528,9.75,-0.56,-0.08444444444444445
26.548,9.76,-0.56,-0.08444444444444445
26.568,9.74,-0.54,-0.08777777777777777
26.588,9.74,-0.54,-0.08888888888888889
26.608,9.72,-0.52,-0.09
26.628,9.74,-0.49,-0.09111111111111111
26.648,9.75,-0.49,-0.09333333333333334
26.668,9.75,-0.46,-0.09222222222222222
26.688,9.77,-0.45,-0.09333333333333334
26.708,9.77,-0.44,-0.09333333333333334
26.728,9.77,-0.42,-0.09222222222222222
26.748,9.76,-0.4,-0.09222222222222222
26.768,9.74,-0.37,-0.09333333333333334
26.788,9.75,-0.37,-0.09222222222222222
26.808,9.77,-0.34,-0.09333333333333334
26.828,9.8,-0.34,-0.09111111111111111
26.848,9.79,-0.29,-0.09
26.868,9.76,-0.29,-0.08888888888888889
26.888,9.74,-0.28,-0.09
26.908,9.75,-0.26,-0.08333333333333333
26.928,9.76,-0.26,-0.08444444444444445
26.948,9.76,-0.24,-0.0811111111111111
26.968,9.76,-0.22,-0.0811111111111111
26.988,9.77,-0.21,-0.07888888888888888
27.008,9.79,-0.17,-0.07777777777777778
27.028,9.77,-0.16,-0.07444444444444444
27.048,9.76,-0.17,-0.07111111111111111
27.068,9.75,-0.16,-0.07
27.088,9.75,-0.13,-0.06666666666666667
27.108,9.78,-0.12,-0.06333333333333334
27.128,9.79,-0.14,-0.06
27.148,9.77,-0.11,-0.057777777777777775
27.168,9.79,-0.11,-0.05444444444444444
27.188,9.77,-0.09,-0.05
27.208,9.79,-0.07,-0.04777777777777778
27.228,9.77,-0.1,-0.04111111111111111
27.248,9.79,-0.06,-0.04111111111111111
27.268,9.76,-0.06,-0.034444444444444444
27.288,9.78,-0.08,-0.03333333333333333
27.308,9.8,-0.06,-0.03
27.328,9.77,-0.05,-0.025555555555555557
27.348,9.75,-0.04,-0.021111111111111112
27.368,9.77,-0.05,-0.01888888888888889
27.388,9.8,-0.02,-0.013333333333333334
27.408,9.77,-0.05,-0.01
27.428,9.79,-0.04,-0.0077777777777777776
27.448,9.79,-0.02,-0.0033333333333333335
27.468,9.77,-0.04,0.0
27.488,9.76,-0.04,0.005555555555555556
27.508,9.77,-0.04,0.008888888888888889
27.528,9.78,-0.05,0.011111111111111112
27.548,9.77,0.0,0.015555555555555555
27.568,9.78,-0.03,0.017777777777777778
27.588,9.78,-0.04,0.02
27.608,9.75,-0.04,0.022222222222222223
27.628,9.78,-0.04,0.02666666666666667
27.648,9.79,-0.05,0.028888888888888888
27.668,9.78,-0.04,0.03111111111111111
27.688,9.77,-0.03,0.035555555555555556
27.708,9.78,-0.07,0.03777777777777778
27.728,9.77,-0.03,0.04
27.748,9.77,-0.08,0.04111111111111111
27.768,9.78,-0.07,0.044444444444444446
27.788,9.76,-0.1,0.044444444444444446
27.808,9.77,-0.1,0.05
27.828,9.78,-0.1,0.052222222222222225
27.848,9.76,-0.11,0.05444444444444444
27.868,9.77,-0.11,0.05555555555555555
27.888,9.76,-0.12,0.057777777777777775
27.908,9.78,-0.13,0.058888888888888886
27.928,9.78,-0.13,0.06
27.948,9.77,-0.17,0.06222222222222222
27.968,9.77,-0.15,0.06333333333333334
27.988,9.75,-0.18,0.06444444444444444
28.008,9.77,-0.2,0.06777777777777778
28.028,9.8,-0.2,0.06555555555555556
28.048,9.79,-0.2,0.06777777777777778
28.068,9.76,-0.23,0.06888888888888889
28.088,9.79,-0.24,0.06777777777777778
28.108,9.78,-0.25,0.06888888888888889
28.128,9.76,-0.26,0.06777777777777778
28.148,9.75,-0.28,0.07111111111111111
28.168,9.77,-0.3,0.07
28.188,9.79,-0.31,0.06888888888888889
28.208,9.77,-0.31,0.06777777777777778
28.228,9.77,-0.35,0.06777777777777778
28.248,9.75,-0.37,0.06888888888888889
28.268,9.75,-0.37,0.06888888888888889
28.288,9.78,-0.36,0.06888888888888889
28.308,9.76,-0.4,0.06444444444444444
28.328,9.75,-0.39,0.06444444444444444
28.348,9.76,-0.42,0.06333333333333334
28.368,9.76,-0.41,0.06333333333333334
28.388,9.74,-0.44,0.058888888888888886
28.408,9.76,-0.45,0.06
28.428,9.76,-0.45,0.056666666666666664
28.448,9.76,-0.46,0.056666666666666664
28.468,9.76,-0.47,0.05444444444444444
28.488,9.76,-0.49,0.05444444444444444
28.508,9.75,-0.49,0.05
28.528,9.74,-0.5,0.05
28.548,9.77,-0.52,0.04888888888888889
28.568,9.77,-0.51,0.044444444444444446
28.588,9.75,-0.53,0.042222222222222223
28.608,9.71,-0.53,0.03888888888888889
28.628,9.75,-0.56,0.03777777777777778
28.648,9.77,-0.53,0.035555555555555556
28.668,9.75,-0.52,0.03222222222222222
28.688,9.74,-0.55,0.028888888888888888
28.708,9.73,-0.57,0.02666666666666667
28.728,9.74,-0.56,0.022222222222222223
28.748,9.76,-0.56,0.021111111111111112
28.768,9.72,-0.57,0.016666666666666666
28.788,9.73,-0.56,0.014444444444444444
28.808,9.74,-0.57,0.012222222222222223
28.828,9.76,-0.58,0.008888888888888889
28.848,9.74,-0.58,0.006666666666666667
28.868,9.73,-0.58,0.0022222222222222222
28.888,9.73,-0.57,0.0
28.908,9.73,-0.57,-0.0011111111111111111
28.928,9.74,-0.59,-0.005555555555555556
28.948,9.76,-0.59,-0.0077777777777777776
28.968,9.76,-0.57,-0.008888888888888889
28.988,9.72,-0.58,-0.011111111111111112
29.008,9.75,-0.58,-0.013333333333333334
29.028,9.75,-0.58,-0.016666666666666666
29.048,9.73,-0.57,-0.016666666666666666
29.068,9.76,-0.57,-0.01888888888888889
29.088,9.75,-0.59,-0.021111111111111112
29.108,9.77,-0.56,-0.021111111111111112
29.128,9.74,-0.57,-0.025555555555555557
29.148,9.75,-0.57,-0.024444444444444446
29.168,9.75,-0.56,-0.028888888888888888
29.188,9.74,-0.55,-0.03
29.208,9.76,-0.55,-0.03111111111111111
29.228,9.74,-0.53,-0.03222222222222222
29.248,9.75,-0.54,-0.035555555555555556
29.268,9.74,-0.53,-0.03777777777777778
29.288,9.75,-0.52,-0.03666666666666667
29.308,9.74,-0.52,-0.03888888888888889
29.328,9.76,-0.53,-0.04
29.348,9.75,-0.51,-0.03888888888888889
29.368,9.76,-0.48,-0.04111111111111111
29.388,9.78,-0.51,-0.043333333333333335
29.408,9.76,-0.5,-0.044444444444444446
29.428,9.76,-0.48,-0.04555555555555556
29.448,9.74,-0.47,-0.043333333333333335
29.468,9.75,-0.47,-0.04555555555555556
29.488,9.75,-0.46,-0.04666666666666667
29.508,9.76,-0.46,-0.04555555555555556
29.528,9.76,-0.44,-0.04555555555555556
29.548,9.77,-0.45,-0.04666666666666667
29.568,9.74,-0.42,-0.04777777777777778
29.588,9.76,-0.42,-0.04555555555555556
29.608,9.76,-0.42,-0.04555555555555556
29.628,9.77,-0.38,-0.04666666666666667
29.648,9.76,-0.38,-0.04555555555555556
29.668,9.79,-0.38,-0.04666666666666667
29.688,9.77,-0.35,-0.044444444444444446
29.708,9.76,-0.35,-0.044444444444444446
29.728,9.77,-0.37,-0.042222222222222223
29.748,9.74,-0.34,-0.042222222222222223
29.768,9.75,-0.35,-0.042222222222222223
29.788,9.77,-0.34,-0.04111111111111111
29.808,9.79,-0.32,-0.04
29.828,9.78,-0.31,-0.04
29.848,9.77,-0.3,-0.03888888888888889
29.868,9.76,-0.29,-0.03888888888888889
29.888,9.75,-0.29,-0.03666666666666667
29.908,9.76,-0.27,-0.035555555555555556
29.928,9.79,-0.27,-0.03333333333333333
29.948,9.76,-0.27,-0.03111111111111111
29.968,9.77,-0.26,-0.03222222222222222
29.988,9.75,-0.28,-0.03
30.008,9.77,-0.24,-0.027777777777777776
30.028,9.76,-0.25,-0.024444444444444446
30.048,9.75,-0.25,-0.023333333333333334
30.068,9.76,-0.25,-0.023333333333333334
30.088,9.75,-0.24,-0.02
30.108,9.79,-0.25,-0.01888888888888889
30.128,9.76,-0.23,-0.017777777777777778
30.148,9.77,-0.25,-0.017777777777777778
30.168,9.77,-0.22,-0.014444444444444444
30.188,9.77,-0.22,-0.013333333333333334
30.208,9.78,-0.23,-0.008888888888888889
30.228,9.76,-0.22,-0.006666666666666667
30.248,9.76,-0.22,-0.005555555555555556
30.268,9.75,-0.22,-0.0044444444444444444
30.288,9.76,-0.24,-0.0033333333333333335
30.308,9.79,-0.21,0.0
30.328,9.78,-0.2,0.0011111111111111111
30.348,9.76,-0.2,0.0033333333333333335
30.368,9.76,-0.23,0.0044444444444444444
30.388,9.77,-0.2,0.0044444444444444444
30.408,9.77,-0.22,0.006666666666666667
30.428,9.77,-0.22,0.0077777777777777776
30.448,9.77,-0.22,0.01
30.468,9.76,-0.2,0.01
30.488,9.77,-0.22,0.011111111111111112
30.508,9.77,-0.22,0.01
30.528,9.77,-0.22,0.015555555555555555
30.548,9.77,-0.21,0.014444444444444444
30.568,9.75,-0.22,0.015555555555555555
30.588,9.77,-0.22,0.014444444444444444
30.608,9.8,-0.24,0.016666666666666666
30.628,9.78,-0.25,0.01888888888888889
30.648,9.77,-0.22,0.02
30.668,9.76,-0.22,0.021111111111111112
30.688,9.78,-0.22,0.02
30.708,9.76,-0.25,0.02
30.728,9.76,-0.26,0.022222222222222223
30.748,9.78,-0.25,0.022222222222222223
30.768,9.76,-0.26,0.023333333333333334
30.788,9.77,-0.26,0.024444444444444446
30.808,9.76,-0.25,0.023333333333333334
30.828,9.76,-0.27,0.023333333333333334
30.848,9.78,-0.26,0.024444444444444446
30.868,9.74,-0.28,0.023333333333333334
30.888,9.75,-0.3,0.023333333333333334
30.908,9.79,-0.27,0.022222222222222223
30.928,9.78,-0.29,0.024444444444444446
30.948,9.77,-0.26,0.024444444444444446
30.968,9.76,-0.3,0.025555555555555557
30.988,9.75,-0.3,0.024444444444444446
31.008,9.75,-0.32,0.025555555555555557
31.028,9.77,-0.31,0.02666666666666667
31.048,9.75,-0.33,0.023333333333333334
31.068,9.75,-0.31,0.024444444444444446
31.088,9.76,-0.32,0.023333333333333334
31.108,9.78,-0.33,0.024444444444444446
31.128,9.78,-0.32,0.022222222222222223
31.148,9.77,-0.34,0.023333333333333334
31.168,9.77,-0.36,0.023333333333333334
31.188,9.76,-0.34,0.02
31.208,9.77,-0.33,0.02
31.228,9.77,-0.34,0.021111111111111112
31.248,9.76,-0.35,0.01888888888888889
31.268,9.76,-0.36,0.02
31.288,9.78,-0.38,0.01888888888888889
31.308,9.77,-0.38,0.01888888888888889
31.328,9.76,-0.37,0.017777777777777778
31.348,9.76,-0.37,0.016666666666666666
31.368,9.75,-0.38,0.014444444444444444
31.388,9.76,-0.36,0.013333333333333334
31.408,9.76,-0.39,0.013333333333333334
31.428,9.76,-0.39,0.011111111111111112
31.448,9.75,-0.38,0.012222222222222223
31.468,9.77,-0.4,0.011111111111111112
31.488,9.75,-0.42,0.01
31.508,9.74,-0.39,0.01
31.528,9.75,-0.41,0.008888888888888889
31.548,9.77,-0.39,0.006666666666666667
31.568,9.76,-0.42,0.0044444444444444444
31.588,9.75,-0.4,0.006666666666666667
31.608,9.76,-0.39,0.005555555555555556
31.628,9.76,-0.39,0.0022222222222222222
31.648,9.76,-0.41,0.0022222222222222222
31.668,9.73,-0.4,0.0
31.688,9.77,-0.4,0.0
31.708,9.76,-0.43,-0.0011111111111111111
31.728,9.77,-0.42,0.0
31.748,9.78,-0.43,0.0
31.768,9.76,-0.44,-0.0011111111111111111
31.788,9.75,-0.44,-0.0022222222222222222
31.808,9.77,-0.43,-0.0011111111111111111
31.828,9.75,-0.45,-0.0011111111111111111
31.848,9.76,-0.39,-0.0044444444444444444
31.868,9.76,-0.4,-0.0022222222222222222
31.888,9.75,-0.41,-0.0033333333333333335
31.908,9.75,-0.41,-0.0022222222222222222
31.928,9.75,-0.44,-0.0033333333333333335
31.948,9.76,-0.41,-0.005555555555555556
31.968,9.75,-0.41,-0.0044444444444444444
31.988,9.75,-0.42,-0.0044444444444444444
32.008,9.76,-0.43,-0.005555555555555556
32.028,9.74,-0.4,-0.0044444444444444444
32.048,9.77,-0.41,-0.0033333333333333335
32.068,9.77,-0.42,-0.005555555555555556
32.088,9.76,-0.41,-0.006666666666666667
32.108,9.74,-0.42,-0.0044444444444444444
32.128,9.76,-0.41,-0.0033333333333333335
32.148,9.76,-0.4,-0.005555555555555556
32.168,9.75,-0.41,-0.0044444444444444444
32.188,9.76,-0.41,-0.006666666666666667
32.208,9.75,-0.41,-0.005555555555555556
32.228,9.76,-0.41,-0.006666666666666667
32.248,9.75,-0.41,-0.005555555555555556
32.268,9.75,-0.4,-0.0044444444444444444
32.288,9.75,-0.4,-0.006666666666666667
32.308,9.75,-0.4,-0.006666666666666667
32.328,9.78,-0.39,-0.005555555555555556
32.348,9.76,-0.4,-0.005555555555555556
32.368,9.76,-0.39,-0.006666666666666667
32.388,9.75,-0.42,-0.0044444444444444444
32.408,9.74,-0.39,-0.005555555555555556
32.428,9.77,-0.4,-0.0044444444444444444
32.448,9.74,-0.37,-0.005555555555555556
32.468,9.75,-0.38,-0.005555555555555556
32.488,9.76,-0.4,-0.0044444444444444444
32.508,9.78,-0.41,-0.0022222222222222222
32.528,9.76,-0.37,-0.005555555555555556
32.548,9.78,-0.39,-0.0044444444444444444
32.568,9.78,-0.38,-0.005555555555555556
32.588,9.75,-0.41,-0.0044444444444444444
32.608,9.75,-0.36,-0.0033333333333333335
32.628,9.75,-0.41,-0.0011111111111111111
32.648,9.76,-0.39,-0.0022222222222222222
32.668,9.76,-0.37,-0.0033333333333333335
32.688,9.75,-0.39,-0.0022222222222222222
32.708,9.76,-0.34,-0.0033333333333333335
32.728,9.76,-0.37,-0.0011111111111111111
32.748,9.75,-0.37,-0.0011111111111111111
32.768,9.76,-0.38,-0.0011111111111111111
32.788,9.77,-0.4,-0.0011111111111111111
32.808,9.77,-0.38,-0.0022222222222222222
32.828,9.75,-0.39,0.0
32.848,9.77,-0.37,0.0
32.868,9.74,-0.38,-0.0011111111111111111
32.888,9.77,-0.35,0.0
32.908,9.78,-0.36,0.0
32.928,9.77,-0.38,0.0
32.948,9.77,-0.38,0.0
32.968,9.77,-0.37,0.0
32.988,9.76,-0.37,0.0011111111111111111
33.008,9.77,-0.4,0.0
33.028,9.77,-0.39,0.0
33.048,9.75,-0.36,0.0
33.068,9.78,-0.36,0.0
33.088,9.75,-0.35,0.0
33.108,9.76,-0.36,0.0
33.128,9.75,-0.35,0.0
33.148,9.76,-0.4,-0.0011111111111111111
33.168,9.76,-0.34,0.0
33.188,9.77,-0.37,0.0
33.208,9.76,-0.37,0.0011111111111111111
33.228,9.74,-0.36,0.0
33.248,9.75,-0.39,0.0
33.268,9.76,-0.38,0.0
33.288,9.77,-0.38,-0.0011111111111111111
33.308,9.78,-0.38,0.0
33.328,9.77,-0.39,0.0
33.348,9.74,-0.36,0.0
33.368,9.75,-0.36,0.0011111111111111111
33.388,9.77,-0.37,0.0
33.408,9.77,-0.37,0.0
33.428,9.76,-0.38,0.0
33.448,9.78,-0.37,0.0
33.468,9.76,-0.38,0.0
33.488,9.77,-0.36,0.0
33.508,9.77,-0.34,0.0
33.528,9.76,-0.36,0.0
33.548,9.75,-0.37,0.0
33.568,9.76,-0.38,0.0
33.588,9.78,-0.38,0.0
33.608,9.74,-0.36,0.0
33.628,9.76,-0.35,0.0
33.648,9.78,-0.4,0.0
33.668,9.76,-0.38,0.0
33.688,9.74,-0.37,0.0
33.708,9.76,-0.37,0.0011111111111111111
33.728,9.76,-0.36,0.0
33.748,9.75,-0.37,0.0
33.768,9.75,-0.4,0.0
33.788,9.75,-0.37,0.0011111111111111111
33.808,9.78,-0.37,0.0
33.828,9.76,-0.36,0.0
33.848,9.78,-0.38,0.0
33.868,9.75,-0.39,0.0
33.888,9.78,-0.36,0.0
33.908,9.76,-0.39,0.0
33.928,9.76,-0.38,0.0
33.948,9.76,-0.39,-0.0011111111111111111
33.968,9.75,-0.37,0.0
33.988,9.75,-0.36,0.0
34.008,9.76,-0.39,0.0
34.028,9.74,-0.36,0.0
34.048,9.76,-0.37,-0.0011111111111111111
34.068,9.75,-0.36,0.0
34.088,9.77,-0.36,0.0
34.108,9.78,-0.38,0.0
34.128,9.77,-0.33,0.0
34.148,9.77,-0.35,0.0
34.168,9.76,-0.36,0.0
34.188,9.78,-0.37,0.0
34.208,9.74,-0.37,0.0
34.228,9.77,-0.37,0.0
34.248,9.75,-0.36,0.0
34.268,9.76,-0.36,0.0
34.288,9.76,-0.38,0.0
34.308,9.75,-0.37,-0.0011111111111111111
34.328,9.79,-0.35,0.0
34.348,9.75,-0.37,0.0011111111111111111
34.368,9.78,-0.36,0.0
34.388,9.76,-0.39,0.0
34.408,9.74,-0.38,0.0
34.428,9.75,-0.35,0.0
34.448,9.78,-0.35,0.0
34.468,9.76,-0.36,0.0
34.488,9.76,-0.37,0.0
34.508,9.77,-0.34,0.0
34.528,9.76,-0.38,0.0
34.548,9.76,-0.37,0.0
34.568,9.75,-0.4,0.0
34.588,9.77,-0.38,0.0
34.608,9.74,-0.39,0.0
34.628,9.76,-0.38,0.0
34.648,9.76,-0.38,0.0
34.668,9.76,-0.36,0.0
34.688,9.76,-0.38,0.0
34.708,9.76,-0.37,0.0
34.728,9.74,-0.37,0.0
34.748,9.76,-0.36,-0.0011111111111111111
34.768,9.76,-0.39,0.0011111111111111111
34.788,9.77,-0.35,0.0
34.808,9.77,-0.38,0.0
34.828,9.76,-0.36,-0.0011111111111111111
34.848,9.77,-0.37,0.0011111111111111111
34.868,9.77,-0.36,0.0
34.888,9.77,-0.38,0.0
34.908,9.78,-0.35,0.0
34.928,9.74,-0.37,0.0011111111111111111
34.948,9.75,-0.37,0.0
34.968,9.75,-0.36,0.0
34.988,9.75,-0.37,0.0011111111111111111
35.008,9.76,-0.37,0.0
35.028,9.75,-0.37,0.0
35.048,9.76,-0.39,0.0022222222222222222
35.068,9.75,-0.4,0.0
35.088,9.75,-0.37,0.0
35.108,9.75,-0.35,0.0
35.128,9.76,-0.39,0.0
35.148,9.74,-0.38,0.0011111111111111111
35.168,9.76,-0.37,0.0
35.188,9.77,-0.36,0.0
35.208,9.77,-0.38,0.0
35.228,9.76,-0.36,0.0
35.248,9.77,-0.37,0.0
35.268,9.77,-0.37,0.0
35.288,9.75,-0.37,0.0011111111111111111
35.308,9.76,-0.36,0.0
35.328,9.78,-0.36,0.0
35.348,9.77,-0.37,0.0
35.368,9.77,-0.37,0.0011111111111111111
35.388,9.76,-0.4,0.0
35.408,9.75,-0.37,0.0
35.428,9.73,-0.38,0.0
35.448,9.77,-0.37,0.0
35.468,9.79,-0.37,0.0
35.488,9.78,-0.36,0.0
35.508,9.77,-0.37,0.0
35.528,9.77,-0.37,-0.0011111111111111111
35.548,9.75,-0.37,0.0
35.568,9.76,-0.38,0.0011111111111111111
35.588,9.77,-0.36,0.0
35.608,9.76,-0.36,-0.0011111111111111111
35.628,9.77,-0.36,0.0
35.648,9.74,-0.38,0.0
35.668,9.75,-0.38,-0.0011111111111111111
35.688,9.76,-0.35,0.0
35.708,9.76,-0.36,0.0
35.728,9.76,-0.36,0.0
35.748,9.79,-0.38,0.0011111111111111111
35.768,9.76,-0.36,0.0
35.788,9.76,-0.36,0.0
35.808,9.76,-0.37,0.0
35.828,9.77,-0.38,0.0
35.848,9.77,-0.38,0.0011111111111111111
35.868,9.76,-0.38,0.0
35.888,9.77,-0.37,0.0
35.908,9.77,-0.38,0.0
35.928,9.77,-0.38,0.0
35.948,9.75,-0.38,0.0
35.968,9.77,-0.37,0.0
35.988,9.75,-0.4,0.0
36.008,9.77,-0.35,0.0
36.028,9.74,-0.36,0.0
36.048,9.76,-0.37,0.0
36.068,9.75,-0.37,0.0
36.088,9.78,-0.37,0.0
36.108,9.76,-0.36,0.0
36.128,9.76,-0.38,0.0
36.148,9.79,-0.35,0.0
36.168,9.75,-0.38,0.0
36.188,9.76,-0.35,0.0
36.208,9.76,-0.41,0.0
36.228,9.77,-0.36,0.0
36.248,9.77,-0.37,0.0011111111111111111
36.268,9.76,-0.37,0.0
36.288,9.75,-0.35,0.0
36.308,9.76,-0.35,0.0
36.328,9.79,-0.38,0.0
36.348,9.74,-0.37,0.0
36.368,9.76,-0.36,0.0
36.388,9.77,-0.36,0.0
36.408,9.76,-0.36,0.0
36.428,9.74,-0.41,0.0011111111111111111
36.448,9.76,-0.37,0.0
36.468,9.75,-0.37,0.0
36.488,9.75,-0.36,0.0
36.508,9.75,-0.39,0.0
36.528,9.78,-0.37,0.0
36.548,9.76,-0.37,0.0022222222222222222
36.568,9.76,-0.38,0.0
36.588,9.76,-0.38,0.0
36.608,9.75,-0.37,0.0
36.628,9.75,-0.37,0.0
36.648,9.75,-0.36,0.0
36.668,9.76,-0.36,0.0
36.688,9.78,-0.36,0.0
36.708,9.75,-0.35,0.0
36.728,9.74,-0.36,0.0
36.748,9.77,-0.34,0.0
36.768,9.77,-0.36,0.0
36.788,9.78,-0.38,0.0
36.808,9.76,-0.36,0.0
36.828,9.74,-0.39,0.0
36.848,9.75,-0.4,0.0
36.868,9.77,-0.39,0.0
36.888,9.75,-0.36,0.0
36.908,9.76,-0.37,0.0
36.928,9.77,-0.37,0.0
36.948,9.77,-0.36,0.0
36.968,9.75,-0.37,0.0
36.988,9.75,-0.37,0.0
37.008,9.76,-0.39,0.0
37.028,9.73,-0.37,0.0
37.048,9.76,-0.38,0.0
37.068,9.76,-0.36,0.0
37.088,9.76,-0.36,0.0
37.108,9.76,-0.34,0.0
37.128,9.75,-0.39,0.0
37.148,9.76,-0.36,0.0
37.168,9.74,-0.38,0.0
37.188,9.76,-0.39,0.0
37.208,9.76,-0.37,0.0
37.228,9.77,-0.36,0.0
37.248,9.77,-0.39,0.0011111111111111111
37.268,9.74,-0.39,0.0
37.288,9.75,-0.38,0.0
37.308,9.75,-0.38,0.0
37.328,9.77,-0.37,0.0
37.348,9.75,-0.39,0.0
37.368,9.75,-0.34,0.0
37.388,9.76,-0.36,-0.0011111111111111111
37.408,9.74,-0.38,0.0
37.428,9.76,-0.39,0.0
37.448,9.76,-0.38,0.0
37.468,9.76,-0.36,0.0
37.488,9.77,-0.38,0.0
37.508,9.76,-0.34,0.0011111111111111111
37.528,9.74,-0.37,0.0
37.548,9.77,-0.36,0.0
37.568,9.77,-0.37,0.0
37.588,9.76,-0.37,0.0
37.608,9.75,-0.38,0.0
37.628,9.77,-0.39,0.0
37.648,9.77,-0.37,0.0
37.668,9.74,-0.34,0.0
37.688,9.77,-0.38,0.0
37.708,9.76,-0.39,0.0
37.728,9.76,-0.35,0.0
37.748,9.75,-0.39,0.0
37.768,9.76,-0.39,0.0
37.788,9.75,-0.36,0.0
37.808,9.76,-0.38,0.0
37.828,9.77,-0.39,0.0022222222222222222
37.848,9.75,-0.38,0.0
37.868,9.76,-0.38,0.0
37.888,9.76,-0.37,0.0
37.908,9.75,-0.37,0.0
37.928,9.76,-0.37,0.0
37.948,9.77,-0.36,0.0
37.968,9.75,-0.36,0.0
37.988,9.79,-0.39,0.0
38.008,9.78,-0.38,0.0
38.028,9.75,-0.38,0.0011111111111111111
38.048,9.74,-0.37,0.0
38.068,9.75,-0.37,0.0011111111111111111
38.088,9.76,-0.37,0.0
38.108,9.75,-0.37,0.0
38.128,9.77,-0.36,0.0
38.148,9.75,-0.39,0.0
38.168,9.75,-0.39,0.0
38.188,9.76,-0.37,0.0
38.208,9.76,-0.35,-0.0011111111111111111
38.228,9.76,-0.36,0.0
38.248,9.75,-0.38,0.0
38.268,9.75,-0.36,0.0
38.288,9.77,-0.39,0.0
38.308,9.76,-0.37,0.0022222222222222222
38.328,9.77,-0.38,0.0
38.348,9.77,-0.37,0.0
38.368,9.79,-0.36,0.0
38.388,9.74,-0.35,0.0
38.408,9.76,-0.39,0.0
38.428,9.75,-0.39,0.0
38.448,9.75,-0.37,0.0
38.468,9.75,-0.37,0.0
38.488,9.75,-0.38,0.0
38.508,9.77,-0.38,0.0
38.528,9.75,-0.35,0.0
38.548,9.73,-0.36,0.0011111111111111111
38.568,9.77,-0.35,0.0
38.588,9.75,-0.36,0.0
38.608,9.76,-0.39,0.0
38.628,9.77,-0.38,0.0
38.648,9.76,-0.38,0.0
38.668,9.75,-0.37,0.0
38.688,9.75,-0.36,0.0
38.708,9.76,-0.36,0.0
38.728,9.76,-0.37,0.0
38.748,9.75,-0.36,0.0
38.768,9.75,-0.37,0.0
38.788,9.77,-0.37,0.0
38.808,9.74,-0.37,0.0
38.828,9.75,-0.37,0.0
38.848,9.76,-0.36,0.0
38.868,9.76,-0.38,0.0
38.888,9.77,-0.35,-0.0011111111111111111
38.908,9.76,-0.36,0.0
38.928,9.75,-0.36,0.0
38.948,9.74,-0.36,0.0
38.968,9.75,-0.37,0.0011111111111111111
38.988,9.76,-0.38,0.0
39.008,9.76,-0.36,0.0
39.028,9.77,-0.37,0.0
39.048,9.77,-0.39,0.0
39.068,9.79,-0.37,0.0
39.088,9.77,-0.37,0.0
39.108,9.76,-0.37,0.0
39.128,9.75,-0.36,0.0
39.148,9.76,-0.38,0.0
39.168,9.76,-0.37,0.0
39.188,9.77,-0.35,0.0
39.208,9.77,-0.36,0.0
39.228,9.75,-0.37,0.0
39.248,9.76,-0.36,0.0
39.268,9.76,-0.37,0.0
39.288,9.76,-0.39,0.0
39.308,9.75,-0.36,0.0
39.328,9.75,-0.36,0.0
39.348,9.76,-0.37,0.0
39.368,9.75,-0.37,0.0
39.388,9.76,-0.39,0.0
39.408,9.77,-0.38,0.0
39.428,9.78,-0.37,0.0
39.448,9.75,-0.37,0.0
39.468,9.78,-0.36,0.0
39.488,9.75,-0.35,0.0
39.508,9.76,-0.37,0.0
39.528,9.74,-0.37,0.0
39.548,9.76,-0.36,0.0
39.568,9.76,-0.37,0.0
39.588,9.78,-0.36,0.0
39.608,9.76,-0.38,0.0
39.628,9.76,-0.38,0.0
39.648,9.75,-0.36,0.0
39.668,9.75,-0.37,-0.0011111111111111111
39.688,9.77,-0.37,0.0
39.708,9.75,-0.39,0.0
39.728,9.76,-0.41,0.0
39.748,9.78,-0.37,0.0
39.768,9.75,-0.36,0.0
39.788,9.74,-0.37,0.0
39.808,9.75,-0.34,0.0
39.828,9.76,-0.38,0.0
39.848,9.78,-0.36,0.0
39.868,9.76,-0.36,0.0
39.888,9.77,-0.38,0.0
39.908,9.77,-0.36,-0.0011111111111111111
39.928,9.75,-0.37,0.0
39.948,9.77,-0.36,0.0
39.968,9.78,-0.37,0.0
39.988,9.76,-0.36,0.0
40.008,9.76,-0.39,0.0
40.028,9.76,-0.38,-0.0011111111111111111
40.048,9.75,-0.35,0.0
40.068,9.78,-0.38,0.0
40.088,9.77,-0.37,0.0
40.108,9.77,-0.38,0.0
40.128,9.76,-0.39,0.0
40.148,9.76,-0.37,0.0
40.168,9.77,-0.37,0.0
40.188,9.76,-0.38,0.0
40.208,9.72,-0.39,0.0
40.228,9.75,-0.37,0.0
40.248,9.76,-0.35,-0.0011111111111111111
40.268,9.75,-0.38,0.0
40.288,9.77,-0.37,0.0
40.308,9.77,-0.37,0.0
40.328,9.74,-0.37,0.0
40.348,9.77,-0.36,0.0
40.368,9.75,-0.38,0.0
40.388,9.76,-0.37,0.0
40.408,9.79,-0.37,-0.0011111111111111111
40.428,9.77,-0.36,-0.0011111111111111111
40.448,9.76,-0.35,0.0
40.468,9.74,-0.38,0.0
40.488,9.76,-0.36,0.0
40.508,9.77,-0.38,0.0
40.528,9.77,-0.37,0.0
40.548,9.76,-0.38,0.0
40.568,9.76,-0.39,0.0
40.588,9.76,-0.37,0.0
40.608,9.75,-0.38,0.0033333333333333335
40.628,9.75,-0.36,0.0
40.648,9.75,-0.37,0.0011111111111111111
40.668,9.77,-0.36,0.0
40.688,9.79,-0.36,0.0
40.708,9.78,-0.39,0.0
40.728,9.75,-0.36,0.0
40.748,9.74,-0.39,0.0011111111111111111
40.768,9.77,-0.37,0.0
40.788,9.76,-0.37,0.0
40.808,9.79,-0.38,0.0022222222222222222
40.828,9.77,-0.36,0.0
40.848,9.76,-0.4,0.0
40.868,9.74,-0.37,0.0
40.888,9.75,-0.36,0.0
40.908,9.75,-0.37,0.0
40.928,9.77,-0.37,0.0
40.948,9.76,-0.36,0.0011111111111111111
40.968,9.77,-0.38,0.0
40.988,9.75,-0.37,0.0
41.008,9.75,-0.36,0.0
41.028,9.75,-0.38,0.0
41.048,9.74,-0.37,0.0022222222222222222
41.068,9.76,-0.35,0.0
41.088,9.78,-0.36,0.0
41.108,9.78,-0.37,0.0
41.128,9.76,-0.37,0.0
41.148,9.75,-0.38,0.0
41.168,9.73,-0.36,0.0
41.188,9.74,-0.36,0.0011111111111111111
41.208,9.76,-0.36,0.0
41.228,9.78,-0.36,0.0
41.248,9.8,-0.34,0.0011111111111111111
41.268,9.79,-0.36,0.0
41.288,9.75,-0.38,0.0
41.308,9.75,-0.38,0.0
41.328,9.75,-0.37,0.0
41.348,9.77,-0.36,0.0
41.368,9.77,-0.37,0.0
41.388,9.78,-0.38,0.0
41.408,9.76,-0.36,0.0
41.428,9.77,-0.38,0.0
41.448,9.72,-0.38,0.0
41.468,9.75,-0.36,0.0
41.488,9.75,-0.4,0.0
41.508,9.79,-0.35,0.0
41.528,9.77,-0.35,0.0
41.548,9.77,-0.34,0.0011111111111111111
41.568,9.73,-0.37,0.0
41.588,9.73,-0.37,0.0
41.608,9.73,-0.36,0.0011111111111111111
41.628,9.79,-0.37,0.0
41.648,9.77,-0.36,0.0
41.668,9.78,-0.37,-0.0011111111111111111
41.688,9.76,-0.37,0.0
41.708,9.75,-0.35,0.0
41.728,9.75,-0.37,0.0
41.748,9.76,-0.35,0.0
41.768,9.75,-0.37,0.0011111111111111111
41.788,9.78,-0.36,0.0
41.808,9.76,-0.34,0.0
41.828,9.75,-0.37,0.0
41.848,9.75,-0.4,0.0
41.868,9.74,-0.36,0.0
41.888,9.76,-0.39,0.0
41.908,9.77,-0.36,0.0
41.928,9.77,-0.37,0.0011111111111111111
41.948,9.79,-0.36,0.0
41.968,9.75,-0.38,0.0
41.988,9.75,-0.35,0.0
42.008,9.75,-0.36,0.0011111111111111111
42.028,9.74,-0.38,0.0
42.048,9.76,-0.39,0.0
42.068,9.76,-0.37,0.0
42.088,9.76,-0.36,0.0
42.108,9.77,-0.39,0.0011111111111111111
42.128,9.74,-0.35,0.0
42.148,9.73,-0.35,0.0
42.168,9.76,-0.37,0.0011111111111111111
42.188,9.8,-0.36,0.0
42.208,9.78,-0.39,0.0
42.228,9.75,-0.37,0.0
42.248,9.74,-0.38,0.0
42.268,9.75,-0.37,0.0
42.288,9.75,-0.37,0.0
42.308,9.77,-0.37,0.0
42.328,9.77,-0.39,0.0
42.348,9.76,-0.38,0.0
42.368,9.74,-0.39,0.0
42.388,9.75,-0.36,0.0
42.408,9.77,-0.34,0.0
42.428,9.77,-0.35,0.0
42.448,9.76,-0.38,0.0
42.468,9.74,-0.36,0.0
42.488,9.75,-0.36,0.0
42.508,9.76,-0.38,0.0
42.528,9.75,-0.39,0.0
42.548,9.77,-0.36,0.0
42.568,9.77,-0.36,0.0
42.588,9.77,-0.38,0.0
42.608,9.79,-0.35,0.0
42.628,9.77,-0.37,0.0
42.648,9.75,-0.36,0.0
42.668,9.75,-0.37,0.0
42.688,9.74,-0.38,0.0
42.708,9.76,-0.37,0.0
42.728,9.76,-0.35,0.0
42.748,9.78,-0.36,0.0
42.768,9.77,-0.38,0.0
42.788,9.73,-0.38,0.0
42.808,9.75,-0.37,0.0
42.828,9.77,-0.36,0.0
42.848,9.79,-0.39,0.0011111111111111111
42.868,9.79,-0.37,0.0
42.888,9.76,-0.38,0.0
42.908,9.76,-0.39,0.0
42.928,9.75,-0.38,0.0
42.948,9.75,-0.37,0.0
42.968,9.76,-0.35,0.0
42.988,9.75,-0.38,0.0
43.008,9.77,-0.36,0.0011111111111111111
43.028,9.75,-0.38,0.0
43.048,9.76,-0.38,-0.0011111111111111111
43.068,9.74,-0.36,0.0
43.088,9.74,-0.38,0.0
43.108,9.76,-0.37,0.0
43.128,9.74,-0.38,0.0
43.148,9.78,-0.39,0.0
43.168,9.76,-0.36,0.0
43.188,9.74,-0.38,0.0
43.208,9.73,-0.39,0.0
43.228,9.75,-0.36,0.0
43.248,9.77,-0.36,0.0
43.268,9.78,-0.38,0.0
43.288,9.78,-0.35,0.0
43.308,9.78,-0.36,0.0
43.328,9.74,-0.36,0.0
43.348,9.74,-0.36,0.0
43.368,9.76,-0.37,0.0
43.388,9.74,-0.37,0.0
43.408,9.79,-0.36,0.0
43.428,9.78,-0.34,0.0
43.448,9.75,-0.38,0.0011111111111111111
43.468,9.75,-0.37,0.0
43.488,9.75,-0.38,0.0
43.508,9.77,-0.38,0.0011111111111111111
43.528,9.77,-0.36,0.0
43.548,9.77,-0.37,0.0
43.568,9.75,-0.35,0.0
43.588,9.76,-0.37,0.0
43.608,9.76,-0.38,0.0
43.628,9.76,-0.36,0.0
43.648,9.76,-0.35,0.0
43.668,9.77,-0.36,0.0011111111111111111
43.688,9.77,-0.37,0.0
43.708,9.75,-0.35,-0.0011111111111111111
43.728,9.77,-0.35,0.0
43.748,9.75,-0.38,0.0011111111111111111
43.768,9.76,-0.36,0.0
43.788,9.77,-0.36,-0.0011111111111111111
43.808,9.76,-0.39,0.0
43.828,9.77,-0.37,0.0
43.848,9.76,-0.35,0.0
43.868,9.78,-0.36,0.0
43.888,9.76,-0.35,0.0011111111111111111
43.908,9.75,-0.36,0.0
43.928,9.79,-0.38,0.0
43.948,9.77,-0.37,0.0
43.968,9.77,-0.38,0.0
43.988,9.78,-0.39,-0.0011111111111111111
44.008,9.75,-0.37,0.0
44.028,9.76,-0.38,0.0
44.048,9.77,-0.34,0.0
44.068,9.77,-0.38,0.0
44.088,9.76,-0.37,0.0011111111111111111
44.108,9.76,-0.35,0.0
44.128,9.77,-0.37,0.0
44.148,9.76,-0.38,0.0
44.168,9.77,-0.39,0.0
44.188,9.75,-0.39,0.0
44.208,9.77,-0.34,0.0
44.228,9.76,-0.37,0.0011111111111111111
44.248,9.77,-0.38,0.0
44.268,9.77,-0.36,0.0
44.288,9.75,-0.39,0.0
44.308,9.75,-0.34,0.0
44.328,9.76,-0.37,-0.0011111111111111111
44.348,9.75,-0.34,0.0
44.368,9.77,-0.37,0.0
44.388,9.75,-0.36,0.0
44.408,9.74,-0.37,0.0
44.428,9.78,-0.37,0.0
44.448,9.77,-0.36,0.0
44.468,9.74,-0.34,-0.0022222222222222222
44.488,9.77,-0.39,0.0
44.508,9.76,-0.37,0.0
44.528,9.74,-0.38,0.0
44.548,9.75,-0.37,0.0
44.568,9.76,-0.39,0.0011111111111111111
44.588,9.76,-0.37,0.0
44.608,9.75,-0.38,0.0
44.628,9.77,-0.39,-0.0011111111111111111
44.648,9.77,-0.34,0.0011111111111111111
44.668,9.75,-0.38,0.0011111111111111111
44.688,9.77,-0.36,0.0
44.708,9.77,-0.37,0.0
44.728,9.76,-0.38,0.0
44.748,9.77,-0.36,0.0
44.768,9.77,-0.37,0.0
44.788,9.76,-0.36,0.0
44.808,9.76,-0.38,0.0
44.828,9.77,-0.36,0.0
44.848,9.77,-0.38,0.0
44.868,9.76,-0.37,0.0
44.888,9.78,-0.37,0.0
44.908,9.75,-0.38,0.0
44.928,9.75,-0.39,0.0
44.948,9.75,-0.36,0.0
44.968,9.74,-0.35,0.0
44.988,9.75,-0.38,0.0
45.008,9.78,-0.36,0.0
45.028,9.75,-0.35,0.0
45.048,9.73,-0.35,0.0
45.068,9.74,-0.37,0.0
45.088,9.75,-0.36,0.0
45.108,9.76,-0.39,0.0
45.128,9.76,-0.37,0.0
45.148,9.79,-0.36,0.0
45.168,9.76,-0.4,0.0
45.188,9.74,-0.39,0.0
45.208,9.75,-0.37,0.0
45.228,9.77,-0.38,0.0
45.248,9.77,-0.37,0.0
45.268,9.75,-0.38,0.0
45.288,9.81,-0.35,0.0
45.308,9.77,-0.37,0.0
45.328,9.75,-0.38,0.0
45.348,9.75,-0.37,0.0
45.368,9.73,-0.37,0.0
45.388,9.76,-0.34,0.0
45.408,9.78,-0.37,0.0
45.428,9.78,-0.37,0.0
45.448,9.76,-0.37,0.0
45.468,9.76,-0.38,0.0
45.488,9.76,-0.37,0.0
45.508,9.75,-0.37,0.0
45.528,9.78,-0.37,0.0
45.548,9.77,-0.38,0.0
45.568,9.77,-0.35,0.0
45.588,9.75,-0.36,0.0
45.608,9.77,-0.37,0.0
45.628,9.76,-0.37,0.0
45.648,9.77,-0.37,0.0
45.668,9.77,-0.37,0.0
45.688,9.75,-0.38,0.0
45.708,9.76,-0.37,0.0
45.728,9.77,-0.36,-0.0011111111111111111
45.748,9.75,-0.36,-0.0011111111111111111
45.768,9.74,-0.37,0.0
45.788,9.76,-0.37,0.0
45.808,9.77,-0.37,0.0
45.828,9.8,-0.38,0.0
45.848,9.78,-0.36,0.0
45.868,9.76,-0.38,0.0
45.888,9.77,-0.37,0.0
45.908,9.73,-0.36,0.0
45.928,9.76,-0.37,0.0
45.948,9.75,-0.39,0.0011111111111111111
45.968,9.77,-0.36,0.0
45.988,9.77,-0.37,0.0
46.008,9.77,-0.36,0.0
46.028,9.73,-0.38,0.0
46.048,9.75,-0.37,-0.0011111111111111111
46.068,9.76,-0.37,0.0
46.088,9.78,-0.37,0.0
46.108,9.77,-0.34,0.0
46.128,9.76,-0.38,0.0
46.148,9.74,-0.37,0.0
46.168,9.76,-0.38,0.0
46.188,9.74,-0.35,0.0011111111111111111
46.208,9.74,-0.37,0.0
46.228,9.77,-0.4,0.0
46.248,9.8,-0.34,0.0
46.268,9.77,-0.37,0.0
46.288,9.75,-0.38,0.0011111111111111111
46.308,9.76,-0.39,0.0
46.328,9.75,-0.38,0.0011111111111111111
46.348,9.79,-0.37,-0.0011111111111111111
46.368,9.78,-0.39,0.0
46.388,9.76,-0.4,0.0
46.408,9.77,-0.39,-0.0011111111111111111
46.428,9.74,-0.36,0.0
46.448,9.74,-0.37,-0.0011111111111111111
46.468,9.75,-0.38,0.0
46.488,9.76,-0.34,0.0
46.508,9.78,-0.36,0.0
46.528,9.77,-0.37,0.0
46.548,9.75,-0.38,0.0
46.568,9.76,-0.4,0.0
46.588,9.77,-0.38,0.0
46.608,9.75,-0.39,0.0011111111111111111
46.628,9.76,-0.36,0.0
46.648,9.78,-0.38,0.0
46.668,9.75,-0.36,0.0
46.688,9.77,-0.39,0.0
46.708,9.75,-0.39,0.0
46.728,9.74,-0.37,0.0
46.748,9.79,-0.38,0.0
46.768,9.78,-0.37,0.0
46.788,9.76,-0.35,0.0
46.808,9.74,-0.38,0.0
46.828,9.74,-0.38,0.0
46.848,9.76,-0.38,0.0
46.868,9.76,-0.38,0.0
46.888,9.77,-0.36,0.0
46.908,9.76,-0.36,0.0
46.928,9.77,-0.36,0.0
46.948,9.76,-0.36,0.0011111111111111111
46.968,9.75,-0.36,0.0011111111111111111
46.988,9.75,-0.4,0.0
47.008,9.77,-0.38,0.0
47.028,9.78,-0.36,0.0
47.048,9.77,-0.38,0.0
47.068,9.77,-0.38,0.0
47.088,9.76,-0.38,0.0011111111111111111
47.108,9.76,-0.39,0.0
47.128,9.77,-0.37,0.0
47.148,9.77,-0.36,0.0
47.168,9.78,-0.36,0.0
47.188,9.76,-0.38,0.0011111111111111111
47.208,9.76,-0.38,0.0
47.228,9.75,-0.38,0.0
47.248,9.76,-0.38,0.0
47.268,9.75,-0.37,0.0
47.288,9.77,-0.36,0.0
47.308,9.79,-0.37,0.0
47.328,9.76,-0.38,0.0
47.348,9.75,-0.38,0.0
47.368,9.77,-0.37,0.0
47.388,9.74,-0.36,0.0
47.408,9.76,-0.37,0.0
47.428,9.75,-0.37,0.0
47.448,9.75,-0.39,0.0
47.468,9.76,-0.38,0.0
47.488,9.75,-0.36,0.0
47.508,9.76,-0.39,0.0
47.528,9.75,-0.35,0.0
47.548,9.77,-0.36,0.0
47.568,9.75,-0.38,0.0011111111111111111
47.588,9.77,-0.35,0.0
47.608,9.77,-0.36,0.0
47.628,9.74,-0.38,0.0
47.648,9.75,-0.38,0.0
47.668,9.75,-0.35,0.0
47.688,9.76,-0.38,0.0
47.708,9.76,-0.35,0.0
47.728,9.77,-0.37,0.0
47.748,9.74,-0.36,0.0
47.768,9.75,-0.37,0.0
47.788,9.76,-0.4,0.0
47.808,9.76,-0.37,0.0
47.828,9.76,-0.37,0.0
47.848,9.76,-0.34,0.0
47.868,9.76,-0.37,0.0
47.888,9.77,-0.4,0.0
47.908,9.73,-0.37,0.0
47.928,9.75,-0.37,0.0011111111111111111
47.948,9.75,-0.38,0.0
47.968,9.75,-0.36,0.0022222222222222222
47.988,9.77,-0.4,0.0
48.008,9.74,-0.34,-0.0011111111111111111
48.028,9.76,-0.34,0.0
48.048,9.76,-0.39,0.0
48.068,9.78,-0.37,0.0
48.088,9.75,-0.37,0.0
48.108,9.74,-0.34,0.0
48.128,9.74,-0.37,0.0
48.148,9.75,-0.35,0.0
48.168,9.77,-0.36,-0.0011111111111111111
48.188,9.76,-0.38,0.0
48.208,9.76,-0.38,0.0
48.228,9.75,-0.35,0.0
48.248,9.75,-0.36,0.0
48.268,9.76,-0.37,0.0
48.288,9.75,-0.35,0.0011111111111111111
48.308,9.76,-0.36,0.0
48.328,9.78,-0.38,0.0
48.348,9.77,-0.36,0.0
48.368,9.75,-0.36,0.0
48.388,9.75,-0.37,0.0
48.408,9.76,-0.36,0.0
48.428,9.73,-0.36,-0.0011111111111111111
48.448,9.76,-0.37,0.0
48.468,9.76,-0.37,0.0
48.488,9.76,-0.37,0.0
48.508,9.76,-0.34,0.0
48.528,9.76,-0.36,0.0
48.548,9.76,-0.38,0.0
48.568,9.78,-0.35,0.0
48.588,9.76,-0.35,0.0
48.608,9.78,-0.36,0.0
48.628,9.78,-0.38,0.0
48.648,9.76,-0.37,0.0
48.668,9.77,-0.37,0.0
48.688,9.76,-0.38,0.0
48.708,9.76,-0.37,0.0
48.728,9.75,-0.37,0.0
48.748,9.77,-0.36,0.0
48.768,9.75,-0.35,0.0
48.788,9.77,-0.38,0.0
48.808,9.76,-0.37,0.0
48.828,9.76,-0.37,0.0
48.848,9.76,-0.35,0.0
48.868,9.75,-0.38,0.0
48.888,9.76,-0.37,0.0
48.908,9.76,-0.38,0.0
48.928,9.77,-0.38,0.0
48.948,9.76,-0.39,0.0
48.968,9.74,-0.39,0.0
48.988,9.76,-0.39,0.0
49.008,9.76,-0.39,0.0
49.028,9.8,-0.35,0.0
49.048,9.76,-0.39,0.0
49.068,9.75,-0.35,0.0
49.088,9.75,-0.35,0.0
49.108,9.74,-0.34,0.0
49.128,9.76,-0.36,0.0
49.148,9.78,-0.36,0.0
49.168,9.76,-0.35,0.0
49.188,9.76,-0.36,0.0
49.208,9.75,-0.37,0.0
49.228,9.77,-0.35,0.0
49.248,9.76,-0.38,0.0
49.268,9.76,-0.37,0.0
49.288,9.77,-0.37,0.0
49.308,9.77,-0.36,-0.0011111111111111111
49.328,9.77,-0.37,0.0
49.348,9.75,-0.36,0.0
49.368,9.74,-0.36,0.0
49.388,9.76,-0.37,0.0011111111111111111
49.408,9.78,-0.37,0.0
49.428,9.77,-0.37,0.0
49.448,9.76,-0.37,0.0
49.468,9.76,-0.38,0.0
49.488,9.74,-0.38,0.0
49.508,9.74,-0.38,0.0
49.528,9.73,-0.36,0.0
49.548,9.75,-0.35,0.0
49.568,9.77,-0.37,0.0
49.588,9.78,-0.38,0.0
49.608,9.76,-0.36,0.0
49.628,9.77,-0.37,0.0
49.648,9.77,-0.36,0.0
49.668,9.76,-0.37,0.0
49.688,9.78,-0.36,0.0
49.708,9.78,-0.35,0.0
49.728,9.78,-0.35,0.0
49.748,9.76,-0.39,0.0
49.768,9.75,-0.38,0.0
49.788,9.76,-0.39,0.0
49.808,9.77,-0.37,0.0
49.828,9.78,-0.35,0.0
49.848,9.75,-0.38,0.0
49.868,9.75,-0.37,0.0
49.888,9.76,-0.37,0.0
49.908,9.75,-0.38,0.0
49.928,9.76,-0.37,0.0
49.948,9.77,-0.38,0.0
49.968,9.76,-0.36,0.0
49.988,9.77,-0.37,0.0
50.008,9.76,-0.38,0.0
50.028,9.75,-0.36,0.0011111111111111111
50.048,9.75,-0.38,0.0
50.068,9.76,-0.38,0.0
50.088,9.76,-0.38,0.0
50.108,9.77,-0.39,0.0
50.128,9.76,-0.36,0.0
50.148,9.77,-0.36,0.0
50.168,9.76,-0.4,0.0
50.188,9.77,-0.38,0.0
50.208,9.77,-0.38,0.0
50.228,9.76,-0.36,0.0
50.248,9.78,-0.36,0.0
50.268,9.77,-0.38,0.0011111111111111111
50.288,9.76,-0.37,0.0
50.308,9.75,-0.38,0.0
50.328,9.76,-0.39,-0.0011111111111111111
50.348,9.77,-0.38,0.0
50.368,9.75,-0.37,0.0
50.388,9.76,-0.36,0.0
50.408,9.76,-0.4,0.0
50.428,9.75,-0.39,0.0
50.448,9.76,-0.38,0.0
50.468,9.76,-0.37,0.0
50.488,9.74,-0.35,0.0
50.508,9.75,-0.37,0.0
50.528,9.76,-0.39,0.0
50.548,9.77,-0.38,0.0
50.568,9.77,-0.38,0.0
50.588,9.73,-0.37,0.0
50.608,9.75,-0.36,0.0011111111111111111
50.628,9.77,-0.36,0.0011111111111111111
50.648,9.78,-0.36,0.0011111111111111111
50.668,9.76,-0.38,0.0
50.688,9.78,-0.37,0.0
50.708,9.78,-0.38,0.0
50.728,9.76,-0.39,0.0
50.748,9.74,-0.36,0.0
50.768,9.75,-0.35,-0.0011111111111111111
50.788,9.75,-0.38,0.0
50.808,9.77,-0.35,0.0
50.828,9.77,-0.37,0.0
50.848,9.77,-0.37,0.0011111111111111111
50.868,9.77,-0.37,0.0
50.888,9.74,-0.38,0.0
50.908,9.74,-0.35,0.0
50.928,9.77,-0.38,0.0
50.948,9.78,-0.36,0.0011111111111111111
50.968,9.78,-0.37,0.0
50.988,9.77,-0.36,0.0
51.008,9.75,-0.36,0.0
51.028,9.74,-0.36,0.0
51.048,9.78,-0.36,0.0022222222222222222
51.068,9.78,-0.38,0.0011111111111111111
51.088,9.76,-0.37,0.0
51.108,9.74,-0.38,0.0
51.128,9.74,-0.36,0.0
51.148,9.75,-0.38,-0.0011111111111111111
51.168,9.76,-0.36,0.0
51.188,9.77,-0.36,0.0
51.208,9.78,-0.35,0.0
51.228,9.77,-0.37,0.0
51.248,9.77,-0.39,0.0
51.268,9.75,-0.35,0.0
51.288,9.76,-0.35,0.0011111111111111111
51.308,9.77,-0.34,0.0
51.328,9.77,-0.36,0.0
51.348,9.76,-0.38,0.0
51.368,9.77,-0.38,0.0
51.388,9.75,-0.39,0.0
51.408,9.76,-0.34,0.0011111111111111111
51.428,9.76,-0.37,0.0
51.448,9.76,-0.38,0.0
51.468,9.76,-0.38,0.0
51.488,9.78,-0.35,0.0
51.508,9.76,-0.35,0.0
51.528,9.76,-0.36,0.0
51.548,9.75,-0.38,0.0
51.568,9.77,-0.37,0.0
51.588,9.77,-0.36,0.0
51.608,9.77,-0.37,0.0
51.628,9.76,-0.39,0.0
51.648,9.75,-0.37,0.0
51.668,9.76,-0.38,0.0
51.688,9.74,-0.37,0.0
51.708,9.75,-0.38,0.0
51.728,9.77,-0.37,0.0
51.748,9.74,-0.39,0.0
51.768,9.76,-0.35,0.0011111111111111111
51.788,9.77,-0.37,0.0
51.808,9.76,-0.36,0.0
51.828,9.75,-0.39,0.0
51.848,9.75,-0.37,0.0
51.868,9.75,-0.34,0.0
51.888,9.76,-0.37,0.0
51.908,9.78,-0.38,0.0
51.928,9.77,-0.36,0.0
51.948,9.72,-0.39,0.0
51.968,9.76,-0.37,0.0
51.988,9.78,-0.36,0.0
52.008,9.79,-0.37,0.0
52.028,9.76,-0.37,0.0
52.048,9.76,-0.37,0.0
52.068,9.77,-0.36,0.0
52.088,9.77,-0.38,0.0
52.108,9.78,-0.38,0.0011111111111111111
52.128,9.77,-0.38,0.0
52.148,9.76,-0.37,0.0
52.168,9.74,-0.37,0.0
52.188,9.77,-0.37,0.0
52.208,9.77,-0.36,0.0
52.228,9.76,-0.34,0.0
52.248,9.76,-0.37,0.0
52.268,9.75,-0.38,-0.0011111111111111111
52.288,9.78,-0.39,0.0
52.308,9.77,-0.38,0.0
52.328,9.75,-0.36,0.0
52.348,9.76,-0.37,0.0
52.368,9.75,-0.37,0.0011111111111111111
52.388,9.79,-0.39,0.0
52.408,9.77,-0.38,0.0
52.428,9.74,-0.37,0.0
52.448,9.75,-0.37,0.0011111111111111111
52.468,9.77,-0.41,0.0011111111111111111
52.488,9.79,-0.36,0.0
52.508,9.79,-0.37,-0.0011111111111111111
52.528,9.78,-0.39,0.0
52.548,9.75,-0.38,-0.0011111111111111111
52.568,9.74,-0.36,0.0
52.588,9.75,-0.35,0.0
52.608,9.76,-0.37,0.0
52.628,9.77,-0.36,0.0011111111111111111
52.648,9.76,-0.37,0.0
52.668,9.77,-0.38,0.0022222222222222222
52.688,9.78,-0.35,0.0
52.708,9.75,-0.38,0.0
52.728,9.74,-0.39,0.0
52.748,9.78,-0.38,0.0
52.768,9.74,-0.35,0.0
52.788,9.76,-0.37,0.0
52.808,9.76,-0.36,0.0
52.828,9.77,-0.35,0.0
52.848,9.76,-0.37,0.0
52.868,9.75,-0.39,0.0
52.888,9.75,-0.36,0.0
52.908,9.78,-0.39,0.0
52.928,9.77,-0.35,0.0
52.948,9.76,-0.38,0.0
52.968,9.76,-0.39,0.0022222222222222222
52.988,9.74,-0.36,0.0
53.008,9.76,-0.37,0.0
53.028,9.8,-0.37,0.0
53.048,9.78,-0.36,0.0
53.068,9.75,-0.39,0.0011111111111111111
53.088,9.74,-0.36,0.0
53.108,9.76,-0.38,0.0
53.128,9.76,-0.36,0.0
53.148,9.75,-0.36,0.0
53.168,9.75,-0.36,0.0
53.188,9.76,-0.38,0.0
53.208,9.76,-0.4,0.0
53.228,9.77,-0.38,0.0
53.248,9.77,-0.37,0.0
53.268,9.75,-0.36,0.0
53.288,9.76,-0.37,0.0
53.308,9.76,-0.4,0.0
53.328,9.78,-0.37,0.0
53.348,9.77,-0.35,0.0
53.368,9.78,-0.37,0.0
53.388,9.76,-0.36,0.0
53.408,9.77,-0.37,0.0
53.428,9.76,-0.36,0.0
53.448,9.75,-0.37,0.0
53.468,9.76,-0.37,0.0011111111111111111
53.488,9.75,-0.36,0.0
53.508,9.75,-0.37,0.0
53.528,9.75,-0.37,0.0
53.548,9.77,-0.37,0.0
53.568,9.78,-0.36,0.0
53.588,9.77,-0.4,0.0
53.608,9.74,-0.36,0.0
53.628,9.74,-0.37,0.0
53.648,9.76,-0.38,0.0
53.668,9.78,-0.37,0.0
53.688,9.77,-0.37,0.0
53.708,9.74,-0.38,0.0
53.728,9.75,-0.39,0.0
53.748,9.75,-0.36,0.0
53.768,9.76,-0.37,0.0011111111111111111
53.788,9.76,-0.36,0.0
53.808,9.77,-0.37,0.0
53.828,9.76,-0.35,0.0
53.848,9.76,-0.36,0.0
53.868,9.74,-0.35,0.0
53.888,9.74,-0.36,0.0
53.908,9.75,-0.35,0.0
53.928,9.75,-0.37,0.0
53.948,9.77,-0.37,0.0
53.968,9.75,-0.36,0.0
53.988,9.76,-0.38,0.0
54.008,9.74,-0.36,0.0011111111111111111
54.028,9.75,-0.35,0.0
54.048,9.75,-0.37,0.0
54.068,9.76,-0.36,0.0011111111111111111
54.088,9.78,-0.37,0.0
54.108,9.76,-0.38,0.0
54.128,9.76,-0.37,0.0
54.148,9.74,-0.37,-0.0011111111111111111
54.168,9.74,-0.36,0.0
54.188,9.77,-0.37,0.0
54.208,9.77,-0.36,0.0022222222222222222
54.228,9.78,-0.35,0.0011111111111111111
54.248,9.76,-0.39,0.0011111111111111111
54.268,9.73,-0.38,0.0
54.288,9.74,-0.36,0.0
54.308,9.73,-0.34,0.0
54.328,9.74,-0.37,0.0
54.348,9.77,-0.37,0.0
54.368,9.76,-0.36,0.0
54.388,9.76,-0.34,0.0
54.408,9.74,-0.37,0.0
54.428,9.75,-0.34,0.0
54.448,9.74,-0.37,0.0
54.468,9.77,-0.37,0.0
54.488,9.79,-0.39,0.0
54.508,9.75,-0.37,0.0
54.528,9.72,-0.37,0.0
54.548,9.75,-0.38,0.0
54.568,9.77,-0.38,0.0
54.588,9.77,-0.36,0.0
54.608,9.8,-0.36,0.0
54.628,9.77,-0.36,0.0
54.648,9.73,-0.37,0.0
54.668,9.75,-0.36,0.0
54.688,9.78,-0.39,0.0
54.708,9.77,-0.36,0.0
54.728,9.78,-0.36,0.0
54.748,9.78,-0.35,0.0
54.768,9.76,-0.38,0.0
54.788,9.75,-0.39,0.0
54.808,9.75,-0.37,0.0
54.828,9.75,-0.4,0.0
54.848,9.76,-0.34,0.0
54.868,9.76,-0.37,0.0
54.888,9.78,-0.37,0.0011111111111111111
54.908,9.77,-0.36,0.0
54.928,9.73,-0.36,0.0
54.948,9.74,-0.37,0.0
54.968,9.76,-0.35,0.0
54.988,9.77,-0.36,0.0011111111111111111
55.008,9.78,-0.39,0.0011111111111111111
55.028,9.77,-0.35,0.0
55.048,9.75,-0.38,-0.0011111111111111111
55.068,9.77,-0.38,0.0
55.088,9.76,-0.36,0.0022222222222222222
55.108,9.77,-0.35,0.0
55.128,9.78,-0.36,0.0
55.148,9.78,-0.36,0.0
55.168,9.77,-0.36,0.0
55.188,9.75,-0.36,0.0
55.208,9.77,-0.35,0.0
55.228,9.76,-0.36,0.0
55.248,9.77,-0.38,0.0
55.268,9.76,-0.37,0.0
55.288,9.79,-0.39,0.0
55.308,9.76,-0.36,0.0
55.328,9.77,-0.37,0.0
55.348,9.75,-0.37,0.0
55.368,9.77,-0.38,0.0
55.388,9.78,-0.34,0.0
55.408,9.77,-0.35,0.0
55.428,9.77,-0.36,0.0
55.448,9.76,-0.35,0.0
55.468,9.75,-0.35,0.0
55.488,9.74,-0.37,0.0
55.508,9.76,-0.36,0.0
55.528,9.77,-0.35,0.0
55.548,9.78,-0.38,0.0
55.568,9.75,-0.39,0.0
55.588,9.73,-0.38,0.0
55.608,9.75,-0.36,0.0
55.628,9.75,-0.39,0.0011111111111111111
55.648,9.77,-0.37,0.0
55.668,9.77,-0.38,0.0
55.688,9.77,-0.38,0.0
55.708,9.77,-0.36,0.0
55.728,9.75,-0.37,0.0
55.748,9.74,-0.38,0.0
55.768,9.75,-0.36,0.0
55.788,9.77,-0.36,0.0
55.808,9.78,-0.36,0.0022222222222222222
55.828,9.77,-0.39,0.0
55.848,9.78,-0.35,0.0
55.868,9.75,-0.37,0.0
55.888,9.76,-0.37,0.0
55.908,9.78,-0.38,0.0
55.928,9.78,-0.36,0.0
55.948,9.78,-0.35,0.0
55.968,9.76,-0.37,0.0
55.988,9.76,-0.37,0.0
56.008,9.75,-0.38,0.0
56.028,9.76,-0.37,0.0
56.048,9.76,-0.36,0.0
56.068,9.77,-0.35,0.0
56.088,9.75,-0.39,0.0
56.108,9.78,-0.37,0.0
56.128,9.76,-0.34,0.0
56.148,9.76,-0.37,0.0
56.168,9.76,-0.37,0.0
56.188,9.77,-0.38,0.0011111111111111111
56.208,9.76,-0.37,0.0
56.228,9.78,-0.39,0.0
56.248,9.77,-0.36,0.0
56.268,9.76,-0.38,0.0011111111111111111
56.288,9.74,-0.35,0.0
56.308,9.75,-0.37,0.0011111111111111111
56.328,9.76,-0.38,0.0
56.348,9.77,-0.38,0.0
56.368,9.76,-0.37,0.0
56.388,9.77,-0.36,0.0
56.408,9.74,-0.38,0.0
56.428,9.75,-0.36,0.0
56.448,9.75,-0.38,0.0
56.468,9.76,-0.37,0.0
56.488,9.78,-0.37,0.0
56.508,9.77,-0.37,0.0
56.528,9.76,-0.39,0.0
56.548,9.76,-0.39,0.0
56.568,9.78,-0.37,0.0
56.588,9.75,-0.38,0.0
56.608,9.75,-0.38,0.0
56.628,9.78,-0.39,0.0
56.648,9.78,-0.35,0.0
56.668,9.78,-0.35,0.0
56.688,9.76,-0.38,0.0
56.708,9.77,-0.36,0.0
56.728,9.73,-0.39,0.0011111111111111111
56.748,9.76,-0.38,0.0
56.768,9.77,-0.38,0.0
56.788,9.76,-0.38,0.0
56.808,9.76,-0.36,0.0
56.828,9.75,-0.36,0.0
56.848,9.78,-0.38,0.0
56.868,9.76,-0.4,0.0
56.888,9.77,-0.35,0.0
56.908,9.76,-0.37,0.0
56.928,9.78,-0.36,0.0
56.948,9.78,-0.36,0.0
56.968,9.77,-0.36,0.0011111111111111111
56.988,9.75,-0.35,0.0
57.008,9.77,-0.39,-0.0011111111111111111
57.028,9.78,-0.37,0.0
57.048,9.77,-0.34,0.0
57.068,9.75,-0.36,0.0
57.088,9.79,-0.36,0.0
57.108,9.75,-0.39,0.0
57.128,9.75,-0.35,0.0
57.148,9.76,-0.38,0.0
57.168,9.75,-0.35,0.0
57.188,9.75,-0.35,0.0011111111111111111
57.208,9.75,-0.36,0.0
57.228,9.76,-0.38,0.0
57.248,9.75,-0.36,0.0
57.268,9.77,-0.38,0.0
57.288,9.76,-0.38,0.0
57.308,9.76,-0.39,0.0
57.328,9.75,-0.37,0.0011111111111111111
57.348,9.76,-0.35,0.0
57.368,9.76,-0.36,0.0
57.388,9.76,-0.36,0.0
57.408,9.76,-0.38,0.0
57.428,9.74,-0.38,0.0
57.448,9.77,-0.37,0.0
57.468,9.76,-0.37,0.0
57.488,9.77,-0.38,0.0
57.508,9.77,-0.36,-0.0011111111111111111
57.528,9.75,-0.37,0.0
57.548,9.77,-0.36,0.0
57.568,9.74,-0.37,0.0011111111111111111
57.588,9.77,-0.39,0.0
57.608,9.75,-0.37,0.0
57.628,9.76,-0.37,0.0
57.648,9.77,-0.36,0.0
57.668,9.75,-0.37,0.0
57.688,9.75,-0.37,0.0
57.708,9.76,-0.39,0.0
57.728,9.76,-0.38,0.0011111111111111111
57.748,9.76,-0.38,-0.0011111111111111111
57.768,9.76,-0.37,0.0
57.788,9.76,-0.37,0.0
57.808,9.75,-0.35,0.0
57.828,9.76,-0.37,0.0
57.848,9.76,-0.37,0.0
57.868,9.77,-0.38,0.0
57.888,9.74,-0.37,0.0
57.908,9.76,-0.36,0.0
57.928,9.77,-0.36,0.0
57.948,9.76,-0.36,0.0
57.968,9.77,-0.38,0.0
57.988,9.76,-0.36,0.0
58.008,9.76,-0.37,0.0011111111111111111
58.028,9.77,-0.34,-0.0011111111111111111
58.048,9.74,-0.37,0.0
58.068,9.77,-0.35,0.0
58.088,9.77,-0.39,0.0
58.108,9.76,-0.37,-0.0011111111111111111
58.128,9.76,-0.35,0.0
58.148,9.77,-0.38,0.0
58.168,9.75,-0.35,0.0
58.188,9.76,-0.37,0.0
58.208,9.74,-0.36,0.0
58.228,9.76,-0.37,0.0
58.248,9.76,-0.36,0.0
58.268,9.77,-0.38,0.0
58.288,9.76,-0.38,0.0
58.308,9.76,-0.34,0.0
58.328,9.76,-0.39,0.0
58.348,9.77,-0.35,0.0
58.368,9.77,-0.37,0.0
58.388,9.75,-0.38,0.0
58.408,9.76,-0.38,-0.0011111111111111111
58.428,9.74,-0.36,0.0
58.448,9.76,-0.36,0.0011111111111111111
58.468,9.77,-0.36,0.0011111111111111111
58.488,9.76,-0.37,0.0011111111111111111
58.508,9.74,-0.37,0.0
58.528,9.76,-0.38,0.0
58.548,9.76,-0.38,0.0011111111111111111
58.568,9.76,-0.4,0.0022222222222222222
58.588,9.76,-0.36,0.0
58.608,9.75,-0.36,0.0
58.628,9.76,-0.37,0.0
58.648,9.76,-0.36,0.0
58.668,9.75,-0.37,0.0011111111111111111
58.688,9.77,-0.37,0.0
58.708,9.75,-0.36,0.0
58.728,9.73,-0.35,0.0
58.748,9.77,-0.36,0.0
58.768,9.77,-0.37,0.0
58.788,9.76,-0.36,0.0
58.808,9.75,-0.34,0.0
58.828,9.74,-0.38,0.0
58.848,9.76,-0.37,0.0
58.868,9.76,-0.36,0.0011111111111111111
58.888,9.77,-0.35,0.0011111111111111111
58.908,9.75,-0.37,0.0
58.928,9.78,-0.39,0.0
58.948,9.75,-0.36,0.0
58.968,9.76,-0.38,0.0
58.988,9.75,-0.36,0.0
59.008,9.77,-0.36,0.0
59.028,9.76,-0.36,0.0
59.048,9.77,-0.38,0.0
59.068,9.78,-0.35,0.0
59.088,9.76,-0.36,0.0
59.108,9.76,-0.39,0.0
59.128,9.75,-0.35,0.0
59.148,9.76,-0.38,0.0
59.168,9.76,-0.36,0.0
59.188,9.77,-0.39,0.0
59.208,9.76,-0.37,0.0
59.228,9.75,-0.34,0.0
59.248,9.77,-0.38,0.0
59.268,9.77,-0.36,0.0
59.288,9.76,-0.37,0.0
59.308,9.76,-0.36,-0.0011111111111111111
59.328,9.77,-0.37,0.0
59.348,9.76,-0.38,0.0
59.368,9.76,-0.38,0.0
59.388,9.75,-0.37,0.0
59.408,9.76,-0.37,0.0
59.428,9.76,-0.34,0.0
59.448,9.75,-0.36,0.0
59.468,9.75,-0.38,0.0
59.488,9.75,-0.37,0.0
59.508,9.78,-0.37,0.0
59.528,9.78,-0.35,0.0
59.548,9.78,-0.37,0.0
59.568,9.76,-0.37,0.0
59.588,9.77,-0.39,0.0
59.608,9.77,-0.36,0.0
59.628,9.76,-0.35,0.0
59.648,9.75,-0.37,0.0011111111111111111
59.668,9.78,-0.37,0.0
59.688,9.78,-0.38,0.0
59.708,9.76,-0.39,0.0
59.728,9.77,-0.38,0.0
59.748,9.75,-0.38,0.0
59.768,9.77,-0.35,0.0
59.788,9.77,-0.36,-0.0011111111111111111
59.808,9.76,-0.38,0.0
59.828,9.77,-0.37,0.0
59.848,9.75,-0.39,0.0
59.868,9.76,-0.37,0.0
59.888,9.76,-0.38,0.0
59.908,9.76,-0.38,0.0
59.928,9.76,-0.37,0.0
59.948,9.78,-0.37,0.0
59.968,9.76,-0.37,0.0011111111111111111
59.988,9.76,-0.37,0.0011111111111111111
60.008,9.74,-0.34,0.0
