4.068,-9.49,0.37,0.0022222222222222222
4.088,-9.49,0.39,0.0
4.108,-9.49,0.42,0.0
4.128,-9.51,0.38,0.0
4.148,-9.5,0.39,0.0011111111111111111
4.168,-9.47,0.4,0.0011111111111111111
4.188,-9.46,0.41,0.0
4.208,-9.49,0.4,0.0
4.228,-9.49,0.42,0.0
4.248,-9.46,0.41,0.0
4.268,-9.47,0.39,0.0
4.288,-9.47,0.41,0.0
4.308,-9.49,0.41,0.0
4.328,-9.5,0.41,0.0
4.348,-9.48,0.4,0.0
4.368,-9.48,0.4,0.0
4.388,-9.5,0.39,0.0
4.408,-9.48,0.4,0.0
4.428,-9.5,0.41,0.0
4.448,-9.47,0.4,0.0
4.468,-9.49,0.41,-0.0022222222222222222
4.488,-9.51,0.41,0.0
4.508,-9.47,0.4,-0.0011111111111111111
4.528,-9.51,0.44,-0.0033333333333333335
4.548,-9.5,0.45,-0.005555555555555556
4.568,-9.46,0.39,-0.006666666666666667
4.588,-9.5,0.47,-0.008888888888888889
4.608,-9.5,0.49,-0.008888888888888889
4.628,-9.48,0.44,-0.012222222222222223
4.648,-9.45,0.46,-0.014444444444444444
4.668,-9.51,0.47,-0.017777777777777778
4.688,-9.49,0.46,-0.022222222222222223
4.708,-9.45,0.48,-0.025555555555555557
4.728,-9.5,0.42,-0.03
4.748,-9.47,0.55,-0.034444444444444444
4.768,-9.49,0.47,-0.04111111111111111
4.788,-9.47,0.41,-0.04777777777777778
4.808,-9.53,0.45,-0.05444444444444444
4.828,-9.5,0.49,-0.06111111111111111
4.848,-9.5,0.5,-0.07
4.868,-9.51,0.45,-0.07555555555555556
4.888,-9.47,0.44,-0.08555555555555555
4.908,-9.47,0.44,-0.09333333333333334
4.928,-9.51,0.4,-0.10222222222222223
4.948,-9.48,0.39,-0.11
4.968,-9.47,0.43,-0.12
4.988,-9.48,0.32,-0.13
5.008,-9.49,0.32,-0.1411111111111111
5.028,-9.48,0.32,-0.15
5.048,-9.47,0.31,-0.1622222222222222
5.068,-9.5,0.22,-0.1711111111111111
5.088,-9.51,0.24,-0.18
5.108,-9.47,0.19,-0.19333333333333333
5.128,-9.46,0.13,-0.20666666666666667
5.148,-9.49,0.1,-0.21777777777777776
5.168,-9.48,0.11,-0.23
5.188,-9.47,0.0,-0.24444444444444444
5.208,-9.46,0.0,-0.2577777777777778
5.228,-9.45,-0.03,-0.27
5.248,-9.47,-0.09,-0.28555555555555556
5.268,-9.48,-0.15,-0.3
5.288,-9.43,-0.21,-0.31666666666666665
5.308,-9.46,-0.24,-0.33444444444444443
5.328,-9.43,-0.37,-0.3511111111111111
5.348,-9.41,-0.39,-0.3688888888888889
5.368,-9.4,-0.48,-0.38666666666666666
5.388,-9.41,-0.49,-0.40555555555555556
5.408,-9.37,-0.54,-0.4255555555555556
5.428,-9.35,-0.64,-0.45
5.448,-9.3,-0.71,-0.47
5.468,-9.34,-0.75,-0.49333333333333335
5.488,-9.29,-0.77,-0.5166666666666667
5.508,-9.26,-0.98,-0.5411111111111111
5.528,-9.21,-1.07,-0.5677777777777778
5.548,-9.22,-1.11,-0.5955555555555555
5.568,-9.18,-1.21,-0.6244444444444445
5.588,-9.11,-1.36,-0.6511111111111111
5.608,-9.05,-1.5,-0.6833333333333333
5.628,-9.01,-1.55,-0.7144444444444444
5.648,-8.99,-1.69,-0.7466666666666667
5.668,-8.91,-1.79,-0.7822222222222223
5.688,-8.83,-1.98,-0.8177777777777778
5.708,-8.77,-2.06,-0.8533333333333334
5.728,-8.66,-2.21,-0.89
5.748,-8.55,-2.38,-0.9311111111111111
5.768,-8.48,-2.54,-0.9722222222222222
5.788,-8.38,-2.67,-1.0155555555555555
5.808,-8.24,-2.84,-1.0577777777777777
5.828,-8.14,-3.06,-1.1044444444444443
5.848,-7.96,-3.15,-1.15
5.868,-7.87,-3.33,-1.2
5.888,-7.64,-3.63,-1.25
5.908,-7.48,-3.7,-1.301111111111111
5.928,-7.25,-4.01,-1.3577777777777778
5.948,-7.02,-4.14,-1.4122222222222223
5.968,-6.8,-4.36,-1.4733333333333334
5.988,-6.65,-4.45,-1.53
6.008,-6.04,-4.97,-1.5955555555555556
6.028,-6.03,-4.79,-1.6611111111111112
6.048,-5.39,-5.3,-1.7266666666666666
6.068,-5.15,-5.62,-1.7944444444444445
6.088,-4.76,-5.49,-1.8644444444444443
6.108,-4.3,-6.03,-1.9377777777777778
6.128,-3.7,-6.07,-2.01
6.148,-3.47,-6.28,-2.0855555555555556
6.168,-2.72,-6.61,-2.161111111111111
6.188,-2.37,-6.71,-2.2422222222222223
6.208,-1.64,-6.95,-2.3222222222222224
6.228,-1.12,-7.13,-2.4033333333333333
6.248,-0.42,-7.28,-2.482222222222222
6.268,0.12,-7.35,-2.566666666666667
6.288,1.04,-7.73,-2.65
6.308,2.3,-8.14,-2.7455555555555557
6.328,2.65,-8.29,-2.816666666666667
6.348,3.1,-7.91,-2.9
6.368,4.34,-7.94,-2.9855555555555555
6.388,4.88,-7.81,-3.0722222222222224
6.408,5.93,-7.85,-3.1533333333333333
6.428,6.62,-7.64,-3.236666666666667
6.448,7.82,-7.55,-3.321111111111111
6.468,8.49,-7.28,-3.3966666666666665
6.488,9.39,-7.12,-3.477777777777778
6.508,10.34,-6.8,-3.5477777777777777
6.528,11.2,-6.49,-3.62
6.548,11.87,-6.16,-3.692222222222222
6.568,12.99,-5.64,-3.758888888888889
6.588,13.52,-5.32,-3.8155555555555556
6.608,14.38,-4.71,-3.8722222222222222
6.628,14.86,-4.3,-3.9244444444444446
6.648,15.57,-3.78,-3.9877777777777776
6.668,15.94,-3.26,-4.003333333333333
6.688,16.51,-2.48,-4.045555555555556
6.708,16.62,-2.09,-4.065555555555555
6.728,17.2,-1.25,-4.082222222222223
6.748,17.14,-0.55,-4.08
6.768,17.04,-0.27,-4.07
6.788,17.24,0.5,-4.056666666666667
6.808,16.88,1.93,-4.046666666666667
6.828,16.72,1.96,-4.018888888888889
6.848,16.15,2.95,-3.988888888888889
6.868,15.56,3.73,-3.95
6.888,15.41,3.98,-3.9033333333333333
6.908,14.51,4.54,-3.85
6.928,13.86,5.22,-3.7944444444444443
6.948,13.43,5.49,-3.73
6.968,12.16,6.08,-3.6666666666666665
6.988,11.8,6.23,-3.598888888888889
7.008,10.58,6.75,-3.5233333333333334
7.028,9.87,6.95,-3.4466666666666668
7.048,9.1,7.25,-3.3655555555555554
7.068,8.15,7.54,-3.29
7.088,7.45,7.53,-3.2044444444444444
7.108,6.53,7.75,-3.1155555555555554
7.128,5.65,7.73,-3.031111111111111
7.148,4.98,7.97,-2.9433333333333334
7.168,4.09,7.77,-2.86
7.188,3.24,7.93,-2.7711111111111113
7.208,2.23,7.99,-2.692222222222222
7.228,1.54,8.01,-2.5966666666666667
7.248,0.93,7.4,-2.513333333333333
7.268,0.33,7.75,-2.43
7.288,-0.28,7.36,-2.3455555555555554
7.308,-0.88,7.33,-2.2655555555555558
7.328,-1.57,7.26,-2.1822222222222223
7.348,-1.9,6.95,-2.108888888888889
7.368,-2.12,6.82,-2.0277777777777777
7.388,-2.88,6.32,-1.96
7.408,-3.41,7.0,-1.8855555555555557
7.428,-3.86,6.22,-1.8155555555555556
7.448,-4.37,6.26,-1.7433333333333334
7.468,-4.6,6.09,-1.6766666666666667
7.488,-5.03,5.78,-1.6122222222222222
7.508,-5.42,5.7,-1.55
7.528,-5.5,5.53,-1.4877777777777779
7.548,-6.05,5.21,-1.4277777777777778
7.568,-6.12,5.12,-1.3677777777777778
7.588,-6.42,4.88,-1.3133333333333332
7.608,-6.72,4.7,-1.2555555555555555
7.628,-6.89,4.54,-1.201111111111111
7.648,-7.16,4.42,-1.1477777777777778
7.668,-7.33,4.19,-1.0922222222222222
7.688,-7.52,4.14,-1.0433333333333332
7.708,-7.73,3.93,-0.9955555555555555
7.728,-7.73,3.72,-0.9466666666666667
7.748,-7.98,3.63,-0.9022222222222223
7.768,-8.01,3.52,-0.8577777777777778
7.788,-8.17,3.29,-0.8133333333333334
7.808,-8.31,3.23,-0.7733333333333333
7.828,-8.3,3.2,-0.7322222222222222
7.848,-8.44,2.98,-0.6911111111111111
7.868,-8.6,2.8,-0.65
7.888,-8.6,2.8,-0.61
7.908,-8.72,2.65,-0.5722222222222222
7.928,-8.7,2.45,-0.5311111111111111
7.948,-8.82,2.43,-0.49333333333333335
7.968,-8.78,2.36,-0.4533333333333333
7.988,-8.92,2.19,-0.4122222222222222
8.008,-8.89,2.28,-0.37444444444444447
8.028,-8.94,2.09,-0.33666666666666667
8.048,-8.96,2.1,-0.3
8.068,-9.0,2.06,-0.2644444444444444
8.088,-9.01,2.12,-0.23
8.108,-9.06,1.94,-0.19555555555555557
8.128,-9.1,2.01,-0.1622222222222222
8.148,-9.11,1.97,-0.1288888888888889
8.168,-9.09,1.85,-0.09444444444444444
8.188,-9.15,2.04,-0.058888888888888886
8.208,-9.1,1.82,-0.021111111111111112
8.228,-9.1,1.79,0.013333333333333334
8.248,-9.13,1.81,0.03333333333333333
8.268,-9.01,1.79,0.09222222222222222
8.288,-9.07,1.8,0.11333333333333333
8.308,-9.09,1.79,0.17777777777777778
8.328,-9.06,1.89,0.19555555555555557
8.348,-9.01,1.82,0.2588888888888889
8.368,-9.0,1.97,0.28
8.388,-8.97,2.05,0.3466666666666667
8.408,-8.98,1.89,0.36666666666666664
8.428,-8.86,2.16,0.43777777777777777
8.448,-8.81,2.28,0.46
8.468,-8.85,2.11,0.5066666666666667
8.488,-8.74,2.21,0.5566666666666666
8.508,-8.6,2.45,0.6066666666666667
8.528,-8.58,2.35,0.6611111111111111
8.548,-8.41,2.72,0.7144444444444444
8.568,-8.4,2.81,0.7688888888888888
8.588,-8.25,2.73,0.8222222222222222
8.608,-8.08,2.92,0.8811111111111111
8.628,-7.91,3.21,0.9433333333333334
8.648,-7.9,3.14,1.0066666666666666
8.668,-7.66,3.32,1.0666666666666667
8.688,-7.47,3.56,1.1311111111111112
8.708,-7.2,3.97,1.1977777777777778
8.728,-7.12,3.71,1.2666666666666666
8.748,-6.74,4.25,1.3366666666666667
8.768,-6.6,4.28,1.4055555555555554
8.788,-6.15,4.55,1.4822222222222223
8.808,-5.88,4.9,1.5533333333333332
8.828,-5.67,4.95,1.6322222222222222
8.848,-5.27,4.92,1.708888888888889
8.868,-4.74,5.4,1.79
8.888,-4.38,5.56,1.8777777777777778
8.908,-3.86,5.75,1.96
8.928,-3.54,6.05,2.05
8.948,-2.89,6.13,2.132222222222222
8.968,-2.42,6.49,2.2255555555555557
8.988,-1.67,6.74,2.316666666666667
9.008,-1.25,6.79,2.4044444444444446
9.028,-0.33,7.11,2.4988888888888887
9.048,0.0,7.12,2.5922222222222224
9.068,1.4,7.5,2.69
9.088,1.88,7.54,2.7855555555555553
9.108,2.25,7.36,2.8833333333333333
9.128,3.41,7.52,2.9755555555555557
9.148,4.01,7.75,3.0722222222222224
9.168,5.58,7.53,3.16
9.188,6.05,7.98,3.2544444444444443
9.208,6.6,7.68,3.3455555555555554
9.228,7.96,7.81,3.43
9.248,8.77,7.7,3.508888888888889
9.268,9.29,7.41,3.588888888888889
9.288,11.0,6.81,3.6622222222222223
9.308,11.34,6.99,3.7344444444444442
9.328,12.82,6.04,3.8044444444444445
9.348,13.7,5.59,3.8733333333333335
9.368,14.25,5.77,3.931111111111111
9.388,14.92,4.99,3.991111111111111
9.408,15.75,4.11,4.05
9.428,16.1,4.17,4.084444444444444
9.448,16.59,3.07,4.13
9.468,17.11,2.22,4.17
9.488,17.35,2.03,4.19
9.508,17.45,1.4,4.208888888888889
9.528,17.57,0.0,4.221111111111111
9.548,17.66,0.0,4.2155555555555555
9.568,17.59,-0.54,4.21
9.588,17.27,-2.37,4.213333333333333
9.608,17.22,-1.98,4.183333333333334
9.628,16.89,-2.13,4.163333333333333
9.648,15.75,-4.52,4.133333333333334
9.668,15.39,-4.13,4.093333333333334
9.688,14.9,-4.32,4.046666666666667
9.708,13.94,-5.72,4.0
9.728,13.29,-5.47,3.9411111111111112
9.748,12.86,-5.77,3.8777777777777778
9.768,11.16,-6.91,3.8144444444444443
9.788,10.86,-6.61,3.741111111111111
9.808,9.78,-7.19,3.6633333333333336
9.828,8.7,-7.56,3.59
9.848,8.02,-7.28,3.51
9.868,7.11,-7.63,3.4277777777777776
9.888,5.97,-7.56,3.34
9.908,5.36,-7.66,3.26
9.928,4.12,-7.68,3.168888888888889
9.948,3.55,-7.79,3.0833333333333335
9.968,2.45,-7.63,2.9988888888888887
9.988,1.71,-7.67,2.917777777777778
10.008,1.02,-7.55,2.831111111111111
10.028,0.33,-7.42,2.747777777777778
10.048,-0.45,-6.97,2.668888888888889
10.068,-1.13,-7.26,2.5855555555555556
10.088,-1.74,-6.79,2.511111111111111
10.108,-2.28,-6.77,2.4355555555555557
10.128,-2.75,-6.08,2.3544444444444443
10.148,-3.94,-6.24,2.2844444444444445
10.168,-4.18,-6.09,2.2111111111111112
10.188,-4.36,-5.73,2.14
10.208,-5.25,-5.3,2.07
10.228,-5.08,-5.24,2.002222222222222
10.248,-5.99,-4.8,1.94
10.268,-6.12,-4.37,1.8722222222222222
10.288,-6.35,-4.53,1.8133333333333332
10.308,-6.61,-4.25,1.75
10.328,-7.18,-3.16,1.69
10.348,-7.13,-3.71,1.6288888888888888
10.368,-7.27,-3.36,1.5722222222222222
10.388,-7.71,-2.58,1.5122222222222221
10.408,-7.81,-2.87,1.458888888888889
10.428,-7.78,-2.84,1.4033333333333333
10.448,-8.19,-1.97,1.3455555555555556
10.468,-8.33,-1.86,1.29
10.488,-8.35,-2.05,1.24
10.508,-8.56,-1.55,1.1888888888888889
10.528,-8.87,-1.02,1.1377777777777778
10.548,-8.78,-1.45,1.0877777777777777
10.568,-8.82,-1.07,1.0344444444444445
10.588,-8.93,-0.59,0.9855555555555555
10.608,-9.1,-0.71,0.9388888888888889
10.628,-9.1,-0.31,0.8855555555555555
10.648,-9.26,-0.15,0.8366666666666667
10.668,-9.17,-0.01,0.7866666666666666
10.688,-9.21,-0.08,0.7377777777777778
10.708,-9.24,0.18,0.6866666666666666
10.728,-9.49,0.72,0.6388888888888888
10.748,-9.31,0.18,0.5922222222222222
10.768,-9.31,0.44,0.5466666666666666
10.788,-9.46,0.69,0.5011111111111111
10.808,-9.34,0.73,0.4533333333333333
10.828,-9.55,0.57,0.41
10.848,-9.41,0.96,0.3655555555555556
10.868,-9.48,0.8,0.3244444444444444
10.888,-9.39,0.56,0.2822222222222222
10.908,-9.41,0.88,0.24555555555555555
10.928,-9.42,1.03,0.20444444444444446
10.948,-9.46,0.87,0.16444444444444445
10.968,-9.42,0.76,0.12666666666666668
10.988,-9.44,0.84,0.09333333333333334
11.008,-9.51,0.97,0.056666666666666664
11.028,-9.48,1.16,0.017777777777777778
11.048,-9.44,1.23,-0.02
11.068,-9.47,0.75,-0.058888888888888886
11.088,-9.59,1.02,-0.09777777777777778
11.108,-9.64,1.06,-0.13555555555555557
11.128,-9.51,0.74,-0.17
11.148,-9.46,1.04,-0.20666666666666667
11.168,-9.41,0.69,-0.2411111111111111
11.188,-9.32,0.57,-0.2777777777777778
11.208,-9.53,0.72,-0.31222222222222223
11.228,-9.45,0.59,-0.34555555555555556
11.248,-9.46,0.55,-0.3811111111111111
11.268,-9.4,0.39,-0.4166666666666667
11.288,-9.35,0.3,-0.45111111111111113
11.308,-9.33,0.32,-0.48777777777777775
11.328,-9.4,0.15,-0.5266666666666666
11.348,-9.4,0.08,-0.5644444444444444
11.368,-9.35,-0.1,-0.6022222222222222
11.388,-9.24,-0.09,-0.6388888888888888
11.408,-9.3,-0.18,-0.68
11.428,-9.14,-0.48,-0.7177777777777777
11.448,-9.07,-0.66,-0.76
11.468,-9.14,-0.64,-0.8
11.488,-9.06,-0.77,-0.84
11.508,-8.98,-1.06,-0.8811111111111111
11.528,-8.87,-1.15,-0.9266666666666666
11.548,-8.85,-1.41,-0.9744444444444444
11.568,-8.75,-1.34,-1.0222222222222221
11.588,-8.66,-1.62,-1.0711111111111111
11.608,-8.51,-1.85,-1.1222222222222222
11.628,-8.42,-2.15,-1.1744444444444444
11.648,-8.31,-2.1,-1.23
11.668,-8.13,-2.47,-1.2866666666666666
11.688,-7.87,-2.7,-1.3455555555555556
11.708,-7.71,-2.99,-1.4033333333333333
11.728,-7.61,-2.9,-1.4655555555555555
11.748,-7.31,-3.31,-1.5266666666666666
11.768,-7.02,-3.74,-1.59
11.788,-6.8,-3.76,-1.6577777777777778
11.808,-6.61,-4.03,-1.721111111111111
11.828,-6.1,-4.39,-1.79
11.848,-5.8,-4.63,-1.8577777777777778
11.868,-5.37,-5.1,-1.93
11.888,-4.93,-5.09,-2.0044444444444443
11.908,-4.41,-5.36,-2.082222222222222
11.928,-4.01,-5.95,-2.16
11.948,-3.51,-5.91,-2.2377777777777776
11.968,-3.21,-6.25,-2.3177777777777777
11.988,-2.26,-6.91,-2.3955555555555557
12.008,-1.89,-6.7,-2.4744444444444444
12.028,-1.14,-7.16,-2.55
12.048,-0.48,-7.37,-2.628888888888889
12.068,0.06,-7.35,-2.703333333333333
12.088,0.79,-7.66,-2.78
12.108,2.02,-7.86,-2.8555555555555556
12.128,2.27,-7.72,-2.938888888888889
12.148,3.09,-7.95,-3.0166666666666666
12.168,4.05,-8.15,-3.098888888888889
12.188,5.04,-7.62,-3.183333333333333
12.208,5.6,-7.96,-3.258888888888889
12.228,7.13,-7.68,-3.34
12.248,7.78,-7.74,-3.4166666666666665
12.268,8.55,-7.41,-3.4955555555555557
12.288,9.61,-7.27,-3.5744444444444445
12.308,10.6,-7.0,-3.6444444444444444
12.328,11.06,-6.63,-3.7133333333333334
12.348,12.46,-6.29,-3.778888888888889
12.368,12.85,-5.81,-3.83
12.388,13.77,-5.43,-3.8966666666666665
12.408,14.5,-4.84,-3.951111111111111
12.428,15.11,-4.33,-3.9988888888888887
12.448,15.79,-4.03,-4.036666666666667
12.468,16.28,-3.04,-4.07
12.488,16.61,-2.76,-4.1
12.508,16.96,-2.02,-4.118888888888889
12.528,17.12,-1.28,-4.131111111111111
12.548,17.31,-0.58,-4.138888888888889
12.568,17.3,-0.11,-4.134444444444444
12.588,17.19,0.36,-4.12
12.608,16.86,1.47,-4.107777777777778
12.628,16.65,2.41,-4.084444444444444
12.648,16.63,2.31,-4.054444444444444
12.668,15.6,3.97,-4.016666666666667
12.688,15.31,4.28,-3.9755555555555557
12.708,14.55,4.55,-3.9255555555555555
12.728,13.91,5.28,-3.8722222222222222
12.748,13.24,5.77,-3.8144444444444443
12.768,12.43,5.95,-3.743333333333333
12.788,11.56,6.48,-3.64
12.808,10.87,6.87,-3.598888888888889
12.828,9.7,7.0,-3.4833333333333334
12.848,9.16,7.21,-3.41
12.868,8.44,7.58,-3.3366666666666664
12.888,7.3,7.56,-3.2822222222222224
12.908,6.66,7.79,-3.151111111111111
12.928,5.53,7.82,-3.11
12.948,4.9,7.82,-3.0233333333333334
12.968,3.87,7.98,-2.897777777777778
12.988,3.26,7.83,-2.8066666666666666
13.008,2.36,7.82,-2.72
13.028,1.72,7.75,-2.678888888888889
13.048,0.58,6.92,-2.5555555555555554
13.068,0.42,8.48,-2.508888888888889
13.088,-0.61,8.03,-2.382222222222222
13.108,-1.0,7.07,-2.347777777777778
13.128,-1.82,7.64,-2.2266666666666666
13.148,-1.99,6.79,-2.19
13.168,-3.07,7.08,-2.1133333333333333
13.188,-2.83,6.74,-2.0411111111111113
13.208,-3.63,6.34,-1.97
13.228,-4.0,6.39,-1.9022222222222223
13.248,-4.31,5.97,-1.8377777777777777
13.268,-4.91,5.99,-1.74
13.288,-5.15,5.62,-1.71
13.308,-5.61,5.57,-1.6511111111111112
13.328,-5.95,5.26,-1.5933333333333333
13.348,-6.13,5.09,-1.538888888888889
13.368,-6.49,4.88,-1.4833333333333334
13.388,-6.6,4.64,-1.4344444444444444
13.408,-6.92,4.52,-1.3844444444444444
13.428,-7.06,4.33,-1.3388888888888888
13.448,-7.27,4.02,-1.291111111111111
13.468,-7.42,4.0,-1.251111111111111
13.488,-7.66,3.77,-1.21
13.508,-7.85,3.51,-1.1688888888888889
13.528,-7.94,3.42,-1.1322222222222222
13.548,-8.11,3.08,-1.0922222222222222
13.568,-8.21,3.0,-1.0566666666666666
13.588,-8.25,3.03,-1.0244444444444445
13.608,-8.45,2.53,-0.99
13.628,-8.5,2.34,-0.9588888888888889
13.648,-8.84,2.47,-0.9222222222222223
13.668,-8.67,1.98,-0.8922222222222222
13.688,-8.86,1.88,-0.86
13.708,-8.72,1.72,-0.8277777777777777
13.728,-9.07,1.59,-0.7966666666666666
13.748,-9.03,1.44,-0.7644444444444445
13.768,-9.13,1.36,-0.7322222222222222
13.788,-9.01,1.32,-0.7
13.808,-9.27,1.05,-0.6688888888888889
13.828,-9.19,0.67,-0.64
13.848,-9.09,0.9,-0.6066666666666667
13.868,-9.19,0.76,-0.5777777777777777
13.888,-9.31,0.33,-0.5488888888888889
13.908,-9.31,0.6,-0.5166666666666667
13.928,-9.3,0.32,-0.4866666666666667
13.948,-9.28,0.38,-0.45555555555555555
13.968,-9.58,0.37,-0.42777777777777776
13.988,-9.29,-0.12,-0.39555555555555555
14.008,-9.38,0.03,-0.3622222222222222
14.028,-9.34,0.05,-0.3333333333333333
14.048,-9.52,-0.07,-0.3055555555555556
14.068,-9.49,-0.06,-0.27555555555555555
14.088,-9.51,-0.31,-0.24222222222222223
14.108,-9.4,-0.12,-0.21222222222222223
14.128,-9.55,-0.27,-0.18222222222222223
14.148,-9.5,-0.42,-0.15222222222222223
14.168,-9.55,-0.22,-0.12666666666666668
14.188,-9.49,-0.37,-0.09666666666666666
14.208,-9.4,-0.51,-0.06777777777777778
14.228,-9.53,-0.33,-0.04
14.248,-9.58,-0.3,-0.01
14.268,-9.48,-0.49,0.01888888888888889
14.288,-9.39,-0.45,0.04777777777777778
14.308,-9.43,-0.31,0.07555555555555556
14.328,-9.53,-0.39,0.10555555555555556
14.348,-9.47,-0.23,0.1322222222222222
14.368,-9.42,-0.27,0.16111111111111112
14.388,-9.46,-0.27,0.1922222222222222
14.408,-9.44,-0.28,0.22
14.428,-9.52,-0.03,0.25333333333333335
14.448,-9.46,-0.09,0.28555555555555556
14.468,-9.4,-0.16,0.31555555555555553
14.488,-9.45,0.12,0.3466666666666667
14.508,-9.51,0.05,0.37777777777777777
14.528,-9.38,0.04,0.4111111111111111
14.548,-9.35,0.4,0.4444444444444444
14.568,-9.35,0.19,0.48
14.588,-9.32,0.36,0.5122222222222222
14.608,-9.33,0.54,0.5477777777777778
14.628,-9.25,0.53,0.5855555555555556
14.648,-9.19,0.6,0.62
14.668,-9.03,0.83,0.6588888888888889
14.688,-9.14,0.95,0.6944444444444444
14.708,-9.23,1.23,0.7366666666666667
14.728,-8.92,0.79,0.78
14.748,-8.78,1.39,0.82
14.768,-8.84,1.45,0.8644444444444445
14.788,-8.69,1.27,0.9111111111111111
14.808,-8.84,1.9,0.9577777777777777
14.828,-8.56,1.95,1.0055555555555555
14.848,-8.38,1.94,1.0566666666666666
14.868,-8.29,2.26,1.1066666666666667
14.888,-8.28,2.41,1.1622222222222223
14.908,-8.03,2.55,1.2155555555555555
14.928,-7.91,2.78,1.2733333333333334
14.948,-7.6,3.19,1.33
14.968,-7.53,3.38,1.3911111111111112
14.988,-7.3,3.29,1.45
15.008,-7.01,3.77,1.5133333333333334
15.028,-6.67,4.02,1.5744444444444445
15.048,-6.59,4.1,1.64
15.068,-6.21,4.69,1.7055555555555555
15.088,-5.74,4.67,1.771111111111111
15.108,-5.47,5.24,1.8366666666666667
15.128,-5.13,5.19,1.8988888888888888
15.148,-4.69,5.71,1.96
15.168,-4.22,5.79,2.028888888888889
15.188,-3.58,6.3,2.0966666666666667
15.208,-3.23,6.47,2.1633333333333336
15.228,-2.7,6.49,2.232222222222222
15.248,-2.19,7.1,2.298888888888889
15.268,-1.52,7.01,2.37
15.288,-1.09,7.28,2.4444444444444446
15.308,-0.15,7.56,2.5188888888888887
15.328,0.12,7.45,2.5966666666666667
15.348,1.17,7.93,2.67
15.368,1.74,7.64,2.7511111111111113
15.388,2.53,8.04,2.83
15.408,3.35,7.85,2.911111111111111
15.428,4.1,7.89,2.993333333333333
15.448,5.1,7.74,3.07
15.468,5.92,7.86,3.16
15.488,6.48,7.82,3.24
15.508,8.05,7.53,3.32
15.528,8.3,7.69,3.4
15.548,9.6,7.35,3.48
15.568,10.36,7.04,3.5522222222222224
15.588,11.15,6.88,3.6266666666666665
15.608,11.99,6.51,3.6966666666666668
15.628,12.85,6.02,3.7622222222222224
15.648,13.43,5.8,3.8266666666666667
15.668,14.35,5.06,3.888888888888889
15.688,14.81,4.71,3.9366666666666665
15.708,15.61,4.07,3.9877777777777776
15.728,15.97,3.61,4.028888888888889
15.748,16.51,2.83,4.068888888888889
15.768,16.83,2.29,4.09
15.788,17.12,1.5,4.11
15.808,17.29,0.93,4.124444444444444
15.828,17.4,0.18,4.127777777777778
15.848,17.31,-0.16,4.122222222222222
15.868,17.33,-1.39,4.122222222222222
15.888,16.87,-2.4,4.108888888888889
15.908,16.72,-1.93,4.081111111111111
15.928,16.24,-2.94,4.058888888888889
15.948,15.52,-4.22,4.021111111111111
15.968,15.19,-3.81,3.9766666666666666
15.988,13.95,-5.44,3.93
16.008,13.44,-5.49,3.8733333333333335
16.028,12.74,-5.7,3.818888888888889
16.048,11.67,-6.6,3.7533333333333334
16.068,10.91,-6.31,3.6855555555555557
16.088,10.39,-6.87,3.6155555555555554
16.108,8.75,-7.19,3.537777777777778
16.128,8.43,-7.3,3.46
16.148,7.25,-7.67,3.3766666666666665
16.168,6.29,-7.62,3.2977777777777777
16.188,5.55,-7.64,3.21
16.208,4.7,-7.79,3.1244444444444444
16.228,3.73,-7.78,3.037777777777778
16.248,3.08,-7.69,2.9544444444444444
16.268,2.12,-7.78,2.861111111111111
16.288,1.54,-7.53,2.783333333333333
16.308,0.49,-7.54,2.7
16.328,0.15,-7.46,2.6166666666666667
16.348,-0.75,-7.22,2.5344444444444445
16.368,-1.29,-7.06,2.4522222222222223
16.388,-1.68,-7.0,2.38
16.408,-2.46,-6.65,2.3
16.428,-2.95,-6.55,2.2255555555555557
16.448,-3.38,-6.56,2.1533333333333333
16.468,-3.97,-6.28,2.0833333333333335
16.488,-4.37,-6.08,2.013333333333333
16.508,-4.88,-5.7,1.9477777777777778
16.528,-5.16,-5.63,1.8833333333333333
16.548,-5.58,-5.4,1.82
16.568,-5.88,-5.05,1.761111111111111
16.588,-6.29,-4.81,1.7033333333333334
16.608,-6.39,-4.74,1.6488888888888888
16.628,-6.78,-4.49,1.5966666666666667
16.648,-6.95,-4.11,1.5455555555555556
16.668,-7.16,-4.17,1.498888888888889
16.688,-7.33,-3.88,1.4522222222222223
16.708,-7.63,-3.53,1.41
16.728,-7.79,-3.31,1.3688888888888888
16.748,-7.83,-3.38,1.33
16.768,-8.04,-2.91,1.29
16.788,-8.17,-2.64,1.25
16.808,-8.41,-2.47,1.2122222222222223
16.828,-8.38,-1.99,1.1722222222222223
16.848,-8.62,-2.11,1.1366666666666667
16.868,-8.65,-1.73,1.0944444444444446
16.888,-8.8,-1.52,1.0566666666666666
16.908,-8.96,-1.07,1.018888888888889
16.928,-8.81,-1.4,0.98
16.948,-8.89,-0.9,0.9355555555555556
16.968,-9.18,-0.61,0.8966666666666666
16.988,-9.16,-0.52,0.8611111111111112
17.008,-9.26,-0.77,0.8222222222222222
17.028,-9.16,0.26,0.7844444444444445
17.048,-9.33,-0.27,0.7488888888888889
17.068,-9.11,-0.11,0.7111111111111111
17.088,-9.3,-0.14,0.6733333333333333
17.108,-9.31,0.6,0.6366666666666667
17.128,-9.42,0.41,0.5977777777777777
17.148,-9.35,0.3,0.5622222222222222
17.168,-9.41,0.75,0.5255555555555556
17.188,-9.33,1.03,0.4888888888888889
17.208,-9.39,0.56,0.45222222222222225
17.228,-9.31,0.67,0.4177777777777778
17.248,-9.37,0.99,0.3844444444444444
17.268,-9.36,1.19,0.3488888888888889
17.288,-9.49,1.14,0.31333333333333335
17.308,-9.35,1.03,0.2822222222222222
17.328,-9.48,1.25,0.25
17.348,-9.46,1.11,0.21888888888888888
17.368,-9.36,1.03,0.18666666666666668
17.388,-9.59,1.37,0.15555555555555556
17.408,-9.58,1.44,0.12444444444444444
17.428,-9.4,1.27,0.09666666666666666
17.448,-9.48,0.96,0.06888888888888889
17.468,-9.44,1.53,0.03666666666666667
17.488,-9.43,1.47,0.005555555555555556
17.508,-9.44,0.99,-0.023333333333333334
17.528,-9.45,1.51,-0.051111111111111114
17.548,-9.39,1.28,-0.08
17.568,-9.44,1.13,-0.11
17.588,-9.34,1.07,-0.12222222222222222
17.608,-9.46,1.2,-0.16333333333333333
17.628,-9.56,1.33,-0.17888888888888888
17.648,-9.46,0.91,-0.22
17.668,-9.38,1.12,-0.2311111111111111
17.688,-9.39,0.73,-0.2722222222222222
17.708,-9.51,0.74,-0.2822222222222222
17.728,-9.39,1.07,-0.32555555555555554
17.748,-9.41,0.61,-0.3511111111111111
17.768,-9.51,0.66,-0.38
17.788,-9.46,0.76,-0.41
17.808,-9.43,0.36,-0.4222222222222222
17.828,-9.31,0.37,-0.4488888888888889
17.848,-9.42,0.35,-0.4766666666666667
17.868,-9.38,0.28,-0.5044444444444445
17.888,-9.36,0.15,-0.5344444444444445
17.908,-9.26,0.1,-0.5633333333333334
17.928,-9.3,0.0,-0.5944444444444444
17.948,-9.26,-0.24,-0.6266666666666667
17.968,-9.21,-0.1,-0.6611111111111111
17.988,-9.24,-0.31,-0.6977777777777778
18.008,-9.18,-0.64,-0.7322222222222222
18.028,-9.08,-0.66,-0.7722222222222223
18.048,-9.12,-0.52,-0.81
18.068,-9.09,-1.14,-0.85
18.088,-9.01,-0.93,-0.8911111111111111
18.108,-8.93,-1.0,-0.9355555555555556
18.128,-8.73,-1.75,-0.98
18.148,-8.75,-1.47,-1.0266666666666666
18.168,-8.7,-1.46,-1.0733333333333333
18.188,-8.44,-1.93,-1.1211111111111112
18.208,-8.33,-2.19,-1.17
18.228,-8.27,-2.13,-1.2233333333333334
18.248,-7.99,-2.65,-1.278888888888889
18.268,-7.9,-2.75,-1.3333333333333333
18.288,-7.64,-2.75,-1.3922222222222222
18.308,-7.58,-3.29,-1.451111111111111
18.328,-7.17,-3.5,-1.5133333333333334
18.348,-7.18,-3.49,-1.5744444444444445
18.368,-6.76,-4.0,-1.64
18.388,-6.44,-4.14,-1.7066666666666668
18.408,-6.08,-4.56,-1.7755555555555556
18.428,-5.79,-4.68,-1.8422222222222222
18.448,-5.57,-4.91,-1.91
18.468,-5.16,-5.11,-1.981111111111111
18.488,-4.54,-5.72,-2.05
18.508,-4.04,-5.72,-2.1233333333333335
18.528,-3.68,-6.01,-2.1966666666666668
18.548,-2.95,-6.33,-2.2711111111111113
18.568,-2.68,-6.58,-2.347777777777778
18.588,-1.69,-6.91,-2.42
18.608,-1.17,-7.12,-2.4966666666666666
18.628,-0.67,-7.21,-2.5755555555555554
18.648,0.07,-7.38,-2.6566666666666667
18.668,0.76,-7.47,-2.732222222222222
18.688,1.45,-7.68,-2.81
18.708,2.45,-7.72,-2.891111111111111
18.728,3.0,-7.8,-2.9722222222222223
18.748,4.11,-8.18,-3.0533333333333332
18.768,4.86,-7.86,-3.1366666666666667
18.788,5.67,-7.92,-3.2133333333333334
18.808,6.66,-7.71,-3.2933333333333334
18.828,7.71,-7.7,-3.3733333333333335
18.848,8.29,-7.46,-3.4522222222222223
18.868,9.51,-7.18,-3.531111111111111
18.888,10.27,-6.99,-3.602222222222222
18.908,11.13,-6.63,-3.67
18.928,11.95,-6.3,-3.74
18.948,12.88,-5.92,-3.8022222222222224
18.968,13.59,-5.58,-3.85
18.988,14.42,-4.9,-3.917777777777778
19.008,14.93,-4.58,-3.966666666666667
19.028,15.54,-3.85,-4.0088888888888885
19.048,16.09,-3.42,-4.0488888888888885
19.068,16.54,-2.7,-4.0777777777777775
19.088,16.76,-2.16,-4.1
19.108,17.16,-1.33,-4.115555555555556
19.128,17.23,-0.77,-4.127777777777778
19.148,17.22,-0.02,-4.125555555555556
19.168,17.41,0.18,-4.112222222222222
19.188,16.99,1.71,-4.1
19.208,16.84,2.33,-4.072222222222222
19.228,16.5,2.2,-4.043333333333333
19.248,16.01,3.28,-4.0055555555555555
19.268,15.57,4.06,-3.96
19.288,15.18,4.16,-3.911111111111111
19.308,14.25,4.99,-3.8566666666666665
19.328,13.48,5.56,-3.7955555555555556
19.348,12.4,5.96,-3.7288888888888887
19.368,11.85,6.29,-3.66
19.388,10.79,6.79,-3.5877777777777777
19.408,10.07,6.88,-3.508888888888889
19.428,9.09,7.32,-3.433333333333333
19.448,8.3,7.49,-3.362222222222222
19.468,7.35,7.58,-3.27
19.488,6.7,7.41,-3.188888888888889
19.508,5.55,7.61,-3.0955555555555554
19.528,4.97,8.1,-3.01
19.548,3.7,7.72,-2.9233333333333333
19.568,3.29,8.41,-2.8333333333333335
19.588,2.21,8.0,-2.75
19.608,1.7,7.6,-2.6633333333333336
19.628,0.84,8.04,-2.58
19.648,0.45,7.23,-2.4955555555555557
19.668,-0.44,7.57,-2.4122222222222223
19.688,-0.74,7.14,-2.33
19.708,-1.61,6.95,-2.25
19.728,-2.08,7.07,-2.1733333333333333
19.748,-3.01,6.75,-2.0966666666666667
19.768,-3.12,6.61,-2.03
19.788,-3.61,6.38,-1.9555555555555555
19.808,-4.06,6.28,-1.8844444444444444
19.828,-4.39,6.08,-1.8211111111111111
19.848,-4.77,5.98,-1.7555555555555555
19.868,-5.18,5.6,-1.691111111111111
19.888,-5.47,5.59,-1.63
19.908,-5.81,5.23,-1.5733333333333333
19.928,-6.19,5.09,-1.5155555555555555
19.948,-6.38,4.97,-1.461111111111111
19.968,-6.6,4.81,-1.41
19.988,-6.9,4.55,-1.3544444444444443
20.008,-7.06,4.24,-1.3044444444444445
20.028,-7.24,4.08,-1.2533333333333334
20.048,-7.38,3.93,-1.2022222222222223
20.068,-7.54,3.71,-1.1566666666666667
20.088,-7.74,3.55,-1.11
20.108,-7.88,3.42,-1.0655555555555556
20.128,-8.03,3.32,-1.0233333333333334
20.148,-8.21,3.02,-0.9811111111111112
20.168,-8.3,2.88,-0.9411111111111111
20.188,-8.39,2.83,-0.9077777777777778
20.208,-8.55,2.62,-0.8688888888888889
20.228,-8.58,2.44,-0.8344444444444444
20.248,-8.72,2.47,-0.8
20.268,-8.85,2.11,-0.7688888888888888
20.288,-8.78,2.1,-0.7366666666666667
20.308,-8.94,1.93,-0.7044444444444444
20.328,-8.96,1.85,-0.6744444444444444
20.348,-9.07,1.7,-0.6455555555555555
20.368,-9.04,1.59,-0.6166666666666667
20.388,-9.08,1.58,-0.5888888888888889
20.408,-9.12,1.41,-0.5611111111111111
20.428,-9.19,1.32,-0.5355555555555556
20.448,-9.18,1.18,-0.5133333333333333
20.468,-9.21,1.22,-0.4866666666666667
20.488,-9.23,1.1,-0.46111111111111114
20.508,-9.29,0.96,-0.43777777777777777
20.528,-9.23,0.94,-0.41444444444444445
20.548,-9.37,0.83,-0.39
20.568,-9.33,0.75,-0.36666666666666664
20.588,-9.37,0.68,-0.34
20.608,-9.3,0.52,-0.3188888888888889
20.628,-9.51,0.54,-0.29333333333333333
20.648,-9.35,0.51,-0.27
20.668,-9.48,0.46,-0.24555555555555555
20.688,-9.46,0.36,-0.22111111111111112
20.708,-9.4,0.4,-0.1988888888888889
20.728,-9.47,0.28,-0.17222222222222222
20.748,-9.42,0.21,-0.14888888888888888
20.768,-9.43,0.31,-0.12555555555555556
20.788,-9.46,0.31,-0.10111111111111111
20.808,-9.47,0.16,-0.07888888888888888
20.828,-9.48,0.23,-0.052222222222222225
20.848,-9.46,0.15,-0.03
20.868,-9.43,0.16,-0.005555555555555556
20.888,-9.48,0.14,0.02
20.908,-9.42,0.28,0.043333333333333335
20.928,-9.42,0.18,0.06888888888888889
20.948,-9.44,0.1,0.09222222222222222
20.968,-9.46,0.23,0.11888888888888889
20.988,-9.43,0.17,0.14555555555555555
21.008,-9.46,0.32,0.17222222222222222
21.028,-9.45,0.32,0.2011111111111111
21.048,-9.43,0.22,0.22666666666666666
21.068,-9.39,0.38,0.2588888888888889
21.088,-9.42,0.34,0.2877777777777778
21.108,-9.41,0.46,0.31666666666666665
21.128,-9.37,0.45,0.3477777777777778
21.148,-9.35,0.56,0.38
21.168,-9.34,0.54,0.41444444444444445
21.188,-9.27,0.68,0.45
21.208,-9.28,0.76,0.4822222222222222
21.228,-9.23,0.78,0.5188888888888888
21.248,-9.15,0.91,0.5566666666666666
21.268,-9.09,1.04,0.5955555555555555
21.288,-9.09,1.08,0.6366666666666667
21.308,-9.08,1.19,0.6766666666666666
21.328,-8.94,1.34,0.72
21.348,-8.92,1.44,0.7633333333333333
21.368,-8.89,1.56,0.8111111111111111
21.388,-8.78,1.6,0.8577777777777778
21.408,-8.58,1.74,0.91
21.428,-8.64,2.04,0.9588888888888889
21.448,-8.45,2.11,1.0122222222222221
21.468,-8.38,2.26,1.0666666666666667
21.488,-8.18,2.55,1.12
21.508,-8.06,2.54,1.1766666666666667
21.528,-7.86,2.98,1.238888888888889
21.548,-7.69,2.87,1.298888888888889
21.568,-7.47,3.24,1.3655555555555556
21.588,-7.24,3.49,1.4288888888888889
21.608,-7.04,3.64,1.4955555555555555
21.628,-6.76,3.71,1.5622222222222222
21.648,-6.41,4.17,1.6344444444444444
21.668,-6.16,4.3,1.71
21.688,-5.79,4.52,1.7833333333333334
21.708,-5.39,4.78,1.86
21.728,-5.02,5.05,1.9422222222222223
21.748,-4.71,5.16,2.0211111111111113
21.768,-4.04,5.74,2.101111111111111
21.788,-3.81,5.78,2.1822222222222223
21.808,-3.1,6.3,2.261111111111111
21.828,-2.29,6.58,2.34
21.848,-1.85,6.8,2.4166666666666665
21.868,-1.18,7.14,2.4877777777777776
21.888,-0.45,7.28,2.5655555555555556
21.908,0.07,7.52,2.64
21.928,0.95,7.63,2.716666666666667
21.948,1.42,7.79,2.796666666666667
21.968,2.54,7.89,2.871111111111111
21.988,3.05,7.97,2.9566666666666666
22.008,4.1,8.08,3.033333333333333
22.028,5.16,7.78,3.111111111111111
22.048,5.94,7.98,3.2
22.068,6.37,7.81,3.28
22.088,7.85,7.62,3.36
22.108,8.23,7.75,3.4411111111111112
22.128,9.52,7.36,3.5188888888888887
22.148,10.26,7.14,3.5966666666666667
22.168,11.08,6.96,3.667777777777778
22.188,11.97,6.62,3.7422222222222223
22.208,12.84,6.08,3.8066666666666666
22.228,13.47,5.93,3.87
22.248,14.41,5.17,3.9322222222222223
22.268,14.94,4.8,3.9944444444444445
22.288,15.46,4.47,4.0311111111111115
22.308,16.07,3.66,4.075555555555556
22.328,16.48,3.19,4.1177777777777775
22.348,17.03,2.39,4.141111111111111
22.368,17.18,1.78,4.153333333333333
22.388,17.47,1.07,4.171111111111111
22.408,17.55,0.53,4.182222222222222
22.428,17.49,-0.21,4.176666666666667
22.448,17.49,-0.33,4.165555555555556
22.468,16.91,-2.2,4.158888888888889
22.488,16.99,-1.82,4.1433333333333335
22.508,16.44,-3.04,4.11
22.528,15.91,-4.12,4.091111111111111
22.548,15.49,-3.98,4.03
22.568,14.86,-4.33,3.98
22.588,13.79,-5.57,3.9555555555555557
22.608,13.4,-5.45,3.891111111111111
22.628,12.38,-6.01,3.832222222222222
22.648,11.18,-6.73,3.761111111111111
22.668,10.37,-6.79,3.6933333333333334
22.688,9.36,-7.26,3.6144444444444446
22.708,8.46,-7.33,3.5388888888888888
22.728,7.74,-7.31,3.457777777777778
22.748,6.34,-7.67,3.3733333333333335
22.768,5.83,-7.49,3.2844444444444445
22.788,4.68,-7.77,3.198888888888889
22.808,3.95,-7.69,3.111111111111111
22.828,3.1,-7.72,3.02
22.848,2.58,-7.66,2.9411111111111112
22.868,2.02,-8.79,2.852222222222222
22.888,0.95,-7.02,2.778888888888889
22.908,-0.03,-7.51,2.68
22.928,-0.64,-7.08,2.5966666666666667
22.948,-1.43,-6.79,2.5166666666666666
22.968,-1.71,-7.12,2.4355555555555557
22.988,-2.59,-6.65,2.3555555555555556
23.008,-2.87,-6.25,2.2777777777777777
23.028,-3.4,-6.31,2.2044444444444444
23.048,-3.79,-6.17,2.1266666666666665
23.068,-4.37,-5.78,2.05
23.088,-4.9,-5.53,1.9744444444444444
23.108,-5.21,-5.45,1.9033333333333333
23.128,-5.58,-5.18,1.8366666666666667
23.148,-5.99,-4.79,1.77
23.168,-6.22,-4.68,1.7055555555555555
23.188,-6.62,-4.53,1.6444444444444444
23.208,-6.81,-4.04,1.5822222222222222
23.228,-7.0,-4.11,1.5233333333333334
23.248,-7.25,-3.74,1.4666666666666666
23.268,-7.52,-3.41,1.4111111111111112
23.288,-7.62,-3.35,1.36
23.308,-7.88,-3.22,1.3122222222222222
23.328,-7.97,-2.85,1.2622222222222221
23.348,-8.17,-2.97,1.22
23.368,-8.21,-2.69,1.1766666666666667
23.388,-8.42,-2.38,1.1355555555555557
23.408,-8.48,-2.37,1.0988888888888888
23.428,-8.66,-2.13,1.0644444444444445
23.448,-8.69,-1.79,1.03
23.468,-8.78,-1.75,0.9988888888888889
23.488,-8.96,-1.64,0.9677777777777777
23.508,-8.98,-1.23,0.9366666666666666
23.528,-9.05,-1.2,0.9044444444444445
23.548,-9.03,-0.99,0.8777777777777778
23.568,-9.15,-0.66,0.8488888888888889
23.588,-9.12,-0.66,0.82
23.608,-9.09,-0.66,0.79
23.628,-9.21,-0.32,0.7588888888888888
23.648,-9.37,-0.33,0.73
23.668,-9.16,-0.31,0.7044444444444444
23.688,-9.28,0.0,0.6766666666666666
23.708,-9.31,0.2,0.6511111111111111
23.728,-9.29,0.14,0.6211111111111111
23.748,-9.38,0.42,0.6
23.768,-9.4,0.5,0.5711111111111111
23.788,-9.34,0.57,0.5433333333333333
23.808,-9.35,0.63,0.5177777777777778
23.828,-9.42,0.96,0.49
23.848,-9.48,0.99,0.4633333333333333
23.868,-9.45,0.84,0.43666666666666665
23.888,-9.44,1.05,0.4088888888888889
23.908,-9.39,1.27,0.38
23.928,-9.45,1.08,0.3566666666666667
23.948,-9.37,1.21,0.3288888888888889
23.968,-9.56,1.79,0.3
23.988,-9.48,1.3,0.27444444444444444
24.008,-9.39,1.39,0.24666666666666667
24.028,-9.37,1.63,0.22
24.048,-9.39,1.34,0.1922222222222222
24.068,-9.49,1.4,0.16555555555555557
24.088,-9.48,1.94,0.14
24.108,-9.34,1.58,0.11
24.128,-9.38,1.5,0.08666666666666667
24.148,-9.43,1.72,0.056666666666666664
24.168,-9.4,1.53,0.03
24.188,-9.47,1.71,0.0022222222222222222
24.208,-9.45,1.82,-0.02
24.228,-9.44,1.4,-0.04666666666666667
24.248,-9.4,1.6,-0.07222222222222222
24.268,-9.37,1.52,-0.09777777777777778
24.288,-9.45,1.39,-0.12111111111111111
24.308,-9.46,1.72,-0.14666666666666667
24.328,-9.44,1.2,-0.1711111111111111
24.348,-9.4,1.4,-0.19333333333333333
24.368,-9.38,1.48,-0.21666666666666667
24.388,-9.4,1.15,-0.2411111111111111
24.408,-9.41,1.25,-0.2677777777777778
24.428,-9.47,1.2,-0.2877777777777778
24.448,-9.44,1.16,-0.3111111111111111
24.468,-9.35,0.83,-0.33444444444444443
24.488,-9.45,1.0,-0.35555555555555557
24.508,-9.4,1.05,-0.37777777777777777
24.528,-9.45,0.54,-0.4022222222222222
24.548,-9.41,0.81,-0.4288888888888889
24.568,-9.42,0.68,-0.45
24.588,-9.35,0.57,-0.47888888888888886
24.608,-9.42,0.51,-0.5044444444444445
24.628,-9.36,0.55,-0.5311111111111111
24.648,-9.34,0.1,-0.5566666666666666
24.668,-9.33,0.14,-0.5877777777777777
24.688,-9.28,0.16,-0.6155555555555555
24.708,-9.35,0.0,-0.6477777777777778
24.728,-9.31,-0.18,-0.6777777777777778
24.748,-9.2,-0.13,-0.7122222222222222
24.768,-9.22,-0.45,-0.7444444444444445
24.788,-9.12,-0.59,-0.78
24.808,-9.09,-0.63,-0.8177777777777778
24.828,-9.12,-0.72,-0.8522222222222222
24.848,-8.99,-0.87,-0.8877777777777778
24.868,-8.89,-1.1,-0.9277777777777778
24.888,-8.83,-1.24,-0.9666666666666667
24.908,-8.8,-1.53,-1.0077777777777779
24.928,-8.62,-1.61,-1.05
24.948,-8.69,-1.76,-1.0922222222222222
24.968,-8.45,-2.04,-1.1411111111111112
24.988,-8.42,-2.05,-1.1922222222222223
25.008,-8.17,-2.34,-1.24
25.028,-8.03,-2.67,-1.291111111111111
25.048,-7.87,-2.68,-1.3455555555555556
25.068,-7.73,-2.88,-1.4033333333333333
25.088,-7.51,-3.39,-1.461111111111111
25.108,-7.3,-3.23,-1.5222222222222221
25.128,-6.88,-3.81,-1.5844444444444445
25.148,-6.68,-4.02,-1.6477777777777778
25.168,-6.29,-4.25,-1.7144444444444444
25.188,-6.11,-4.56,-1.781111111111111
25.208,-5.61,-4.56,-1.85
25.228,-5.44,-5.01,-1.9177777777777778
25.248,-4.72,-5.29,-1.9955555555555555
25.268,-4.47,-5.55,-2.07
25.288,-3.92,-5.78,-2.1455555555555557
25.308,-3.61,-5.92,-2.2244444444444444
25.328,-2.84,-6.36,-2.3044444444444445
25.348,-2.34,-6.39,-2.3866666666666667
25.368,-1.76,-6.64,-2.511111111111111
25.388,-1.11,-6.82,-2.551111111111111
25.408,-0.34,-7.18,-2.6855555555555557
25.428,0.26,-7.08,-2.772222222222222
25.448,1.29,-7.39,-2.86
25.468,1.76,-7.39,-2.9477777777777776
25.488,2.89,-7.59,-3.0366666666666666
25.508,3.63,-7.79,-3.1233333333333335
25.528,4.67,-7.73,-3.2133333333333334
25.548,5.35,-7.59,-3.298888888888889
25.568,6.26,-7.67,-3.38
25.588,7.2,-7.59,-3.4644444444444447
25.608,8.29,-7.37,-3.548888888888889
25.628,8.97,-7.48,-3.62
25.648,10.21,-6.93,-3.692222222222222
25.668,10.87,-6.95,-3.763333333333333
25.688,11.96,-6.41,-3.827777777777778
25.708,12.84,-6.33,-3.8855555555555554
25.728,13.62,-5.62,-3.9433333333333334
25.748,14.3,-5.5,-4.0
25.768,15.21,-4.7,-4.05
25.788,15.44,-4.1,-4.091111111111111
25.808,16.32,-3.7,-4.127777777777778
25.828,16.59,-2.84,-4.156666666666666
25.848,16.98,-2.18,-4.1722222222222225
25.868,17.36,-1.82,-4.187777777777778
25.888,17.45,-0.72,-4.196666666666666
25.908,17.51,-0.31,-4.195555555555556
25.928,17.54,0.27,-4.174444444444444
25.948,17.45,0.7,-4.163333333333333
25.968,17.31,2.36,-4.148888888888889
25.988,16.76,2.3,-4.113333333333333
26.008,16.39,3.33,-4.08
26.028,15.91,4.23,-4.0344444444444445
26.048,15.16,4.35,-3.9833333333333334
26.068,14.46,4.71,-3.9266666666666667
26.088,13.82,5.7,-3.868888888888889
26.108,13.03,5.82,-3.8022222222222224
26.128,12.28,6.06,-3.7355555555555555
26.148,11.28,6.84,-3.661111111111111
26.168,10.55,6.98,-3.581111111111111
26.188,9.49,7.05,-3.502222222222222
26.208,8.74,7.54,-3.42
26.228,7.63,7.65,-3.3377777777777777
26.248,7.07,7.58,-3.27
26.268,5.9,7.97,-3.1622222222222223
26.288,5.2,7.86,-3.0755555555555554
26.308,4.13,7.87,-2.993333333333333
26.328,3.3,7.33,-2.902222222222222
26.348,2.69,7.59,-2.8133333333333335
26.368,1.78,8.03,-2.73
26.388,1.15,7.5,-2.6433333333333335
26.408,0.35,7.92,-2.56
26.428,-0.41,7.28,-2.4755555555555557
26.448,-0.85,7.47,-2.3944444444444444
26.468,-1.69,7.26,-2.316666666666667
26.488,-2.04,6.74,-2.24
26.508,-3.08,6.97,-2.16
26.528,-3.0,6.37,-2.09
26.548,-3.77,6.28,-2.0188888888888887
26.568,-3.95,6.19,-1.9477777777777778
26.588,-4.35,6.01,-1.88
26.608,-4.8,5.79,-1.8122222222222222
26.628,-5.31,5.35,-1.75
26.648,-5.51,5.33,-1.6844444444444444
26.668,-5.93,5.02,-1.6244444444444444
26.688,-6.18,4.63,-1.5677777777777777
26.708,-6.61,4.57,-1.5022222222222221
26.728,-6.65,4.32,-1.441111111111111
26.748,-7.04,3.8,-1.38
26.768,-7.2,3.95,-1.3211111111111111
26.788,-7.55,3.42,-1.2633333333333334
26.808,-7.66,3.2,-1.2033333333333334
26.828,-7.86,3.22,-1.1422222222222222
26.848,-7.97,2.85,-1.08
26.868,-8.33,2.49,-1.0222222222222221
26.888,-8.14,2.66,-0.9655555555555555
26.908,-8.31,2.21,-0.9055555555555556
26.928,-8.59,2.01,-0.8477777777777777
26.948,-8.6,2.12,-0.79
26.968,-8.7,2.02,-0.7622222222222222
26.988,-8.73,1.67,-0.6777777777777778
27.008,-8.89,1.85,-0.6522222222222223
27.028,-8.94,1.62,-0.5722222222222222
27.048,-8.99,1.53,-0.5233333333333333
27.068,-9.01,1.56,-0.4766666666666667
27.088,-9.06,1.57,-0.43
27.108,-9.2,1.23,-0.38333333333333336
27.128,-9.18,1.2,-0.3388888888888889
27.148,-9.15,1.2,-0.29
27.168,-9.24,1.11,-0.2411111111111111
27.188,-9.23,0.98,-0.1922222222222222
27.208,-9.22,1.08,-0.1411111111111111
27.228,-9.27,1.07,-0.11777777777777777
27.248,-9.23,0.89,-0.04
27.268,-9.27,1.04,-0.015555555555555555
27.288,-9.2,0.79,0.03111111111111111
27.308,-9.21,1.16,0.08
27.328,-9.22,1.04,0.13111111111111112
27.348,-9.17,0.96,0.20666666666666667
27.368,-9.22,1.11,0.23222222222222222
27.388,-9.12,1.08,0.31
27.408,-9.16,1.15,0.3388888888888889
27.428,-9.19,1.19,0.4177777777777778
27.448,-9.08,1.35,0.44222222222222224
27.468,-8.98,1.13,0.5255555555555556
27.488,-8.94,1.59,0.5555555555555556
27.508,-8.97,1.59,0.6144444444444445
27.528,-8.78,1.57,0.6744444444444444
27.548,-8.7,1.6,0.7333333333333333
27.568,-8.59,1.98,0.7955555555555556
27.588,-8.51,1.89,0.86
27.608,-8.41,2.06,0.9233333333333333
27.628,-8.2,2.2,0.99
27.648,-8.07,2.42,1.0544444444444445
27.668,-7.78,2.91,1.1244444444444444
27.688,-7.77,2.73,1.2
27.708,-7.52,3.16,1.271111111111111
27.728,-7.22,3.3,1.3455555555555556
27.748,-6.97,3.61,1.42
27.768,-6.74,3.64,1.4977777777777779
27.788,-6.43,3.96,1.5766666666666667
27.808,-6.19,4.09,1.66
27.828,-5.63,4.82,1.7366666666666666
27.848,-5.36,4.66,1.8211111111111111
27.868,-5.12,5.01,1.9111111111111112
27.888,-4.54,5.12,1.998888888888889
27.908,-4.03,5.32,2.088888888888889
27.928,-3.48,5.68,2.18
27.948,-3.19,5.71,2.2688888888888887
27.968,-2.32,6.15,2.3633333333333333
27.988,-1.68,6.49,2.4566666666666666
28.008,-0.81,6.66,2.5477777777777777
28.028,-0.2,6.88,2.648888888888889
28.048,0.21,6.95,2.7444444444444445
28.068,1.42,7.41,2.84
28.088,2.14,7.26,2.937777777777778
28.108,3.09,7.61,3.0344444444444445
28.128,3.73,7.61,3.13
28.148,5.05,7.79,3.2244444444444444
28.168,5.88,7.98,3.3144444444444443
28.188,6.24,7.8,3.408888888888889
28.208,7.59,7.9,3.493333333333333
28.228,8.37,7.62,3.578888888888889
28.248,9.42,7.55,3.6566666666666667
28.268,10.34,7.34,3.7355555555555555
28.288,11.29,7.09,3.81
28.308,12.22,6.82,3.8777777777777778
28.328,13.09,6.48,3.951111111111111
28.348,13.81,5.86,4.011111111111111
28.368,14.82,5.47,4.08
28.388,15.23,5.13,4.133333333333334
28.408,16.21,4.2,4.18
28.428,16.51,3.74,4.222222222222222
28.448,17.26,3.24,4.261111111111111
28.468,17.4,2.28,4.295555555555556
28.488,17.98,1.46,4.312222222222222
28.508,18.1,1.01,4.328888888888889
28.528,18.0,-0.31,4.344444444444444
28.548,18.1,-0.06,4.3244444444444445
28.568,17.91,-1.77,4.322222222222222
28.588,17.37,-2.2,4.311111111111111
28.608,17.3,-2.35,4.286666666666667
28.628,16.56,-3.41,4.262222222222222
28.648,15.87,-4.26,4.222222222222222
28.668,15.6,-4.1,4.177777777777778
28.688,14.31,-5.45,4.127777777777778
28.708,13.77,-5.8,4.072222222222222
28.728,13.09,-5.81,4.011111111111111
28.748,12.12,-6.62,3.94
28.768,11.14,-6.73,3.871111111111111
28.788,10.58,-6.87,3.7977777777777777
28.808,8.95,-7.49,3.718888888888889
28.828,8.42,-7.32,3.6333333333333333
28.848,7.21,-7.56,3.5522222222222224
28.868,6.11,-7.69,3.468888888888889
28.888,5.52,-7.68,3.381111111111111
28.908,4.5,-7.62,3.2888888888888888
28.928,3.47,-7.77,3.201111111111111
28.948,2.9,-7.52,3.11
28.968,1.66,-7.48,3.006666666666667
28.988,0.95,-7.26,2.93
29.008,0.2,-7.05,2.8422222222222224
29.028,-0.33,-7.18,2.7533333333333334
29.048,-1.22,-6.71,2.6566666666666667
29.068,-1.75,-6.71,2.57
29.088,-2.57,-6.06,2.4811111111111113
29.108,-3.37,-6.09,2.3933333333333335
29.128,-3.7,-5.34,2.3044444444444445
29.148,-4.16,-5.66,2.221111111111111
29.168,-4.6,-5.06,2.14
29.188,-5.18,-4.98,2.061111111111111
29.208,-5.43,-4.76,1.9822222222222223
29.228,-5.88,-4.67,1.91
29.248,-6.27,-3.98,1.8366666666666667
29.268,-6.61,-4.01,1.761111111111111
29.288,-6.78,-3.79,1.69
29.308,-7.01,-3.61,1.6144444444444443
29.328,-7.49,-3.25,1.5466666666666666
29.348,-7.58,-2.99,1.4833333333333334
29.368,-7.85,-2.42,1.4222222222222223
29.388,-7.98,-2.61,1.3577777777777778
29.408,-8.06,-2.43,1.298888888888889
29.428,-8.2,-2.18,1.2377777777777779
29.448,-8.45,-1.87,1.1833333333333333
29.468,-8.66,-1.58,1.13
29.488,-8.72,-1.53,1.0777777777777777
29.508,-8.76,-1.71,1.028888888888889
29.528,-9.05,-1.16,0.9788888888888889
29.548,-8.93,-0.74,0.93
29.568,-9.03,-1.17,0.88
29.588,-9.05,-0.62,0.8322222222222222
29.608,-9.16,-0.45,0.7833333333333333
29.628,-9.06,-0.55,0.7333333333333333
29.648,-9.28,-0.32,0.6888888888888889
29.668,-9.33,-0.1,0.64
29.688,-9.28,-0.02,0.5933333333333334
29.708,-9.32,0.01,0.5455555555555556
29.728,-9.47,0.38,0.4988888888888889
29.748,-9.32,0.03,0.4533333333333333
29.768,-9.38,0.21,0.41
29.788,-9.41,0.45,0.36444444444444446
29.808,-9.55,0.38,0.32
29.828,-9.43,0.57,0.27666666666666667
29.848,-9.61,0.44,0.23666666666666666
29.868,-9.4,0.44,0.19333333333333333
29.888,-9.43,0.52,0.15333333333333332
29.908,-9.52,0.58,0.1111111111111111
29.928,-9.54,0.59,0.07333333333333333
29.948,-9.5,0.53,0.03111111111111111
29.968,-9.47,0.58,-0.01
29.988,-9.55,0.43,-0.04666666666666667
30.008,-9.5,0.55,-0.08333333333333333
30.028,-9.54,0.51,-0.12222222222222222
30.048,-9.49,0.47,-0.16
30.068,-9.5,0.4,-0.19777777777777777
30.088,-9.43,0.41,-0.23555555555555555
30.108,-9.47,0.31,-0.27555555555555555
30.128,-9.46,0.27,-0.31222222222222223
30.148,-9.45,0.25,-0.35
30.168,-9.37,0.02,-0.38555555555555554
30.188,-9.35,0.08,-0.4266666666666667
30.208,-9.35,0.01,-0.4633333333333333
30.228,-9.29,-0.3,-0.5033333333333333
30.248,-9.28,-0.23,-0.5444444444444444
30.268,-9.29,-0.33,-0.5855555555555556
30.288,-9.23,-0.63,-0.6266666666666667
30.308,-9.19,-0.62,-0.6688888888888889
30.328,-9.19,-0.67,-0.71
30.348,-9.04,-0.88,-0.7544444444444445
30.368,-9.13,-0.96,-0.7966666666666666
30.388,-9.01,-1.04,-0.8433333333333334
30.408,-8.89,-1.17,-0.8922222222222222
30.428,-8.81,-1.44,-0.9388888888888889
30.448,-8.69,-1.6,-0.9922222222222222
30.468,-8.6,-1.72,-1.041111111111111
30.488,-8.5,-1.86,-1.0955555555555556
30.508,-8.34,-2.17,-1.15
30.528,-8.24,-2.2,-1.2055555555555555
30.548,-8.07,-2.53,-1.2644444444444445
30.568,-7.85,-2.77,-1.3222222222222222
30.588,-7.68,-2.98,-1.3855555555555557
30.608,-7.54,-3.14,-1.4477777777777778
30.628,-7.23,-3.54,-1.51
30.648,-7.08,-3.66,-1.5733333333333333
30.668,-6.7,-3.89,-1.6366666666666667
30.688,-6.47,-4.25,-1.7033333333333334
30.708,-6.09,-4.44,-1.77
30.728,-5.86,-4.71,-1.8388888888888888
30.748,-5.37,-4.91,-1.9077777777777778
30.768,-5.11,-5.18,-1.9866666666666666
30.788,-4.55,-5.44,-2.057777777777778
30.808,-4.22,-5.62,-2.1333333333333333
30.828,-3.62,-5.88,-2.2133333333333334
30.848,-3.17,-6.09,-2.2933333333333334
30.868,-2.5,-6.33,-2.381111111111111
30.888,-2.06,-6.54,-2.4655555555555555
30.908,-1.26,-6.85,-2.5533333333333332
30.928,-0.63,-6.83,-2.6433333333333335
30.948,0.11,-7.18,-2.732222222222222
30.968,0.85,-7.24,-2.8222222222222224
30.988,1.78,-7.44,-2.911111111111111
31.008,2.4,-7.61,-3.0011111111111113
31.028,3.83,-7.43,-3.09
31.048,4.4,-7.67,-3.1744444444444446
31.068,5.59,-7.68,-3.26
31.088,6.15,-7.73,-3.3433333333333333
31.108,7.58,-7.5,-3.43
31.128,8.13,-7.52,-3.508888888888889
31.148,9.23,-7.27,-3.5877777777777777
31.168,10.16,-7.19,-3.667777777777778
31.188,11.1,-6.81,-3.7344444444444442
31.208,11.86,-6.62,-3.8022222222222224
31.228,12.82,-6.04,-3.867777777777778
31.248,13.4,-5.67,-3.921111111111111
31.268,14.5,-5.25,-3.986666666666667
31.288,15.01,-4.57,-4.0344444444444445
31.308,15.74,-4.22,-4.073333333333333
31.328,16.16,-3.62,-4.115555555555556
31.348,16.71,-2.71,-4.142222222222222
31.368,17.06,-2.36,-4.17
31.388,17.33,-1.47,-4.192222222222222
31.408,17.5,-0.85,-4.195555555555556
31.428,17.64,-0.24,-4.2
31.448,17.48,0.32,-4.19
31.468,17.38,1.53,-4.167777777777777
31.488,17.22,2.14,-4.164444444444444
31.508,16.73,2.33,-4.13
31.528,16.11,3.03,-4.1
31.548,15.76,4.25,-4.061111111111111
31.568,15.33,4.29,-4.006666666666667
31.588,14.39,4.89,-3.9555555555555557
31.608,13.92,5.49,-3.8966666666666665
31.628,13.04,5.79,-3.8344444444444443
31.648,12.34,6.06,-3.7655555555555558
31.668,11.3,6.95,-3.692222222222222
31.688,10.62,6.86,-3.62
31.708,9.65,7.1,-3.5411111111111113
31.728,8.84,7.47,-3.4588888888888887
31.748,7.78,7.58,-3.381111111111111
31.768,7.16,7.53,-3.2933333333333334
31.788,5.9,7.98,-3.2044444444444444
31.808,5.34,7.84,-3.12
31.828,4.25,7.74,-3.0322222222222224
31.848,3.55,7.97,-2.948888888888889
31.868,2.38,7.98,-2.858888888888889
31.888,1.25,6.97,-2.7777777777777777
31.908,1.27,7.48,-2.683333333333333
31.928,0.21,7.7,-2.601111111111111
31.948,-0.44,7.1,-2.517777777777778
31.968,-1.16,7.62,-2.437777777777778
31.988,-1.75,6.95,-2.3577777777777778
32.008,-2.24,7.03,-2.278888888888889
32.028,-3.03,6.63,-2.2
32.048,-3.19,6.66,-2.13
32.068,-3.85,6.01,-2.06
32.088,-4.22,6.11,-1.99
32.108,-4.57,5.75,-1.9211111111111112
32.128,-4.9,5.7,-1.8577777777777778
32.148,-5.22,5.43,-1.79
32.168,-5.65,5.19,-1.731111111111111
32.188,-5.9,5.14,-1.6744444444444444
32.208,-6.25,4.69,-1.5911111111111111
32.228,-6.51,4.63,-1.5655555555555556
32.248,-6.79,4.31,-1.51
32.268,-7.02,4.06,-1.4566666666666668
32.288,-7.2,3.75,-1.3788888888888888
32.308,-7.41,3.75,-1.3511111111111112
32.328,-7.66,3.31,-1.27
32.348,-7.77,3.18,-1.2444444444444445
32.368,-7.94,3.08,-1.1666666666666667
32.388,-8.12,2.53,-1.1411111111111112
32.408,-8.16,2.67,-1.0666666666666667
32.428,-8.35,2.47,-1.041111111111111
32.448,-8.56,2.14,-0.9877777777777778
32.468,-8.61,1.82,-0.9233333333333333
32.488,-8.69,2.12,-0.8988888888888888
32.508,-8.72,1.64,-0.85
32.528,-8.85,1.55,-0.81
32.548,-8.95,1.63,-0.7677777777777778
32.568,-9.01,1.31,-0.7277777777777777
32.588,-9.04,1.43,-0.6955555555555556
32.608,-9.12,1.32,-0.6611111111111111
32.628,-9.14,1.17,-0.63
32.648,-9.22,1.02,-0.6033333333333334
32.668,-9.16,0.96,-0.5733333333333334
32.688,-9.27,0.85,-0.5422222222222223
32.708,-9.28,0.65,-0.5155555555555555
32.728,-9.31,0.5,-0.48444444444444446
32.748,-9.32,0.57,-0.45444444444444443
32.768,-9.35,0.36,-0.4211111111111111
32.788,-9.33,0.26,-0.3877777777777778
32.808,-9.34,0.21,-0.3566666666666667
32.828,-9.43,0.21,-0.32666666666666666
32.848,-9.4,0.05,-0.29555555555555557
32.868,-9.48,0.08,-0.2677777777777778
32.888,-9.43,0.05,-0.2388888888888889
32.908,-9.47,0.11,-0.2111111111111111
32.928,-9.53,-0.01,-0.1811111111111111
32.948,-9.47,-0.11,-0.1511111111111111
32.968,-9.46,-0.09,-0.12222222222222222
32.988,-9.49,-0.14,-0.09555555555555556
33.008,-9.47,-0.22,-0.06666666666666667
33.028,-9.51,-0.12,-0.03888888888888889
33.048,-9.51,-0.13,-0.01
33.068,-9.44,-0.13,0.023333333333333334
33.088,-9.48,-0.22,0.05
33.108,-9.47,-0.09,0.07777777777777778
33.128,-9.47,-0.08,0.10555555555555556
33.148,-9.46,-0.06,0.13555555555555557
33.168,-9.44,-0.07,0.1622222222222222
33.188,-9.46,-0.01,0.1922222222222222
33.208,-9.44,0.1,0.22
33.228,-9.43,0.0,0.25
33.248,-9.42,0.1,0.2777777777777778
33.268,-9.4,0.17,0.30777777777777776
33.288,-9.4,0.18,0.3388888888888889
33.308,-9.4,0.28,0.37222222222222223
33.328,-9.41,0.34,0.4077777777777778
33.348,-9.34,0.28,0.44
33.368,-9.32,0.49,0.4777777777777778
33.388,-9.28,0.52,0.5166666666666667
33.408,-9.26,0.62,0.5555555555555556
33.428,-9.2,0.69,0.5922222222222222
33.448,-9.14,0.88,0.6311111111111111
33.468,-9.15,0.89,0.67
33.488,-9.02,1.13,0.71
33.508,-9.01,1.27,0.7522222222222222
33.528,-8.88,1.38,0.7955555555555556
33.548,-8.78,1.58,0.84
33.568,-8.75,1.64,0.89
33.588,-8.61,1.8,0.9333333333333333
33.608,-8.54,2.0,0.98
33.628,-8.4,2.05,1.03
33.648,-8.29,2.39,1.0844444444444445
33.668,-8.21,2.5,1.1377777777777778
33.688,-8.0,2.79,1.19
33.708,-7.78,2.83,1.25
33.728,-7.63,3.14,1.3055555555555556
33.748,-7.41,3.31,1.3677777777777778
33.768,-7.15,3.47,1.43
33.788,-7.07,3.74,1.4944444444444445
33.808,-6.61,4.01,1.56
33.828,-6.39,4.34,1.6244444444444444
33.848,-6.15,4.41,1.6977777777777778
33.868,-5.79,4.67,1.77
33.888,-5.28,4.94,1.8344444444444445
33.908,-5.03,5.18,1.9111111111111112
33.928,-4.64,5.42,1.9844444444444445
33.948,-4.24,5.7,2.06
33.968,-3.83,5.78,2.137777777777778
33.988,-3.08,6.33,2.2144444444444447
34.008,-2.76,6.32,2.296666666666667
34.028,-2.03,6.69,2.3777777777777778
34.048,-1.48,6.86,2.4544444444444444
34.068,-0.87,7.01,2.5411111111111113
34.088,0.13,7.3,2.63
34.108,0.66,7.48,2.7111111111111112
34.128,1.42,7.59,2.8
34.148,2.24,7.8,2.881111111111111
34.168,3.08,7.82,2.968888888888889
34.188,3.72,7.95,3.05
34.208,4.12,8.1,3.13
34.228,5.66,7.98,3.22
34.248,6.04,7.98,3.3033333333333332
34.268,7.55,7.86,3.381111111111111
34.288,7.99,7.68,3.46
34.308,9.15,7.57,3.54
34.328,10.03,7.14,3.6144444444444446
34.348,10.94,7.34,3.6844444444444444
34.368,11.99,6.4,3.76
34.388,13.14,6.09,3.8255555555555554
34.408,13.57,5.93,3.89
34.428,14.56,5.04,3.9455555555555555
34.448,15.17,4.69,4.01
34.468,15.79,4.21,4.053333333333334
34.488,16.21,3.64,4.095555555555555
34.508,16.73,2.72,4.14
34.528,17.07,2.44,4.165555555555556
34.548,17.34,1.41,4.187777777777778
34.568,17.56,0.82,4.197777777777778
34.588,17.63,0.23,4.208888888888889
34.608,17.62,-0.2,4.2011111111111115
34.628,17.24,-1.48,4.195555555555556
34.648,16.92,-2.28,4.187777777777778
34.668,16.84,-2.21,4.165555555555556
34.688,16.41,-3.24,4.134444444444444
34.708,15.67,-4.13,4.1
34.728,15.51,-3.89,4.054444444444444
34.748,14.5,-4.9,4.003333333333333
34.768,13.74,-5.69,3.95
34.788,13.18,-5.44,3.891111111111111
34.808,12.33,-6.08,3.827777777777778
34.828,11.08,-6.83,3.76
34.848,10.65,-6.4,3.6822222222222223
34.868,9.16,-7.3,3.61
34.888,8.56,-7.21,3.53
34.908,7.66,-7.38,3.4444444444444446
34.928,6.56,-7.8,3.3644444444444446
34.948,5.88,-7.49,3.2744444444444443
34.968,4.83,-7.73,3.1855555555555557
34.988,3.89,-7.81,3.0955555555555554
35.008,3.33,-7.53,3.0033333333333334
35.028,1.81,-7.64,2.901111111111111
35.048,1.53,-7.38,2.8255555555555554
35.068,0.72,-7.3,2.7333333333333334
35.088,0.0,-7.23,2.641111111111111
35.108,-0.6,-7.05,2.548888888888889
35.128,-1.26,-6.93,2.4611111111111112
35.148,-2.15,-6.64,2.3766666666666665
35.168,-2.47,-6.46,2.287777777777778
35.188,-3.54,-6.22,2.203333333333333
35.208,-3.91,-5.74,2.118888888888889
35.228,-4.24,-5.77,2.0366666666666666
35.248,-4.77,-5.39,1.9522222222222223
35.268,-5.22,-5.29,1.87
35.288,-5.35,-4.89,1.788888888888889
35.308,-5.93,-4.71,1.7066666666666668
35.328,-6.41,-4.12,1.6233333333333333
35.348,-6.48,-4.31,1.5433333333333332
35.368,-6.8,-4.24,1.4644444444444444
35.388,-7.17,-3.61,1.3866666666666667
35.408,-7.33,-3.75,1.3155555555555556
35.428,-7.41,-3.61,1.241111111111111
35.448,-7.76,-3.37,1.1744444444444444
35.468,-7.93,-2.99,1.1088888888888888
35.488,-8.05,-3.2,1.0444444444444445
35.508,-8.12,-2.85,0.9844444444444445
35.528,-8.25,-2.82,0.9244444444444444
35.548,-8.38,-2.72,0.87
35.568,-8.56,-2.51,0.8133333333333334
35.588,-8.6,-2.37,0.7577777777777778
35.608,-8.71,-2.42,0.7011111111111111
35.628,-8.84,-1.92,0.6455555555555555
35.648,-8.9,-2.12,0.5911111111111111
35.668,-8.86,-2.04,0.5366666666666666
35.688,-9.01,-1.91,0.4822222222222222
35.708,-9.03,-1.8,0.4288888888888889
35.728,-9.05,-1.79,0.37555555555555553
35.748,-9.08,-1.7,0.32
35.768,-9.1,-1.62,0.2688888888888889
35.788,-9.16,-1.54,0.21666666666666667
35.808,-9.14,-1.54,0.16111111111111112
35.828,-9.17,-1.45,0.11
35.848,-9.23,-1.52,0.05444444444444444
35.868,-9.16,-1.39,0.0
35.888,-9.22,-1.5,-0.05333333333333334
35.908,-9.12,-1.55,-0.10888888888888888
35.928,-9.16,-1.57,-0.16111111111111112
35.948,-9.13,-1.52,-0.21555555555555556
35.968,-9.12,-1.69,-0.27111111111111114
35.988,-9.05,-1.69,-0.3244444444444444
36.008,-9.04,-1.69,-0.3788888888888889
36.028,-9.02,-1.76,-0.43222222222222223
36.048,-8.91,-1.92,-0.49
36.068,-8.86,-1.92,-0.5488888888888889
36.088,-8.78,-2.1,-0.6066666666666667
36.108,-8.74,-2.07,-0.6677777777777778
36.128,-8.65,-2.16,-0.73
36.148,-8.59,-2.33,-0.7933333333333333
36.168,-8.38,-2.45,-0.8633333333333333
36.188,-8.35,-2.5,-0.9277777777777778
36.208,-8.08,-2.76,-0.9977777777777778
36.228,-8.0,-2.92,-1.07
36.248,-7.73,-3.01,-1.14
36.268,-7.64,-3.29,-1.2144444444444444
36.288,-7.33,-3.49,-1.2922222222222222
36.308,-7.13,-3.69,-1.3666666666666667
36.328,-6.82,-3.95,-1.4422222222222223
36.348,-6.57,-4.17,-1.52
36.368,-6.26,-4.36,-1.5977777777777777
36.388,-6.02,-4.5,-1.6777777777777778
36.408,-5.62,-4.73,-1.7622222222222221
36.428,-5.25,-4.86,-1.8466666666666667
36.448,-4.79,-5.24,-1.9355555555555555
36.468,-4.36,-5.39,-2.0277777777777777
36.488,-3.93,-5.62,-2.1222222222222222
36.508,-3.26,-5.7,-2.216666666666667
36.528,-2.83,-6.08,-2.316666666666667
36.548,-2.09,-6.23,-2.4122222222222223
36.568,-1.48,-6.6,-2.51
36.588,-0.85,-6.57,-2.61
36.608,-0.01,-7.06,-2.7133333333333334
36.628,0.78,-6.83,-2.8155555555555556
36.648,1.59,-7.37,-2.9155555555555557
36.668,2.42,-7.27,-3.0166666666666666
36.688,3.26,-7.69,-3.1166666666666667
36.708,3.95,-7.75,-3.218888888888889
36.728,5.31,-7.55,-3.31
36.748,5.95,-7.78,-3.398888888888889
36.768,7.3,-7.68,-3.4855555555555555
36.788,8.06,-7.6,-3.5644444444444443
36.808,8.92,-7.52,-3.6433333333333335
36.828,9.85,-7.19,-3.7222222222222223
36.848,10.87,-6.95,-3.7888888888888888
36.868,11.61,-6.73,-3.8533333333333335
36.888,12.76,-6.17,-3.9166666666666665
36.908,13.79,-5.94,-3.9588888888888887
36.928,14.59,-4.93,-4.026666666666666
36.948,15.2,-4.8,-4.075555555555556
36.968,16.02,-4.46,-4.12
36.988,16.29,-3.16,-4.158888888888889
37.008,16.83,-2.93,-4.1866666666666665
37.028,17.18,-2.33,-4.211111111111111
37.048,17.37,-1.11,-4.224444444444444
37.068,17.69,-0.9,-4.238888888888889
37.088,17.77,-0.14,-4.233333333333333
37.108,17.55,0.48,-4.22
37.128,16.87,2.23,-4.2122222222222225
37.148,17.19,2.49,-4.195555555555556
37.168,16.88,2.02,-4.164444444444444
37.188,16.15,3.48,-4.1322222222222225
37.208,16.16,4.22,-4.108888888888889
37.228,15.61,3.93,-4.0633333333333335
37.248,14.54,5.1,-4.014444444444444
37.268,14.0,5.62,-3.9555555555555557
37.288,13.13,5.79,-3.86
37.308,12.25,6.1,-3.8244444444444445
37.328,11.41,6.81,-3.7155555555555555
37.348,10.57,6.94,-3.678888888888889
37.368,9.52,7.14,-3.56
37.388,8.89,7.63,-3.522222222222222
37.408,7.65,7.55,-3.397777777777778
37.428,7.03,7.55,-3.3544444444444443
37.448,5.92,7.85,-3.2222222222222223
37.468,5.14,7.88,-3.18
37.488,4.16,7.74,-3.0933333333333333
37.508,3.34,8.05,-3.0011111111111113
37.528,2.57,7.88,-2.918888888888889
37.548,1.73,7.44,-2.8366666666666664
37.568,1.28,7.53,-2.743333333333333
37.588,0.22,7.72,-2.6622222222222223
37.608,-0.4,7.22,-2.578888888888889
37.628,-0.95,7.68,-2.4988888888888887
37.648,-1.68,6.98,-2.418888888888889
37.668,-2.17,6.97,-2.3422222222222224
37.688,-3.13,7.09,-2.2688888888888887
37.708,-3.05,6.22,-2.1966666666666668
37.728,-3.75,6.27,-2.128888888888889
37.748,-4.46,5.8,-2.06
37.768,-4.68,5.86,-1.9955555555555555
37.788,-5.1,5.47,-1.931111111111111
37.808,-5.52,5.13,-1.87
37.828,-5.77,5.15,-1.8133333333333332
37.848,-6.19,4.73,-1.7544444444444445
37.868,-6.41,4.45,-1.7
37.888,-6.66,4.41,-1.6455555555555557
37.908,-6.93,3.95,-1.5933333333333333
37.928,-7.23,3.76,-1.54
37.948,-7.38,3.65,-1.4922222222222221
37.968,-7.63,3.23,-1.4422222222222223
37.988,-7.74,3.1,-1.3955555555555557
38.008,-7.95,2.85,-1.3466666666666667
38.028,-7.99,2.54,-1.301111111111111
38.048,-8.2,2.57,-1.2577777777777779
38.068,-8.21,2.24,-1.2166666666666666
38.088,-8.42,1.87,-1.1711111111111112
38.108,-8.6,1.81,-1.1388888888888888
38.128,-8.64,1.61,-1.0988888888888888
38.148,-8.77,1.41,-1.06
38.168,-8.78,1.26,-1.02
38.188,-9.01,1.14,-0.9833333333333333
38.208,-8.92,0.92,-0.9477777777777778
38.228,-9.08,0.66,-0.91
38.248,-9.05,0.7,-0.8733333333333333
38.268,-9.12,0.34,-0.84
38.288,-9.16,0.17,-0.8077777777777778
38.308,-9.19,0.27,-0.7711111111111111
38.328,-9.3,-0.04,-0.74
38.348,-9.28,-0.13,-0.7066666666666667
38.368,-9.23,-0.3,-0.6766666666666666
38.388,-9.38,-0.45,-0.6466666666666666
38.408,-9.3,-0.6,-0.6144444444444445
38.428,-9.29,-0.64,-0.5822222222222222
38.448,-9.45,-0.53,-0.55
38.468,-9.35,-0.97,-0.5188888888888888
38.488,-9.39,-1.04,-0.4866666666666667
38.508,-9.42,-0.9,-0.45444444444444443
38.528,-9.39,-0.91,-0.4222222222222222
38.548,-9.41,-1.64,-0.3877777777777778
38.568,-9.46,-1.49,-0.35444444444444445
38.588,-9.44,-1.33,-0.32
38.608,-9.42,-1.71,-0.28555555555555556
38.628,-9.65,-1.5,-0.25
38.648,-9.49,-1.55,-0.21333333333333335
38.668,-9.44,-1.69,-0.17777777777777778
38.688,-9.41,-1.84,-0.14444444444444443
38.708,-9.53,-1.41,-0.10777777777777778
38.728,-9.5,-1.81,-0.07333333333333333
38.748,-9.51,-1.59,-0.03666666666666667
38.768,-9.4,-1.73,-0.0011111111111111111
38.788,-9.37,-1.77,0.03
38.808,-9.53,-1.54,0.06222222222222222
38.828,-9.45,-1.64,0.09777777777777778
38.848,-9.45,-1.61,0.1288888888888889
38.868,-9.44,-1.52,0.16333333333333333
38.888,-9.46,-1.47,0.19777777777777777
38.908,-9.42,-1.54,0.24555555555555555
38.928,-9.45,-1.34,0.27666666666666667
38.948,-9.44,-1.27,0.31
38.968,-9.45,-1.43,0.34444444444444444
38.988,-9.44,-1.09,0.37777777777777777
39.008,-9.42,-1.16,0.4111111111111111
39.028,-9.39,-1.1,0.44666666666666666
39.048,-9.47,-0.91,0.4777777777777778
39.068,-9.42,-0.79,0.5144444444444445
39.088,-9.39,-0.79,0.5488888888888889
39.108,-9.39,-0.67,0.5866666666666667
39.128,-9.33,-0.57,0.6211111111111111
39.148,-9.31,-0.44,0.6577777777777778
39.168,-9.22,-0.39,0.6944444444444444
39.188,-9.22,-0.16,0.7322222222222222
39.208,-9.23,0.03,0.7733333333333333
39.228,-9.12,0.12,0.81
39.248,-9.11,0.16,0.85
39.268,-9.01,0.56,0.89
39.288,-8.98,0.57,0.9355555555555556
39.308,-8.98,0.78,0.9766666666666667
39.328,-8.81,0.79,1.02
39.348,-8.67,1.12,1.0677777777777777
39.368,-8.67,1.3,1.1122222222222222
39.388,-8.57,1.58,1.16
39.408,-8.39,1.73,1.2055555555555555
39.428,-8.24,2.09,1.2544444444444445
39.448,-8.12,2.27,1.3044444444444445
39.468,-7.93,2.4,1.3566666666666667
39.488,-7.81,2.75,1.41
39.508,-7.55,3.04,1.4633333333333334
39.528,-7.34,3.14,1.518888888888889
39.548,-7.13,3.49,1.5744444444444445
39.568,-6.85,3.68,1.6333333333333333
39.588,-6.52,4.03,1.6955555555555555
39.608,-6.29,4.24,1.7555555555555555
39.628,-5.88,4.47,1.82
39.648,-5.64,4.76,1.8811111111111112
39.668,-5.2,5.13,1.95
39.688,-4.94,5.19,2.0155555555555558
39.708,-4.37,5.81,2.0833333333333335
39.728,-3.93,5.81,2.152222222222222
39.748,-3.49,6.08,2.221111111111111
39.768,-2.98,6.45,2.2911111111111113
39.788,-2.4,6.6,2.361111111111111
39.808,-1.8,6.96,2.4322222222222223
39.828,-1.12,7.05,2.5055555555555555
39.848,-0.82,7.23,2.578888888888889
39.868,0.21,7.51,2.6566666666666667
39.888,0.62,7.58,2.7311111111111113
39.908,1.65,7.77,2.807777777777778
39.928,2.36,7.9,2.8855555555555554
39.948,3.13,7.89,2.966666666666667
39.968,3.93,8.15,3.0477777777777777
39.988,4.24,8.03,3.1244444444444444
40.008,5.51,8.07,3.2144444444444447
40.028,6.09,8.04,3.2933333333333334
40.048,7.49,7.79,3.3722222222222222
40.068,8.07,7.67,3.451111111111111
40.088,9.13,7.58,3.5322222222222224
40.108,9.85,7.25,3.611111111111111
40.128,10.9,7.03,3.6777777777777776
40.148,12.04,6.6,3.75
40.168,12.58,6.23,3.818888888888889
40.188,13.63,5.87,3.882222222222222
40.208,14.16,5.44,3.94
40.228,15.4,4.43,4.001111111111111
40.248,15.84,4.13,4.041111111111111
40.268,16.13,3.71,4.0777777777777775
40.288,16.75,2.79,4.12
40.308,17.1,2.26,4.154444444444445
40.328,17.44,1.54,4.163333333333333
40.348,17.46,0.99,4.178888888888889
40.368,17.57,0.16,4.185555555555555
40.388,17.53,-0.27,4.1755555555555555
40.408,17.31,-1.77,4.184444444444445
40.428,17.11,-2.45,4.164444444444444
40.448,16.8,-2.0,4.141111111111111
40.468,16.2,-3.02,4.11
40.488,15.55,-4.12,4.068888888888889
40.508,15.39,-3.76,4.03
40.528,14.37,-5.04,3.98
40.548,13.57,-5.58,3.92
40.568,13.14,-5.42,3.86
40.588,12.17,-6.08,3.796666666666667
40.608,11.08,-6.68,3.7255555555555557
40.628,10.77,-6.49,3.65
40.648,9.18,-7.21,3.5766666666666667
40.668,8.46,-7.41,3.49
40.688,7.77,-7.39,3.411111111111111
40.708,6.61,-7.64,3.327777777777778
40.728,5.7,-7.64,3.24
40.748,5.11,-7.8,3.152222222222222
40.768,3.76,-7.64,3.0644444444444443
40.788,3.28,-7.74,2.9744444444444444
40.808,2.1,-8.01,2.87
40.828,1.29,-8.19,2.7944444444444443
40.848,0.87,-7.11,2.7066666666666666
40.868,0.2,-7.59,2.617777777777778
40.888,-0.68,-7.18,2.53
40.908,-1.1,-6.84,2.442222222222222
40.928,-2.06,-6.87,2.36
40.948,-2.41,-6.42,2.276666666666667
40.968,-2.68,-6.31,2.1966666666666668
40.988,-3.4,-6.45,2.1155555555555554
41.008,-3.92,-6.4,2.0388888888888888
41.028,-4.39,-5.75,1.96
41.048,-4.86,-5.54,1.89
41.068,-5.11,-5.59,1.8133333333333332
41.088,-5.97,-4.95,1.7444444444444445
41.108,-6.09,-4.79,1.6755555555555555
41.128,-6.46,-4.38,1.6066666666666667
41.148,-6.66,-4.42,1.5422222222222222
41.168,-6.94,-4.12,1.478888888888889
41.188,-7.14,-3.96,1.4166666666666667
41.208,-7.46,-3.72,1.3577777777777778
41.228,-7.51,-3.53,1.298888888888889
41.248,-7.75,-3.58,1.2455555555555555
41.268,-7.81,-3.27,1.191111111111111
41.288,-8.15,-2.84,1.1444444444444444
41.308,-8.22,-2.81,1.0933333333333333
41.328,-8.37,-2.64,1.0455555555555556
41.348,-8.39,-2.64,0.9988888888888889
41.368,-8.54,-2.28,0.95
41.388,-8.65,-2.1,0.9055555555555556
41.408,-8.69,-2.1,0.86
41.428,-8.86,-1.93,0.8155555555555556
41.448,-8.88,-1.63,0.7722222222222223
41.468,-8.98,-1.67,0.7266666666666667
41.488,-9.15,-1.51,0.6811111111111111
41.508,-9.11,-1.14,0.6355555555555555
41.528,-9.07,-1.31,0.5922222222222222
41.548,-9.22,-1.37,0.5466666666666666
41.568,-9.25,-0.69,0.5033333333333333
41.588,-9.26,-0.91,0.4633333333333333
41.608,-9.3,-1.07,0.42
41.628,-9.3,-0.65,0.3788888888888889
41.648,-9.3,-0.66,0.33555555555555555
41.668,-9.41,-0.87,0.29333333333333333
41.688,-9.26,-0.49,0.25666666666666665
41.708,-9.44,-0.6,0.21666666666666667
41.728,-9.35,-0.69,0.17555555555555555
41.748,-9.51,-0.48,0.13444444444444445
41.768,-9.47,-0.36,0.09444444444444444
41.788,-9.37,-0.64,0.05555555555555555
41.808,-9.46,-0.42,0.014444444444444444
41.828,-9.48,-0.17,-0.025555555555555557
41.848,-9.51,-0.7,-0.06333333333333334
41.868,-9.36,-0.47,-0.10444444444444445
41.888,-9.49,-0.32,-0.14222222222222222
41.908,-9.41,-0.55,-0.18222222222222223
41.928,-9.38,-0.58,-0.22
41.948,-9.41,-0.56,-0.2588888888888889
41.968,-9.28,-0.72,-0.3
41.988,-9.38,-0.73,-0.3411111111111111
42.008,-9.31,-0.72,-0.38
42.028,-9.24,-0.88,-0.4211111111111111
42.048,-9.24,-0.93,-0.46444444444444444
42.068,-9.23,-0.94,-0.5066666666666667
42.088,-9.11,-1.17,-0.5477777777777778
42.108,-9.11,-1.28,-0.5922222222222222
42.128,-9.01,-1.33,-0.6377777777777778
42.148,-9.03,-1.48,-0.6811111111111111
42.168,-8.97,-1.5,-0.73
42.188,-8.98,-1.65,-0.7777777777777778
42.208,-8.85,-1.64,-0.8011111111111111
42.228,-8.76,-1.99,-0.8777777777777778
42.248,-8.63,-2.15,-0.9044444444444445
42.268,-8.55,-2.32,-0.9788888888888889
42.288,-8.44,-2.34,-1.0077777777777779
42.308,-8.33,-2.65,-1.0888888888888888
42.328,-8.17,-2.71,-1.1155555555555556
42.348,-8.02,-2.96,-1.2
42.368,-7.72,-3.15,-1.23
42.388,-7.6,-3.49,-1.2877777777777777
42.408,-7.41,-3.35,-1.3855555555555557
42.428,-7.17,-3.79,-1.4166666666666667
42.448,-6.86,-4.02,-1.5177777777777777
42.468,-6.67,-4.17,-1.5522222222222222
42.488,-6.53,-4.34,-1.6244444444444444
42.508,-5.92,-4.91,-1.6977777777777778
42.528,-5.72,-4.65,-1.7744444444444445
42.548,-5.34,-5.01,-1.85
42.568,-4.87,-5.34,-1.931111111111111
42.588,-4.45,-5.51,-2.0144444444444445
42.608,-3.99,-5.7,-2.098888888888889
42.628,-3.4,-6.21,-2.1822222222222223
42.648,-2.98,-6.04,-2.267777777777778
42.668,-2.31,-6.64,-2.35
42.688,-1.74,-6.79,-2.431111111111111
42.708,-1.11,-7.05,-2.517777777777778
42.728,-0.49,-7.11,-2.5966666666666667
42.748,0.22,-7.52,-2.68
42.768,1.26,-7.6,-2.761111111111111
42.788,2.16,-7.63,-2.8422222222222224
42.808,2.81,-7.84,-2.9277777777777776
42.828,3.81,-7.52,-3.0055555555555555
42.848,4.53,-8.03,-3.0922222222222224
42.868,5.45,-7.65,-3.17
42.888,6.14,-7.87,-3.2511111111111113
42.908,7.75,-7.77,-3.332222222222222
42.928,8.09,-7.44,-3.4066666666666667
42.948,8.99,-7.45,-3.486666666666667
42.968,9.84,-6.98,-3.562222222222222
42.988,10.85,-6.84,-3.631111111111111
43.008,11.43,-6.5,-3.701111111111111
43.028,12.63,-5.97,-3.7644444444444445
43.048,13.3,-5.7,-3.8266666666666667
43.068,14.04,-5.24,-3.868888888888889
43.088,14.83,-4.67,-3.9322222222222223
43.108,15.42,-4.15,-3.9766666666666666
43.128,15.76,-3.74,-4.016666666666667
43.148,16.44,-2.77,-4.0488888888888885
43.168,16.61,-2.44,-4.071111111111111
43.188,17.01,-1.65,-4.092222222222222
43.208,17.13,-0.97,-4.1
43.228,17.2,-0.33,-4.107777777777778
43.248,17.11,0.11,-4.1
43.268,17.07,1.1,-4.091111111111111
43.288,16.88,2.06,-4.075555555555556
43.308,16.69,2.08,-4.051111111111111
43.328,16.3,2.78,-4.018888888888889
43.348,15.64,3.89,-3.9844444444444442
43.368,15.34,3.94,-3.94
43.388,14.37,4.76,-3.89
43.408,13.94,5.26,-3.8255555555555554
43.428,13.11,5.57,-3.7688888888888887
43.448,12.36,5.95,-3.701111111111111
43.468,11.49,6.55,-3.637777777777778
43.488,10.77,6.72,-3.5566666666666666
43.508,9.74,6.97,-3.4844444444444442
43.528,9.08,7.33,-3.4033333333333333
43.548,7.86,7.22,-3.33
43.568,7.25,7.68,-3.2344444444444442
43.588,6.19,7.91,-3.1533333333333333
43.608,5.51,7.78,-3.0677777777777777
43.628,4.29,7.83,-2.9833333333333334
43.648,3.53,7.87,-2.8933333333333335
43.668,2.67,7.8,-2.8055555555555554
43.688,1.98,7.83,-2.718888888888889
43.708,1.18,7.68,-2.6333333333333333
43.728,0.64,7.63,-2.55
43.748,-0.13,7.56,-2.4644444444444447
43.768,-0.55,7.53,-2.382222222222222
43.788,-1.47,8.1,-2.31
43.808,-1.97,6.84,-2.2222222222222223
43.828,-2.32,7.1,-2.147777777777778
43.848,-2.66,6.97,-2.071111111111111
43.868,-3.6,6.59,-2.0
43.888,-3.8,6.31,-1.9244444444444444
43.908,-4.14,6.15,-1.8544444444444443
43.928,-4.57,6.06,-1.7844444444444445
43.948,-5.06,5.6,-1.7166666666666666
43.968,-5.3,5.63,-1.65
43.988,-5.64,5.21,-1.5811111111111111
44.008,-5.98,5.13,-1.511111111111111
44.028,-6.26,4.61,-1.44
44.048,-6.61,4.63,-1.3711111111111112
44.068,-6.68,4.33,-1.2977777777777777
44.088,-7.07,4.23,-1.2255555555555555
44.108,-7.33,3.84,-1.15
44.128,-7.51,3.6,-1.0777777777777777
44.148,-7.55,3.69,-1.0022222222222221
44.168,-7.62,3.44,-0.93
44.188,-7.98,3.24,-0.8566666666666667
44.208,-8.03,2.9,-0.7811111111111111
44.228,-8.11,3.09,-0.7122222222222222
44.248,-8.19,2.93,-0.64
44.268,-8.25,2.82,-0.57
44.288,-8.32,2.81,-0.5011111111111111
44.308,-8.43,2.63,-0.43
44.328,-8.47,2.59,-0.36444444444444446
44.348,-8.53,2.6,-0.29555555555555557
44.368,-8.56,2.61,-0.22666666666666666
44.388,-8.63,2.29,-0.15888888888888889
44.408,-8.62,2.5,-0.09333333333333334
44.428,-8.66,2.46,-0.023333333333333334
44.448,-8.59,2.46,0.04777777777777778
44.468,-8.61,2.43,0.11333333333333333
44.488,-8.59,2.55,0.1811111111111111
44.508,-8.55,2.47,0.2511111111111111
44.528,-8.5,2.69,0.32
44.548,-8.42,2.63,0.39
44.568,-8.31,2.76,0.46111111111111114
44.588,-8.19,2.84,0.5288888888888889
44.608,-8.18,2.94,0.6
44.628,-8.09,3.08,0.67
44.648,-7.86,3.12,0.7433333333333333
44.668,-7.84,3.19,0.8166666666666667
44.688,-7.62,3.56,0.89
44.708,-7.46,3.53,0.97
44.728,-7.33,3.64,1.0466666666666666
44.748,-7.06,3.72,1.1266666666666667
44.768,-6.78,4.01,1.2077777777777778
44.788,-6.66,4.06,1.2933333333333332
44.808,-6.18,4.25,1.3777777777777778
44.828,-6.18,4.65,1.4644444444444444
44.848,-5.57,5.02,1.5555555555555556
44.868,-5.34,4.74,1.65
44.888,-4.79,5.26,1.741111111111111
44.908,-4.63,5.29,1.8366666666666667
44.928,-3.75,5.8,1.9355555555555555
44.948,-3.51,5.8,2.0366666666666666
44.968,-3.0,5.85,2.1344444444444446
44.988,-2.27,6.37,2.2377777777777776
45.008,-1.55,6.04,2.3455555555555554
45.028,-0.81,6.93,2.45
45.048,-0.46,6.42,2.56
45.068,0.16,6.92,2.66
45.088,1.67,7.12,2.7666666666666666
45.108,2.03,7.2,2.88
45.128,3.04,7.32,2.9844444444444442
45.148,3.77,7.41,3.091111111111111
45.168,4.86,7.49,3.19
45.188,6.01,7.78,3.296666666666667
45.208,7.07,7.22,3.3955555555555557
45.228,7.47,7.84,3.49
45.248,8.95,7.28,3.59
45.268,9.7,7.37,3.672222222222222
45.288,10.83,7.24,3.76
45.308,12.01,6.65,3.838888888888889
45.328,13.04,6.5,3.9144444444444444
45.348,13.71,5.97,3.982222222222222
45.368,14.71,5.57,4.043333333333333
45.388,15.21,5.06,4.11
45.408,16.11,4.45,4.155555555555556
45.428,16.47,3.8,4.2011111111111115
45.448,17.14,3.22,4.243333333333333
45.468,17.45,2.54,4.288888888888889
45.488,17.86,1.82,4.307777777777778
45.508,17.9,1.1,4.3244444444444445
45.528,18.18,0.49,4.34
45.548,18.07,-0.27,4.348888888888889
45.568,17.98,-0.9,4.3277777777777775
45.588,17.95,-2.4,4.331111111111111
45.608,17.42,-2.27,4.31
45.628,17.17,-2.74,4.288888888888889
45.648,16.36,-4.55,4.2555555555555555
45.668,15.81,-3.94,4.217777777777778
45.688,15.14,-4.84,4.171111111111111
45.708,14.11,-5.68,4.1177777777777775
45.728,13.52,-5.48,4.057777777777778
45.748,12.83,-6.11,3.993333333333333
45.768,11.31,-6.76,3.9277777777777776
45.788,11.07,-6.71,3.8566666666666665
45.808,9.58,-7.29,3.783333333333333
45.828,8.82,-7.51,3.7
45.848,7.94,-7.42,3.618888888888889
45.868,6.87,-7.82,3.5322222222222224
45.888,5.92,-7.62,3.4455555555555555
45.908,5.11,-7.76,3.36
45.928,3.91,-7.72,3.23
45.948,3.32,-7.63,3.1855555555555557
45.968,2.1,-7.65,3.046666666666667
45.988,1.54,-7.55,3.0155555555555558
46.008,0.86,-7.41,2.888888888888889
46.028,-0.05,-8.2,2.816666666666667
46.048,-0.69,-7.12,2.7255555555555557
46.068,-1.61,-6.74,2.647777777777778
46.088,-1.99,-6.63,2.5733333333333333
46.108,-2.9,-6.62,2.5
46.128,-3.49,-5.91,2.428888888888889
46.148,-3.59,-6.11,2.358888888888889
46.168,-3.89,-5.57,2.29
46.188,-4.8,-5.08,2.2244444444444444
46.208,-5.2,-4.94,2.1555555555555554
46.228,-5.48,-4.41,2.091111111111111
46.248,-6.16,-4.33,2.03
46.268,-6.27,-3.77,1.968888888888889
46.288,-6.78,-3.66,1.9066666666666667
46.308,-6.69,-3.39,1.8444444444444446
46.328,-7.33,-3.02,1.7822222222222222
46.348,-7.42,-2.29,1.72
46.368,-7.81,-2.29,1.6611111111111112
46.388,-7.87,-1.88,1.5966666666666667
46.408,-8.13,-1.65,1.5344444444444445
46.428,-8.19,-1.41,1.47
46.448,-8.36,-0.81,1.4044444444444444
46.468,-8.48,-0.76,1.3366666666666667
46.488,-8.63,-0.64,1.268888888888889
46.508,-8.72,-0.22,1.2
46.528,-8.89,0.1,1.1288888888888888
46.548,-8.99,0.29,1.0566666666666666
46.568,-8.95,0.57,0.9888888888888889
46.588,-9.13,0.53,0.9177777777777778
46.608,-9.09,0.74,0.8477777777777777
46.628,-9.29,1.19,0.7744444444444445
46.648,-9.27,1.14,0.7055555555555556
46.668,-9.21,1.06,0.6333333333333333
46.688,-9.4,1.9,0.5633333333333334
46.708,-9.51,1.49,0.49333333333333335
46.728,-9.4,1.51,0.4222222222222222
46.748,-9.41,1.72,0.3566666666666667
46.768,-11.64,2.33,0.31444444444444447
46.788,-2.27,-13.85,0.3488888888888889
46.808,-13.8,7.16,0.31444444444444447
46.828,-10.52,-1.37,0.3244444444444444
46.848,-7.07,1.79,0.3466666666666667
46.868,-8.33,-3.95,0.31666666666666665
46.888,-11.23,1.84,0.32555555555555554
46.908,-7.25,2.67,0.33444444444444443
46.928,-10.47,1.83,0.3477777777777778
46.948,-10.77,-1.37,0.33666666666666667
46.968,-8.76,1.64,0.3477777777777778
46.988,-9.29,0.9,0.3522222222222222
47.008,-10.0,0.17,0.3611111111111111
47.028,-9.47,4.11,0.36
47.048,-9.04,0.56,0.37444444444444447
47.068,-9.69,-0.05,0.38666666666666666
47.088,-9.18,1.59,0.39
47.108,-9.19,1.41,0.4
47.128,-9.65,1.25,0.41333333333333333
47.148,-9.38,1.76,0.4222222222222222
47.168,-8.88,1.66,0.43444444444444447
47.188,-9.1,1.34,0.45
47.208,-9.22,1.33,0.4588888888888889
47.228,-9.03,1.79,0.47444444444444445
47.248,-9.3,2.12,0.48777777777777775
47.268,-9.14,1.75,0.5033333333333333
47.288,-8.99,2.03,0.5211111111111111
47.308,-8.96,2.23,0.54
47.328,-8.9,2.03,0.56
47.348,-8.95,2.32,0.5766666666666667
47.368,-8.81,2.5,0.5866666666666667
47.388,-8.82,2.31,0.6188888888888889
47.408,-8.75,2.45,0.6288888888888889
47.428,-8.61,2.76,0.6644444444444444
47.448,-8.69,2.68,0.6788888888888889
47.468,-8.6,2.79,0.7155555555555555
47.488,-8.38,4.67,0.7288888888888889
47.508,-9.03,4.35,0.69
47.528,-8.45,5.0,0.6233333333333333
47.548,-8.51,5.52,0.56
47.568,-8.28,5.52,0.5022222222222222
47.588,-8.6,5.2,0.4711111111111111
47.608,-8.5,4.92,0.37666666666666665
47.628,-8.35,6.08,0.34444444444444444
47.648,-8.39,6.07,0.2733333333333333
47.668,-8.44,5.64,0.19444444444444445
47.688,-8.41,6.03,0.11
47.708,-8.19,6.2,0.03
47.728,-8.42,5.84,-0.042222222222222223
47.748,-8.39,5.69,-0.11666666666666667
47.768,-8.31,5.82,-0.19111111111111112
47.788,-8.37,5.51,-0.25666666666666665
47.808,-8.34,5.26,-0.31555555555555553
47.828,-8.43,5.34,-0.3977777777777778
47.848,-8.39,5.2,-0.4222222222222222
47.868,-8.49,4.81,-0.4911111111111111
47.888,-8.44,4.87,-0.5177777777777778
47.908,-8.56,4.64,-0.56
47.928,-8.51,4.51,-0.6066666666666667
47.948,-8.45,4.48,-0.65
47.968,-8.48,4.21,-0.6888888888888889
47.988,-8.56,3.97,-0.7333333333333333
48.008,-8.68,3.95,-0.78
48.028,-8.72,3.62,-0.8233333333333334
48.048,-8.76,3.22,-0.8555555555555555
48.068,-8.84,3.05,-0.8811111111111111
48.088,-8.93,2.88,-0.9033333333333333
48.108,-8.99,2.34,-0.9233333333333333
48.128,-9.05,1.99,-0.93
48.148,-8.74,1.49,-0.92
48.168,-8.96,1.42,-0.9066666666666666
48.188,-9.12,1.44,-0.8955555555555555
48.208,-8.81,1.21,-0.8844444444444445
48.228,-8.97,0.79,-0.8755555555555555
48.248,-9.12,0.72,-0.8677777777777778
48.268,-8.97,0.98,-0.8588888888888889
48.288,-9.14,0.54,-0.8544444444444445
48.308,-9.2,0.22,-0.8522222222222222
48.328,-9.1,0.43,-0.8488888888888889
48.348,-9.27,0.17,-0.85
48.368,-9.28,-0.15,-0.85
48.388,-9.19,-0.01,-0.8511111111111112
48.408,-9.28,-0.37,-0.8577777777777778
48.428,-9.22,-0.48,-0.8622222222222222
48.448,-9.17,-0.5,-0.8711111111111111
48.468,-9.15,-0.82,-0.8788888888888889
48.488,-9.09,-0.82,-0.8877777777777778
48.508,-9.06,-0.92,-0.9
48.528,-9.01,-1.18,-0.9122222222222223
48.548,-8.94,-1.2,-0.9266666666666666
48.568,-8.92,-1.48,-0.9433333333333334
48.588,-8.82,-1.61,-0.9633333333333334
48.608,-8.8,-1.76,-0.9833333333333333
48.628,-8.74,-1.91,-1.0066666666666666
48.648,-8.67,-2.15,-1.0322222222222222
48.668,-8.62,-2.27,-1.0544444444444445
48.688,-8.38,-2.57,-1.0833333333333333
48.708,-8.38,-2.79,-1.1133333333333333
48.728,-8.32,-2.72,-1.1433333333333333
48.748,-8.27,-3.08,-1.1733333333333333
48.768,-7.9,-3.33,-1.2066666666666668
48.788,-8.06,-3.44,-1.2422222222222221
48.808,-7.82,-3.45,-1.281111111111111
48.828,-7.46,-3.88,-1.32
48.848,-7.46,-3.98,-1.3611111111111112
48.868,-6.95,-4.02,-1.4044444444444444
48.888,-6.86,-4.68,-1.451111111111111
48.908,-6.79,-4.34,-1.498888888888889
48.928,-6.44,-5.1,-1.55
48.948,-5.81,-5.33,-1.6033333333333333
48.968,-5.89,-5.13,-1.6588888888888889
48.988,-5.58,-5.29,-1.7144444444444444
49.008,-4.98,-5.94,-1.7744444444444445
49.028,-4.75,-5.77,-1.8355555555555556
49.048,-4.47,-5.99,-1.8977777777777778
49.068,-3.9,-6.29,-1.9644444444444444
49.088,-3.58,-6.59,-2.0344444444444445
49.108,-3.19,-6.34,-2.101111111111111
49.128,-2.46,-7.1,-2.172222222222222
49.148,-2.0,-6.88,-2.2444444444444445
49.168,-1.49,-7.31,-2.32
49.188,-0.68,-7.26,-2.398888888888889
49.208,-0.45,-7.54,-2.4722222222222223
49.228,-0.01,-7.2,-2.5533333333333332
49.248,1.21,-8.05,-2.63
49.268,2.3,-7.88,-2.718888888888889
49.288,2.91,-8.23,-2.787777777777778
49.308,3.1,-7.82,-2.867777777777778
49.328,4.58,-8.02,-2.9455555555555555
49.348,5.17,-7.83,-3.0188888888888887
49.368,5.0,-7.94,-3.0866666666666664
49.388,6.51,-8.14,-3.1555555555555554
49.408,8.0,-7.75,-3.2255555555555557
49.428,8.29,-7.57,-3.281111111111111
49.448,8.89,-7.65,-3.3444444444444446
49.468,9.7,-6.98,-3.4077777777777776
49.488,10.95,-6.92,-3.46
49.508,11.4,-6.36,-3.51
49.528,12.47,-6.2,-3.5522222222222224
49.548,12.83,-5.54,-3.5944444444444446
49.568,13.72,-5.03,-3.6266666666666665
49.588,14.02,-4.82,-3.6566666666666667
49.608,14.56,-4.34,-3.6777777777777776
49.628,14.84,-3.82,-3.6955555555555555
49.648,15.22,-2.83,-3.71
49.668,15.43,-2.3,-3.72
49.688,15.9,-1.57,-3.716666666666667
49.708,15.83,-0.83,-3.727777777777778
49.728,15.96,-2.14,-3.72
49.748,15.84,1.33,-3.723333333333333
49.768,15.01,0.93,-3.698888888888889
49.788,16.27,1.22,-3.683333333333333
49.808,15.28,2.14,-3.6577777777777776
49.828,15.18,3.02,-3.6233333333333335
49.848,14.76,3.1,-3.5855555555555556
49.868,14.28,3.82,-3.5388888888888888
49.888,13.66,4.87,-3.497777777777778
49.908,13.16,4.15,-3.4455555555555555
49.928,12.47,5.37,-3.387777777777778
49.948,11.52,5.63,-3.3266666666666667
49.968,11.25,6.01,-3.26
49.988,10.31,6.13,-3.19
50.008,9.65,6.64,-3.117777777777778
50.028,9.09,6.71,-3.042222222222222
50.048,8.32,6.96,-2.968888888888889
50.068,7.49,7.28,-2.882222222222222
50.088,6.63,7.52,-2.8
50.108,5.92,7.49,-2.72
50.128,5.12,7.66,-2.64
50.148,4.55,7.75,-2.551111111111111
50.168,3.72,7.81,-2.4611111111111112
50.188,3.27,7.91,-2.38
50.208,2.35,7.79,-2.292222222222222
50.228,2.05,7.97,-2.2066666666666666
50.248,1.23,7.78,-2.1166666666666667
50.268,0.8,7.82,-2.031111111111111
50.288,0.29,7.92,-1.9477777777777778
50.308,-0.39,6.4,-1.8711111111111112
50.328,-0.51,8.22,-1.78
50.348,-1.32,8.34,-1.6966666666666668
50.368,-1.39,7.05,-1.6177777777777778
50.388,-1.82,6.7,-1.5344444444444445
50.408,-2.59,7.66,-1.4544444444444444
50.428,-2.8,6.97,-1.3777777777777778
50.448,-3.43,7.29,-1.3
50.468,-3.57,7.1,-1.2244444444444444
50.488,-3.87,6.84,-1.1488888888888888
50.508,-4.29,6.94,-1.0766666666666667
50.528,-4.27,6.7,-1.0044444444444445
50.548,-4.74,6.69,-0.9311111111111111
50.568,-4.65,6.52,-0.8622222222222222
50.588,-4.91,6.64,-0.79
50.608,-5.21,6.04,-0.72
50.628,-5.21,6.38,-0.6522222222222223
50.648,-5.37,6.34,-0.5855555555555556
50.668,-5.6,6.23,-0.5177777777777778
50.688,-5.6,6.17,-0.45
50.708,-5.74,6.19,-0.3811111111111111
50.728,-5.83,5.78,-0.31222222222222223
50.748,-5.75,6.04,-0.24
50.768,-5.82,5.92,-0.16555555555555557
50.788,-5.87,5.72,-0.09
50.808,-5.76,5.93,-0.012222222222222223
50.828,-5.89,5.54,0.06666666666666667
50.848,-5.85,5.86,0.14777777777777779
50.868,-5.78,5.58,0.2311111111111111
50.888,-5.87,5.66,0.31555555555555553
50.908,-5.59,5.7,0.4066666666666667
50.928,-5.43,5.81,0.49444444444444446
50.948,-5.44,5.58,0.5888888888888889
50.968,-5.19,5.62,0.6855555555555556
50.988,-5.02,6.13,0.7844444444444445
51.008,-4.9,5.64,0.8844444444444445
51.028,-4.5,5.97,0.9855555555555555
51.048,-4.43,6.06,1.0922222222222222
51.068,-4.08,6.1,1.1977777777777778
51.088,-3.5,6.24,1.3055555555555556
51.108,-3.21,6.26,1.4133333333333333
51.128,-3.1,6.39,1.5222222222222221
51.148,-2.25,6.7,1.6311111111111112
51.168,-1.83,6.58,1.741111111111111
51.188,-1.28,6.85,1.8511111111111112
51.208,-0.79,6.91,1.9655555555555555
51.228,0.09,7.1,2.0755555555555554
51.248,0.68,7.07,2.1944444444444446
51.268,1.55,7.04,2.3055555555555554
51.288,2.16,7.33,2.422222222222222
51.308,2.9,7.4,2.5388888888888888
51.328,3.67,7.0,2.652222222222222
51.348,4.72,7.07,2.767777777777778
51.368,5.51,7.13,2.8766666666666665
51.388,6.1,7.34,2.99
51.408,7.52,7.19,3.101111111111111
51.428,8.24,6.91,3.21
51.448,8.5,7.12,3.312222222222222
51.468,11.35,7.94,3.408888888888889
51.488,10.07,4.68,3.506666666666667
51.508,12.64,7.52,3.5866666666666664
51.528,11.37,5.82,3.672222222222222
51.548,14.3,5.91,3.7377777777777776
51.568,13.46,4.76,3.8
51.588,14.97,5.13,3.8566666666666665
51.608,15.07,3.12,3.9155555555555557
51.628,15.87,4.08,3.9433333333333334
51.648,16.06,2.86,3.98
51.668,16.48,1.85,4.011111111111111
51.688,16.87,1.87,4.036666666666667
51.708,17.05,0.66,4.056666666666667
51.728,17.2,0.45,4.06
51.748,17.11,-0.07,4.054444444444444
51.768,17.05,-0.82,4.056666666666667
51.788,16.6,-1.87,4.046666666666667
51.808,16.52,-1.91,4.03
51.828,16.03,-3.16,4.0
51.848,15.27,-3.73,3.97
51.868,15.06,-3.88,3.931111111111111
51.888,14.4,-4.81,3.8855555555555554
51.908,13.42,-5.21,3.8333333333333335
51.928,13.16,-5.5,3.772222222222222
51.948,12.0,-6.18,3.7144444444444447
51.968,11.29,-6.28,3.6466666666666665
51.988,10.56,-6.73,3.5766666666666667
52.008,9.72,-6.93,3.5011111111111113
52.028,8.94,-7.18,3.4244444444444446
52.048,8.06,-7.38,3.341111111111111
52.068,6.92,-7.5,3.26
52.088,5.9,-7.72,3.178888888888889
52.108,5.29,-7.6,3.1355555555555554
52.128,4.0,-7.5,3.01
52.148,3.5,-7.84,2.96
52.168,2.59,-7.61,2.832222222222222
52.188,1.97,-7.79,2.7888888888888888
52.208,1.29,-7.55,2.65
52.228,0.29,-7.46,2.598888888888889
52.248,-0.28,-7.12,2.482222222222222
52.268,-1.04,-7.24,2.397777777777778
52.288,-1.49,-6.84,2.31
52.308,-2.07,-7.06,2.1777777777777776
52.328,-2.56,-6.47,2.1344444444444446
52.348,-3.75,-6.24,2.0477777777777777
52.368,-3.61,-6.19,1.961111111111111
52.388,-4.12,-6.21,1.8766666666666667
52.408,-4.72,-5.75,1.7922222222222222
52.428,-5.05,-5.66,1.71
52.448,-5.39,-5.48,1.6288888888888888
52.468,-5.73,-5.09,1.548888888888889
52.488,-5.99,-5.2,1.47
52.508,-6.29,-4.84,1.3955555555555557
52.528,-6.59,-4.66,1.3244444444444445
52.548,-6.65,-4.8,1.2555555555555555
52.568,-7.05,-4.32,1.1866666666666668
52.588,-7.15,-4.16,1.1211111111111112
52.608,-7.31,-4.49,1.0577777777777777
52.628,-7.42,-3.93,0.9944444444444445
52.648,-7.77,-3.82,0.9311111111111111
52.668,-7.74,-3.89,0.8733333333333333
52.688,-8.0,-3.55,0.8133333333333334
52.708,-8.1,-3.47,0.7566666666666667
52.728,-8.15,-3.6,0.6966666666666667
52.748,-8.38,-3.26,0.64
52.768,-8.39,-3.07,0.5855555555555556
52.788,-8.43,-3.3,0.5311111111111111
52.808,-8.52,-2.93,0.47333333333333333
52.828,-8.66,-2.91,0.41888888888888887
52.848,-8.69,-2.81,0.3655555555555556
52.868,-8.66,-2.77,0.30777777777777776
52.888,-8.7,-2.86,0.25333333333333335
52.908,-8.67,-2.85,0.19777777777777777
52.928,-8.79,-2.62,0.14555555555555555
52.948,-8.77,-2.6,0.09111111111111111
52.968,-8.71,-2.84,0.03777777777777778
52.988,-8.77,-2.62,-0.02
53.008,-8.78,-2.62,-0.07111111111111111
53.028,-8.7,-2.82,-0.12444444444444444
53.048,-8.69,-2.71,-0.18
53.068,-8.71,-2.73,-0.23333333333333334
53.088,-8.63,-2.84,-0.29
53.108,-8.64,-2.82,-0.34444444444444444
53.128,-8.56,-2.83,-0.4
53.148,-8.5,-3.07,-0.4577777777777778
53.168,-8.42,-3.09,-0.5144444444444445
53.188,-8.42,-3.1,-0.5733333333333334
53.208,-8.27,-3.25,-0.63
53.228,-8.25,-3.27,-0.69
53.248,-8.04,-3.54,-0.7522222222222222
53.268,-7.94,-3.63,-0.8177777777777778
53.288,-7.86,-3.57,-0.88
53.308,-7.59,-3.73,-0.9455555555555556
53.328,-7.5,-4.09,-1.011111111111111
53.348,-7.24,-3.93,-1.08
53.368,-7.07,-4.47,-1.1477777777777778
53.388,-6.77,-4.43,-1.22
53.408,-6.71,-4.56,-1.2922222222222222
53.428,-6.29,-4.69,-1.37
53.448,-6.04,-4.99,-1.4466666666666668
53.468,-5.74,-4.99,-1.5255555555555556
53.488,-5.4,-5.37,-1.6066666666666667
53.508,-4.99,-5.38,-1.6933333333333334
53.528,-4.62,-5.71,-1.7733333333333334
53.548,-4.26,-5.93,-1.8588888888888888
53.568,-3.73,-6.01,-1.9477777777777778
53.588,-3.33,-6.27,-2.033333333333333
53.608,-2.64,-6.49,-2.1233333333333335
53.628,-2.22,-6.63,-2.2177777777777776
53.648,-1.55,-6.75,-2.311111111111111
53.668,-0.96,-6.97,-2.402222222222222
53.688,-0.11,-7.22,-2.497777777777778
53.708,0.31,-7.25,-2.588888888888889
53.728,1.37,-7.53,-2.683333333333333
53.748,2.19,-7.64,-2.776666666666667
53.768,3.13,-7.79,-2.8666666666666667
53.788,3.91,-8.01,-2.9566666666666666
53.808,4.56,-7.7,-3.04
53.828,5.54,-7.88,-3.1244444444444444
53.848,6.27,-7.57,-3.21
53.868,7.25,-7.7,-3.2888888888888888
53.888,7.98,-7.37,-3.37
53.908,9.06,-7.21,-3.4466666666666668
53.928,10.11,-6.96,-3.5144444444444445
53.948,11.01,-6.83,-3.5866666666666664
53.968,11.75,-6.13,-3.651111111111111
53.988,12.38,-6.15,-3.7133333333333334
54.008,13.43,-5.44,-3.7688888888888887
54.028,13.87,-4.91,-3.82
54.048,14.43,-4.86,-3.871111111111111
54.068,15.11,-3.88,-3.9166666666666665
54.088,15.65,-3.6,-3.951111111111111
54.108,16.09,-2.99,-3.9811111111111113
54.128,16.38,-2.39,-4.01
54.148,16.73,-1.57,-4.018888888888889
54.168,16.83,-1.06,-4.033333333333333
54.188,16.89,-0.26,-4.0311111111111115
54.208,16.98,0.06,-4.02
54.228,16.75,1.31,-4.01
54.248,16.67,1.89,-3.9955555555555557
54.268,16.33,2.03,-3.966666666666667
54.288,15.92,2.91,-3.9344444444444444
54.308,15.49,3.73,-3.898888888888889
54.328,15.11,3.87,-3.8455555555555554
54.348,14.31,4.69,-3.7977777777777777
54.368,13.75,5.22,-3.7422222222222223
54.388,13.01,5.61,-3.681111111111111
54.408,12.34,5.83,-3.617777777777778
54.428,11.34,6.43,-3.5444444444444443
54.448,10.84,6.57,-3.4677777777777776
54.468,9.63,7.03,-3.391111111111111
54.488,9.05,7.13,-3.3133333333333335
54.508,8.05,7.4,-3.23
54.528,7.28,7.51,-3.152222222222222
54.548,6.38,7.81,-3.057777777777778
54.568,5.64,7.57,-2.9744444444444444
54.588,4.36,7.72,-2.881111111111111
54.608,3.69,7.88,-2.792222222222222
54.628,2.86,7.78,-2.7088888888888887
54.648,2.25,7.8,-2.617777777777778
54.668,1.33,7.73,-2.526666666666667
54.688,0.91,7.81,-2.4411111111111112
54.708,0.18,8.16,-2.341111111111111
54.728,-0.28,7.3,-2.26
54.748,-1.08,7.04,-2.1755555555555555
54.768,-1.75,7.41,-2.0922222222222224
54.788,-1.97,6.87,-2.006666666666667
54.808,-2.62,6.76,-1.9288888888888889
54.828,-3.11,6.97,-1.85
54.848,-3.51,6.49,-1.7744444444444445
54.868,-4.1,6.5,-1.7022222222222223
54.888,-4.12,6.32,-1.6311111111111112
54.908,-4.73,6.06,-1.5611111111111111
54.928,-5.06,5.88,-1.49
54.948,-5.31,5.79,-1.4233333333333333
54.968,-5.57,5.66,-1.3522222222222222
54.988,-6.03,5.3,-1.2844444444444445
55.008,-6.05,5.21,-1.2166666666666666
55.028,-6.44,5.15,-1.1533333333333333
55.048,-6.63,4.65,-1.0866666666666667
55.068,-6.73,4.98,-1.021111111111111
55.088,-6.88,4.73,-0.9555555555555556
55.108,-7.24,4.24,-0.8944444444444445
55.128,-7.26,4.55,-0.8322222222222222
55.148,-7.36,4.24,-0.7722222222222223
55.168,-7.49,4.08,-0.7133333333333334
55.188,-7.64,4.25,-0.6522222222222223
55.208,-7.75,3.87,-0.5955555555555555
55.228,-7.83,3.96,-0.54
55.248,-7.85,3.97,-0.48777777777777775
55.268,-7.91,3.65,-0.4311111111111111
55.288,-8.12,3.77,-0.37777777777777777
55.308,-8.11,3.7,-0.32222222222222224
55.328,-8.16,3.59,-0.27
55.348,-8.22,3.45,-0.21
55.368,-8.22,3.49,-0.15555555555555556
55.388,-8.3,3.45,-0.09444444444444444
55.408,-8.27,3.31,-0.03777777777777778
55.428,-8.23,3.45,0.02
55.448,-8.27,3.38,0.08
55.468,-8.21,3.42,0.13666666666666666
55.488,-8.14,3.53,0.1988888888888889
55.508,-8.15,3.42,0.2588888888888889
55.528,-8.09,3.51,0.32
55.548,-7.94,3.6,0.3788888888888889
55.568,-7.96,3.63,0.44555555555555554
55.588,-7.86,3.74,0.5088888888888888
55.608,-7.73,3.84,0.5711111111111111
55.628,-7.67,3.84,0.64
55.648,-7.54,3.95,0.7033333333333334
55.668,-7.34,4.07,0.7722222222222223
55.688,-7.28,4.24,0.8411111111111111
55.708,-7.01,4.26,0.91
55.728,-7.03,4.46,0.9822222222222222
55.748,-6.71,4.61,1.0544444444444445
55.768,-6.48,4.76,1.1311111111111112
55.788,-6.29,4.76,1.208888888888889
55.808,-6.03,4.79,1.2877777777777777
55.828,-5.71,5.23,1.37
55.848,-5.35,5.25,1.4533333333333334
55.868,-5.21,5.43,1.5377777777777777
55.888,-4.62,5.79,1.6222222222222222
55.908,-4.26,5.58,1.7144444444444444
55.928,-3.82,5.86,1.81
55.948,-3.5,6.1,1.9044444444444444
55.968,-2.87,6.35,2.0
55.988,-2.22,6.23,2.102222222222222
56.008,-1.73,6.44,2.2044444444444444
56.028,-1.22,6.68,2.307777777777778
56.048,-0.36,6.89,2.4133333333333336
56.068,0.24,6.94,2.5188888888888887
56.088,1.07,7.22,2.6255555555555556
56.108,1.32,7.17,2.7288888888888887
56.128,3.25,7.5,2.832222222222222
56.148,3.42,7.47,2.942222222222222
56.168,3.93,7.75,3.0444444444444443
56.188,5.39,7.52,3.1466666666666665
56.208,6.22,7.59,3.2444444444444445
56.228,7.31,7.55,3.3422222222222224
56.248,7.93,7.46,3.4344444444444444
56.268,9.3,7.26,3.5211111111111113
56.288,10.35,7.06,3.608888888888889
56.308,11.07,6.99,3.6866666666666665
56.328,12.23,6.42,3.761111111111111
56.348,12.81,6.21,3.828888888888889
56.368,13.82,5.73,3.8922222222222222
56.388,14.42,5.14,3.9544444444444444
56.408,15.42,4.9,4.013333333333334
56.428,15.65,4.45,4.055555555555555
56.448,16.44,3.19,4.096666666666667
56.468,16.76,3.05,4.137777777777778
56.488,17.17,2.46,4.161111111111111
56.508,17.35,1.31,4.19
56.528,17.63,1.02,4.2
56.548,17.6,0.5,4.207777777777777
56.568,17.43,-0.37,4.204444444444444
56.588,17.02,-0.78,4.187777777777778
56.608,16.76,-2.7,4.1866666666666665
56.628,16.99,-2.19,4.174444444444444
56.648,16.25,-3.39,4.136666666666667
56.668,15.74,-4.21,4.121111111111111
56.688,15.34,-3.76,4.055555555555555
56.708,14.62,-4.79,4.036666666666667
56.728,13.67,-5.5,3.953333333333333
56.748,13.37,-5.5,3.9255555555555555
56.768,12.02,-6.35,3.83
56.788,11.26,-6.94,3.758888888888889
56.808,10.61,-6.73,3.69
56.828,9.42,-7.24,3.612222222222222
56.848,8.57,-7.37,3.5733333333333333
56.868,7.91,-7.29,3.491111111111111
56.888,6.36,-7.87,3.4133333333333336
56.908,5.95,-7.51,3.3255555555555554
56.928,4.74,-7.87,3.236666666666667
56.948,3.95,-7.72,3.1544444444444446
56.968,3.23,-7.73,3.066666666666667
56.988,2.64,-7.75,2.98
57.008,1.71,-7.53,2.89
57.028,0.86,-5.82,2.8144444444444443
57.048,0.0,-6.92,2.7344444444444442
57.068,-0.68,-7.63,2.6433333333333335
57.088,-1.19,-6.8,2.561111111111111
57.108,-2.24,-6.92,2.48
57.128,-2.95,-6.23,2.4066666666666667
57.148,-3.33,-6.67,2.33
57.168,-3.75,-6.13,2.256666666666667
57.188,-4.2,-5.94,2.1866666666666665
57.208,-4.71,-5.66,2.118888888888889
57.228,-5.0,-5.57,2.0566666666666666
57.248,-5.51,-5.12,1.9877777777777779
57.268,-5.72,-4.97,1.9266666666666667
57.288,-6.19,-4.72,1.8655555555555556
57.308,-6.43,-4.3,1.81
57.328,-6.69,-4.12,1.7522222222222221
57.348,-6.86,-4.06,1.6977777777777778
57.368,-7.11,-3.64,1.6411111111111112
57.388,-7.53,-3.4,1.59
57.408,-7.69,-3.03,1.5366666666666666
57.428,-7.75,-2.99,1.4866666666666666
57.448,-8.15,-2.62,1.44
57.468,-8.18,-2.05,1.3877777777777778
57.488,-8.23,-1.85,1.3366666666666667
57.508,-8.28,-2.06,1.2866666666666666
57.528,-8.43,-1.67,1.2344444444444445
57.548,-8.55,-1.1,1.18
57.568,-8.73,-1.33,1.1322222222222222
57.588,-8.84,-0.93,1.0822222222222222
57.608,-8.97,-0.63,1.0355555555555556
57.628,-9.07,-0.93,0.99
57.648,-9.04,-0.53,0.9422222222222222
57.668,-9.24,-0.2,0.8977777777777778
57.688,-9.22,-0.16,0.8544444444444445
57.708,-9.52,-0.6,0.8211111111111111
57.728,-9.45,-0.8,0.8
57.748,-9.43,1.48,0.78
57.768,-6.41,-5.31,0.7766666666666666
57.788,-7.49,-3.03,0.7677777777777778
57.808,-9.66,0.79,0.7644444444444445
57.828,-9.35,-1.68,0.7544444444444445
57.848,-9.3,1.77,0.7488888888888889
57.868,-9.88,0.96,0.7566666666666667
57.888,-9.29,-0.94,0.7511111111111111
57.908,-8.68,1.86,0.7466666666666667
57.928,-9.53,1.73,0.7555555555555555
57.948,-10.22,-0.12,0.76
57.968,-9.02,2.84,0.76
57.988,-8.94,0.68,0.77
58.008,-10.0,0.38,0.7788888888888889
58.028,-9.18,3.33,0.7833333333333333
58.048,-8.55,1.17,0.7966666666666666
58.068,-9.24,0.53,0.8077777777777778
58.088,-8.75,2.54,0.82
58.108,-8.62,1.67,0.8355555555555556
58.128,-9.25,1.58,0.8544444444444445
58.148,-8.67,3.14,0.87
58.168,-8.45,2.36,0.8877777777777778
58.188,-8.77,2.1,0.9111111111111111
58.208,-8.33,2.78,0.93
58.228,-8.32,2.82,0.9544444444444444
58.248,-8.52,2.77,0.98
58.268,-8.6,2.86,1.0066666666666666
58.288,-7.89,3.87,1.0344444444444445
58.308,-8.0,5.08,1.0822222222222222
58.328,-7.67,4.64,1.0622222222222222
58.348,-7.64,5.81,1.0277777777777777
58.368,-7.61,5.77,0.9733333333333334
58.388,-7.66,6.6,0.9044444444444445
58.408,-7.99,6.61,0.8244444444444444
58.428,-8.01,7.06,0.7344444444444445
58.448,-7.84,7.67,0.6322222222222222
58.468,-7.76,7.69,0.52
58.488,-7.74,7.99,0.4
58.508,-7.46,7.85,0.27555555555555555
58.528,-7.48,7.98,0.15777777777777777
58.548,-7.38,7.98,0.03888888888888889
58.568,-7.53,7.68,-0.07888888888888888
58.588,-7.6,7.65,-0.18666666666666668
58.608,-7.62,7.78,-0.2877777777777778
58.628,-7.8,7.44,-0.3888888888888889
58.648,-7.81,7.41,-0.49
58.668,-7.62,7.23,-0.5866666666666667
58.688,-7.67,6.89,-0.67
58.708,-7.73,6.55,-0.7511111111111111
58.728,-7.64,6.35,-0.8244444444444444
58.748,-7.73,5.85,-0.89
58.768,-7.75,5.54,-0.9488888888888889
58.788,-7.89,5.4,-0.9977777777777778
58.808,-8.08,5.05,-1.0466666666666666
58.828,-8.13,4.69,-1.0933333333333333
58.848,-8.18,4.61,-1.1355555555555557
58.868,-8.32,4.14,-1.1777777777777778
58.888,-8.38,4.1,-1.2155555555555555
58.908,-8.37,3.67,-1.2522222222222221
58.928,-8.41,3.3,-1.28
58.948,-8.35,2.68,-1.3
58.968,-8.31,2.27,-1.31
58.988,-8.2,1.59,-1.3
59.008,-8.58,1.79,-1.2844444444444445
59.028,-8.44,0.91,-1.2722222222222221
59.048,-8.66,1.2,-1.2633333333333334
59.068,-8.73,0.98,-1.2555555555555555
59.088,-8.6,0.45,-1.248888888888889
59.108,-8.69,0.39,-1.2433333333333334
59.128,-8.98,0.34,-1.2444444444444445
59.148,-8.93,-0.14,-1.2455555555555555
59.168,-8.87,-0.11,-1.25
59.188,-8.94,-0.34,-1.2522222222222221
59.208,-8.94,-0.72,-1.26
59.228,-8.91,-0.71,-1.2655555555555555
59.248,-8.87,-0.91,-1.2755555555555556
59.268,-8.75,-1.26,-1.291111111111111
59.288,-8.61,-1.4,-1.3111111111111111
59.308,-8.58,-1.45,-1.3255555555555556
59.328,-8.38,-1.64,-1.3466666666666667
59.348,-8.32,-2.13,-1.3688888888888888
59.368,-8.09,-2.51,-1.3933333333333333
59.388,-8.03,-2.5,-1.4222222222222223
59.408,-7.88,-2.62,-1.451111111111111
59.428,-7.69,-3.19,-1.4833333333333334
59.448,-7.55,-3.29,-1.52
59.468,-7.52,-3.35,-1.5566666666666666
59.488,-7.28,-3.76,-1.5966666666666667
59.508,-7.07,-4.0,-1.64
59.528,-6.89,-4.18,-1.6833333333333333
59.548,-6.68,-4.38,-1.7277777777777779
59.568,-6.17,-4.84,-1.781111111111111
59.588,-6.05,-4.87,-1.8366666666666667
59.608,-5.88,-5.04,-1.8844444444444444
59.628,-5.24,-5.5,-1.9444444444444444
59.648,-4.94,-5.57,-2.0044444444444443
59.668,-4.56,-5.92,-2.06
59.688,-3.9,-6.15,-2.1266666666666665
59.708,-3.64,-6.28,-2.1911111111111112
59.728,-2.93,-6.49,-2.26
59.748,-2.52,-6.73,-2.3266666666666667
59.768,-1.74,-6.97,-2.4033333333333333
59.788,-1.37,-7.04,-2.48
59.808,-0.43,-7.38,-2.551111111111111
59.828,0.1,-7.43,-2.632222222222222
59.848,0.77,-7.76,-2.7088888888888887
59.868,1.87,-8.11,-2.7944444444444443
59.888,2.48,-7.51,-2.8655555555555554
59.908,2.81,-8.23,-2.9477777777777776
59.928,4.24,-7.98,-3.03
59.948,4.49,-7.98,-3.112222222222222
59.968,5.74,-7.92,-3.1955555555555555
59.988,6.39,-7.68,-3.276666666666667
60.008,7.42,-7.89,-3.3566666666666665
